This is pdfTeX, Version 3.141592653-2.6-1.40.25 (TeX Live 2023/Debian) (preloaded format=pdflatex 2026.9.22)  22 SEP 2026 08:31
entering extended mode
 restricted \write18 enabled.
 %&-line parsing enabled.
**SUPP_R12.tex
(./SUPP_R12.tex
LaTeX2e <2023-11-01> patch level 1
L3 programming layer <2024-01-22>
(./econsocart.cls
Document Class: econsocart 2022/11/21 v1.4.1, The Econometric Society Journals
(/usr/share/texlive/texmf-dist/tex/latex/etoolbox/etoolbox.sty
Package: etoolbox 2020/10/05 v2.5k e-TeX tools for LaTeX (JAW)
\etb@tempcnta=\count187
)
(./econsocart.cfg
File: econsocart.cfg 2023/02/04 v1.0.5 configuration for econsocart class
) (/usr/share/texlive/texmf-dist/tex/latex/base/fix-cm.sty
Package: fix-cm 2020/11/24 v1.1t fixes to LaTeX

(/usr/share/texlive/texmf-dist/tex/latex/base/ts1enc.def
File: ts1enc.def 2001/06/05 v3.0e (jk/car/fm) Standard LaTeX file
LaTeX Font Info:    Redeclaring font encoding TS1 on input line 47.
))
(/usr/share/texlive/texmf-dist/tex/latex/graphics/graphicx.sty
Package: graphicx 2021/09/16 v1.2d Enhanced LaTeX Graphics (DPC,SPQR)

(/usr/share/texlive/texmf-dist/tex/latex/graphics/keyval.sty
Package: keyval 2022/05/29 v1.15 key=value parser (DPC)
\KV@toks@=\toks17
)
(/usr/share/texlive/texmf-dist/tex/latex/graphics/graphics.sty
Package: graphics 2022/03/10 v1.4e Standard LaTeX Graphics (DPC,SPQR)

(/usr/share/texlive/texmf-dist/tex/latex/graphics/trig.sty
Package: trig 2021/08/11 v1.11 sin cos tan (DPC)
)
(/usr/share/texlive/texmf-dist/tex/latex/graphics-cfg/graphics.cfg
File: graphics.cfg 2016/06/04 v1.11 sample graphics configuration
)
Package graphics Info: Driver file: pdftex.def on input line 107.

(/usr/share/texlive/texmf-dist/tex/latex/graphics-def/pdftex.def
File: pdftex.def 2022/09/22 v1.2b Graphics/color driver for pdftex
))
\Gin@req@height=\dimen140
\Gin@req@width=\dimen141
)
(/usr/share/texlive/texmf-dist/tex/latex/base/fontenc.sty
Package: fontenc 2021/04/29 v2.0v Standard LaTeX package
)
(/usr/share/texlive/texmf-dist/tex/latex/psnfss/times.sty
Package: times 2020/03/25 PSNFSS-v9.3 (SPQR) 
)
(/usr/share/texlive/texmf-dist/tex/latex/textcase/textcase.sty
Package: textcase 2023/07/27 v1.04 Text only upper/lower case changing (DPC)
Package textcase Info: Defining Legacy names on input line 20.
)
(/usr/share/texlive/texmf-dist/tex/latex/psnfss/helvet.sty
Package: helvet 2020/03/25 PSNFSS-v9.3 (WaS) 
)
(/usr/share/texlive/texmf-dist/tex/latex/base/textcomp.sty
Package: textcomp 2020/02/02 v2.0n Standard LaTeX package
)
LaTeX Font Info:    Trying to load font information for T1+ptm on input line 46
1.

(/usr/share/texlive/texmf-dist/tex/latex/psnfss/t1ptm.fd
File: t1ptm.fd 2001/06/04 font definitions for T1/ptm.
)
(/usr/share/texlive/texmf-dist/tex/latex/amsfonts/amssymb.sty
Package: amssymb 2013/01/14 v3.01 AMS font symbols

(/usr/share/texlive/texmf-dist/tex/latex/amsfonts/amsfonts.sty
Package: amsfonts 2013/01/14 v3.01 Basic AMSFonts support
\@emptytoks=\toks18
\symAMSa=\mathgroup4
\symAMSb=\mathgroup5
LaTeX Font Info:    Redeclaring math symbol \hbar on input line 98.
LaTeX Font Info:    Overwriting math alphabet `\mathfrak' in version `bold'
(Font)                  U/euf/m/n --> U/euf/b/n on input line 106.
))
(/usr/share/texlive/texmf-dist/tex/latex/tools/bm.sty
Package: bm 2023/07/08 v1.2f Bold Symbol Support (DPC/FMi)
\symboldoperators=\mathgroup6
Package bm Info: No bold for \OMX/cmex/m/n, using \pmb.
Package bm Info: No bold for \U/msa/m/n, using \pmb.
Package bm Info: No bold for \U/msb/m/n, using \pmb.
LaTeX Font Info:    Redeclaring math alphabet \mathbf on input line 149.
)
\@pubyear=\count188
\@copyear=\count189
\c@thanks=\count190

(/usr/share/texlive/texmf-dist/tex/latex/url/url.sty
\Urlmuskip=\muskip16
Package: url 2013/09/16  ver 3.4  Verb mode for urls, etc.
)
\c@longlist=\count191
\c@part=\count192
\c@chapter=\count193
\c@section=\count194
\c@subsection=\count195
\c@subsubsection=\count196
\c@paragraph=\count197
\c@subparagraph=\count198

(/usr/share/texlive/texmf-dist/tex/latex/amsmath/amsmath.sty
Package: amsmath 2023/05/13 v2.17o AMS math features
\@mathmargin=\skip48

For additional information on amsmath, use the `?' option.
(/usr/share/texlive/texmf-dist/tex/latex/amsmath/amstext.sty
Package: amstext 2021/08/26 v2.01 AMS text

(/usr/share/texlive/texmf-dist/tex/latex/amsmath/amsgen.sty
File: amsgen.sty 1999/11/30 v2.0 generic functions
\@emptytoks=\toks19
\ex@=\dimen142
))
(/usr/share/texlive/texmf-dist/tex/latex/amsmath/amsbsy.sty
Package: amsbsy 1999/11/29 v1.2d Bold Symbols
LaTeX Info: Redefining \boldsymbol on input line 28.
\pmbraise@=\dimen143
)
(/usr/share/texlive/texmf-dist/tex/latex/amsmath/amsopn.sty
Package: amsopn 2022/04/08 v2.04 operator names
)
\inf@bad=\count199
LaTeX Info: Redefining \frac on input line 234.
\uproot@=\count266
\leftroot@=\count267
LaTeX Info: Redefining \overline on input line 399.
LaTeX Info: Redefining \colon on input line 410.
\classnum@=\count268
\DOTSCASE@=\count269
LaTeX Info: Redefining \ldots on input line 496.
LaTeX Info: Redefining \dots on input line 499.
LaTeX Info: Redefining \cdots on input line 620.
\Mathstrutbox@=\box51
\strutbox@=\box52
LaTeX Info: Redefining \big on input line 722.
LaTeX Info: Redefining \Big on input line 723.
LaTeX Info: Redefining \bigg on input line 724.
LaTeX Info: Redefining \Bigg on input line 725.
\big@size=\dimen144
LaTeX Font Info:    Redeclaring font encoding OML on input line 743.
LaTeX Font Info:    Redeclaring font encoding OMS on input line 744.
\macc@depth=\count270
LaTeX Info: Redefining \bmod on input line 905.
LaTeX Info: Redefining \pmod on input line 910.
LaTeX Info: Redefining \smash on input line 940.
LaTeX Info: Redefining \relbar on input line 970.
LaTeX Info: Redefining \Relbar on input line 971.
\c@MaxMatrixCols=\count271
\dotsspace@=\muskip17
\c@parentequation=\count272
\dspbrk@lvl=\count273
\tag@help=\toks20
\row@=\count274
\column@=\count275
\maxfields@=\count276
\andhelp@=\toks21
\eqnshift@=\dimen145
\alignsep@=\dimen146
\tagshift@=\dimen147
\tagwidth@=\dimen148
\totwidth@=\dimen149
\lineht@=\dimen150
\@envbody=\toks22
\multlinegap=\skip49
\multlinetaggap=\skip50
\mathdisplay@stack=\toks23
LaTeX Info: Redefining \[ on input line 2953.
LaTeX Info: Redefining \] on input line 2954.
)
\mathindent=\skip51

(/usr/share/texlive/texmf-dist/tex/latex/amscls/amsthm.sty
Package: amsthm 2020/05/29 v2.20.6
\thm@style=\toks24
\thm@bodyfont=\toks25
\thm@headfont=\toks26
\thm@notefont=\toks27
\thm@headpunct=\toks28
\thm@preskip=\skip52
\thm@postskip=\skip53
\thm@headsep=\skip54
\dth@everypar=\toks29
)
LaTeX Info: Redefining \qed on input line 753.

(/usr/share/texlive/texmf-dist/tex/latex/natbib/natbib.sty
Package: natbib 2010/09/13 8.31b (PWD, AO)
\bibhang=\skip55
\bibsep=\skip56
LaTeX Info: Redefining \cite on input line 694.
\c@NAT@ctr=\count277
)
\c@figure=\count278
\c@table=\count279
\tablewidth=\dimen151
\c@tabnote=\count280
\c@econsocart@legend@count=\count281
\c@author=\count282
\c@address=\count283
\sv@mathsurround=\dimen152
\@tempcntc=\count284
\@tempcntd=\count285
\@tempcnte=\count286
\fm@box=\box53
\fm@size=\dimen153
\t@xtheight=\dimen154
\c@econsocartaddressref=\count287
\abstract@box=\box54
\keyword@box=\box55
\pre@kwd@depth=\dimen155
\authors@list=\toks30
\keywords@list=\toks31
)
(/usr/share/texlive/texmf-dist/tex/latex/booktabs/booktabs.sty
Package: booktabs 2020/01/12 v1.61803398 Publication quality tables
\heavyrulewidth=\dimen156
\lightrulewidth=\dimen157
\cmidrulewidth=\dimen158
\belowrulesep=\dimen159
\belowbottomsep=\dimen160
\aboverulesep=\dimen161
\abovetopsep=\dimen162
\cmidrulesep=\dimen163
\cmidrulekern=\dimen164
\defaultaddspace=\dimen165
\@cmidla=\count288
\@cmidlb=\count289
\@aboverulesep=\dimen166
\@belowrulesep=\dimen167
\@thisruleclass=\count290
\@lastruleclass=\count291
\@thisrulewidth=\dimen168
)
(/usr/share/texlive/texmf-dist/tex/latex/pdfpages/pdfpages.sty
Package: pdfpages 2024/01/21 v0.5y Insert pages of external PDF documents (AM)

(/usr/share/texlive/texmf-dist/tex/latex/base/ifthen.sty
Package: ifthen 2022/04/13 v1.1d Standard LaTeX ifthen package (DPC)
)
(/usr/share/texlive/texmf-dist/tex/latex/tools/calc.sty
Package: calc 2023/07/08 v4.3 Infix arithmetic (KKT,FJ)
\calc@Acount=\count292
\calc@Bcount=\count293
\calc@Adimen=\dimen169
\calc@Bdimen=\dimen170
\calc@Askip=\skip57
\calc@Bskip=\skip58
LaTeX Info: Redefining \setlength on input line 80.
LaTeX Info: Redefining \addtolength on input line 81.
\calc@Ccount=\count294
\calc@Cskip=\skip59
)
(/usr/share/texlive/texmf-dist/tex/latex/eso-pic/eso-pic.sty
Package: eso-pic 2023/05/03 v3.0c eso-pic (RN)
\ESO@tempdima=\dimen171
\ESO@tempdimb=\dimen172

(/usr/share/texlive/texmf-dist/tex/latex/xcolor/xcolor.sty
Package: xcolor 2023/11/15 v3.01 LaTeX color extensions (UK)

(/usr/share/texlive/texmf-dist/tex/latex/graphics-cfg/color.cfg
File: color.cfg 2016/01/02 v1.6 sample color configuration
)
Package xcolor Info: Driver file: pdftex.def on input line 274.

(/usr/share/texlive/texmf-dist/tex/latex/graphics/mathcolor.ltx)
Package xcolor Info: Model `cmy' substituted by `cmy0' on input line 1350.
Package xcolor Info: Model `hsb' substituted by `rgb' on input line 1354.
Package xcolor Info: Model `RGB' extended on input line 1366.
Package xcolor Info: Model `HTML' substituted by `rgb' on input line 1368.
Package xcolor Info: Model `Hsb' substituted by `hsb' on input line 1369.
Package xcolor Info: Model `tHsb' substituted by `hsb' on input line 1370.
Package xcolor Info: Model `HSB' substituted by `hsb' on input line 1371.
Package xcolor Info: Model `Gray' substituted by `gray' on input line 1372.
Package xcolor Info: Model `wave' substituted by `hsb' on input line 1373.
))
\AM@pagewidth=\dimen173
\AM@pageheight=\dimen174
\AM@fboxrule=\dimen175

(/usr/share/texlive/texmf-dist/tex/latex/pdfpages/pppdftex.def
File: pppdftex.def 2024/01/21 v0.5y Pdfpages driver for pdfTeX (AM)
)
\pdfpages@includegraphics@status=\count295
\AM@pagebox=\box56
\AM@global@opts=\toks32
\AM@pagecnt=\count296
\AM@toc@title=\toks33
\AM@lof@heading=\toks34
\c@AM@survey=\count297
\AM@templatesizebox=\box57
)
(/usr/share/texlive/texmf-dist/tex/latex/hyperref/hyperref.sty
Package: hyperref 2024-01-20 v7.01h Hypertext links for LaTeX

(/usr/share/texlive/texmf-dist/tex/generic/iftex/iftex.sty
Package: iftex 2022/02/03 v1.0f TeX engine tests
)
(/usr/share/texlive/texmf-dist/tex/latex/kvsetkeys/kvsetkeys.sty
Package: kvsetkeys 2022-10-05 v1.19 Key value parser (HO)
)
(/usr/share/texlive/texmf-dist/tex/generic/kvdefinekeys/kvdefinekeys.sty
Package: kvdefinekeys 2019-12-19 v1.6 Define keys (HO)
)
(/usr/share/texlive/texmf-dist/tex/generic/pdfescape/pdfescape.sty
Package: pdfescape 2019/12/09 v1.15 Implements pdfTeX's escape features (HO)

(/usr/share/texlive/texmf-dist/tex/generic/ltxcmds/ltxcmds.sty
Package: ltxcmds 2023-12-04 v1.26 LaTeX kernel commands for general use (HO)
)
(/usr/share/texlive/texmf-dist/tex/generic/pdftexcmds/pdftexcmds.sty
Package: pdftexcmds 2020-06-27 v0.33 Utility functions of pdfTeX for LuaTeX (HO
)

(/usr/share/texlive/texmf-dist/tex/generic/infwarerr/infwarerr.sty
Package: infwarerr 2019/12/03 v1.5 Providing info/warning/error messages (HO)
)
Package pdftexcmds Info: \pdf@primitive is available.
Package pdftexcmds Info: \pdf@ifprimitive is available.
Package pdftexcmds Info: \pdfdraftmode found.
))
(/usr/share/texlive/texmf-dist/tex/latex/hycolor/hycolor.sty
Package: hycolor 2020-01-27 v1.10 Color options for hyperref/bookmark (HO)
)
(/usr/share/texlive/texmf-dist/tex/latex/auxhook/auxhook.sty
Package: auxhook 2019-12-17 v1.6 Hooks for auxiliary files (HO)
)
(/usr/share/texlive/texmf-dist/tex/latex/hyperref/nameref.sty
Package: nameref 2023-11-26 v2.56 Cross-referencing by name of section

(/usr/share/texlive/texmf-dist/tex/latex/refcount/refcount.sty
Package: refcount 2019/12/15 v3.6 Data extraction from label references (HO)
)
(/usr/share/texlive/texmf-dist/tex/generic/gettitlestring/gettitlestring.sty
Package: gettitlestring 2019/12/15 v1.6 Cleanup title references (HO)

(/usr/share/texlive/texmf-dist/tex/latex/kvoptions/kvoptions.sty
Package: kvoptions 2022-06-15 v3.15 Key value format for package options (HO)
))
\c@section@level=\count298
)
\@linkdim=\dimen176
\Hy@linkcounter=\count299
\Hy@pagecounter=\count300

(/usr/share/texlive/texmf-dist/tex/latex/hyperref/pd1enc.def
File: pd1enc.def 2024-01-20 v7.01h Hyperref: PDFDocEncoding definition (HO)
Now handling font encoding PD1 ...
... no UTF-8 mapping file for font encoding PD1
)
(/usr/share/texlive/texmf-dist/tex/generic/intcalc/intcalc.sty
Package: intcalc 2019/12/15 v1.3 Expandable calculations with integers (HO)
)
\Hy@SavedSpaceFactor=\count301

(/usr/share/texlive/texmf-dist/tex/latex/hyperref/puenc.def
File: puenc.def 2024-01-20 v7.01h Hyperref: PDF Unicode definition (HO)
Now handling font encoding PU ...
... no UTF-8 mapping file for font encoding PU
)
Package hyperref Info: Option `setpagesize' set `false' on input line 4062.
Package hyperref Info: Hyper figures OFF on input line 4179.
Package hyperref Info: Link nesting OFF on input line 4184.
Package hyperref Info: Hyper index ON on input line 4187.
Package hyperref Info: Plain pages OFF on input line 4194.
Package hyperref Info: Backreferencing OFF on input line 4199.
Package hyperref Info: Implicit mode ON; LaTeX internals redefined.
Package hyperref Info: Bookmarks ON on input line 4446.
\c@Hy@tempcnt=\count302
LaTeX Info: Redefining \url on input line 4784.
\XeTeXLinkMargin=\dimen177

(/usr/share/texlive/texmf-dist/tex/generic/bitset/bitset.sty
Package: bitset 2019/12/09 v1.3 Handle bit-vector datatype (HO)

(/usr/share/texlive/texmf-dist/tex/generic/bigintcalc/bigintcalc.sty
Package: bigintcalc 2019/12/15 v1.5 Expandable calculations on big integers (HO
)
))
\Fld@menulength=\count303
\Field@Width=\dimen178
\Fld@charsize=\dimen179
Package hyperref Info: Hyper figures OFF on input line 6063.
Package hyperref Info: Link nesting OFF on input line 6068.
Package hyperref Info: Hyper index ON on input line 6071.
Package hyperref Info: backreferencing OFF on input line 6078.
Package hyperref Info: Link coloring OFF on input line 6083.
Package hyperref Info: Link coloring with OCG OFF on input line 6088.
Package hyperref Info: PDF/A mode OFF on input line 6093.

(/usr/share/texlive/texmf-dist/tex/latex/base/atbegshi-ltx.sty
Package: atbegshi-ltx 2021/01/10 v1.0c Emulation of the original atbegshi
package with kernel methods
)
\Hy@abspage=\count304
\c@Item=\count305
\c@Hfootnote=\count306
)
Package hyperref Info: Driver (autodetected): hpdftex.

(/usr/share/texlive/texmf-dist/tex/latex/hyperref/hpdftex.def
File: hpdftex.def 2024-01-20 v7.01h Hyperref driver for pdfTeX

(/usr/share/texlive/texmf-dist/tex/latex/base/atveryend-ltx.sty
Package: atveryend-ltx 2020/08/19 v1.0a Emulation of the original atveryend pac
kage
with kernel methods
)
\Fld@listcount=\count307
\c@bookmark@seq@number=\count308

(/usr/share/texlive/texmf-dist/tex/latex/rerunfilecheck/rerunfilecheck.sty
Package: rerunfilecheck 2022-07-10 v1.10 Rerun checks for auxiliary files (HO)

(/usr/share/texlive/texmf-dist/tex/generic/uniquecounter/uniquecounter.sty
Package: uniquecounter 2019/12/15 v1.4 Provide unlimited unique counter (HO)
)
Package uniquecounter Info: New unique counter `rerunfilecheck' on input line 2
85.
)
\Hy@SectionHShift=\skip60
)
Package hyperref Info: Option `hypertexnames' set `false' on input line 3.

(/usr/share/texlive/texmf-dist/tex/latex/hyperref/backref.sty
Package: backref 2023-11-26 v1.44 Bibliographical back referencing
)
(/usr/share/texlive/texmf-dist/tex/latex/l3backend/l3backend-pdftex.def
File: l3backend-pdftex.def 2024-01-04 L3 backend support: PDF output (pdfTeX)
\l__color_backend_stack_int=\count309
\l__pdf_internal_box=\box58
)
(./SUPP_R12.aux)
\openout1 = `SUPP_R12.aux'.

LaTeX Font Info:    Checking defaults for OML/cmm/m/it on input line 7.
LaTeX Font Info:    ... okay on input line 7.
LaTeX Font Info:    Checking defaults for OMS/cmsy/m/n on input line 7.
LaTeX Font Info:    ... okay on input line 7.
LaTeX Font Info:    Checking defaults for OT1/cmr/m/n on input line 7.
LaTeX Font Info:    ... okay on input line 7.
LaTeX Font Info:    Checking defaults for T1/cmr/m/n on input line 7.
LaTeX Font Info:    ... okay on input line 7.
LaTeX Font Info:    Checking defaults for TS1/cmr/m/n on input line 7.
LaTeX Font Info:    ... okay on input line 7.
LaTeX Font Info:    Checking defaults for OMX/cmex/m/n on input line 7.
LaTeX Font Info:    ... okay on input line 7.
LaTeX Font Info:    Checking defaults for U/cmr/m/n on input line 7.
LaTeX Font Info:    ... okay on input line 7.
LaTeX Font Info:    Checking defaults for PD1/pdf/m/n on input line 7.
LaTeX Font Info:    ... okay on input line 7.
LaTeX Font Info:    Checking defaults for PU/pdf/m/n on input line 7.
LaTeX Font Info:    ... okay on input line 7.

(/usr/share/texlive/texmf-dist/tex/context/base/mkii/supp-pdf.mkii
[Loading MPS to PDF converter (version 2006.09.02).]
\scratchcounter=\count310
\scratchdimen=\dimen180
\scratchbox=\box59
\nofMPsegments=\count311
\nofMParguments=\count312
\everyMPshowfont=\toks35
\MPscratchCnt=\count313
\MPscratchDim=\dimen181
\MPnumerator=\count314
\makeMPintoPDFobject=\count315
\everyMPtoPDFconversion=\toks36
) (/usr/share/texlive/texmf-dist/tex/latex/epstopdf-pkg/epstopdf-base.sty
Package: epstopdf-base 2020-01-24 v2.11 Base part for package epstopdf
Package epstopdf-base Info: Redefining graphics rule for `.eps' on input line 4
85.

(/usr/share/texlive/texmf-dist/tex/latex/latexconfig/epstopdf-sys.cfg
File: epstopdf-sys.cfg 2010/07/13 v1.3 Configuration of (r)epstopdf for TeX Liv
e
))
(/usr/share/texlive/texmf-dist/tex/latex/pdflscape/pdflscape.sty
Package: pdflscape 2022-10-27 v0.13 Display of landscape pages in PDF

(/usr/share/texlive/texmf-dist/tex/latex/pdflscape/pdflscape-nometadata.sty
Package: pdflscape-nometadata 2022-10-28 v0.13 Display of landscape pages in PD
F (HO)

(/usr/share/texlive/texmf-dist/tex/latex/graphics/lscape.sty
Package: lscape 2020/05/28 v3.02 Landscape Pages (DPC)
)
Package pdflscape Info: Auto-detected driver: pdftex on input line 81.
))
Package hyperref Info: Link coloring OFF on input line 7.
 (./SUPP_R12.out) (./SUPP_R12.out)
\@outlinefile=\write3
\openout3 = `SUPP_R12.out'.

Package backref Info: ** backref set up for natbib ** on input line 7.
\@address@1=\toks37
LaTeX Font Info:    Trying to load font information for U+msa on input line 14.

 (/usr/share/texlive/texmf-dist/tex/latex/amsfonts/umsa.fd
File: umsa.fd 2013/01/14 v3.01 AMS symbols A
)
LaTeX Font Info:    Trying to load font information for U+msb on input line 14.


(/usr/share/texlive/texmf-dist/tex/latex/amsfonts/umsb.fd
File: umsb.fd 2013/01/14 v3.01 AMS symbols B
)

Package hyperref Warning: Ignoring empty anchor on input line 14.

<ECTA_R11.pdf, id=5, 487.8225pt x 704.6325pt>
File: ECTA_R11.pdf Graphic file (type pdf)
<use ECTA_R11.pdf>
Package pdftex.def Info: ECTA_R11.pdf  used on input line 25.
(pdftex.def)             Requested size: 487.8213pt x 704.6308pt.
File: ECTA_R11.pdf Graphic file (type pdf)
<use ECTA_R11.pdf>
Package pdftex.def Info: ECTA_R11.pdf  used on input line 25.
(pdftex.def)             Requested size: 487.8213pt x 704.6308pt.
<ECTA_R11.pdf, id=8, page=1, 487.8225pt x 704.6325pt>
File: ECTA_R11.pdf Graphic file (type pdf)
<use ECTA_R11.pdf, page 1>
Package pdftex.def Info: ECTA_R11.pdf , page1 used on input line 25.
(pdftex.def)             Requested size: 487.8213pt x 704.6308pt.
File: ECTA_R11.pdf Graphic file (type pdf)
<use ECTA_R11.pdf, page 1>
Package pdftex.def Info: ECTA_R11.pdf , page1 used on input line 25.
(pdftex.def)             Requested size: 488.25302pt x 705.2544pt.
[1
Non-PDF special ignored!
<special> papersize=487.8225pt,704.63249pt
{/var/lib/texmf/fonts/map/pdftex/updmap/pdftex.map}{/usr/share/texlive/texmf-di
st/fonts/enc/dvips/base/8r.enc}

]
File: ECTA_R11.pdf Graphic file (type pdf)
<use ECTA_R11.pdf, page 1>
Package pdftex.def Info: ECTA_R11.pdf , page1 used on input line 25.
(pdftex.def)             Requested size: 488.25302pt x 705.2544pt.
File: ECTA_R11.pdf Graphic file (type pdf)
<use ECTA_R11.pdf, page 1>
Package pdftex.def Info: ECTA_R11.pdf , page1 used on input line 25.
(pdftex.def)             Requested size: 488.25302pt x 705.2544pt.
LaTeX Font Info:    Font shape `T1/ptm/m/uc' in size <8.5> not available
(Font)              Font shape `T1/ptm/m/sc' tried instead on input line 25.
LaTeX Font Info:    Font shape `T1/ptm/m/uc' in size <10.5> not available
(Font)              Font shape `T1/ptm/m/sc' tried instead on input line 25.
LaTeX Font Info:    Font shape `T1/ptm/m/up' in size <10.5> not available
(Font)              Font shape `T1/ptm/m/n' tried instead on input line 25.
File: ECTA_R11.pdf Graphic file (type pdf)
<use ECTA_R11.pdf, page 1>
Package pdftex.def Info: ECTA_R11.pdf , page1 used on input line 25.
(pdftex.def)             Requested size: 488.25302pt x 705.2544pt.
 [2

 <./ECTA_R11.pdf>]
<ECTA_R11.pdf, id=48, page=2, 487.8225pt x 704.6325pt>
File: ECTA_R11.pdf Graphic file (type pdf)
<use ECTA_R11.pdf, page 2>
Package pdftex.def Info: ECTA_R11.pdf , page2 used on input line 25.
(pdftex.def)             Requested size: 488.25302pt x 705.2544pt.
File: ECTA_R11.pdf Graphic file (type pdf)
<use ECTA_R11.pdf, page 2>
Package pdftex.def Info: ECTA_R11.pdf , page2 used on input line 25.
(pdftex.def)             Requested size: 488.25302pt x 705.2544pt.
File: ECTA_R11.pdf Graphic file (type pdf)
<use ECTA_R11.pdf, page 2>
Package pdftex.def Info: ECTA_R11.pdf , page2 used on input line 25.
(pdftex.def)             Requested size: 488.25302pt x 705.2544pt.
 [3

 <./ECTA_R11.pdf>]
<ECTA_R11.pdf, id=65, page=3, 487.8225pt x 704.6325pt>
File: ECTA_R11.pdf Graphic file (type pdf)
<use ECTA_R11.pdf, page 3>
Package pdftex.def Info: ECTA_R11.pdf , page3 used on input line 25.
(pdftex.def)             Requested size: 488.25302pt x 705.2544pt.
File: ECTA_R11.pdf Graphic file (type pdf)
<use ECTA_R11.pdf, page 3>
Package pdftex.def Info: ECTA_R11.pdf , page3 used on input line 25.
(pdftex.def)             Requested size: 488.25302pt x 705.2544pt.
File: ECTA_R11.pdf Graphic file (type pdf)
<use ECTA_R11.pdf, page 3>
Package pdftex.def Info: ECTA_R11.pdf , page3 used on input line 25.
(pdftex.def)             Requested size: 488.25302pt x 705.2544pt.

[4

 <./ECTA_R11.pdf>]
<ECTA_R11.pdf, id=94, page=4, 487.8225pt x 704.6325pt>
File: ECTA_R11.pdf Graphic file (type pdf)
<use ECTA_R11.pdf, page 4>
Package pdftex.def Info: ECTA_R11.pdf , page4 used on input line 25.
(pdftex.def)             Requested size: 488.25302pt x 705.2544pt.
File: ECTA_R11.pdf Graphic file (type pdf)
<use ECTA_R11.pdf, page 4>
Package pdftex.def Info: ECTA_R11.pdf , page4 used on input line 25.
(pdftex.def)             Requested size: 488.25302pt x 705.2544pt.
File: ECTA_R11.pdf Graphic file (type pdf)
<use ECTA_R11.pdf, page 4>
Package pdftex.def Info: ECTA_R11.pdf , page4 used on input line 25.
(pdftex.def)             Requested size: 488.25302pt x 705.2544pt.
 [5

 <./ECTA_R11.pdf>]
<ECTA_R11.pdf, id=105, page=5, 487.8225pt x 704.6325pt>
File: ECTA_R11.pdf Graphic file (type pdf)
<use ECTA_R11.pdf, page 5>
Package pdftex.def Info: ECTA_R11.pdf , page5 used on input line 25.
(pdftex.def)             Requested size: 488.25302pt x 705.2544pt.
File: ECTA_R11.pdf Graphic file (type pdf)
<use ECTA_R11.pdf, page 5>
Package pdftex.def Info: ECTA_R11.pdf , page5 used on input line 25.
(pdftex.def)             Requested size: 488.25302pt x 705.2544pt.
File: ECTA_R11.pdf Graphic file (type pdf)
<use ECTA_R11.pdf, page 5>
Package pdftex.def Info: ECTA_R11.pdf , page5 used on input line 25.
(pdftex.def)             Requested size: 488.25302pt x 705.2544pt.
 [6

 <./ECTA_R11.pdf>]
<ECTA_R11.pdf, id=110, page=6, 487.8225pt x 704.6325pt>
File: ECTA_R11.pdf Graphic file (type pdf)
<use ECTA_R11.pdf, page 6>
Package pdftex.def Info: ECTA_R11.pdf , page6 used on input line 25.
(pdftex.def)             Requested size: 488.25302pt x 705.2544pt.
File: ECTA_R11.pdf Graphic file (type pdf)
<use ECTA_R11.pdf, page 6>
Package pdftex.def Info: ECTA_R11.pdf , page6 used on input line 25.
(pdftex.def)             Requested size: 488.25302pt x 705.2544pt.
File: ECTA_R11.pdf Graphic file (type pdf)
<use ECTA_R11.pdf, page 6>
Package pdftex.def Info: ECTA_R11.pdf , page6 used on input line 25.
(pdftex.def)             Requested size: 488.25302pt x 705.2544pt.
 [7

 <./ECTA_R11.pdf>]
<ECTA_R11.pdf, id=116, page=7, 487.8225pt x 704.6325pt>
File: ECTA_R11.pdf Graphic file (type pdf)
<use ECTA_R11.pdf, page 7>
Package pdftex.def Info: ECTA_R11.pdf , page7 used on input line 25.
(pdftex.def)             Requested size: 488.25302pt x 705.2544pt.
File: ECTA_R11.pdf Graphic file (type pdf)
<use ECTA_R11.pdf, page 7>
Package pdftex.def Info: ECTA_R11.pdf , page7 used on input line 25.
(pdftex.def)             Requested size: 488.25302pt x 705.2544pt.
File: ECTA_R11.pdf Graphic file (type pdf)
<use ECTA_R11.pdf, page 7>
Package pdftex.def Info: ECTA_R11.pdf , page7 used on input line 25.
(pdftex.def)             Requested size: 488.25302pt x 705.2544pt.
 [8

 <./ECTA_R11.pdf>]
<ECTA_R11.pdf, id=127, page=8, 487.8225pt x 704.6325pt>
File: ECTA_R11.pdf Graphic file (type pdf)
<use ECTA_R11.pdf, page 8>
Package pdftex.def Info: ECTA_R11.pdf , page8 used on input line 25.
(pdftex.def)             Requested size: 488.25302pt x 705.2544pt.
File: ECTA_R11.pdf Graphic file (type pdf)
<use ECTA_R11.pdf, page 8>
Package pdftex.def Info: ECTA_R11.pdf , page8 used on input line 25.
(pdftex.def)             Requested size: 488.25302pt x 705.2544pt.
File: ECTA_R11.pdf Graphic file (type pdf)
<use ECTA_R11.pdf, page 8>
Package pdftex.def Info: ECTA_R11.pdf , page8 used on input line 25.
(pdftex.def)             Requested size: 488.25302pt x 705.2544pt.
 [9

 <./ECTA_R11.pdf>]
<ECTA_R11.pdf, id=162, page=9, 487.8225pt x 704.6325pt>
File: ECTA_R11.pdf Graphic file (type pdf)
<use ECTA_R11.pdf, page 9>
Package pdftex.def Info: ECTA_R11.pdf , page9 used on input line 25.
(pdftex.def)             Requested size: 488.25302pt x 705.2544pt.
File: ECTA_R11.pdf Graphic file (type pdf)
<use ECTA_R11.pdf, page 9>
Package pdftex.def Info: ECTA_R11.pdf , page9 used on input line 25.
(pdftex.def)             Requested size: 488.25302pt x 705.2544pt.
File: ECTA_R11.pdf Graphic file (type pdf)
<use ECTA_R11.pdf, page 9>
Package pdftex.def Info: ECTA_R11.pdf , page9 used on input line 25.
(pdftex.def)             Requested size: 488.25302pt x 705.2544pt.
 [10

 <./ECTA_R11.pdf>]
<ECTA_R11.pdf, id=167, page=10, 487.8225pt x 704.6325pt>
File: ECTA_R11.pdf Graphic file (type pdf)
<use ECTA_R11.pdf, page 10>
Package pdftex.def Info: ECTA_R11.pdf , page10 used on input line 25.
(pdftex.def)             Requested size: 488.25302pt x 705.2544pt.
File: ECTA_R11.pdf Graphic file (type pdf)
<use ECTA_R11.pdf, page 10>
Package pdftex.def Info: ECTA_R11.pdf , page10 used on input line 25.
(pdftex.def)             Requested size: 488.25302pt x 705.2544pt.
File: ECTA_R11.pdf Graphic file (type pdf)
<use ECTA_R11.pdf, page 10>
Package pdftex.def Info: ECTA_R11.pdf , page10 used on input line 25.
(pdftex.def)             Requested size: 488.25302pt x 705.2544pt.
 [11

 <./ECTA_R11.pdf>]
<ECTA_R11.pdf, id=172, page=11, 487.8225pt x 704.6325pt>
File: ECTA_R11.pdf Graphic file (type pdf)
<use ECTA_R11.pdf, page 11>
Package pdftex.def Info: ECTA_R11.pdf , page11 used on input line 25.
(pdftex.def)             Requested size: 488.25302pt x 705.2544pt.
File: ECTA_R11.pdf Graphic file (type pdf)
<use ECTA_R11.pdf, page 11>
Package pdftex.def Info: ECTA_R11.pdf , page11 used on input line 25.
(pdftex.def)             Requested size: 488.25302pt x 705.2544pt.
File: ECTA_R11.pdf Graphic file (type pdf)
<use ECTA_R11.pdf, page 11>
Package pdftex.def Info: ECTA_R11.pdf , page11 used on input line 25.
(pdftex.def)             Requested size: 488.25302pt x 705.2544pt.
 [12

 <./ECTA_R11.pdf>]
<ECTA_R11.pdf, id=183, page=12, 487.8225pt x 704.6325pt>
File: ECTA_R11.pdf Graphic file (type pdf)
<use ECTA_R11.pdf, page 12>
Package pdftex.def Info: ECTA_R11.pdf , page12 used on input line 25.
(pdftex.def)             Requested size: 488.25302pt x 705.2544pt.
File: ECTA_R11.pdf Graphic file (type pdf)
<use ECTA_R11.pdf, page 12>
Package pdftex.def Info: ECTA_R11.pdf , page12 used on input line 25.
(pdftex.def)             Requested size: 488.25302pt x 705.2544pt.
File: ECTA_R11.pdf Graphic file (type pdf)
<use ECTA_R11.pdf, page 12>
Package pdftex.def Info: ECTA_R11.pdf , page12 used on input line 25.
(pdftex.def)             Requested size: 488.25302pt x 705.2544pt.
 [13

 <./ECTA_R11.pdf>]
<ECTA_R11.pdf, id=189, page=13, 487.8225pt x 704.6325pt>
File: ECTA_R11.pdf Graphic file (type pdf)
<use ECTA_R11.pdf, page 13>
Package pdftex.def Info: ECTA_R11.pdf , page13 used on input line 25.
(pdftex.def)             Requested size: 488.25302pt x 705.2544pt.
File: ECTA_R11.pdf Graphic file (type pdf)
<use ECTA_R11.pdf, page 13>
Package pdftex.def Info: ECTA_R11.pdf , page13 used on input line 25.
(pdftex.def)             Requested size: 488.25302pt x 705.2544pt.
File: ECTA_R11.pdf Graphic file (type pdf)
<use ECTA_R11.pdf, page 13>
Package pdftex.def Info: ECTA_R11.pdf , page13 used on input line 25.
(pdftex.def)             Requested size: 488.25302pt x 705.2544pt.
 [14

 <./ECTA_R11.pdf>]
<ECTA_R11.pdf, id=195, page=14, 487.8225pt x 704.6325pt>
File: ECTA_R11.pdf Graphic file (type pdf)
<use ECTA_R11.pdf, page 14>
Package pdftex.def Info: ECTA_R11.pdf , page14 used on input line 25.
(pdftex.def)             Requested size: 488.25302pt x 705.2544pt.
File: ECTA_R11.pdf Graphic file (type pdf)
<use ECTA_R11.pdf, page 14>
Package pdftex.def Info: ECTA_R11.pdf , page14 used on input line 25.
(pdftex.def)             Requested size: 488.25302pt x 705.2544pt.
File: ECTA_R11.pdf Graphic file (type pdf)
<use ECTA_R11.pdf, page 14>
Package pdftex.def Info: ECTA_R11.pdf , page14 used on input line 25.
(pdftex.def)             Requested size: 488.25302pt x 705.2544pt.

[15

 <./ECTA_R11.pdf>]
<ECTA_R11.pdf, id=200, page=15, 487.8225pt x 704.6325pt>
File: ECTA_R11.pdf Graphic file (type pdf)
<use ECTA_R11.pdf, page 15>
Package pdftex.def Info: ECTA_R11.pdf , page15 used on input line 25.
(pdftex.def)             Requested size: 488.25302pt x 705.2544pt.
File: ECTA_R11.pdf Graphic file (type pdf)
<use ECTA_R11.pdf, page 15>
Package pdftex.def Info: ECTA_R11.pdf , page15 used on input line 25.
(pdftex.def)             Requested size: 488.25302pt x 705.2544pt.
File: ECTA_R11.pdf Graphic file (type pdf)
<use ECTA_R11.pdf, page 15>
Package pdftex.def Info: ECTA_R11.pdf , page15 used on input line 25.
(pdftex.def)             Requested size: 488.25302pt x 705.2544pt.
 [16

 <./ECTA_R11.pdf>]
<ECTA_R11.pdf, id=205, page=16, 487.8225pt x 704.6325pt>
File: ECTA_R11.pdf Graphic file (type pdf)
<use ECTA_R11.pdf, page 16>
Package pdftex.def Info: ECTA_R11.pdf , page16 used on input line 25.
(pdftex.def)             Requested size: 488.25302pt x 705.2544pt.
File: ECTA_R11.pdf Graphic file (type pdf)
<use ECTA_R11.pdf, page 16>
Package pdftex.def Info: ECTA_R11.pdf , page16 used on input line 25.
(pdftex.def)             Requested size: 488.25302pt x 705.2544pt.
File: ECTA_R11.pdf Graphic file (type pdf)
<use ECTA_R11.pdf, page 16>
Package pdftex.def Info: ECTA_R11.pdf , page16 used on input line 25.
(pdftex.def)             Requested size: 488.25302pt x 705.2544pt.
 [17

 <./ECTA_R11.pdf>]
<ECTA_R11.pdf, id=210, page=17, 487.8225pt x 704.6325pt>
File: ECTA_R11.pdf Graphic file (type pdf)
<use ECTA_R11.pdf, page 17>
Package pdftex.def Info: ECTA_R11.pdf , page17 used on input line 25.
(pdftex.def)             Requested size: 488.25302pt x 705.2544pt.
File: ECTA_R11.pdf Graphic file (type pdf)
<use ECTA_R11.pdf, page 17>
Package pdftex.def Info: ECTA_R11.pdf , page17 used on input line 25.
(pdftex.def)             Requested size: 488.25302pt x 705.2544pt.
File: ECTA_R11.pdf Graphic file (type pdf)
<use ECTA_R11.pdf, page 17>
Package pdftex.def Info: ECTA_R11.pdf , page17 used on input line 25.
(pdftex.def)             Requested size: 488.25302pt x 705.2544pt.
 [18

 <./ECTA_R11.pdf>]
<ECTA_R11.pdf, id=215, page=18, 487.8225pt x 704.6325pt>
File: ECTA_R11.pdf Graphic file (type pdf)
<use ECTA_R11.pdf, page 18>
Package pdftex.def Info: ECTA_R11.pdf , page18 used on input line 25.
(pdftex.def)             Requested size: 488.25302pt x 705.2544pt.
File: ECTA_R11.pdf Graphic file (type pdf)
<use ECTA_R11.pdf, page 18>
Package pdftex.def Info: ECTA_R11.pdf , page18 used on input line 25.
(pdftex.def)             Requested size: 488.25302pt x 705.2544pt.
File: ECTA_R11.pdf Graphic file (type pdf)
<use ECTA_R11.pdf, page 18>
Package pdftex.def Info: ECTA_R11.pdf , page18 used on input line 25.
(pdftex.def)             Requested size: 488.25302pt x 705.2544pt.
 [19

 <./ECTA_R11.pdf>]
<ECTA_R11.pdf, id=221, page=19, 487.8225pt x 704.6325pt>
File: ECTA_R11.pdf Graphic file (type pdf)
<use ECTA_R11.pdf, page 19>
Package pdftex.def Info: ECTA_R11.pdf , page19 used on input line 25.
(pdftex.def)             Requested size: 488.25302pt x 705.2544pt.
File: ECTA_R11.pdf Graphic file (type pdf)
<use ECTA_R11.pdf, page 19>
Package pdftex.def Info: ECTA_R11.pdf , page19 used on input line 25.
(pdftex.def)             Requested size: 488.25302pt x 705.2544pt.
File: ECTA_R11.pdf Graphic file (type pdf)
<use ECTA_R11.pdf, page 19>
Package pdftex.def Info: ECTA_R11.pdf , page19 used on input line 25.
(pdftex.def)             Requested size: 488.25302pt x 705.2544pt.
 [20

 <./ECTA_R11.pdf>]
<ECTA_R11.pdf, id=226, page=20, 487.8225pt x 704.6325pt>
File: ECTA_R11.pdf Graphic file (type pdf)
<use ECTA_R11.pdf, page 20>
Package pdftex.def Info: ECTA_R11.pdf , page20 used on input line 25.
(pdftex.def)             Requested size: 488.25302pt x 705.2544pt.
File: ECTA_R11.pdf Graphic file (type pdf)
<use ECTA_R11.pdf, page 20>
Package pdftex.def Info: ECTA_R11.pdf , page20 used on input line 25.
(pdftex.def)             Requested size: 488.25302pt x 705.2544pt.
File: ECTA_R11.pdf Graphic file (type pdf)
<use ECTA_R11.pdf, page 20>
Package pdftex.def Info: ECTA_R11.pdf , page20 used on input line 25.
(pdftex.def)             Requested size: 488.25302pt x 705.2544pt.
 [21

 <./ECTA_R11.pdf>]
<ECTA_R11.pdf, id=231, page=21, 487.8225pt x 704.6325pt>
File: ECTA_R11.pdf Graphic file (type pdf)
<use ECTA_R11.pdf, page 21>
Package pdftex.def Info: ECTA_R11.pdf , page21 used on input line 25.
(pdftex.def)             Requested size: 488.25302pt x 705.2544pt.
File: ECTA_R11.pdf Graphic file (type pdf)
<use ECTA_R11.pdf, page 21>
Package pdftex.def Info: ECTA_R11.pdf , page21 used on input line 25.
(pdftex.def)             Requested size: 488.25302pt x 705.2544pt.
File: ECTA_R11.pdf Graphic file (type pdf)
<use ECTA_R11.pdf, page 21>
Package pdftex.def Info: ECTA_R11.pdf , page21 used on input line 25.
(pdftex.def)             Requested size: 488.25302pt x 705.2544pt.

[22

 <./ECTA_R11.pdf>]
<ECTA_R11.pdf, id=236, page=22, 487.8225pt x 704.6325pt>
File: ECTA_R11.pdf Graphic file (type pdf)
<use ECTA_R11.pdf, page 22>
Package pdftex.def Info: ECTA_R11.pdf , page22 used on input line 25.
(pdftex.def)             Requested size: 488.25302pt x 705.2544pt.
File: ECTA_R11.pdf Graphic file (type pdf)
<use ECTA_R11.pdf, page 22>
Package pdftex.def Info: ECTA_R11.pdf , page22 used on input line 25.
(pdftex.def)             Requested size: 488.25302pt x 705.2544pt.
File: ECTA_R11.pdf Graphic file (type pdf)
<use ECTA_R11.pdf, page 22>
Package pdftex.def Info: ECTA_R11.pdf , page22 used on input line 25.
(pdftex.def)             Requested size: 488.25302pt x 705.2544pt.
 [23

 <./ECTA_R11.pdf>]
<ECTA_R11.pdf, id=241, page=23, 487.8225pt x 704.6325pt>
File: ECTA_R11.pdf Graphic file (type pdf)
<use ECTA_R11.pdf, page 23>
Package pdftex.def Info: ECTA_R11.pdf , page23 used on input line 25.
(pdftex.def)             Requested size: 488.25302pt x 705.2544pt.
File: ECTA_R11.pdf Graphic file (type pdf)
<use ECTA_R11.pdf, page 23>
Package pdftex.def Info: ECTA_R11.pdf , page23 used on input line 25.
(pdftex.def)             Requested size: 488.25302pt x 705.2544pt.
File: ECTA_R11.pdf Graphic file (type pdf)
<use ECTA_R11.pdf, page 23>
Package pdftex.def Info: ECTA_R11.pdf , page23 used on input line 25.
(pdftex.def)             Requested size: 488.25302pt x 705.2544pt.
 [24

 <./ECTA_R11.pdf>]
<ECTA_R11.pdf, id=246, page=24, 487.8225pt x 704.6325pt>
File: ECTA_R11.pdf Graphic file (type pdf)
<use ECTA_R11.pdf, page 24>
Package pdftex.def Info: ECTA_R11.pdf , page24 used on input line 25.
(pdftex.def)             Requested size: 488.25302pt x 705.2544pt.
File: ECTA_R11.pdf Graphic file (type pdf)
<use ECTA_R11.pdf, page 24>
Package pdftex.def Info: ECTA_R11.pdf , page24 used on input line 25.
(pdftex.def)             Requested size: 488.25302pt x 705.2544pt.
File: ECTA_R11.pdf Graphic file (type pdf)
<use ECTA_R11.pdf, page 24>
Package pdftex.def Info: ECTA_R11.pdf , page24 used on input line 25.
(pdftex.def)             Requested size: 488.25302pt x 705.2544pt.
 [25

 <./ECTA_R11.pdf>]
<ECTA_R11.pdf, id=252, page=25, 487.8225pt x 704.6325pt>
File: ECTA_R11.pdf Graphic file (type pdf)
<use ECTA_R11.pdf, page 25>
Package pdftex.def Info: ECTA_R11.pdf , page25 used on input line 25.
(pdftex.def)             Requested size: 488.25302pt x 705.2544pt.
File: ECTA_R11.pdf Graphic file (type pdf)
<use ECTA_R11.pdf, page 25>
Package pdftex.def Info: ECTA_R11.pdf , page25 used on input line 25.
(pdftex.def)             Requested size: 488.25302pt x 705.2544pt.
File: ECTA_R11.pdf Graphic file (type pdf)
<use ECTA_R11.pdf, page 25>
Package pdftex.def Info: ECTA_R11.pdf , page25 used on input line 25.
(pdftex.def)             Requested size: 488.25302pt x 705.2544pt.
 [26

 <./ECTA_R11.pdf>]
<ECTA_R11.pdf, id=263, page=26, 487.8225pt x 704.6325pt>
File: ECTA_R11.pdf Graphic file (type pdf)
<use ECTA_R11.pdf, page 26>
Package pdftex.def Info: ECTA_R11.pdf , page26 used on input line 25.
(pdftex.def)             Requested size: 488.25302pt x 705.2544pt.
File: ECTA_R11.pdf Graphic file (type pdf)
<use ECTA_R11.pdf, page 26>
Package pdftex.def Info: ECTA_R11.pdf , page26 used on input line 25.
(pdftex.def)             Requested size: 488.25302pt x 705.2544pt.
File: ECTA_R11.pdf Graphic file (type pdf)
<use ECTA_R11.pdf, page 26>
Package pdftex.def Info: ECTA_R11.pdf , page26 used on input line 25.
(pdftex.def)             Requested size: 488.25302pt x 705.2544pt.
 [27

 <./ECTA_R11.pdf>]
<ECTA_R11.pdf, id=268, page=27, 487.8225pt x 704.6325pt>
File: ECTA_R11.pdf Graphic file (type pdf)
<use ECTA_R11.pdf, page 27>
Package pdftex.def Info: ECTA_R11.pdf , page27 used on input line 25.
(pdftex.def)             Requested size: 488.25302pt x 705.2544pt.
File: ECTA_R11.pdf Graphic file (type pdf)
<use ECTA_R11.pdf, page 27>
Package pdftex.def Info: ECTA_R11.pdf , page27 used on input line 25.
(pdftex.def)             Requested size: 488.25302pt x 705.2544pt.
File: ECTA_R11.pdf Graphic file (type pdf)
<use ECTA_R11.pdf, page 27>
Package pdftex.def Info: ECTA_R11.pdf , page27 used on input line 25.
(pdftex.def)             Requested size: 488.25302pt x 705.2544pt.
 [28

 <./ECTA_R11.pdf>]
<ECTA_R11.pdf, id=273, page=28, 487.8225pt x 704.6325pt>
File: ECTA_R11.pdf Graphic file (type pdf)
<use ECTA_R11.pdf, page 28>
Package pdftex.def Info: ECTA_R11.pdf , page28 used on input line 25.
(pdftex.def)             Requested size: 488.25302pt x 705.2544pt.
File: ECTA_R11.pdf Graphic file (type pdf)
<use ECTA_R11.pdf, page 28>
Package pdftex.def Info: ECTA_R11.pdf , page28 used on input line 25.
(pdftex.def)             Requested size: 488.25302pt x 705.2544pt.
File: ECTA_R11.pdf Graphic file (type pdf)
<use ECTA_R11.pdf, page 28>
Package pdftex.def Info: ECTA_R11.pdf , page28 used on input line 25.
(pdftex.def)             Requested size: 488.25302pt x 705.2544pt.

[29

 <./ECTA_R11.pdf>]
<ECTA_R11.pdf, id=278, page=29, 487.8225pt x 704.6325pt>
File: ECTA_R11.pdf Graphic file (type pdf)
<use ECTA_R11.pdf, page 29>
Package pdftex.def Info: ECTA_R11.pdf , page29 used on input line 25.
(pdftex.def)             Requested size: 488.25302pt x 705.2544pt.
File: ECTA_R11.pdf Graphic file (type pdf)
<use ECTA_R11.pdf, page 29>
Package pdftex.def Info: ECTA_R11.pdf , page29 used on input line 25.
(pdftex.def)             Requested size: 488.25302pt x 705.2544pt.
File: ECTA_R11.pdf Graphic file (type pdf)
<use ECTA_R11.pdf, page 29>
Package pdftex.def Info: ECTA_R11.pdf , page29 used on input line 25.
(pdftex.def)             Requested size: 488.25302pt x 705.2544pt.
 [30

 <./ECTA_R11.pdf>]
<ECTA_R11.pdf, id=283, page=30, 487.8225pt x 704.6325pt>
File: ECTA_R11.pdf Graphic file (type pdf)
<use ECTA_R11.pdf, page 30>
Package pdftex.def Info: ECTA_R11.pdf , page30 used on input line 25.
(pdftex.def)             Requested size: 488.25302pt x 705.2544pt.
File: ECTA_R11.pdf Graphic file (type pdf)
<use ECTA_R11.pdf, page 30>
Package pdftex.def Info: ECTA_R11.pdf , page30 used on input line 25.
(pdftex.def)             Requested size: 488.25302pt x 705.2544pt.
File: ECTA_R11.pdf Graphic file (type pdf)
<use ECTA_R11.pdf, page 30>
Package pdftex.def Info: ECTA_R11.pdf , page30 used on input line 25.
(pdftex.def)             Requested size: 488.25302pt x 705.2544pt.
 [31

 <./ECTA_R11.pdf>]
<ECTA_R11.pdf, id=289, page=31, 487.8225pt x 704.6325pt>
File: ECTA_R11.pdf Graphic file (type pdf)
<use ECTA_R11.pdf, page 31>
Package pdftex.def Info: ECTA_R11.pdf , page31 used on input line 25.
(pdftex.def)             Requested size: 488.25302pt x 705.2544pt.
File: ECTA_R11.pdf Graphic file (type pdf)
<use ECTA_R11.pdf, page 31>
Package pdftex.def Info: ECTA_R11.pdf , page31 used on input line 25.
(pdftex.def)             Requested size: 488.25302pt x 705.2544pt.
File: ECTA_R11.pdf Graphic file (type pdf)
<use ECTA_R11.pdf, page 31>
Package pdftex.def Info: ECTA_R11.pdf , page31 used on input line 25.
(pdftex.def)             Requested size: 488.25302pt x 705.2544pt.
 [32

 <./ECTA_R11.pdf>]
<ECTA_R11.pdf, id=294, page=32, 487.8225pt x 704.6325pt>
File: ECTA_R11.pdf Graphic file (type pdf)
<use ECTA_R11.pdf, page 32>
Package pdftex.def Info: ECTA_R11.pdf , page32 used on input line 25.
(pdftex.def)             Requested size: 488.25302pt x 705.2544pt.
File: ECTA_R11.pdf Graphic file (type pdf)
<use ECTA_R11.pdf, page 32>
Package pdftex.def Info: ECTA_R11.pdf , page32 used on input line 25.
(pdftex.def)             Requested size: 488.25302pt x 705.2544pt.
File: ECTA_R11.pdf Graphic file (type pdf)
<use ECTA_R11.pdf, page 32>
Package pdftex.def Info: ECTA_R11.pdf , page32 used on input line 25.
(pdftex.def)             Requested size: 488.25302pt x 705.2544pt.
 [33

 <./ECTA_R11.pdf>]
<ECTA_R11.pdf, id=299, page=33, 487.8225pt x 704.6325pt>
File: ECTA_R11.pdf Graphic file (type pdf)
<use ECTA_R11.pdf, page 33>
Package pdftex.def Info: ECTA_R11.pdf , page33 used on input line 25.
(pdftex.def)             Requested size: 488.25302pt x 705.2544pt.
File: ECTA_R11.pdf Graphic file (type pdf)
<use ECTA_R11.pdf, page 33>
Package pdftex.def Info: ECTA_R11.pdf , page33 used on input line 25.
(pdftex.def)             Requested size: 488.25302pt x 705.2544pt.
File: ECTA_R11.pdf Graphic file (type pdf)
<use ECTA_R11.pdf, page 33>
Package pdftex.def Info: ECTA_R11.pdf , page33 used on input line 25.
(pdftex.def)             Requested size: 488.25302pt x 705.2544pt.
 [34

 <./ECTA_R11.pdf>]
<ECTA_R11.pdf, id=304, page=34, 487.8225pt x 704.6325pt>
File: ECTA_R11.pdf Graphic file (type pdf)
<use ECTA_R11.pdf, page 34>
Package pdftex.def Info: ECTA_R11.pdf , page34 used on input line 25.
(pdftex.def)             Requested size: 488.25302pt x 705.2544pt.
File: ECTA_R11.pdf Graphic file (type pdf)
<use ECTA_R11.pdf, page 34>
Package pdftex.def Info: ECTA_R11.pdf , page34 used on input line 25.
(pdftex.def)             Requested size: 488.25302pt x 705.2544pt.
File: ECTA_R11.pdf Graphic file (type pdf)
<use ECTA_R11.pdf, page 34>
Package pdftex.def Info: ECTA_R11.pdf , page34 used on input line 25.
(pdftex.def)             Requested size: 488.25302pt x 705.2544pt.
 [35

 <./ECTA_R11.pdf>]
<ECTA_R11.pdf, id=309, page=35, 487.8225pt x 704.6325pt>
File: ECTA_R11.pdf Graphic file (type pdf)
<use ECTA_R11.pdf, page 35>
Package pdftex.def Info: ECTA_R11.pdf , page35 used on input line 25.
(pdftex.def)             Requested size: 488.25302pt x 705.2544pt.
File: ECTA_R11.pdf Graphic file (type pdf)
<use ECTA_R11.pdf, page 35>
Package pdftex.def Info: ECTA_R11.pdf , page35 used on input line 25.
(pdftex.def)             Requested size: 488.25302pt x 705.2544pt.
File: ECTA_R11.pdf Graphic file (type pdf)
<use ECTA_R11.pdf, page 35>
Package pdftex.def Info: ECTA_R11.pdf , page35 used on input line 25.
(pdftex.def)             Requested size: 488.25302pt x 705.2544pt.

[36

 <./ECTA_R11.pdf>]
<ECTA_R11.pdf, id=320, page=36, 487.8225pt x 704.6325pt>
File: ECTA_R11.pdf Graphic file (type pdf)
<use ECTA_R11.pdf, page 36>
Package pdftex.def Info: ECTA_R11.pdf , page36 used on input line 25.
(pdftex.def)             Requested size: 488.25302pt x 705.2544pt.
File: ECTA_R11.pdf Graphic file (type pdf)
<use ECTA_R11.pdf, page 36>
Package pdftex.def Info: ECTA_R11.pdf , page36 used on input line 25.
(pdftex.def)             Requested size: 488.25302pt x 705.2544pt.
File: ECTA_R11.pdf Graphic file (type pdf)
<use ECTA_R11.pdf, page 36>
Package pdftex.def Info: ECTA_R11.pdf , page36 used on input line 25.
(pdftex.def)             Requested size: 488.25302pt x 705.2544pt.
 [37

 <./ECTA_R11.pdf>]
<ECTA_R11.pdf, id=326, page=37, 487.8225pt x 704.6325pt>
File: ECTA_R11.pdf Graphic file (type pdf)
<use ECTA_R11.pdf, page 37>
Package pdftex.def Info: ECTA_R11.pdf , page37 used on input line 25.
(pdftex.def)             Requested size: 488.25302pt x 705.2544pt.
File: ECTA_R11.pdf Graphic file (type pdf)
<use ECTA_R11.pdf, page 37>
Package pdftex.def Info: ECTA_R11.pdf , page37 used on input line 25.
(pdftex.def)             Requested size: 488.25302pt x 705.2544pt.
File: ECTA_R11.pdf Graphic file (type pdf)
<use ECTA_R11.pdf, page 37>
Package pdftex.def Info: ECTA_R11.pdf , page37 used on input line 25.
(pdftex.def)             Requested size: 488.25302pt x 705.2544pt.
 [38

 <./ECTA_R11.pdf>]
<ECTA_R11.pdf, id=331, page=38, 487.8225pt x 704.6325pt>
File: ECTA_R11.pdf Graphic file (type pdf)
<use ECTA_R11.pdf, page 38>
Package pdftex.def Info: ECTA_R11.pdf , page38 used on input line 25.
(pdftex.def)             Requested size: 488.25302pt x 705.2544pt.
File: ECTA_R11.pdf Graphic file (type pdf)
<use ECTA_R11.pdf, page 38>
Package pdftex.def Info: ECTA_R11.pdf , page38 used on input line 25.
(pdftex.def)             Requested size: 488.25302pt x 705.2544pt.
File: ECTA_R11.pdf Graphic file (type pdf)
<use ECTA_R11.pdf, page 38>
Package pdftex.def Info: ECTA_R11.pdf , page38 used on input line 25.
(pdftex.def)             Requested size: 488.25302pt x 705.2544pt.
 [39

 <./ECTA_R11.pdf>]
<ECTA_R11.pdf, id=342, page=39, 487.8225pt x 704.6325pt>
File: ECTA_R11.pdf Graphic file (type pdf)
<use ECTA_R11.pdf, page 39>
Package pdftex.def Info: ECTA_R11.pdf , page39 used on input line 25.
(pdftex.def)             Requested size: 488.25302pt x 705.2544pt.
File: ECTA_R11.pdf Graphic file (type pdf)
<use ECTA_R11.pdf, page 39>
Package pdftex.def Info: ECTA_R11.pdf , page39 used on input line 25.
(pdftex.def)             Requested size: 488.25302pt x 705.2544pt.
File: ECTA_R11.pdf Graphic file (type pdf)
<use ECTA_R11.pdf, page 39>
Package pdftex.def Info: ECTA_R11.pdf , page39 used on input line 25.
(pdftex.def)             Requested size: 488.25302pt x 705.2544pt.
 [40

 <./ECTA_R11.pdf>]
<ECTA_R11.pdf, id=347, page=40, 487.8225pt x 704.6325pt>
File: ECTA_R11.pdf Graphic file (type pdf)
<use ECTA_R11.pdf, page 40>
Package pdftex.def Info: ECTA_R11.pdf , page40 used on input line 25.
(pdftex.def)             Requested size: 488.25302pt x 705.2544pt.
File: ECTA_R11.pdf Graphic file (type pdf)
<use ECTA_R11.pdf, page 40>
Package pdftex.def Info: ECTA_R11.pdf , page40 used on input line 25.
(pdftex.def)             Requested size: 488.25302pt x 705.2544pt.
File: ECTA_R11.pdf Graphic file (type pdf)
<use ECTA_R11.pdf, page 40>
Package pdftex.def Info: ECTA_R11.pdf , page40 used on input line 25.
(pdftex.def)             Requested size: 488.25302pt x 705.2544pt.
 [41

 <./ECTA_R11.pdf>]
<ECTA_R11.pdf, id=358, page=41, 487.8225pt x 704.6325pt>
File: ECTA_R11.pdf Graphic file (type pdf)
<use ECTA_R11.pdf, page 41>
Package pdftex.def Info: ECTA_R11.pdf , page41 used on input line 25.
(pdftex.def)             Requested size: 488.25302pt x 705.2544pt.
File: ECTA_R11.pdf Graphic file (type pdf)
<use ECTA_R11.pdf, page 41>
Package pdftex.def Info: ECTA_R11.pdf , page41 used on input line 25.
(pdftex.def)             Requested size: 488.25302pt x 705.2544pt.
File: ECTA_R11.pdf Graphic file (type pdf)
<use ECTA_R11.pdf, page 41>
Package pdftex.def Info: ECTA_R11.pdf , page41 used on input line 25.
(pdftex.def)             Requested size: 488.25302pt x 705.2544pt.
 [42

 <./ECTA_R11.pdf>]
<SUPP_R11.pdf, id=363, 487.8225pt x 704.6325pt>
File: SUPP_R11.pdf Graphic file (type pdf)
<use SUPP_R11.pdf>
Package pdftex.def Info: SUPP_R11.pdf  used on input line 27.
(pdftex.def)             Requested size: 487.8213pt x 704.6308pt.
File: SUPP_R11.pdf Graphic file (type pdf)
<use SUPP_R11.pdf>
Package pdftex.def Info: SUPP_R11.pdf  used on input line 27.
(pdftex.def)             Requested size: 487.8213pt x 704.6308pt.
<SUPP_R11.pdf, id=366, page=1, 487.8225pt x 704.6325pt>
File: SUPP_R11.pdf Graphic file (type pdf)
<use SUPP_R11.pdf, page 1>
Package pdftex.def Info: SUPP_R11.pdf , page1 used on input line 27.
(pdftex.def)             Requested size: 487.8213pt x 704.6308pt.
File: SUPP_R11.pdf Graphic file (type pdf)
<use SUPP_R11.pdf, page 1>
Package pdftex.def Info: SUPP_R11.pdf , page1 used on input line 27.
(pdftex.def)             Requested size: 488.25302pt x 705.2544pt.

[43]
File: SUPP_R11.pdf Graphic file (type pdf)
<use SUPP_R11.pdf, page 1>
Package pdftex.def Info: SUPP_R11.pdf , page1 used on input line 27.
(pdftex.def)             Requested size: 488.25302pt x 705.2544pt.
File: SUPP_R11.pdf Graphic file (type pdf)
<use SUPP_R11.pdf, page 1>
Package pdftex.def Info: SUPP_R11.pdf , page1 used on input line 27.
(pdftex.def)             Requested size: 488.25302pt x 705.2544pt.
File: SUPP_R11.pdf Graphic file (type pdf)
<use SUPP_R11.pdf, page 1>
Package pdftex.def Info: SUPP_R11.pdf , page1 used on input line 27.
(pdftex.def)             Requested size: 488.25302pt x 705.2544pt.
 [44

 <./SUPP_R11.pdf>]
<SUPP_R11.pdf, id=387, page=2, 487.82149pt x 704.63048pt>
File: SUPP_R11.pdf Graphic file (type pdf)
<use SUPP_R11.pdf, page 2>
Package pdftex.def Info: SUPP_R11.pdf , page2 used on input line 27.
(pdftex.def)             Requested size: 488.252pt x 705.25235pt.
File: SUPP_R11.pdf Graphic file (type pdf)
<use SUPP_R11.pdf, page 2>
Package pdftex.def Info: SUPP_R11.pdf , page2 used on input line 27.
(pdftex.def)             Requested size: 488.252pt x 705.25235pt.
File: SUPP_R11.pdf Graphic file (type pdf)
<use SUPP_R11.pdf, page 2>
Package pdftex.def Info: SUPP_R11.pdf , page2 used on input line 27.
(pdftex.def)             Requested size: 488.252pt x 705.25235pt.
 [45

 <./SUPP_R11.pdf>]
<SUPP_R11.pdf, id=418, page=3, 487.82149pt x 704.63048pt>
File: SUPP_R11.pdf Graphic file (type pdf)
<use SUPP_R11.pdf, page 3>
Package pdftex.def Info: SUPP_R11.pdf , page3 used on input line 27.
(pdftex.def)             Requested size: 488.252pt x 705.25235pt.
File: SUPP_R11.pdf Graphic file (type pdf)
<use SUPP_R11.pdf, page 3>
Package pdftex.def Info: SUPP_R11.pdf , page3 used on input line 27.
(pdftex.def)             Requested size: 488.252pt x 705.25235pt.
File: SUPP_R11.pdf Graphic file (type pdf)
<use SUPP_R11.pdf, page 3>
Package pdftex.def Info: SUPP_R11.pdf , page3 used on input line 27.
(pdftex.def)             Requested size: 488.252pt x 705.25235pt.
 [46

 <./SUPP_R11.pdf>]
<SUPP_R11.pdf, id=445, page=4, 487.82149pt x 704.63048pt>
File: SUPP_R11.pdf Graphic file (type pdf)
<use SUPP_R11.pdf, page 4>
Package pdftex.def Info: SUPP_R11.pdf , page4 used on input line 27.
(pdftex.def)             Requested size: 488.252pt x 705.25235pt.
File: SUPP_R11.pdf Graphic file (type pdf)
<use SUPP_R11.pdf, page 4>
Package pdftex.def Info: SUPP_R11.pdf , page4 used on input line 27.
(pdftex.def)             Requested size: 488.252pt x 705.25235pt.
File: SUPP_R11.pdf Graphic file (type pdf)
<use SUPP_R11.pdf, page 4>
Package pdftex.def Info: SUPP_R11.pdf , page4 used on input line 27.
(pdftex.def)             Requested size: 488.252pt x 705.25235pt.
 [47

 <./SUPP_R11.pdf>]
<SUPP_R11.pdf, id=472, page=5, 487.82149pt x 704.63048pt>
File: SUPP_R11.pdf Graphic file (type pdf)
<use SUPP_R11.pdf, page 5>
Package pdftex.def Info: SUPP_R11.pdf , page5 used on input line 27.
(pdftex.def)             Requested size: 488.252pt x 705.25235pt.
File: SUPP_R11.pdf Graphic file (type pdf)
<use SUPP_R11.pdf, page 5>
Package pdftex.def Info: SUPP_R11.pdf , page5 used on input line 27.
(pdftex.def)             Requested size: 488.252pt x 705.25235pt.
File: SUPP_R11.pdf Graphic file (type pdf)
<use SUPP_R11.pdf, page 5>
Package pdftex.def Info: SUPP_R11.pdf , page5 used on input line 27.
(pdftex.def)             Requested size: 488.252pt x 705.25235pt.
 [48

 <./SUPP_R11.pdf>]
<SUPP_R11.pdf, id=485, page=6, 487.82149pt x 704.63048pt>
File: SUPP_R11.pdf Graphic file (type pdf)
<use SUPP_R11.pdf, page 6>
Package pdftex.def Info: SUPP_R11.pdf , page6 used on input line 27.
(pdftex.def)             Requested size: 488.252pt x 705.25235pt.
File: SUPP_R11.pdf Graphic file (type pdf)
<use SUPP_R11.pdf, page 6>
Package pdftex.def Info: SUPP_R11.pdf , page6 used on input line 27.
(pdftex.def)             Requested size: 488.252pt x 705.25235pt.
File: SUPP_R11.pdf Graphic file (type pdf)
<use SUPP_R11.pdf, page 6>
Package pdftex.def Info: SUPP_R11.pdf , page6 used on input line 27.
(pdftex.def)             Requested size: 488.252pt x 705.25235pt.
 [49

 <./SUPP_R11.pdf>]
<SUPP_R11.pdf, id=492, page=7, 487.82149pt x 704.63048pt>
File: SUPP_R11.pdf Graphic file (type pdf)
<use SUPP_R11.pdf, page 7>
Package pdftex.def Info: SUPP_R11.pdf , page7 used on input line 27.
(pdftex.def)             Requested size: 488.252pt x 705.25235pt.
File: SUPP_R11.pdf Graphic file (type pdf)
<use SUPP_R11.pdf, page 7>
Package pdftex.def Info: SUPP_R11.pdf , page7 used on input line 27.
(pdftex.def)             Requested size: 488.252pt x 705.25235pt.
File: SUPP_R11.pdf Graphic file (type pdf)
<use SUPP_R11.pdf, page 7>
Package pdftex.def Info: SUPP_R11.pdf , page7 used on input line 27.
(pdftex.def)             Requested size: 488.252pt x 705.25235pt.
 [50

 <./SUPP_R11.pdf>]
<SUPP_R11.pdf, id=505, page=8, 487.82149pt x 704.63048pt>
File: SUPP_R11.pdf Graphic file (type pdf)
<use SUPP_R11.pdf, page 8>
Package pdftex.def Info: SUPP_R11.pdf , page8 used on input line 27.
(pdftex.def)             Requested size: 488.252pt x 705.25235pt.
File: SUPP_R11.pdf Graphic file (type pdf)
<use SUPP_R11.pdf, page 8>
Package pdftex.def Info: SUPP_R11.pdf , page8 used on input line 27.
(pdftex.def)             Requested size: 488.252pt x 705.25235pt.
File: SUPP_R11.pdf Graphic file (type pdf)
<use SUPP_R11.pdf, page 8>
Package pdftex.def Info: SUPP_R11.pdf , page8 used on input line 27.
(pdftex.def)             Requested size: 488.252pt x 705.25235pt.
[51

 <./SUPP_R11.pdf>]
<SUPP_R11.pdf, id=511, page=9, 487.82149pt x 704.63048pt>
File: SUPP_R11.pdf Graphic file (type pdf)
<use SUPP_R11.pdf, page 9>
Package pdftex.def Info: SUPP_R11.pdf , page9 used on input line 27.
(pdftex.def)             Requested size: 488.252pt x 705.25235pt.
File: SUPP_R11.pdf Graphic file (type pdf)
<use SUPP_R11.pdf, page 9>
Package pdftex.def Info: SUPP_R11.pdf , page9 used on input line 27.
(pdftex.def)             Requested size: 488.252pt x 705.25235pt.
File: SUPP_R11.pdf Graphic file (type pdf)
<use SUPP_R11.pdf, page 9>
Package pdftex.def Info: SUPP_R11.pdf , page9 used on input line 27.
(pdftex.def)             Requested size: 488.252pt x 705.25235pt.
 [52

 <./SUPP_R11.pdf>]
<SUPP_R11.pdf, id=553, page=10, 487.82149pt x 704.63048pt>
File: SUPP_R11.pdf Graphic file (type pdf)
<use SUPP_R11.pdf, page 10>
Package pdftex.def Info: SUPP_R11.pdf , page10 used on input line 27.
(pdftex.def)             Requested size: 488.252pt x 705.25235pt.
File: SUPP_R11.pdf Graphic file (type pdf)
<use SUPP_R11.pdf, page 10>
Package pdftex.def Info: SUPP_R11.pdf , page10 used on input line 27.
(pdftex.def)             Requested size: 488.252pt x 705.25235pt.
File: SUPP_R11.pdf Graphic file (type pdf)
<use SUPP_R11.pdf, page 10>
Package pdftex.def Info: SUPP_R11.pdf , page10 used on input line 27.
(pdftex.def)             Requested size: 488.252pt x 705.25235pt.
 [53

 <./SUPP_R11.pdf>]
<SUPP_R11.pdf, id=559, page=11, 487.82149pt x 704.63048pt>
File: SUPP_R11.pdf Graphic file (type pdf)
<use SUPP_R11.pdf, page 11>
Package pdftex.def Info: SUPP_R11.pdf , page11 used on input line 27.
(pdftex.def)             Requested size: 488.252pt x 705.25235pt.
File: SUPP_R11.pdf Graphic file (type pdf)
<use SUPP_R11.pdf, page 11>
Package pdftex.def Info: SUPP_R11.pdf , page11 used on input line 27.
(pdftex.def)             Requested size: 488.252pt x 705.25235pt.
File: SUPP_R11.pdf Graphic file (type pdf)
<use SUPP_R11.pdf, page 11>
Package pdftex.def Info: SUPP_R11.pdf , page11 used on input line 27.
(pdftex.def)             Requested size: 488.252pt x 705.25235pt.
 [54

 <./SUPP_R11.pdf>]
<SUPP_R11.pdf, id=565, page=12, 487.82149pt x 704.63048pt>
File: SUPP_R11.pdf Graphic file (type pdf)
<use SUPP_R11.pdf, page 12>
Package pdftex.def Info: SUPP_R11.pdf , page12 used on input line 27.
(pdftex.def)             Requested size: 488.252pt x 705.25235pt.
File: SUPP_R11.pdf Graphic file (type pdf)
<use SUPP_R11.pdf, page 12>
Package pdftex.def Info: SUPP_R11.pdf , page12 used on input line 27.
(pdftex.def)             Requested size: 488.252pt x 705.25235pt.
File: SUPP_R11.pdf Graphic file (type pdf)
<use SUPP_R11.pdf, page 12>
Package pdftex.def Info: SUPP_R11.pdf , page12 used on input line 27.
(pdftex.def)             Requested size: 488.252pt x 705.25235pt.
 [55

 <./SUPP_R11.pdf>]
<SUPP_R11.pdf, id=579, page=13, 487.82149pt x 704.63048pt>
File: SUPP_R11.pdf Graphic file (type pdf)
<use SUPP_R11.pdf, page 13>
Package pdftex.def Info: SUPP_R11.pdf , page13 used on input line 27.
(pdftex.def)             Requested size: 488.252pt x 705.25235pt.
File: SUPP_R11.pdf Graphic file (type pdf)
<use SUPP_R11.pdf, page 13>
Package pdftex.def Info: SUPP_R11.pdf , page13 used on input line 27.
(pdftex.def)             Requested size: 488.252pt x 705.25235pt.
File: SUPP_R11.pdf Graphic file (type pdf)
<use SUPP_R11.pdf, page 13>
Package pdftex.def Info: SUPP_R11.pdf , page13 used on input line 27.
(pdftex.def)             Requested size: 488.252pt x 705.25235pt.
 [56

 <./SUPP_R11.pdf>]
<SUPP_R11.pdf, id=585, page=14, 487.82149pt x 704.63048pt>
File: SUPP_R11.pdf Graphic file (type pdf)
<use SUPP_R11.pdf, page 14>
Package pdftex.def Info: SUPP_R11.pdf , page14 used on input line 27.
(pdftex.def)             Requested size: 488.252pt x 705.25235pt.
File: SUPP_R11.pdf Graphic file (type pdf)
<use SUPP_R11.pdf, page 14>
Package pdftex.def Info: SUPP_R11.pdf , page14 used on input line 27.
(pdftex.def)             Requested size: 488.252pt x 705.25235pt.
File: SUPP_R11.pdf Graphic file (type pdf)
<use SUPP_R11.pdf, page 14>
Package pdftex.def Info: SUPP_R11.pdf , page14 used on input line 27.
(pdftex.def)             Requested size: 488.252pt x 705.25235pt.
 [57

 <./SUPP_R11.pdf>]
<SUPP_R11.pdf, id=591, page=15, 487.82149pt x 704.63048pt>
File: SUPP_R11.pdf Graphic file (type pdf)
<use SUPP_R11.pdf, page 15>
Package pdftex.def Info: SUPP_R11.pdf , page15 used on input line 27.
(pdftex.def)             Requested size: 488.252pt x 705.25235pt.
File: SUPP_R11.pdf Graphic file (type pdf)
<use SUPP_R11.pdf, page 15>
Package pdftex.def Info: SUPP_R11.pdf , page15 used on input line 27.
(pdftex.def)             Requested size: 488.252pt x 705.25235pt.
File: SUPP_R11.pdf Graphic file (type pdf)
<use SUPP_R11.pdf, page 15>
Package pdftex.def Info: SUPP_R11.pdf , page15 used on input line 27.
(pdftex.def)             Requested size: 488.252pt x 705.25235pt.

[58

 <./SUPP_R11.pdf>]
<SUPP_R11.pdf, id=597, page=16, 487.82149pt x 704.63048pt>
File: SUPP_R11.pdf Graphic file (type pdf)
<use SUPP_R11.pdf, page 16>
Package pdftex.def Info: SUPP_R11.pdf , page16 used on input line 27.
(pdftex.def)             Requested size: 488.252pt x 705.25235pt.
File: SUPP_R11.pdf Graphic file (type pdf)
<use SUPP_R11.pdf, page 16>
Package pdftex.def Info: SUPP_R11.pdf , page16 used on input line 27.
(pdftex.def)             Requested size: 488.252pt x 705.25235pt.
File: SUPP_R11.pdf Graphic file (type pdf)
<use SUPP_R11.pdf, page 16>
Package pdftex.def Info: SUPP_R11.pdf , page16 used on input line 27.
(pdftex.def)             Requested size: 488.252pt x 705.25235pt.
 [59

 <./SUPP_R11.pdf>]
<SUPP_R11.pdf, id=603, page=17, 487.82149pt x 704.63048pt>
File: SUPP_R11.pdf Graphic file (type pdf)
<use SUPP_R11.pdf, page 17>
Package pdftex.def Info: SUPP_R11.pdf , page17 used on input line 27.
(pdftex.def)             Requested size: 488.252pt x 705.25235pt.
File: SUPP_R11.pdf Graphic file (type pdf)
<use SUPP_R11.pdf, page 17>
Package pdftex.def Info: SUPP_R11.pdf , page17 used on input line 27.
(pdftex.def)             Requested size: 488.252pt x 705.25235pt.
File: SUPP_R11.pdf Graphic file (type pdf)
<use SUPP_R11.pdf, page 17>
Package pdftex.def Info: SUPP_R11.pdf , page17 used on input line 27.
(pdftex.def)             Requested size: 488.252pt x 705.25235pt.
 [60

 <./SUPP_R11.pdf>]
<SUPP_R11.pdf, id=609, page=18, 487.82149pt x 704.63048pt>
File: SUPP_R11.pdf Graphic file (type pdf)
<use SUPP_R11.pdf, page 18>
Package pdftex.def Info: SUPP_R11.pdf , page18 used on input line 27.
(pdftex.def)             Requested size: 488.252pt x 705.25235pt.
File: SUPP_R11.pdf Graphic file (type pdf)
<use SUPP_R11.pdf, page 18>
Package pdftex.def Info: SUPP_R11.pdf , page18 used on input line 27.
(pdftex.def)             Requested size: 488.252pt x 705.25235pt.
File: SUPP_R11.pdf Graphic file (type pdf)
<use SUPP_R11.pdf, page 18>
Package pdftex.def Info: SUPP_R11.pdf , page18 used on input line 27.
(pdftex.def)             Requested size: 488.252pt x 705.25235pt.
 [61

 <./SUPP_R11.pdf>]
<SUPP_R11.pdf, id=616, page=19, 487.82149pt x 704.63048pt>
File: SUPP_R11.pdf Graphic file (type pdf)
<use SUPP_R11.pdf, page 19>
Package pdftex.def Info: SUPP_R11.pdf , page19 used on input line 27.
(pdftex.def)             Requested size: 488.252pt x 705.25235pt.
File: SUPP_R11.pdf Graphic file (type pdf)
<use SUPP_R11.pdf, page 19>
Package pdftex.def Info: SUPP_R11.pdf , page19 used on input line 27.
(pdftex.def)             Requested size: 488.252pt x 705.25235pt.
File: SUPP_R11.pdf Graphic file (type pdf)
<use SUPP_R11.pdf, page 19>
Package pdftex.def Info: SUPP_R11.pdf , page19 used on input line 27.
(pdftex.def)             Requested size: 488.252pt x 705.25235pt.
 [62

 <./SUPP_R11.pdf>]
<SUPP_R11.pdf, id=629, page=20, 487.82149pt x 704.63048pt>
File: SUPP_R11.pdf Graphic file (type pdf)
<use SUPP_R11.pdf, page 20>
Package pdftex.def Info: SUPP_R11.pdf , page20 used on input line 27.
(pdftex.def)             Requested size: 488.252pt x 705.25235pt.
File: SUPP_R11.pdf Graphic file (type pdf)
<use SUPP_R11.pdf, page 20>
Package pdftex.def Info: SUPP_R11.pdf , page20 used on input line 27.
(pdftex.def)             Requested size: 488.252pt x 705.25235pt.
File: SUPP_R11.pdf Graphic file (type pdf)
<use SUPP_R11.pdf, page 20>
Package pdftex.def Info: SUPP_R11.pdf , page20 used on input line 27.
(pdftex.def)             Requested size: 488.252pt x 705.25235pt.
 [63

 <./SUPP_R11.pdf>]
<SUPP_R11.pdf, id=635, page=21, 487.82149pt x 704.63048pt>
File: SUPP_R11.pdf Graphic file (type pdf)
<use SUPP_R11.pdf, page 21>
Package pdftex.def Info: SUPP_R11.pdf , page21 used on input line 27.
(pdftex.def)             Requested size: 488.252pt x 705.25235pt.
File: SUPP_R11.pdf Graphic file (type pdf)
<use SUPP_R11.pdf, page 21>
Package pdftex.def Info: SUPP_R11.pdf , page21 used on input line 27.
(pdftex.def)             Requested size: 488.252pt x 705.25235pt.
File: SUPP_R11.pdf Graphic file (type pdf)
<use SUPP_R11.pdf, page 21>
Package pdftex.def Info: SUPP_R11.pdf , page21 used on input line 27.
(pdftex.def)             Requested size: 488.252pt x 705.25235pt.
 [64

 <./SUPP_R11.pdf>]
<SUPP_R11.pdf, id=641, page=22, 487.82149pt x 704.63048pt>
File: SUPP_R11.pdf Graphic file (type pdf)
<use SUPP_R11.pdf, page 22>
Package pdftex.def Info: SUPP_R11.pdf , page22 used on input line 27.
(pdftex.def)             Requested size: 488.252pt x 705.25235pt.
File: SUPP_R11.pdf Graphic file (type pdf)
<use SUPP_R11.pdf, page 22>
Package pdftex.def Info: SUPP_R11.pdf , page22 used on input line 27.
(pdftex.def)             Requested size: 488.252pt x 705.25235pt.
File: SUPP_R11.pdf Graphic file (type pdf)
<use SUPP_R11.pdf, page 22>
Package pdftex.def Info: SUPP_R11.pdf , page22 used on input line 27.
(pdftex.def)             Requested size: 488.252pt x 705.25235pt.

[65

 <./SUPP_R11.pdf>]
<SUPP_R11.pdf, id=647, page=23, 487.82149pt x 704.63048pt>
File: SUPP_R11.pdf Graphic file (type pdf)
<use SUPP_R11.pdf, page 23>
Package pdftex.def Info: SUPP_R11.pdf , page23 used on input line 27.
(pdftex.def)             Requested size: 488.252pt x 705.25235pt.
File: SUPP_R11.pdf Graphic file (type pdf)
<use SUPP_R11.pdf, page 23>
Package pdftex.def Info: SUPP_R11.pdf , page23 used on input line 27.
(pdftex.def)             Requested size: 488.252pt x 705.25235pt.
File: SUPP_R11.pdf Graphic file (type pdf)
<use SUPP_R11.pdf, page 23>
Package pdftex.def Info: SUPP_R11.pdf , page23 used on input line 27.
(pdftex.def)             Requested size: 488.252pt x 705.25235pt.
 [66

 <./SUPP_R11.pdf>]
<SUPP_R11.pdf, id=653, page=24, 487.82149pt x 704.63048pt>
File: SUPP_R11.pdf Graphic file (type pdf)
<use SUPP_R11.pdf, page 24>
Package pdftex.def Info: SUPP_R11.pdf , page24 used on input line 27.
(pdftex.def)             Requested size: 488.252pt x 705.25235pt.
File: SUPP_R11.pdf Graphic file (type pdf)
<use SUPP_R11.pdf, page 24>
Package pdftex.def Info: SUPP_R11.pdf , page24 used on input line 27.
(pdftex.def)             Requested size: 488.252pt x 705.25235pt.
File: SUPP_R11.pdf Graphic file (type pdf)
<use SUPP_R11.pdf, page 24>
Package pdftex.def Info: SUPP_R11.pdf , page24 used on input line 27.
(pdftex.def)             Requested size: 488.252pt x 705.25235pt.
 [67

 <./SUPP_R11.pdf>]
<SUPP_R11.pdf, id=660, page=25, 487.82149pt x 704.63048pt>
File: SUPP_R11.pdf Graphic file (type pdf)
<use SUPP_R11.pdf, page 25>
Package pdftex.def Info: SUPP_R11.pdf , page25 used on input line 27.
(pdftex.def)             Requested size: 488.252pt x 705.25235pt.
File: SUPP_R11.pdf Graphic file (type pdf)
<use SUPP_R11.pdf, page 25>
Package pdftex.def Info: SUPP_R11.pdf , page25 used on input line 27.
(pdftex.def)             Requested size: 488.252pt x 705.25235pt.
File: SUPP_R11.pdf Graphic file (type pdf)
<use SUPP_R11.pdf, page 25>
Package pdftex.def Info: SUPP_R11.pdf , page25 used on input line 27.
(pdftex.def)             Requested size: 488.252pt x 705.25235pt.
 [68

 <./SUPP_R11.pdf>]
<SUPP_R11.pdf, id=666, page=26, 487.82149pt x 704.63048pt>
File: SUPP_R11.pdf Graphic file (type pdf)
<use SUPP_R11.pdf, page 26>
Package pdftex.def Info: SUPP_R11.pdf , page26 used on input line 27.
(pdftex.def)             Requested size: 488.252pt x 705.25235pt.
File: SUPP_R11.pdf Graphic file (type pdf)
<use SUPP_R11.pdf, page 26>
Package pdftex.def Info: SUPP_R11.pdf , page26 used on input line 27.
(pdftex.def)             Requested size: 488.252pt x 705.25235pt.
File: SUPP_R11.pdf Graphic file (type pdf)
<use SUPP_R11.pdf, page 26>
Package pdftex.def Info: SUPP_R11.pdf , page26 used on input line 27.
(pdftex.def)             Requested size: 488.252pt x 705.25235pt.
 [69

 <./SUPP_R11.pdf>]
<SUPP_R11.pdf, id=672, page=27, 487.82149pt x 704.63048pt>
File: SUPP_R11.pdf Graphic file (type pdf)
<use SUPP_R11.pdf, page 27>
Package pdftex.def Info: SUPP_R11.pdf , page27 used on input line 27.
(pdftex.def)             Requested size: 488.252pt x 705.25235pt.
File: SUPP_R11.pdf Graphic file (type pdf)
<use SUPP_R11.pdf, page 27>
Package pdftex.def Info: SUPP_R11.pdf , page27 used on input line 27.
(pdftex.def)             Requested size: 488.252pt x 705.25235pt.
File: SUPP_R11.pdf Graphic file (type pdf)
<use SUPP_R11.pdf, page 27>
Package pdftex.def Info: SUPP_R11.pdf , page27 used on input line 27.
(pdftex.def)             Requested size: 488.252pt x 705.25235pt.
 [70

 <./SUPP_R11.pdf>]
<SUPP_R11.pdf, id=678, page=28, 487.82149pt x 704.63048pt>
File: SUPP_R11.pdf Graphic file (type pdf)
<use SUPP_R11.pdf, page 28>
Package pdftex.def Info: SUPP_R11.pdf , page28 used on input line 27.
(pdftex.def)             Requested size: 488.252pt x 705.25235pt.
File: SUPP_R11.pdf Graphic file (type pdf)
<use SUPP_R11.pdf, page 28>
Package pdftex.def Info: SUPP_R11.pdf , page28 used on input line 27.
(pdftex.def)             Requested size: 488.252pt x 705.25235pt.
File: SUPP_R11.pdf Graphic file (type pdf)
<use SUPP_R11.pdf, page 28>
Package pdftex.def Info: SUPP_R11.pdf , page28 used on input line 27.
(pdftex.def)             Requested size: 488.252pt x 705.25235pt.
 [71

 <./SUPP_R11.pdf>]
<SUPP_R11.pdf, id=684, page=29, 487.82149pt x 704.63048pt>
File: SUPP_R11.pdf Graphic file (type pdf)
<use SUPP_R11.pdf, page 29>
Package pdftex.def Info: SUPP_R11.pdf , page29 used on input line 27.
(pdftex.def)             Requested size: 488.252pt x 705.25235pt.
File: SUPP_R11.pdf Graphic file (type pdf)
<use SUPP_R11.pdf, page 29>
Package pdftex.def Info: SUPP_R11.pdf , page29 used on input line 27.
(pdftex.def)             Requested size: 488.252pt x 705.25235pt.
File: SUPP_R11.pdf Graphic file (type pdf)
<use SUPP_R11.pdf, page 29>
Package pdftex.def Info: SUPP_R11.pdf , page29 used on input line 27.
(pdftex.def)             Requested size: 488.252pt x 705.25235pt.

[72

 <./SUPP_R11.pdf>]
<SUPP_R11.pdf, id=697, page=30, 487.82149pt x 704.63048pt>
File: SUPP_R11.pdf Graphic file (type pdf)
<use SUPP_R11.pdf, page 30>
Package pdftex.def Info: SUPP_R11.pdf , page30 used on input line 27.
(pdftex.def)             Requested size: 488.252pt x 705.25235pt.
File: SUPP_R11.pdf Graphic file (type pdf)
<use SUPP_R11.pdf, page 30>
Package pdftex.def Info: SUPP_R11.pdf , page30 used on input line 27.
(pdftex.def)             Requested size: 488.252pt x 705.25235pt.
File: SUPP_R11.pdf Graphic file (type pdf)
<use SUPP_R11.pdf, page 30>
Package pdftex.def Info: SUPP_R11.pdf , page30 used on input line 27.
(pdftex.def)             Requested size: 488.252pt x 705.25235pt.
 [73

 <./SUPP_R11.pdf>]
<SUPP_R11.pdf, id=704, page=31, 487.82149pt x 704.63048pt>
File: SUPP_R11.pdf Graphic file (type pdf)
<use SUPP_R11.pdf, page 31>
Package pdftex.def Info: SUPP_R11.pdf , page31 used on input line 27.
(pdftex.def)             Requested size: 488.252pt x 705.25235pt.
File: SUPP_R11.pdf Graphic file (type pdf)
<use SUPP_R11.pdf, page 31>
Package pdftex.def Info: SUPP_R11.pdf , page31 used on input line 27.
(pdftex.def)             Requested size: 488.252pt x 705.25235pt.
File: SUPP_R11.pdf Graphic file (type pdf)
<use SUPP_R11.pdf, page 31>
Package pdftex.def Info: SUPP_R11.pdf , page31 used on input line 27.
(pdftex.def)             Requested size: 488.252pt x 705.25235pt.
 [74

 <./SUPP_R11.pdf>]
<SUPP_R11.pdf, id=711, page=32, 487.82149pt x 704.63048pt>
File: SUPP_R11.pdf Graphic file (type pdf)
<use SUPP_R11.pdf, page 32>
Package pdftex.def Info: SUPP_R11.pdf , page32 used on input line 27.
(pdftex.def)             Requested size: 488.252pt x 705.25235pt.
File: SUPP_R11.pdf Graphic file (type pdf)
<use SUPP_R11.pdf, page 32>
Package pdftex.def Info: SUPP_R11.pdf , page32 used on input line 27.
(pdftex.def)             Requested size: 488.252pt x 705.25235pt.
File: SUPP_R11.pdf Graphic file (type pdf)
<use SUPP_R11.pdf, page 32>
Package pdftex.def Info: SUPP_R11.pdf , page32 used on input line 27.
(pdftex.def)             Requested size: 488.252pt x 705.25235pt.
 [75

 <./SUPP_R11.pdf>]
<SUPP_R11.pdf, id=724, page=33, 487.82149pt x 704.63048pt>
File: SUPP_R11.pdf Graphic file (type pdf)
<use SUPP_R11.pdf, page 33>
Package pdftex.def Info: SUPP_R11.pdf , page33 used on input line 27.
(pdftex.def)             Requested size: 488.252pt x 705.25235pt.
File: SUPP_R11.pdf Graphic file (type pdf)
<use SUPP_R11.pdf, page 33>
Package pdftex.def Info: SUPP_R11.pdf , page33 used on input line 27.
(pdftex.def)             Requested size: 488.252pt x 705.25235pt.
File: SUPP_R11.pdf Graphic file (type pdf)
<use SUPP_R11.pdf, page 33>
Package pdftex.def Info: SUPP_R11.pdf , page33 used on input line 27.
(pdftex.def)             Requested size: 488.252pt x 705.25235pt.
 [76

 <./SUPP_R11.pdf>]
<SUPP_R11.pdf, id=730, page=34, 487.82149pt x 704.63048pt>
File: SUPP_R11.pdf Graphic file (type pdf)
<use SUPP_R11.pdf, page 34>
Package pdftex.def Info: SUPP_R11.pdf , page34 used on input line 27.
(pdftex.def)             Requested size: 488.252pt x 705.25235pt.
File: SUPP_R11.pdf Graphic file (type pdf)
<use SUPP_R11.pdf, page 34>
Package pdftex.def Info: SUPP_R11.pdf , page34 used on input line 27.
(pdftex.def)             Requested size: 488.252pt x 705.25235pt.
File: SUPP_R11.pdf Graphic file (type pdf)
<use SUPP_R11.pdf, page 34>
Package pdftex.def Info: SUPP_R11.pdf , page34 used on input line 27.
(pdftex.def)             Requested size: 488.252pt x 705.25235pt.
 [77

 <./SUPP_R11.pdf>]
<SUPP_R11.pdf, id=743, page=35, 487.8225pt x 704.6325pt>
File: SUPP_R11.pdf Graphic file (type pdf)
<use SUPP_R11.pdf, page 35>
Package pdftex.def Info: SUPP_R11.pdf , page35 used on input line 27.
(pdftex.def)             Requested size: 488.25302pt x 705.2544pt.
File: SUPP_R11.pdf Graphic file (type pdf)
<use SUPP_R11.pdf, page 35>
Package pdftex.def Info: SUPP_R11.pdf , page35 used on input line 27.
(pdftex.def)             Requested size: 488.25302pt x 705.2544pt.
File: SUPP_R11.pdf Graphic file (type pdf)
<use SUPP_R11.pdf, page 35>
Package pdftex.def Info: SUPP_R11.pdf , page35 used on input line 27.
(pdftex.def)             Requested size: 488.25302pt x 705.2544pt.
 [78

 <./SUPP_R11.pdf>]
<SUPP_R11.pdf, id=748, page=36, 487.82149pt x 704.63048pt>
File: SUPP_R11.pdf Graphic file (type pdf)
<use SUPP_R11.pdf, page 36>
Package pdftex.def Info: SUPP_R11.pdf , page36 used on input line 27.
(pdftex.def)             Requested size: 488.252pt x 705.25235pt.
File: SUPP_R11.pdf Graphic file (type pdf)
<use SUPP_R11.pdf, page 36>
Package pdftex.def Info: SUPP_R11.pdf , page36 used on input line 27.
(pdftex.def)             Requested size: 488.252pt x 705.25235pt.
File: SUPP_R11.pdf Graphic file (type pdf)
<use SUPP_R11.pdf, page 36>
Package pdftex.def Info: SUPP_R11.pdf , page36 used on input line 27.
(pdftex.def)             Requested size: 488.252pt x 705.25235pt.

[79

 <./SUPP_R11.pdf>]
<SUPP_R11.pdf, id=764, page=37, 487.82149pt x 704.63048pt>
File: SUPP_R11.pdf Graphic file (type pdf)
<use SUPP_R11.pdf, page 37>
Package pdftex.def Info: SUPP_R11.pdf , page37 used on input line 27.
(pdftex.def)             Requested size: 488.252pt x 705.25235pt.
File: SUPP_R11.pdf Graphic file (type pdf)
<use SUPP_R11.pdf, page 37>
Package pdftex.def Info: SUPP_R11.pdf , page37 used on input line 27.
(pdftex.def)             Requested size: 488.252pt x 705.25235pt.
File: SUPP_R11.pdf Graphic file (type pdf)
<use SUPP_R11.pdf, page 37>
Package pdftex.def Info: SUPP_R11.pdf , page37 used on input line 27.
(pdftex.def)             Requested size: 488.252pt x 705.25235pt.
 [80

 <./SUPP_R11.pdf>]
<SUPP_R11.pdf, id=796, page=38, 487.82149pt x 704.63048pt>
File: SUPP_R11.pdf Graphic file (type pdf)
<use SUPP_R11.pdf, page 38>
Package pdftex.def Info: SUPP_R11.pdf , page38 used on input line 27.
(pdftex.def)             Requested size: 488.252pt x 705.25235pt.
File: SUPP_R11.pdf Graphic file (type pdf)
<use SUPP_R11.pdf, page 38>
Package pdftex.def Info: SUPP_R11.pdf , page38 used on input line 27.
(pdftex.def)             Requested size: 488.252pt x 705.25235pt.
File: SUPP_R11.pdf Graphic file (type pdf)
<use SUPP_R11.pdf, page 38>
Package pdftex.def Info: SUPP_R11.pdf , page38 used on input line 27.
(pdftex.def)             Requested size: 488.252pt x 705.25235pt.
 [81

 <./SUPP_R11.pdf>]
<SUPP_R11.pdf, id=824, page=39, 487.82149pt x 704.63048pt>
File: SUPP_R11.pdf Graphic file (type pdf)
<use SUPP_R11.pdf, page 39>
Package pdftex.def Info: SUPP_R11.pdf , page39 used on input line 27.
(pdftex.def)             Requested size: 488.252pt x 705.25235pt.
File: SUPP_R11.pdf Graphic file (type pdf)
<use SUPP_R11.pdf, page 39>
Package pdftex.def Info: SUPP_R11.pdf , page39 used on input line 27.
(pdftex.def)             Requested size: 488.252pt x 705.25235pt.
File: SUPP_R11.pdf Graphic file (type pdf)
<use SUPP_R11.pdf, page 39>
Package pdftex.def Info: SUPP_R11.pdf , page39 used on input line 27.
(pdftex.def)             Requested size: 488.252pt x 705.25235pt.
 [82

 <./SUPP_R11.pdf>]
<SUPP_R11.pdf, id=852, page=40, 487.82149pt x 704.63048pt>
File: SUPP_R11.pdf Graphic file (type pdf)
<use SUPP_R11.pdf, page 40>
Package pdftex.def Info: SUPP_R11.pdf , page40 used on input line 27.
(pdftex.def)             Requested size: 488.252pt x 705.25235pt.
File: SUPP_R11.pdf Graphic file (type pdf)
<use SUPP_R11.pdf, page 40>
Package pdftex.def Info: SUPP_R11.pdf , page40 used on input line 27.
(pdftex.def)             Requested size: 488.252pt x 705.25235pt.
File: SUPP_R11.pdf Graphic file (type pdf)
<use SUPP_R11.pdf, page 40>
Package pdftex.def Info: SUPP_R11.pdf , page40 used on input line 27.
(pdftex.def)             Requested size: 488.252pt x 705.25235pt.
 [83

 <./SUPP_R11.pdf>]
<SUPP_R11.pdf, id=866, page=41, 487.82149pt x 704.63048pt>
File: SUPP_R11.pdf Graphic file (type pdf)
<use SUPP_R11.pdf, page 41>
Package pdftex.def Info: SUPP_R11.pdf , page41 used on input line 27.
(pdftex.def)             Requested size: 488.252pt x 705.25235pt.
File: SUPP_R11.pdf Graphic file (type pdf)
<use SUPP_R11.pdf, page 41>
Package pdftex.def Info: SUPP_R11.pdf , page41 used on input line 27.
(pdftex.def)             Requested size: 488.252pt x 705.25235pt.
File: SUPP_R11.pdf Graphic file (type pdf)
<use SUPP_R11.pdf, page 41>
Package pdftex.def Info: SUPP_R11.pdf , page41 used on input line 27.
(pdftex.def)             Requested size: 488.252pt x 705.25235pt.
 [84

 <./SUPP_R11.pdf>]
<SUPP_R11.pdf, id=874, page=42, 487.82149pt x 704.63048pt>
File: SUPP_R11.pdf Graphic file (type pdf)
<use SUPP_R11.pdf, page 42>
Package pdftex.def Info: SUPP_R11.pdf , page42 used on input line 27.
(pdftex.def)             Requested size: 488.252pt x 705.25235pt.
File: SUPP_R11.pdf Graphic file (type pdf)
<use SUPP_R11.pdf, page 42>
Package pdftex.def Info: SUPP_R11.pdf , page42 used on input line 27.
(pdftex.def)             Requested size: 488.252pt x 705.25235pt.
File: SUPP_R11.pdf Graphic file (type pdf)
<use SUPP_R11.pdf, page 42>
Package pdftex.def Info: SUPP_R11.pdf , page42 used on input line 27.
(pdftex.def)             Requested size: 488.252pt x 705.25235pt.
 [85

 <./SUPP_R11.pdf>]
<SUPP_R11.pdf, id=882, page=43, 487.82149pt x 704.63048pt>
File: SUPP_R11.pdf Graphic file (type pdf)
<use SUPP_R11.pdf, page 43>
Package pdftex.def Info: SUPP_R11.pdf , page43 used on input line 27.
(pdftex.def)             Requested size: 488.252pt x 705.25235pt.
File: SUPP_R11.pdf Graphic file (type pdf)
<use SUPP_R11.pdf, page 43>
Package pdftex.def Info: SUPP_R11.pdf , page43 used on input line 27.
(pdftex.def)             Requested size: 488.252pt x 705.25235pt.
File: SUPP_R11.pdf Graphic file (type pdf)
<use SUPP_R11.pdf, page 43>
Package pdftex.def Info: SUPP_R11.pdf , page43 used on input line 27.
(pdftex.def)             Requested size: 488.252pt x 705.25235pt.

[86

 <./SUPP_R11.pdf>]
<SUPP_R11.pdf, id=924, page=44, 487.82149pt x 704.63048pt>
File: SUPP_R11.pdf Graphic file (type pdf)
<use SUPP_R11.pdf, page 44>
Package pdftex.def Info: SUPP_R11.pdf , page44 used on input line 27.
(pdftex.def)             Requested size: 488.252pt x 705.25235pt.
File: SUPP_R11.pdf Graphic file (type pdf)
<use SUPP_R11.pdf, page 44>
Package pdftex.def Info: SUPP_R11.pdf , page44 used on input line 27.
(pdftex.def)             Requested size: 488.252pt x 705.25235pt.
File: SUPP_R11.pdf Graphic file (type pdf)
<use SUPP_R11.pdf, page 44>
Package pdftex.def Info: SUPP_R11.pdf , page44 used on input line 27.
(pdftex.def)             Requested size: 488.252pt x 705.25235pt.
 [87

 <./SUPP_R11.pdf>]
<SUPP_R11.pdf, id=931, page=45, 487.82149pt x 704.63048pt>
File: SUPP_R11.pdf Graphic file (type pdf)
<use SUPP_R11.pdf, page 45>
Package pdftex.def Info: SUPP_R11.pdf , page45 used on input line 27.
(pdftex.def)             Requested size: 488.252pt x 705.25235pt.
File: SUPP_R11.pdf Graphic file (type pdf)
<use SUPP_R11.pdf, page 45>
Package pdftex.def Info: SUPP_R11.pdf , page45 used on input line 27.
(pdftex.def)             Requested size: 488.252pt x 705.25235pt.
File: SUPP_R11.pdf Graphic file (type pdf)
<use SUPP_R11.pdf, page 45>
Package pdftex.def Info: SUPP_R11.pdf , page45 used on input line 27.
(pdftex.def)             Requested size: 488.252pt x 705.25235pt.
 [88

 <./SUPP_R11.pdf>]
<SUPP_R11.pdf, id=938, page=46, 487.82149pt x 704.63048pt>
File: SUPP_R11.pdf Graphic file (type pdf)
<use SUPP_R11.pdf, page 46>
Package pdftex.def Info: SUPP_R11.pdf , page46 used on input line 27.
(pdftex.def)             Requested size: 488.252pt x 705.25235pt.
File: SUPP_R11.pdf Graphic file (type pdf)
<use SUPP_R11.pdf, page 46>
Package pdftex.def Info: SUPP_R11.pdf , page46 used on input line 27.
(pdftex.def)             Requested size: 488.252pt x 705.25235pt.
File: SUPP_R11.pdf Graphic file (type pdf)
<use SUPP_R11.pdf, page 46>
Package pdftex.def Info: SUPP_R11.pdf , page46 used on input line 27.
(pdftex.def)             Requested size: 488.252pt x 705.25235pt.
 [89

 <./SUPP_R11.pdf>]
<SUPP_R11.pdf, id=945, page=47, 487.82149pt x 704.63048pt>
File: SUPP_R11.pdf Graphic file (type pdf)
<use SUPP_R11.pdf, page 47>
Package pdftex.def Info: SUPP_R11.pdf , page47 used on input line 27.
(pdftex.def)             Requested size: 488.252pt x 705.25235pt.
File: SUPP_R11.pdf Graphic file (type pdf)
<use SUPP_R11.pdf, page 47>
Package pdftex.def Info: SUPP_R11.pdf , page47 used on input line 27.
(pdftex.def)             Requested size: 488.252pt x 705.25235pt.
File: SUPP_R11.pdf Graphic file (type pdf)
<use SUPP_R11.pdf, page 47>
Package pdftex.def Info: SUPP_R11.pdf , page47 used on input line 27.
(pdftex.def)             Requested size: 488.252pt x 705.25235pt.
 [90

 <./SUPP_R11.pdf>]
<SUPP_R11.pdf, id=952, page=48, 487.82149pt x 704.63048pt>
File: SUPP_R11.pdf Graphic file (type pdf)
<use SUPP_R11.pdf, page 48>
Package pdftex.def Info: SUPP_R11.pdf , page48 used on input line 27.
(pdftex.def)             Requested size: 488.252pt x 705.25235pt.
File: SUPP_R11.pdf Graphic file (type pdf)
<use SUPP_R11.pdf, page 48>
Package pdftex.def Info: SUPP_R11.pdf , page48 used on input line 27.
(pdftex.def)             Requested size: 488.252pt x 705.25235pt.
File: SUPP_R11.pdf Graphic file (type pdf)
<use SUPP_R11.pdf, page 48>
Package pdftex.def Info: SUPP_R11.pdf , page48 used on input line 27.
(pdftex.def)             Requested size: 488.252pt x 705.25235pt.
 [91

 <./SUPP_R11.pdf>]
<SUPP_R11.pdf, id=960, page=49, 487.82149pt x 704.63048pt>
File: SUPP_R11.pdf Graphic file (type pdf)
<use SUPP_R11.pdf, page 49>
Package pdftex.def Info: SUPP_R11.pdf , page49 used on input line 27.
(pdftex.def)             Requested size: 488.252pt x 705.25235pt.
File: SUPP_R11.pdf Graphic file (type pdf)
<use SUPP_R11.pdf, page 49>
Package pdftex.def Info: SUPP_R11.pdf , page49 used on input line 27.
(pdftex.def)             Requested size: 488.252pt x 705.25235pt.
File: SUPP_R11.pdf Graphic file (type pdf)
<use SUPP_R11.pdf, page 49>
Package pdftex.def Info: SUPP_R11.pdf , page49 used on input line 27.
(pdftex.def)             Requested size: 488.252pt x 705.25235pt.
 [92

 <./SUPP_R11.pdf>]
<SUPP_R11.pdf, id=967, page=50, 487.82149pt x 704.63048pt>
File: SUPP_R11.pdf Graphic file (type pdf)
<use SUPP_R11.pdf, page 50>
Package pdftex.def Info: SUPP_R11.pdf , page50 used on input line 27.
(pdftex.def)             Requested size: 488.252pt x 705.25235pt.
File: SUPP_R11.pdf Graphic file (type pdf)
<use SUPP_R11.pdf, page 50>
Package pdftex.def Info: SUPP_R11.pdf , page50 used on input line 27.
(pdftex.def)             Requested size: 488.252pt x 705.25235pt.
File: SUPP_R11.pdf Graphic file (type pdf)
<use SUPP_R11.pdf, page 50>
Package pdftex.def Info: SUPP_R11.pdf , page50 used on input line 27.
(pdftex.def)             Requested size: 488.252pt x 705.25235pt.

[93

 <./SUPP_R11.pdf>]
<SUPP_R11.pdf, id=974, page=51, 487.82149pt x 704.63048pt>
File: SUPP_R11.pdf Graphic file (type pdf)
<use SUPP_R11.pdf, page 51>
Package pdftex.def Info: SUPP_R11.pdf , page51 used on input line 27.
(pdftex.def)             Requested size: 488.252pt x 705.25235pt.
File: SUPP_R11.pdf Graphic file (type pdf)
<use SUPP_R11.pdf, page 51>
Package pdftex.def Info: SUPP_R11.pdf , page51 used on input line 27.
(pdftex.def)             Requested size: 488.252pt x 705.25235pt.
File: SUPP_R11.pdf Graphic file (type pdf)
<use SUPP_R11.pdf, page 51>
Package pdftex.def Info: SUPP_R11.pdf , page51 used on input line 27.
(pdftex.def)             Requested size: 488.252pt x 705.25235pt.
 [94

 <./SUPP_R11.pdf>]
<SUPP_R11.pdf, id=981, page=52, 487.82149pt x 704.63048pt>
File: SUPP_R11.pdf Graphic file (type pdf)
<use SUPP_R11.pdf, page 52>
Package pdftex.def Info: SUPP_R11.pdf , page52 used on input line 27.
(pdftex.def)             Requested size: 488.252pt x 705.25235pt.
File: SUPP_R11.pdf Graphic file (type pdf)
<use SUPP_R11.pdf, page 52>
Package pdftex.def Info: SUPP_R11.pdf , page52 used on input line 27.
(pdftex.def)             Requested size: 488.252pt x 705.25235pt.
File: SUPP_R11.pdf Graphic file (type pdf)
<use SUPP_R11.pdf, page 52>
Package pdftex.def Info: SUPP_R11.pdf , page52 used on input line 27.
(pdftex.def)             Requested size: 488.252pt x 705.25235pt.
 [95

 <./SUPP_R11.pdf>]
<SUPP_R11.pdf, id=995, page=53, 487.82149pt x 704.63048pt>
File: SUPP_R11.pdf Graphic file (type pdf)
<use SUPP_R11.pdf, page 53>
Package pdftex.def Info: SUPP_R11.pdf , page53 used on input line 27.
(pdftex.def)             Requested size: 488.252pt x 705.25235pt.
File: SUPP_R11.pdf Graphic file (type pdf)
<use SUPP_R11.pdf, page 53>
Package pdftex.def Info: SUPP_R11.pdf , page53 used on input line 27.
(pdftex.def)             Requested size: 488.252pt x 705.25235pt.
File: SUPP_R11.pdf Graphic file (type pdf)
<use SUPP_R11.pdf, page 53>
Package pdftex.def Info: SUPP_R11.pdf , page53 used on input line 27.
(pdftex.def)             Requested size: 488.252pt x 705.25235pt.
 [96

 <./SUPP_R11.pdf>]
<SUPP_R11.pdf, id=1009, page=54, 487.82149pt x 704.63048pt>
File: SUPP_R11.pdf Graphic file (type pdf)
<use SUPP_R11.pdf, page 54>
Package pdftex.def Info: SUPP_R11.pdf , page54 used on input line 27.
(pdftex.def)             Requested size: 488.252pt x 705.25235pt.
File: SUPP_R11.pdf Graphic file (type pdf)
<use SUPP_R11.pdf, page 54>
Package pdftex.def Info: SUPP_R11.pdf , page54 used on input line 27.
(pdftex.def)             Requested size: 488.252pt x 705.25235pt.
File: SUPP_R11.pdf Graphic file (type pdf)
<use SUPP_R11.pdf, page 54>
Package pdftex.def Info: SUPP_R11.pdf , page54 used on input line 27.
(pdftex.def)             Requested size: 488.252pt x 705.25235pt.
 [97

 <./SUPP_R11.pdf>]
<SUPP_R11.pdf, id=1017, page=55, 487.82149pt x 704.63048pt>
File: SUPP_R11.pdf Graphic file (type pdf)
<use SUPP_R11.pdf, page 55>
Package pdftex.def Info: SUPP_R11.pdf , page55 used on input line 27.
(pdftex.def)             Requested size: 488.252pt x 705.25235pt.
File: SUPP_R11.pdf Graphic file (type pdf)
<use SUPP_R11.pdf, page 55>
Package pdftex.def Info: SUPP_R11.pdf , page55 used on input line 27.
(pdftex.def)             Requested size: 488.252pt x 705.25235pt.
File: SUPP_R11.pdf Graphic file (type pdf)
<use SUPP_R11.pdf, page 55>
Package pdftex.def Info: SUPP_R11.pdf , page55 used on input line 27.
(pdftex.def)             Requested size: 488.252pt x 705.25235pt.
 [98

 <./SUPP_R11.pdf>]
<SUPP_R11.pdf, id=1024, page=56, 487.82149pt x 704.63048pt>
File: SUPP_R11.pdf Graphic file (type pdf)
<use SUPP_R11.pdf, page 56>
Package pdftex.def Info: SUPP_R11.pdf , page56 used on input line 27.
(pdftex.def)             Requested size: 488.252pt x 705.25235pt.
File: SUPP_R11.pdf Graphic file (type pdf)
<use SUPP_R11.pdf, page 56>
Package pdftex.def Info: SUPP_R11.pdf , page56 used on input line 27.
(pdftex.def)             Requested size: 488.252pt x 705.25235pt.
File: SUPP_R11.pdf Graphic file (type pdf)
<use SUPP_R11.pdf, page 56>
Package pdftex.def Info: SUPP_R11.pdf , page56 used on input line 27.
(pdftex.def)             Requested size: 488.252pt x 705.25235pt.
 [99

 <./SUPP_R11.pdf>]
<SUPP_R11.pdf, id=1038, page=57, 487.82149pt x 704.63048pt>
File: SUPP_R11.pdf Graphic file (type pdf)
<use SUPP_R11.pdf, page 57>
Package pdftex.def Info: SUPP_R11.pdf , page57 used on input line 27.
(pdftex.def)             Requested size: 488.252pt x 705.25235pt.
File: SUPP_R11.pdf Graphic file (type pdf)
<use SUPP_R11.pdf, page 57>
Package pdftex.def Info: SUPP_R11.pdf , page57 used on input line 27.
(pdftex.def)             Requested size: 488.252pt x 705.25235pt.
File: SUPP_R11.pdf Graphic file (type pdf)
<use SUPP_R11.pdf, page 57>
Package pdftex.def Info: SUPP_R11.pdf , page57 used on input line 27.
(pdftex.def)             Requested size: 488.252pt x 705.25235pt.

[100

 <./SUPP_R11.pdf>]
<SUPP_R11.pdf, id=1045, page=58, 487.82149pt x 704.63048pt>
File: SUPP_R11.pdf Graphic file (type pdf)
<use SUPP_R11.pdf, page 58>
Package pdftex.def Info: SUPP_R11.pdf , page58 used on input line 27.
(pdftex.def)             Requested size: 488.252pt x 705.25235pt.
File: SUPP_R11.pdf Graphic file (type pdf)
<use SUPP_R11.pdf, page 58>
Package pdftex.def Info: SUPP_R11.pdf , page58 used on input line 27.
(pdftex.def)             Requested size: 488.252pt x 705.25235pt.
File: SUPP_R11.pdf Graphic file (type pdf)
<use SUPP_R11.pdf, page 58>
Package pdftex.def Info: SUPP_R11.pdf , page58 used on input line 27.
(pdftex.def)             Requested size: 488.252pt x 705.25235pt.
 [101

 <./SUPP_R11.pdf>]
<SUPP_R11.pdf, id=1059, page=59, 487.82149pt x 704.63048pt>
File: SUPP_R11.pdf Graphic file (type pdf)
<use SUPP_R11.pdf, page 59>
Package pdftex.def Info: SUPP_R11.pdf , page59 used on input line 27.
(pdftex.def)             Requested size: 488.252pt x 705.25235pt.
File: SUPP_R11.pdf Graphic file (type pdf)
<use SUPP_R11.pdf, page 59>
Package pdftex.def Info: SUPP_R11.pdf , page59 used on input line 27.
(pdftex.def)             Requested size: 488.252pt x 705.25235pt.
File: SUPP_R11.pdf Graphic file (type pdf)
<use SUPP_R11.pdf, page 59>
Package pdftex.def Info: SUPP_R11.pdf , page59 used on input line 27.
(pdftex.def)             Requested size: 488.252pt x 705.25235pt.
 [102

 <./SUPP_R11.pdf>]
<SUPP_R11.pdf, id=1067, page=60, 487.82149pt x 704.63048pt>
File: SUPP_R11.pdf Graphic file (type pdf)
<use SUPP_R11.pdf, page 60>
Package pdftex.def Info: SUPP_R11.pdf , page60 used on input line 27.
(pdftex.def)             Requested size: 488.252pt x 705.25235pt.
File: SUPP_R11.pdf Graphic file (type pdf)
<use SUPP_R11.pdf, page 60>
Package pdftex.def Info: SUPP_R11.pdf , page60 used on input line 27.
(pdftex.def)             Requested size: 488.252pt x 705.25235pt.
File: SUPP_R11.pdf Graphic file (type pdf)
<use SUPP_R11.pdf, page 60>
Package pdftex.def Info: SUPP_R11.pdf , page60 used on input line 27.
(pdftex.def)             Requested size: 488.252pt x 705.25235pt.
 [103

 <./SUPP_R11.pdf>]
<SUPP_R11.pdf, id=1074, page=61, 487.82149pt x 704.63048pt>
File: SUPP_R11.pdf Graphic file (type pdf)
<use SUPP_R11.pdf, page 61>
Package pdftex.def Info: SUPP_R11.pdf , page61 used on input line 27.
(pdftex.def)             Requested size: 488.252pt x 705.25235pt.
File: SUPP_R11.pdf Graphic file (type pdf)
<use SUPP_R11.pdf, page 61>
Package pdftex.def Info: SUPP_R11.pdf , page61 used on input line 27.
(pdftex.def)             Requested size: 488.252pt x 705.25235pt.
File: SUPP_R11.pdf Graphic file (type pdf)
<use SUPP_R11.pdf, page 61>
Package pdftex.def Info: SUPP_R11.pdf , page61 used on input line 27.
(pdftex.def)             Requested size: 488.252pt x 705.25235pt.
 [104

 <./SUPP_R11.pdf>]
<SUPP_R11.pdf, id=1097, page=62, 487.82149pt x 704.63048pt>
File: SUPP_R11.pdf Graphic file (type pdf)
<use SUPP_R11.pdf, page 62>
Package pdftex.def Info: SUPP_R11.pdf , page62 used on input line 27.
(pdftex.def)             Requested size: 488.252pt x 705.25235pt.
File: SUPP_R11.pdf Graphic file (type pdf)
<use SUPP_R11.pdf, page 62>
Package pdftex.def Info: SUPP_R11.pdf , page62 used on input line 27.
(pdftex.def)             Requested size: 488.252pt x 705.25235pt.
File: SUPP_R11.pdf Graphic file (type pdf)
<use SUPP_R11.pdf, page 62>
Package pdftex.def Info: SUPP_R11.pdf , page62 used on input line 27.
(pdftex.def)             Requested size: 488.252pt x 705.25235pt.
 [105

 <./SUPP_R11.pdf>]
<SUPP_R11.pdf, id=1104, page=63, 487.82149pt x 704.63048pt>
File: SUPP_R11.pdf Graphic file (type pdf)
<use SUPP_R11.pdf, page 63>
Package pdftex.def Info: SUPP_R11.pdf , page63 used on input line 27.
(pdftex.def)             Requested size: 488.252pt x 705.25235pt.
File: SUPP_R11.pdf Graphic file (type pdf)
<use SUPP_R11.pdf, page 63>
Package pdftex.def Info: SUPP_R11.pdf , page63 used on input line 27.
(pdftex.def)             Requested size: 488.252pt x 705.25235pt.
File: SUPP_R11.pdf Graphic file (type pdf)
<use SUPP_R11.pdf, page 63>
Package pdftex.def Info: SUPP_R11.pdf , page63 used on input line 27.
(pdftex.def)             Requested size: 488.252pt x 705.25235pt.
 [106

 <./SUPP_R11.pdf>]
<SUPP_R11.pdf, id=1155, page=64, 487.82149pt x 704.63048pt>
File: SUPP_R11.pdf Graphic file (type pdf)
<use SUPP_R11.pdf, page 64>
Package pdftex.def Info: SUPP_R11.pdf , page64 used on input line 27.
(pdftex.def)             Requested size: 488.252pt x 705.25235pt.
File: SUPP_R11.pdf Graphic file (type pdf)
<use SUPP_R11.pdf, page 64>
Package pdftex.def Info: SUPP_R11.pdf , page64 used on input line 27.
(pdftex.def)             Requested size: 488.252pt x 705.25235pt.
File: SUPP_R11.pdf Graphic file (type pdf)
<use SUPP_R11.pdf, page 64>
Package pdftex.def Info: SUPP_R11.pdf , page64 used on input line 27.
(pdftex.def)             Requested size: 488.252pt x 705.25235pt.
 [107

 <./SUPP_R11.pdf>]
<SUPP_R11.pdf, id=1170, page=65, 487.82149pt x 704.63048pt>
File: SUPP_R11.pdf Graphic file (type pdf)
<use SUPP_R11.pdf, page 65>
Package pdftex.def Info: SUPP_R11.pdf , page65 used on input line 27.
(pdftex.def)             Requested size: 488.252pt x 705.25235pt.
File: SUPP_R11.pdf Graphic file (type pdf)
<use SUPP_R11.pdf, page 65>
Package pdftex.def Info: SUPP_R11.pdf , page65 used on input line 27.
(pdftex.def)             Requested size: 488.252pt x 705.25235pt.
File: SUPP_R11.pdf Graphic file (type pdf)
<use SUPP_R11.pdf, page 65>
Package pdftex.def Info: SUPP_R11.pdf , page65 used on input line 27.
(pdftex.def)             Requested size: 488.252pt x 705.25235pt.
 [108

 <./SUPP_R11.pdf>]
<SUPP_R11.pdf, id=1181, page=66, 487.82149pt x 704.63048pt>
File: SUPP_R11.pdf Graphic file (type pdf)
<use SUPP_R11.pdf, page 66>
Package pdftex.def Info: SUPP_R11.pdf , page66 used on input line 27.
(pdftex.def)             Requested size: 488.252pt x 705.25235pt.
File: SUPP_R11.pdf Graphic file (type pdf)
<use SUPP_R11.pdf, page 66>
Package pdftex.def Info: SUPP_R11.pdf , page66 used on input line 27.
(pdftex.def)             Requested size: 488.252pt x 705.25235pt.
File: SUPP_R11.pdf Graphic file (type pdf)
<use SUPP_R11.pdf, page 66>
Package pdftex.def Info: SUPP_R11.pdf , page66 used on input line 27.
(pdftex.def)             Requested size: 488.252pt x 705.25235pt.
 [109

 <./SUPP_R11.pdf>]
<SUPP_R11.pdf, id=1189, page=67, 487.82149pt x 704.63048pt>
File: SUPP_R11.pdf Graphic file (type pdf)
<use SUPP_R11.pdf, page 67>
Package pdftex.def Info: SUPP_R11.pdf , page67 used on input line 27.
(pdftex.def)             Requested size: 488.252pt x 705.25235pt.
File: SUPP_R11.pdf Graphic file (type pdf)
<use SUPP_R11.pdf, page 67>
Package pdftex.def Info: SUPP_R11.pdf , page67 used on input line 27.
(pdftex.def)             Requested size: 488.252pt x 705.25235pt.
File: SUPP_R11.pdf Graphic file (type pdf)
<use SUPP_R11.pdf, page 67>
Package pdftex.def Info: SUPP_R11.pdf , page67 used on input line 27.
(pdftex.def)             Requested size: 488.252pt x 705.25235pt.

[110

 <./SUPP_R11.pdf>]
<SUPP_R11.pdf, id=1196, page=68, 487.82149pt x 704.63048pt>
File: SUPP_R11.pdf Graphic file (type pdf)
<use SUPP_R11.pdf, page 68>
Package pdftex.def Info: SUPP_R11.pdf , page68 used on input line 27.
(pdftex.def)             Requested size: 488.252pt x 705.25235pt.
File: SUPP_R11.pdf Graphic file (type pdf)
<use SUPP_R11.pdf, page 68>
Package pdftex.def Info: SUPP_R11.pdf , page68 used on input line 27.
(pdftex.def)             Requested size: 488.252pt x 705.25235pt.
File: SUPP_R11.pdf Graphic file (type pdf)
<use SUPP_R11.pdf, page 68>
Package pdftex.def Info: SUPP_R11.pdf , page68 used on input line 27.
(pdftex.def)             Requested size: 488.252pt x 705.25235pt.
 [111

 <./SUPP_R11.pdf>]
<SUPP_R11.pdf, id=1203, page=69, 487.82149pt x 704.63048pt>
File: SUPP_R11.pdf Graphic file (type pdf)
<use SUPP_R11.pdf, page 69>
Package pdftex.def Info: SUPP_R11.pdf , page69 used on input line 27.
(pdftex.def)             Requested size: 488.252pt x 705.25235pt.
File: SUPP_R11.pdf Graphic file (type pdf)
<use SUPP_R11.pdf, page 69>
Package pdftex.def Info: SUPP_R11.pdf , page69 used on input line 27.
(pdftex.def)             Requested size: 488.252pt x 705.25235pt.
File: SUPP_R11.pdf Graphic file (type pdf)
<use SUPP_R11.pdf, page 69>
Package pdftex.def Info: SUPP_R11.pdf , page69 used on input line 27.
(pdftex.def)             Requested size: 488.252pt x 705.25235pt.
 [112

 <./SUPP_R11.pdf>]
<SUPP_R11.pdf, id=1210, page=70, 487.82149pt x 704.63048pt>
File: SUPP_R11.pdf Graphic file (type pdf)
<use SUPP_R11.pdf, page 70>
Package pdftex.def Info: SUPP_R11.pdf , page70 used on input line 27.
(pdftex.def)             Requested size: 488.252pt x 705.25235pt.
File: SUPP_R11.pdf Graphic file (type pdf)
<use SUPP_R11.pdf, page 70>
Package pdftex.def Info: SUPP_R11.pdf , page70 used on input line 27.
(pdftex.def)             Requested size: 488.252pt x 705.25235pt.
File: SUPP_R11.pdf Graphic file (type pdf)
<use SUPP_R11.pdf, page 70>
Package pdftex.def Info: SUPP_R11.pdf , page70 used on input line 27.
(pdftex.def)             Requested size: 488.252pt x 705.25235pt.
 [113

 <./SUPP_R11.pdf>]
<SUPP_R11.pdf, id=1225, page=71, 487.82149pt x 704.63048pt>
File: SUPP_R11.pdf Graphic file (type pdf)
<use SUPP_R11.pdf, page 71>
Package pdftex.def Info: SUPP_R11.pdf , page71 used on input line 27.
(pdftex.def)             Requested size: 488.252pt x 705.25235pt.
File: SUPP_R11.pdf Graphic file (type pdf)
<use SUPP_R11.pdf, page 71>
Package pdftex.def Info: SUPP_R11.pdf , page71 used on input line 27.
(pdftex.def)             Requested size: 488.252pt x 705.25235pt.
File: SUPP_R11.pdf Graphic file (type pdf)
<use SUPP_R11.pdf, page 71>
Package pdftex.def Info: SUPP_R11.pdf , page71 used on input line 27.
(pdftex.def)             Requested size: 488.252pt x 705.25235pt.
 [114

 <./SUPP_R11.pdf>]
<SUPP_R11.pdf, id=1240, page=72, 487.82149pt x 704.63048pt>
File: SUPP_R11.pdf Graphic file (type pdf)
<use SUPP_R11.pdf, page 72>
Package pdftex.def Info: SUPP_R11.pdf , page72 used on input line 27.
(pdftex.def)             Requested size: 488.252pt x 705.25235pt.
File: SUPP_R11.pdf Graphic file (type pdf)
<use SUPP_R11.pdf, page 72>
Package pdftex.def Info: SUPP_R11.pdf , page72 used on input line 27.
(pdftex.def)             Requested size: 488.252pt x 705.25235pt.
File: SUPP_R11.pdf Graphic file (type pdf)
<use SUPP_R11.pdf, page 72>
Package pdftex.def Info: SUPP_R11.pdf , page72 used on input line 27.
(pdftex.def)             Requested size: 488.252pt x 705.25235pt.
 [115

 <./SUPP_R11.pdf>]
<SUPP_R11.pdf, id=1248, page=73, 487.82149pt x 704.63048pt>
File: SUPP_R11.pdf Graphic file (type pdf)
<use SUPP_R11.pdf, page 73>
Package pdftex.def Info: SUPP_R11.pdf , page73 used on input line 27.
(pdftex.def)             Requested size: 488.252pt x 705.25235pt.
File: SUPP_R11.pdf Graphic file (type pdf)
<use SUPP_R11.pdf, page 73>
Package pdftex.def Info: SUPP_R11.pdf , page73 used on input line 27.
(pdftex.def)             Requested size: 488.252pt x 705.25235pt.
File: SUPP_R11.pdf Graphic file (type pdf)
<use SUPP_R11.pdf, page 73>
Package pdftex.def Info: SUPP_R11.pdf , page73 used on input line 27.
(pdftex.def)             Requested size: 488.252pt x 705.25235pt.
 [116

 <./SUPP_R11.pdf>]
<SUPP_R11.pdf, id=1255, page=74, 487.82149pt x 704.63048pt>
File: SUPP_R11.pdf Graphic file (type pdf)
<use SUPP_R11.pdf, page 74>
Package pdftex.def Info: SUPP_R11.pdf , page74 used on input line 27.
(pdftex.def)             Requested size: 488.252pt x 705.25235pt.
File: SUPP_R11.pdf Graphic file (type pdf)
<use SUPP_R11.pdf, page 74>
Package pdftex.def Info: SUPP_R11.pdf , page74 used on input line 27.
(pdftex.def)             Requested size: 488.252pt x 705.25235pt.
File: SUPP_R11.pdf Graphic file (type pdf)
<use SUPP_R11.pdf, page 74>
Package pdftex.def Info: SUPP_R11.pdf , page74 used on input line 27.
(pdftex.def)             Requested size: 488.252pt x 705.25235pt.
 [117

 <./SUPP_R11.pdf>]
<SUPP_R11.pdf, id=1262, page=75, 487.82149pt x 704.63048pt>
File: SUPP_R11.pdf Graphic file (type pdf)
<use SUPP_R11.pdf, page 75>
Package pdftex.def Info: SUPP_R11.pdf , page75 used on input line 27.
(pdftex.def)             Requested size: 488.252pt x 705.25235pt.
File: SUPP_R11.pdf Graphic file (type pdf)
<use SUPP_R11.pdf, page 75>
Package pdftex.def Info: SUPP_R11.pdf , page75 used on input line 27.
(pdftex.def)             Requested size: 488.252pt x 705.25235pt.
File: SUPP_R11.pdf Graphic file (type pdf)
<use SUPP_R11.pdf, page 75>
Package pdftex.def Info: SUPP_R11.pdf , page75 used on input line 27.
(pdftex.def)             Requested size: 488.252pt x 705.25235pt.
 [118

 <./SUPP_R11.pdf>]
<SUPP_R11.pdf, id=1269, page=76, 487.82149pt x 704.63048pt>
File: SUPP_R11.pdf Graphic file (type pdf)
<use SUPP_R11.pdf, page 76>
Package pdftex.def Info: SUPP_R11.pdf , page76 used on input line 27.
(pdftex.def)             Requested size: 488.252pt x 705.25235pt.
File: SUPP_R11.pdf Graphic file (type pdf)
<use SUPP_R11.pdf, page 76>
Package pdftex.def Info: SUPP_R11.pdf , page76 used on input line 27.
(pdftex.def)             Requested size: 488.252pt x 705.25235pt.
File: SUPP_R11.pdf Graphic file (type pdf)
<use SUPP_R11.pdf, page 76>
Package pdftex.def Info: SUPP_R11.pdf , page76 used on input line 27.
(pdftex.def)             Requested size: 488.252pt x 705.25235pt.
 [119

 <./SUPP_R11.pdf>]
<SUPP_R11.pdf, id=1276, page=77, 487.82149pt x 704.63048pt>
File: SUPP_R11.pdf Graphic file (type pdf)
<use SUPP_R11.pdf, page 77>
Package pdftex.def Info: SUPP_R11.pdf , page77 used on input line 27.
(pdftex.def)             Requested size: 488.252pt x 705.25235pt.
File: SUPP_R11.pdf Graphic file (type pdf)
<use SUPP_R11.pdf, page 77>
Package pdftex.def Info: SUPP_R11.pdf , page77 used on input line 27.
(pdftex.def)             Requested size: 488.252pt x 705.25235pt.
File: SUPP_R11.pdf Graphic file (type pdf)
<use SUPP_R11.pdf, page 77>
Package pdftex.def Info: SUPP_R11.pdf , page77 used on input line 27.
(pdftex.def)             Requested size: 488.252pt x 705.25235pt.

[120

 <./SUPP_R11.pdf>]
<SUPP_R11.pdf, id=1283, page=78, 487.82149pt x 704.63048pt>
File: SUPP_R11.pdf Graphic file (type pdf)
<use SUPP_R11.pdf, page 78>
Package pdftex.def Info: SUPP_R11.pdf , page78 used on input line 27.
(pdftex.def)             Requested size: 488.252pt x 705.25235pt.
File: SUPP_R11.pdf Graphic file (type pdf)
<use SUPP_R11.pdf, page 78>
Package pdftex.def Info: SUPP_R11.pdf , page78 used on input line 27.
(pdftex.def)             Requested size: 488.252pt x 705.25235pt.
File: SUPP_R11.pdf Graphic file (type pdf)
<use SUPP_R11.pdf, page 78>
Package pdftex.def Info: SUPP_R11.pdf , page78 used on input line 27.
(pdftex.def)             Requested size: 488.252pt x 705.25235pt.
 [121

 <./SUPP_R11.pdf>]
<SUPP_R11.pdf, id=1291, page=79, 487.82149pt x 704.63048pt>
File: SUPP_R11.pdf Graphic file (type pdf)
<use SUPP_R11.pdf, page 79>
Package pdftex.def Info: SUPP_R11.pdf , page79 used on input line 27.
(pdftex.def)             Requested size: 488.252pt x 705.25235pt.
File: SUPP_R11.pdf Graphic file (type pdf)
<use SUPP_R11.pdf, page 79>
Package pdftex.def Info: SUPP_R11.pdf , page79 used on input line 27.
(pdftex.def)             Requested size: 488.252pt x 705.25235pt.
File: SUPP_R11.pdf Graphic file (type pdf)
<use SUPP_R11.pdf, page 79>
Package pdftex.def Info: SUPP_R11.pdf , page79 used on input line 27.
(pdftex.def)             Requested size: 488.252pt x 705.25235pt.
 [122

 <./SUPP_R11.pdf>]
<SUPP_R11.pdf, id=1298, page=80, 487.82149pt x 704.63048pt>
File: SUPP_R11.pdf Graphic file (type pdf)
<use SUPP_R11.pdf, page 80>
Package pdftex.def Info: SUPP_R11.pdf , page80 used on input line 27.
(pdftex.def)             Requested size: 488.252pt x 705.25235pt.
File: SUPP_R11.pdf Graphic file (type pdf)
<use SUPP_R11.pdf, page 80>
Package pdftex.def Info: SUPP_R11.pdf , page80 used on input line 27.
(pdftex.def)             Requested size: 488.252pt x 705.25235pt.
File: SUPP_R11.pdf Graphic file (type pdf)
<use SUPP_R11.pdf, page 80>
Package pdftex.def Info: SUPP_R11.pdf , page80 used on input line 27.
(pdftex.def)             Requested size: 488.252pt x 705.25235pt.
 [123

 <./SUPP_R11.pdf>]
<SUPP_R11.pdf, id=1305, page=81, 487.82149pt x 704.63048pt>
File: SUPP_R11.pdf Graphic file (type pdf)
<use SUPP_R11.pdf, page 81>
Package pdftex.def Info: SUPP_R11.pdf , page81 used on input line 27.
(pdftex.def)             Requested size: 488.252pt x 705.25235pt.
File: SUPP_R11.pdf Graphic file (type pdf)
<use SUPP_R11.pdf, page 81>
Package pdftex.def Info: SUPP_R11.pdf , page81 used on input line 27.
(pdftex.def)             Requested size: 488.252pt x 705.25235pt.
File: SUPP_R11.pdf Graphic file (type pdf)
<use SUPP_R11.pdf, page 81>
Package pdftex.def Info: SUPP_R11.pdf , page81 used on input line 27.
(pdftex.def)             Requested size: 488.252pt x 705.25235pt.
 [124

 <./SUPP_R11.pdf>]
<SUPP_R11.pdf, id=1316, page=82, 487.82149pt x 704.63048pt>
File: SUPP_R11.pdf Graphic file (type pdf)
<use SUPP_R11.pdf, page 82>
Package pdftex.def Info: SUPP_R11.pdf , page82 used on input line 27.
(pdftex.def)             Requested size: 488.252pt x 705.25235pt.
File: SUPP_R11.pdf Graphic file (type pdf)
<use SUPP_R11.pdf, page 82>
Package pdftex.def Info: SUPP_R11.pdf , page82 used on input line 27.
(pdftex.def)             Requested size: 488.252pt x 705.25235pt.
File: SUPP_R11.pdf Graphic file (type pdf)
<use SUPP_R11.pdf, page 82>
Package pdftex.def Info: SUPP_R11.pdf , page82 used on input line 27.
(pdftex.def)             Requested size: 488.252pt x 705.25235pt.
 [125

 <./SUPP_R11.pdf>]
<SUPP_R11.pdf, id=1323, page=83, 487.82149pt x 704.63048pt>
File: SUPP_R11.pdf Graphic file (type pdf)
<use SUPP_R11.pdf, page 83>
Package pdftex.def Info: SUPP_R11.pdf , page83 used on input line 27.
(pdftex.def)             Requested size: 488.252pt x 705.25235pt.
File: SUPP_R11.pdf Graphic file (type pdf)
<use SUPP_R11.pdf, page 83>
Package pdftex.def Info: SUPP_R11.pdf , page83 used on input line 27.
(pdftex.def)             Requested size: 488.252pt x 705.25235pt.
File: SUPP_R11.pdf Graphic file (type pdf)
<use SUPP_R11.pdf, page 83>
Package pdftex.def Info: SUPP_R11.pdf , page83 used on input line 27.
(pdftex.def)             Requested size: 488.252pt x 705.25235pt.
 [126

 <./SUPP_R11.pdf>]
<SUPP_R11.pdf, id=1330, page=84, 487.82149pt x 704.63048pt>
File: SUPP_R11.pdf Graphic file (type pdf)
<use SUPP_R11.pdf, page 84>
Package pdftex.def Info: SUPP_R11.pdf , page84 used on input line 27.
(pdftex.def)             Requested size: 488.252pt x 705.25235pt.
File: SUPP_R11.pdf Graphic file (type pdf)
<use SUPP_R11.pdf, page 84>
Package pdftex.def Info: SUPP_R11.pdf , page84 used on input line 27.
(pdftex.def)             Requested size: 488.252pt x 705.25235pt.
File: SUPP_R11.pdf Graphic file (type pdf)
<use SUPP_R11.pdf, page 84>
Package pdftex.def Info: SUPP_R11.pdf , page84 used on input line 27.
(pdftex.def)             Requested size: 488.252pt x 705.25235pt.
 [127

 <./SUPP_R11.pdf>]
<SUPP_R11.pdf, id=1338, page=85, 487.82149pt x 704.63048pt>
File: SUPP_R11.pdf Graphic file (type pdf)
<use SUPP_R11.pdf, page 85>
Package pdftex.def Info: SUPP_R11.pdf , page85 used on input line 27.
(pdftex.def)             Requested size: 488.252pt x 705.25235pt.
File: SUPP_R11.pdf Graphic file (type pdf)
<use SUPP_R11.pdf, page 85>
Package pdftex.def Info: SUPP_R11.pdf , page85 used on input line 27.
(pdftex.def)             Requested size: 488.252pt x 705.25235pt.
File: SUPP_R11.pdf Graphic file (type pdf)
<use SUPP_R11.pdf, page 85>
Package pdftex.def Info: SUPP_R11.pdf , page85 used on input line 27.
(pdftex.def)             Requested size: 488.252pt x 705.25235pt.
 [128

 <./SUPP_R11.pdf>]
<SUPP_R11.pdf, id=1345, page=86, 487.82149pt x 704.63048pt>
File: SUPP_R11.pdf Graphic file (type pdf)
<use SUPP_R11.pdf, page 86>
Package pdftex.def Info: SUPP_R11.pdf , page86 used on input line 27.
(pdftex.def)             Requested size: 488.252pt x 705.25235pt.
File: SUPP_R11.pdf Graphic file (type pdf)
<use SUPP_R11.pdf, page 86>
Package pdftex.def Info: SUPP_R11.pdf , page86 used on input line 27.
(pdftex.def)             Requested size: 488.252pt x 705.25235pt.
File: SUPP_R11.pdf Graphic file (type pdf)
<use SUPP_R11.pdf, page 86>
Package pdftex.def Info: SUPP_R11.pdf , page86 used on input line 27.
(pdftex.def)             Requested size: 488.252pt x 705.25235pt.
 [129

 <./SUPP_R11.pdf>]
<SUPP_R11.pdf, id=1352, page=87, 487.82149pt x 704.63048pt>
File: SUPP_R11.pdf Graphic file (type pdf)
<use SUPP_R11.pdf, page 87>
Package pdftex.def Info: SUPP_R11.pdf , page87 used on input line 27.
(pdftex.def)             Requested size: 488.252pt x 705.25235pt.
File: SUPP_R11.pdf Graphic file (type pdf)
<use SUPP_R11.pdf, page 87>
Package pdftex.def Info: SUPP_R11.pdf , page87 used on input line 27.
(pdftex.def)             Requested size: 488.252pt x 705.25235pt.
File: SUPP_R11.pdf Graphic file (type pdf)
<use SUPP_R11.pdf, page 87>
Package pdftex.def Info: SUPP_R11.pdf , page87 used on input line 27.
(pdftex.def)             Requested size: 488.252pt x 705.25235pt.

[130

 <./SUPP_R11.pdf>]
<SUPP_R11.pdf, id=1359, page=88, 487.82149pt x 704.63048pt>
File: SUPP_R11.pdf Graphic file (type pdf)
<use SUPP_R11.pdf, page 88>
Package pdftex.def Info: SUPP_R11.pdf , page88 used on input line 27.
(pdftex.def)             Requested size: 488.252pt x 705.25235pt.
File: SUPP_R11.pdf Graphic file (type pdf)
<use SUPP_R11.pdf, page 88>
Package pdftex.def Info: SUPP_R11.pdf , page88 used on input line 27.
(pdftex.def)             Requested size: 488.252pt x 705.25235pt.
File: SUPP_R11.pdf Graphic file (type pdf)
<use SUPP_R11.pdf, page 88>
Package pdftex.def Info: SUPP_R11.pdf , page88 used on input line 27.
(pdftex.def)             Requested size: 488.252pt x 705.25235pt.
 [131

 <./SUPP_R11.pdf>]
<SUPP_R11.pdf, id=1366, page=89, 487.82149pt x 704.63048pt>
File: SUPP_R11.pdf Graphic file (type pdf)
<use SUPP_R11.pdf, page 89>
Package pdftex.def Info: SUPP_R11.pdf , page89 used on input line 27.
(pdftex.def)             Requested size: 488.252pt x 705.25235pt.
File: SUPP_R11.pdf Graphic file (type pdf)
<use SUPP_R11.pdf, page 89>
Package pdftex.def Info: SUPP_R11.pdf , page89 used on input line 27.
(pdftex.def)             Requested size: 488.252pt x 705.25235pt.
File: SUPP_R11.pdf Graphic file (type pdf)
<use SUPP_R11.pdf, page 89>
Package pdftex.def Info: SUPP_R11.pdf , page89 used on input line 27.
(pdftex.def)             Requested size: 488.252pt x 705.25235pt.
 [132

 <./SUPP_R11.pdf>]
<SUPP_R11.pdf, id=1373, page=90, 487.82149pt x 704.63048pt>
File: SUPP_R11.pdf Graphic file (type pdf)
<use SUPP_R11.pdf, page 90>
Package pdftex.def Info: SUPP_R11.pdf , page90 used on input line 27.
(pdftex.def)             Requested size: 488.252pt x 705.25235pt.
File: SUPP_R11.pdf Graphic file (type pdf)
<use SUPP_R11.pdf, page 90>
Package pdftex.def Info: SUPP_R11.pdf , page90 used on input line 27.
(pdftex.def)             Requested size: 488.252pt x 705.25235pt.
File: SUPP_R11.pdf Graphic file (type pdf)
<use SUPP_R11.pdf, page 90>
Package pdftex.def Info: SUPP_R11.pdf , page90 used on input line 27.
(pdftex.def)             Requested size: 488.252pt x 705.25235pt.
 [133

 <./SUPP_R11.pdf>]
<SUPP_R11.pdf, id=1381, page=91, 487.82149pt x 704.63048pt>
File: SUPP_R11.pdf Graphic file (type pdf)
<use SUPP_R11.pdf, page 91>
Package pdftex.def Info: SUPP_R11.pdf , page91 used on input line 27.
(pdftex.def)             Requested size: 488.252pt x 705.25235pt.
File: SUPP_R11.pdf Graphic file (type pdf)
<use SUPP_R11.pdf, page 91>
Package pdftex.def Info: SUPP_R11.pdf , page91 used on input line 27.
(pdftex.def)             Requested size: 488.252pt x 705.25235pt.
File: SUPP_R11.pdf Graphic file (type pdf)
<use SUPP_R11.pdf, page 91>
Package pdftex.def Info: SUPP_R11.pdf , page91 used on input line 27.
(pdftex.def)             Requested size: 488.252pt x 705.25235pt.
 [134

 <./SUPP_R11.pdf>]
<SUPP_R11.pdf, id=1388, page=92, 487.82149pt x 704.63048pt>
File: SUPP_R11.pdf Graphic file (type pdf)
<use SUPP_R11.pdf, page 92>
Package pdftex.def Info: SUPP_R11.pdf , page92 used on input line 27.
(pdftex.def)             Requested size: 488.252pt x 705.25235pt.
File: SUPP_R11.pdf Graphic file (type pdf)
<use SUPP_R11.pdf, page 92>
Package pdftex.def Info: SUPP_R11.pdf , page92 used on input line 27.
(pdftex.def)             Requested size: 488.252pt x 705.25235pt.
File: SUPP_R11.pdf Graphic file (type pdf)
<use SUPP_R11.pdf, page 92>
Package pdftex.def Info: SUPP_R11.pdf , page92 used on input line 27.
(pdftex.def)             Requested size: 488.252pt x 705.25235pt.
 [135

 <./SUPP_R11.pdf>]
<SUPP_R11.pdf, id=1395, page=93, 487.82149pt x 704.63048pt>
File: SUPP_R11.pdf Graphic file (type pdf)
<use SUPP_R11.pdf, page 93>
Package pdftex.def Info: SUPP_R11.pdf , page93 used on input line 27.
(pdftex.def)             Requested size: 488.252pt x 705.25235pt.
File: SUPP_R11.pdf Graphic file (type pdf)
<use SUPP_R11.pdf, page 93>
Package pdftex.def Info: SUPP_R11.pdf , page93 used on input line 27.
(pdftex.def)             Requested size: 488.252pt x 705.25235pt.
File: SUPP_R11.pdf Graphic file (type pdf)
<use SUPP_R11.pdf, page 93>
Package pdftex.def Info: SUPP_R11.pdf , page93 used on input line 27.
(pdftex.def)             Requested size: 488.252pt x 705.25235pt.
 [136

 <./SUPP_R11.pdf>]
<SUPP_R11.pdf, id=1406, page=94, 487.82149pt x 704.63048pt>
File: SUPP_R11.pdf Graphic file (type pdf)
<use SUPP_R11.pdf, page 94>
Package pdftex.def Info: SUPP_R11.pdf , page94 used on input line 27.
(pdftex.def)             Requested size: 488.252pt x 705.25235pt.
File: SUPP_R11.pdf Graphic file (type pdf)
<use SUPP_R11.pdf, page 94>
Package pdftex.def Info: SUPP_R11.pdf , page94 used on input line 27.
(pdftex.def)             Requested size: 488.252pt x 705.25235pt.
File: SUPP_R11.pdf Graphic file (type pdf)
<use SUPP_R11.pdf, page 94>
Package pdftex.def Info: SUPP_R11.pdf , page94 used on input line 27.
(pdftex.def)             Requested size: 488.252pt x 705.25235pt.
 [137

 <./SUPP_R11.pdf>]
<SUPP_R11.pdf, id=1413, page=95, 487.82149pt x 704.63048pt>
File: SUPP_R11.pdf Graphic file (type pdf)
<use SUPP_R11.pdf, page 95>
Package pdftex.def Info: SUPP_R11.pdf , page95 used on input line 27.
(pdftex.def)             Requested size: 488.252pt x 705.25235pt.
File: SUPP_R11.pdf Graphic file (type pdf)
<use SUPP_R11.pdf, page 95>
Package pdftex.def Info: SUPP_R11.pdf , page95 used on input line 27.
(pdftex.def)             Requested size: 488.252pt x 705.25235pt.
File: SUPP_R11.pdf Graphic file (type pdf)
<use SUPP_R11.pdf, page 95>
Package pdftex.def Info: SUPP_R11.pdf , page95 used on input line 27.
(pdftex.def)             Requested size: 488.252pt x 705.25235pt.
 [138

 <./SUPP_R11.pdf>]
<SUPP_R11.pdf, id=1420, page=96, 487.82149pt x 704.63048pt>
File: SUPP_R11.pdf Graphic file (type pdf)
<use SUPP_R11.pdf, page 96>
Package pdftex.def Info: SUPP_R11.pdf , page96 used on input line 27.
(pdftex.def)             Requested size: 488.252pt x 705.25235pt.
File: SUPP_R11.pdf Graphic file (type pdf)
<use SUPP_R11.pdf, page 96>
Package pdftex.def Info: SUPP_R11.pdf , page96 used on input line 27.
(pdftex.def)             Requested size: 488.252pt x 705.25235pt.
File: SUPP_R11.pdf Graphic file (type pdf)
<use SUPP_R11.pdf, page 96>
Package pdftex.def Info: SUPP_R11.pdf , page96 used on input line 27.
(pdftex.def)             Requested size: 488.252pt x 705.25235pt.
 [139

 <./SUPP_R11.pdf>]
<SUPP_R11.pdf, id=1428, page=97, 487.82149pt x 704.63048pt>
File: SUPP_R11.pdf Graphic file (type pdf)
<use SUPP_R11.pdf, page 97>
Package pdftex.def Info: SUPP_R11.pdf , page97 used on input line 27.
(pdftex.def)             Requested size: 488.252pt x 705.25235pt.
File: SUPP_R11.pdf Graphic file (type pdf)
<use SUPP_R11.pdf, page 97>
Package pdftex.def Info: SUPP_R11.pdf , page97 used on input line 27.
(pdftex.def)             Requested size: 488.252pt x 705.25235pt.
File: SUPP_R11.pdf Graphic file (type pdf)
<use SUPP_R11.pdf, page 97>
Package pdftex.def Info: SUPP_R11.pdf , page97 used on input line 27.
(pdftex.def)             Requested size: 488.252pt x 705.25235pt.

[140

 <./SUPP_R11.pdf>]
<SUPP_R11.pdf, id=1435, page=98, 487.82149pt x 704.63048pt>
File: SUPP_R11.pdf Graphic file (type pdf)
<use SUPP_R11.pdf, page 98>
Package pdftex.def Info: SUPP_R11.pdf , page98 used on input line 27.
(pdftex.def)             Requested size: 488.252pt x 705.25235pt.
File: SUPP_R11.pdf Graphic file (type pdf)
<use SUPP_R11.pdf, page 98>
Package pdftex.def Info: SUPP_R11.pdf , page98 used on input line 27.
(pdftex.def)             Requested size: 488.252pt x 705.25235pt.
File: SUPP_R11.pdf Graphic file (type pdf)
<use SUPP_R11.pdf, page 98>
Package pdftex.def Info: SUPP_R11.pdf , page98 used on input line 27.
(pdftex.def)             Requested size: 488.252pt x 705.25235pt.
 [141

 <./SUPP_R11.pdf>]
<SUPP_R11.pdf, id=1442, page=99, 487.82149pt x 704.63048pt>
File: SUPP_R11.pdf Graphic file (type pdf)
<use SUPP_R11.pdf, page 99>
Package pdftex.def Info: SUPP_R11.pdf , page99 used on input line 27.
(pdftex.def)             Requested size: 488.252pt x 705.25235pt.
File: SUPP_R11.pdf Graphic file (type pdf)
<use SUPP_R11.pdf, page 99>
Package pdftex.def Info: SUPP_R11.pdf , page99 used on input line 27.
(pdftex.def)             Requested size: 488.252pt x 705.25235pt.
File: SUPP_R11.pdf Graphic file (type pdf)
<use SUPP_R11.pdf, page 99>
Package pdftex.def Info: SUPP_R11.pdf , page99 used on input line 27.
(pdftex.def)             Requested size: 488.252pt x 705.25235pt.
 [142

 <./SUPP_R11.pdf>]
<SUPP_R11.pdf, id=1449, page=100, 487.82149pt x 704.63048pt>
File: SUPP_R11.pdf Graphic file (type pdf)
<use SUPP_R11.pdf, page 100>
Package pdftex.def Info: SUPP_R11.pdf , page100 used on input line 27.
(pdftex.def)             Requested size: 488.252pt x 705.25235pt.
File: SUPP_R11.pdf Graphic file (type pdf)
<use SUPP_R11.pdf, page 100>
Package pdftex.def Info: SUPP_R11.pdf , page100 used on input line 27.
(pdftex.def)             Requested size: 488.252pt x 705.25235pt.
File: SUPP_R11.pdf Graphic file (type pdf)
<use SUPP_R11.pdf, page 100>
Package pdftex.def Info: SUPP_R11.pdf , page100 used on input line 27.
(pdftex.def)             Requested size: 488.252pt x 705.25235pt.
 [143

 <./SUPP_R11.pdf>]
<SUPP_R11.pdf, id=1456, page=101, 487.82149pt x 704.63048pt>
File: SUPP_R11.pdf Graphic file (type pdf)
<use SUPP_R11.pdf, page 101>
Package pdftex.def Info: SUPP_R11.pdf , page101 used on input line 27.
(pdftex.def)             Requested size: 488.252pt x 705.25235pt.
File: SUPP_R11.pdf Graphic file (type pdf)
<use SUPP_R11.pdf, page 101>
Package pdftex.def Info: SUPP_R11.pdf , page101 used on input line 27.
(pdftex.def)             Requested size: 488.252pt x 705.25235pt.
File: SUPP_R11.pdf Graphic file (type pdf)
<use SUPP_R11.pdf, page 101>
Package pdftex.def Info: SUPP_R11.pdf , page101 used on input line 27.
(pdftex.def)             Requested size: 488.252pt x 705.25235pt.
 [144

 <./SUPP_R11.pdf>]
<SUPP_R11.pdf, id=1463, page=102, 487.82149pt x 704.63048pt>
File: SUPP_R11.pdf Graphic file (type pdf)
<use SUPP_R11.pdf, page 102>
Package pdftex.def Info: SUPP_R11.pdf , page102 used on input line 27.
(pdftex.def)             Requested size: 488.252pt x 705.25235pt.
File: SUPP_R11.pdf Graphic file (type pdf)
<use SUPP_R11.pdf, page 102>
Package pdftex.def Info: SUPP_R11.pdf , page102 used on input line 27.
(pdftex.def)             Requested size: 488.252pt x 705.25235pt.
File: SUPP_R11.pdf Graphic file (type pdf)
<use SUPP_R11.pdf, page 102>
Package pdftex.def Info: SUPP_R11.pdf , page102 used on input line 27.
(pdftex.def)             Requested size: 488.252pt x 705.25235pt.
 [145

 <./SUPP_R11.pdf>]
<SUPP_R11.pdf, id=1472, page=103, 487.82149pt x 704.63048pt>
File: SUPP_R11.pdf Graphic file (type pdf)
<use SUPP_R11.pdf, page 103>
Package pdftex.def Info: SUPP_R11.pdf , page103 used on input line 27.
(pdftex.def)             Requested size: 488.252pt x 705.25235pt.
File: SUPP_R11.pdf Graphic file (type pdf)
<use SUPP_R11.pdf, page 103>
Package pdftex.def Info: SUPP_R11.pdf , page103 used on input line 27.
(pdftex.def)             Requested size: 488.252pt x 705.25235pt.
File: SUPP_R11.pdf Graphic file (type pdf)
<use SUPP_R11.pdf, page 103>
Package pdftex.def Info: SUPP_R11.pdf , page103 used on input line 27.
(pdftex.def)             Requested size: 488.252pt x 705.25235pt.
 [146

 <./SUPP_R11.pdf>]
<SUPP_R11.pdf, id=1479, page=104, 487.82149pt x 704.63048pt>
File: SUPP_R11.pdf Graphic file (type pdf)
<use SUPP_R11.pdf, page 104>
Package pdftex.def Info: SUPP_R11.pdf , page104 used on input line 27.
(pdftex.def)             Requested size: 488.252pt x 705.25235pt.
File: SUPP_R11.pdf Graphic file (type pdf)
<use SUPP_R11.pdf, page 104>
Package pdftex.def Info: SUPP_R11.pdf , page104 used on input line 27.
(pdftex.def)             Requested size: 488.252pt x 705.25235pt.
File: SUPP_R11.pdf Graphic file (type pdf)
<use SUPP_R11.pdf, page 104>
Package pdftex.def Info: SUPP_R11.pdf , page104 used on input line 27.
(pdftex.def)             Requested size: 488.252pt x 705.25235pt.
 [147

 <./SUPP_R11.pdf>]
<SUPP_R11.pdf, id=1486, page=105, 487.82149pt x 704.63048pt>
File: SUPP_R11.pdf Graphic file (type pdf)
<use SUPP_R11.pdf, page 105>
Package pdftex.def Info: SUPP_R11.pdf , page105 used on input line 27.
(pdftex.def)             Requested size: 488.252pt x 705.25235pt.
File: SUPP_R11.pdf Graphic file (type pdf)
<use SUPP_R11.pdf, page 105>
Package pdftex.def Info: SUPP_R11.pdf , page105 used on input line 27.
(pdftex.def)             Requested size: 488.252pt x 705.25235pt.
File: SUPP_R11.pdf Graphic file (type pdf)
<use SUPP_R11.pdf, page 105>
Package pdftex.def Info: SUPP_R11.pdf , page105 used on input line 27.
(pdftex.def)             Requested size: 488.252pt x 705.25235pt.
 [148

 <./SUPP_R11.pdf>] (./SUPP_R12.aux)
 ***********
LaTeX2e <2023-11-01> patch level 1
L3 programming layer <2024-01-22>
 ***********
Package rerunfilecheck Info: File `SUPP_R12.out' has not changed.
(rerunfilecheck)             Checksum: D41D8CD98F00B204E9800998ECF8427E;0.
 ) 
Here is how much of TeX's memory you used:
 13524 strings out of 476182
 212675 string characters out of 5795595
 1931975 words of memory out of 5000000
 35191 multiletter control sequences out of 15000+600000
 586384 words of font info for 70 fonts, out of 8000000 for 9000
 14 hyphenation exceptions out of 8191
 75i,17n,79p,616b,586s stack positions out of 10000i,1000n,20000p,200000b,200000s
</usr/share/texlive/texmf-dist/fonts/type1/public/amsfonts/cm/cmbx10.pfb></us
r/share/texlive/texmf-dist/fonts/type1/public/amsfonts/cm/cmex10.pfb></usr/shar
e/texlive/texmf-dist/fonts/type1/public/amsfonts/cmextra/cmex7.pfb></usr/share/
texlive/texmf-dist/fonts/type1/public/amsfonts/cm/cmmi10.pfb></usr/share/texliv
e/texmf-dist/fonts/type1/public/amsfonts/cm/cmmi5.pfb></usr/share/texlive/texmf
-dist/fonts/type1/public/amsfonts/cm/cmmi6.pfb></usr/share/texlive/texmf-dist/f
onts/type1/public/amsfonts/cm/cmmi8.pfb></usr/share/texlive/texmf-dist/fonts/ty
pe1/public/amsfonts/cm/cmmi9.pfb></usr/share/texlive/texmf-dist/fonts/type1/pub
lic/amsfonts/cm/cmr10.pfb></usr/share/texlive/texmf-dist/fonts/type1/public/ams
fonts/cm/cmr5.pfb></usr/share/texlive/texmf-dist/fonts/type1/public/amsfonts/cm
/cmr6.pfb></usr/share/texlive/texmf-dist/fonts/type1/public/amsfonts/cm/cmr8.pf
b></usr/share/texlive/texmf-dist/fonts/type1/public/amsfonts/cm/cmr9.pfb></usr/
share/texlive/texmf-dist/fonts/type1/public/amsfonts/cm/cmsy10.pfb></usr/share/
texlive/texmf-dist/fonts/type1/public/amsfonts/cm/cmsy5.pfb></usr/share/texlive
/texmf-dist/fonts/type1/public/amsfonts/cm/cmsy6.pfb></usr/share/texlive/texmf-
dist/fonts/type1/public/amsfonts/cm/cmsy8.pfb></usr/share/texlive/texmf-dist/fo
nts/type1/public/amsfonts/cm/cmsy9.pfb></usr/share/texlive/texmf-dist/fonts/typ
e1/public/amsfonts/symbols/msbm10.pfb></usr/share/texlive/texmf-dist/fonts/type
1/urw/courier/ucrr8a.pfb></usr/share/texlive/texmf-dist/fonts/type1/urw/times/u
tmr8a.pfb></usr/share/texlive/texmf-dist/fonts/type1/urw/times/utmri8a.pfb>
Output written on SUPP_R12.pdf (148 pages, 1509955 bytes).
PDF statistics:
 1562 PDF objects out of 1728 (max. 8388607)
 925 compressed objects within 10 object streams
 152 named destinations out of 1000 (max. 500000)
 761 words of extra memory for PDF output out of 10000 (max. 10000000)

