This is pdfTeX, Version 3.141592653-2.6-1.40.25 (TeX Live 2023/Debian) (preloaded format=pdflatex 2026.9.24)  24 SEP 2026 16:55
entering extended mode
 restricted \write18 enabled.
 %&-line parsing enabled.
**HISTORY_R38.tex
(./HISTORY_R38.tex
LaTeX2e <2023-11-01> patch level 1
L3 programming layer <2024-01-22>
(/usr/share/texlive/texmf-dist/tex/latex/base/article.cls
Document Class: article 2023/05/17 v1.4n Standard LaTeX document class
(/usr/share/texlive/texmf-dist/tex/latex/base/size11.clo
File: size11.clo 2023/05/17 v1.4n Standard LaTeX file (size option)
)
\c@part=\count187
\c@section=\count188
\c@subsection=\count189
\c@subsubsection=\count190
\c@paragraph=\count191
\c@subparagraph=\count192
\c@figure=\count193
\c@table=\count194
\abovecaptionskip=\skip48
\belowcaptionskip=\skip49
\bibindent=\dimen140
)
(/usr/share/texlive/texmf-dist/tex/latex/geometry/geometry.sty
Package: geometry 2020/01/02 v5.9 Page Geometry

(/usr/share/texlive/texmf-dist/tex/latex/graphics/keyval.sty
Package: keyval 2022/05/29 v1.15 key=value parser (DPC)
\KV@toks@=\toks17
)
(/usr/share/texlive/texmf-dist/tex/generic/iftex/ifvtex.sty
Package: ifvtex 2019/10/25 v1.7 ifvtex legacy package. Use iftex instead.

(/usr/share/texlive/texmf-dist/tex/generic/iftex/iftex.sty
Package: iftex 2022/02/03 v1.0f TeX engine tests
))
\Gm@cnth=\count195
\Gm@cntv=\count196
\c@Gm@tempcnt=\count197
\Gm@bindingoffset=\dimen141
\Gm@wd@mp=\dimen142
\Gm@odd@mp=\dimen143
\Gm@even@mp=\dimen144
\Gm@layoutwidth=\dimen145
\Gm@layoutheight=\dimen146
\Gm@layouthoffset=\dimen147
\Gm@layoutvoffset=\dimen148
\Gm@dimlist=\toks18
)
(/usr/share/texlive/texmf-dist/tex/latex/pdfpages/pdfpages.sty
Package: pdfpages 2024/01/21 v0.5y Insert pages of external PDF documents (AM)

(/usr/share/texlive/texmf-dist/tex/latex/base/ifthen.sty
Package: ifthen 2022/04/13 v1.1d Standard LaTeX ifthen package (DPC)
)
(/usr/share/texlive/texmf-dist/tex/latex/tools/calc.sty
Package: calc 2023/07/08 v4.3 Infix arithmetic (KKT,FJ)
\calc@Acount=\count198
\calc@Bcount=\count199
\calc@Adimen=\dimen149
\calc@Bdimen=\dimen150
\calc@Askip=\skip50
\calc@Bskip=\skip51
LaTeX Info: Redefining \setlength on input line 80.
LaTeX Info: Redefining \addtolength on input line 81.
\calc@Ccount=\count266
\calc@Cskip=\skip52
)
(/usr/share/texlive/texmf-dist/tex/latex/eso-pic/eso-pic.sty
Package: eso-pic 2023/05/03 v3.0c eso-pic (RN)
\ESO@tempdima=\dimen151
\ESO@tempdimb=\dimen152

(/usr/share/texlive/texmf-dist/tex/latex/xcolor/xcolor.sty
Package: xcolor 2023/11/15 v3.01 LaTeX color extensions (UK)

(/usr/share/texlive/texmf-dist/tex/latex/graphics-cfg/color.cfg
File: color.cfg 2016/01/02 v1.6 sample color configuration
)
Package xcolor Info: Driver file: pdftex.def on input line 274.

(/usr/share/texlive/texmf-dist/tex/latex/graphics-def/pdftex.def
File: pdftex.def 2022/09/22 v1.2b Graphics/color driver for pdftex
)
(/usr/share/texlive/texmf-dist/tex/latex/graphics/mathcolor.ltx)
Package xcolor Info: Model `cmy' substituted by `cmy0' on input line 1350.
Package xcolor Info: Model `hsb' substituted by `rgb' on input line 1354.
Package xcolor Info: Model `RGB' extended on input line 1366.
Package xcolor Info: Model `HTML' substituted by `rgb' on input line 1368.
Package xcolor Info: Model `Hsb' substituted by `hsb' on input line 1369.
Package xcolor Info: Model `tHsb' substituted by `hsb' on input line 1370.
Package xcolor Info: Model `HSB' substituted by `hsb' on input line 1371.
Package xcolor Info: Model `Gray' substituted by `gray' on input line 1372.
Package xcolor Info: Model `wave' substituted by `hsb' on input line 1373.
))
(/usr/share/texlive/texmf-dist/tex/latex/graphics/graphicx.sty
Package: graphicx 2021/09/16 v1.2d Enhanced LaTeX Graphics (DPC,SPQR)

(/usr/share/texlive/texmf-dist/tex/latex/graphics/graphics.sty
Package: graphics 2022/03/10 v1.4e Standard LaTeX Graphics (DPC,SPQR)

(/usr/share/texlive/texmf-dist/tex/latex/graphics/trig.sty
Package: trig 2021/08/11 v1.11 sin cos tan (DPC)
)
(/usr/share/texlive/texmf-dist/tex/latex/graphics-cfg/graphics.cfg
File: graphics.cfg 2016/06/04 v1.11 sample graphics configuration
)
Package graphics Info: Driver file: pdftex.def on input line 107.
)
\Gin@req@height=\dimen153
\Gin@req@width=\dimen154
)
\AM@pagewidth=\dimen155
\AM@pageheight=\dimen156
\AM@fboxrule=\dimen157

(/usr/share/texlive/texmf-dist/tex/latex/pdfpages/pppdftex.def
File: pppdftex.def 2024/01/21 v0.5y Pdfpages driver for pdfTeX (AM)
)
\pdfpages@includegraphics@status=\count267
\AM@pagebox=\box51
\AM@global@opts=\toks19
\AM@pagecnt=\count268
\AM@toc@title=\toks20
\AM@lof@heading=\toks21
\c@AM@survey=\count269
\AM@templatesizebox=\box52
)
(/usr/share/texlive/texmf-dist/tex/latex/hyperref/hyperref.sty
Package: hyperref 2024-01-20 v7.01h Hypertext links for LaTeX

(/usr/share/texlive/texmf-dist/tex/latex/kvsetkeys/kvsetkeys.sty
Package: kvsetkeys 2022-10-05 v1.19 Key value parser (HO)
)
(/usr/share/texlive/texmf-dist/tex/generic/kvdefinekeys/kvdefinekeys.sty
Package: kvdefinekeys 2019-12-19 v1.6 Define keys (HO)
)
(/usr/share/texlive/texmf-dist/tex/generic/pdfescape/pdfescape.sty
Package: pdfescape 2019/12/09 v1.15 Implements pdfTeX's escape features (HO)

(/usr/share/texlive/texmf-dist/tex/generic/ltxcmds/ltxcmds.sty
Package: ltxcmds 2023-12-04 v1.26 LaTeX kernel commands for general use (HO)
)
(/usr/share/texlive/texmf-dist/tex/generic/pdftexcmds/pdftexcmds.sty
Package: pdftexcmds 2020-06-27 v0.33 Utility functions of pdfTeX for LuaTeX (HO
)

(/usr/share/texlive/texmf-dist/tex/generic/infwarerr/infwarerr.sty
Package: infwarerr 2019/12/03 v1.5 Providing info/warning/error messages (HO)
)
Package pdftexcmds Info: \pdf@primitive is available.
Package pdftexcmds Info: \pdf@ifprimitive is available.
Package pdftexcmds Info: \pdfdraftmode found.
))
(/usr/share/texlive/texmf-dist/tex/latex/hycolor/hycolor.sty
Package: hycolor 2020-01-27 v1.10 Color options for hyperref/bookmark (HO)
)
(/usr/share/texlive/texmf-dist/tex/latex/auxhook/auxhook.sty
Package: auxhook 2019-12-17 v1.6 Hooks for auxiliary files (HO)
)
(/usr/share/texlive/texmf-dist/tex/latex/hyperref/nameref.sty
Package: nameref 2023-11-26 v2.56 Cross-referencing by name of section

(/usr/share/texlive/texmf-dist/tex/latex/refcount/refcount.sty
Package: refcount 2019/12/15 v3.6 Data extraction from label references (HO)
)
(/usr/share/texlive/texmf-dist/tex/generic/gettitlestring/gettitlestring.sty
Package: gettitlestring 2019/12/15 v1.6 Cleanup title references (HO)

(/usr/share/texlive/texmf-dist/tex/latex/kvoptions/kvoptions.sty
Package: kvoptions 2022-06-15 v3.15 Key value format for package options (HO)
))
\c@section@level=\count270
)
(/usr/share/texlive/texmf-dist/tex/latex/etoolbox/etoolbox.sty
Package: etoolbox 2020/10/05 v2.5k e-TeX tools for LaTeX (JAW)
\etb@tempcnta=\count271
)
\@linkdim=\dimen158
\Hy@linkcounter=\count272
\Hy@pagecounter=\count273

(/usr/share/texlive/texmf-dist/tex/latex/hyperref/pd1enc.def
File: pd1enc.def 2024-01-20 v7.01h Hyperref: PDFDocEncoding definition (HO)
Now handling font encoding PD1 ...
... no UTF-8 mapping file for font encoding PD1
)
(/usr/share/texlive/texmf-dist/tex/generic/intcalc/intcalc.sty
Package: intcalc 2019/12/15 v1.3 Expandable calculations with integers (HO)
)
\Hy@SavedSpaceFactor=\count274

(/usr/share/texlive/texmf-dist/tex/latex/hyperref/puenc.def
File: puenc.def 2024-01-20 v7.01h Hyperref: PDF Unicode definition (HO)
Now handling font encoding PU ...
... no UTF-8 mapping file for font encoding PU
)
Package hyperref Info: Hyper figures OFF on input line 4179.
Package hyperref Info: Link nesting OFF on input line 4184.
Package hyperref Info: Hyper index ON on input line 4187.
Package hyperref Info: Plain pages OFF on input line 4194.
Package hyperref Info: Backreferencing OFF on input line 4199.
Package hyperref Info: Implicit mode ON; LaTeX internals redefined.
Package hyperref Info: Bookmarks ON on input line 4446.
\c@Hy@tempcnt=\count275

(/usr/share/texlive/texmf-dist/tex/latex/url/url.sty
\Urlmuskip=\muskip16
Package: url 2013/09/16  ver 3.4  Verb mode for urls, etc.
)
LaTeX Info: Redefining \url on input line 4784.
\XeTeXLinkMargin=\dimen159

(/usr/share/texlive/texmf-dist/tex/generic/bitset/bitset.sty
Package: bitset 2019/12/09 v1.3 Handle bit-vector datatype (HO)

(/usr/share/texlive/texmf-dist/tex/generic/bigintcalc/bigintcalc.sty
Package: bigintcalc 2019/12/15 v1.5 Expandable calculations on big integers (HO
)
))
\Fld@menulength=\count276
\Field@Width=\dimen160
\Fld@charsize=\dimen161
Package hyperref Info: Hyper figures OFF on input line 6063.
Package hyperref Info: Link nesting OFF on input line 6068.
Package hyperref Info: Hyper index ON on input line 6071.
Package hyperref Info: backreferencing OFF on input line 6078.
Package hyperref Info: Link coloring OFF on input line 6083.
Package hyperref Info: Link coloring with OCG OFF on input line 6088.
Package hyperref Info: PDF/A mode OFF on input line 6093.

(/usr/share/texlive/texmf-dist/tex/latex/base/atbegshi-ltx.sty
Package: atbegshi-ltx 2021/01/10 v1.0c Emulation of the original atbegshi
package with kernel methods
)
\Hy@abspage=\count277
\c@Item=\count278
\c@Hfootnote=\count279
)
Package hyperref Info: Driver (autodetected): hpdftex.

(/usr/share/texlive/texmf-dist/tex/latex/hyperref/hpdftex.def
File: hpdftex.def 2024-01-20 v7.01h Hyperref driver for pdfTeX

(/usr/share/texlive/texmf-dist/tex/latex/base/atveryend-ltx.sty
Package: atveryend-ltx 2020/08/19 v1.0a Emulation of the original atveryend pac
kage
with kernel methods
)
\Fld@listcount=\count280
\c@bookmark@seq@number=\count281

(/usr/share/texlive/texmf-dist/tex/latex/rerunfilecheck/rerunfilecheck.sty
Package: rerunfilecheck 2022-07-10 v1.10 Rerun checks for auxiliary files (HO)

(/usr/share/texlive/texmf-dist/tex/generic/uniquecounter/uniquecounter.sty
Package: uniquecounter 2019/12/15 v1.4 Provide unlimited unique counter (HO)
)
Package uniquecounter Info: New unique counter `rerunfilecheck' on input line 2
85.
)
\Hy@SectionHShift=\skip53
)
(/usr/share/texlive/texmf-dist/tex/latex/xurl/xurl.sty
Package: xurl 2022/01/09 v 0.10 modify URL breaks
)
(/usr/share/texlive/texmf-dist/tex/latex/l3backend/l3backend-pdftex.def
File: l3backend-pdftex.def 2024-01-04 L3 backend support: PDF output (pdfTeX)
\l__color_backend_stack_int=\count282
\l__pdf_internal_box=\box53
)
(./HISTORY_R38.aux)
\openout1 = `HISTORY_R38.aux'.

LaTeX Font Info:    Checking defaults for OML/cmm/m/it on input line 6.
LaTeX Font Info:    ... okay on input line 6.
LaTeX Font Info:    Checking defaults for OMS/cmsy/m/n on input line 6.
LaTeX Font Info:    ... okay on input line 6.
LaTeX Font Info:    Checking defaults for OT1/cmr/m/n on input line 6.
LaTeX Font Info:    ... okay on input line 6.
LaTeX Font Info:    Checking defaults for T1/cmr/m/n on input line 6.
LaTeX Font Info:    ... okay on input line 6.
LaTeX Font Info:    Checking defaults for TS1/cmr/m/n on input line 6.
LaTeX Font Info:    ... okay on input line 6.
LaTeX Font Info:    Checking defaults for OMX/cmex/m/n on input line 6.
LaTeX Font Info:    ... okay on input line 6.
LaTeX Font Info:    Checking defaults for U/cmr/m/n on input line 6.
LaTeX Font Info:    ... okay on input line 6.
LaTeX Font Info:    Checking defaults for PD1/pdf/m/n on input line 6.
LaTeX Font Info:    ... okay on input line 6.
LaTeX Font Info:    Checking defaults for PU/pdf/m/n on input line 6.
LaTeX Font Info:    ... okay on input line 6.

*geometry* driver: auto-detecting
*geometry* detected driver: pdftex
*geometry* verbose mode - [ preamble ] result:
* driver: pdftex
* paper: a4paper
* layout: <same size as paper>
* layoutoffset:(h,v)=(0.0pt,0.0pt)
* modes: 
* h-part:(L,W,R)=(85.35826pt, 426.79135pt, 85.35826pt)
* v-part:(T,H,B)=(85.35826pt, 674.33032pt, 85.35826pt)
* \paperwidth=597.50787pt
* \paperheight=845.04684pt
* \textwidth=426.79135pt
* \textheight=674.33032pt
* \oddsidemargin=13.08827pt
* \evensidemargin=13.08827pt
* \topmargin=-23.91173pt
* \headheight=12.0pt
* \headsep=25.0pt
* \topskip=11.0pt
* \footskip=30.0pt
* \marginparwidth=59.0pt
* \marginparsep=10.0pt
* \columnsep=10.0pt
* \skip\footins=10.0pt plus 4.0pt minus 2.0pt
* \hoffset=0.0pt
* \voffset=0.0pt
* \mag=1000
* \@twocolumnfalse
* \@twosidefalse
* \@mparswitchfalse
* \@reversemarginfalse
* (1in=72.27pt=25.4mm, 1cm=28.453pt)

(/usr/share/texlive/texmf-dist/tex/context/base/mkii/supp-pdf.mkii
[Loading MPS to PDF converter (version 2006.09.02).]
\scratchcounter=\count283
\scratchdimen=\dimen162
\scratchbox=\box54
\nofMPsegments=\count284
\nofMParguments=\count285
\everyMPshowfont=\toks22
\MPscratchCnt=\count286
\MPscratchDim=\dimen163
\MPnumerator=\count287
\makeMPintoPDFobject=\count288
\everyMPtoPDFconversion=\toks23
) (/usr/share/texlive/texmf-dist/tex/latex/epstopdf-pkg/epstopdf-base.sty
Package: epstopdf-base 2020-01-24 v2.11 Base part for package epstopdf
Package epstopdf-base Info: Redefining graphics rule for `.eps' on input line 4
85.

(/usr/share/texlive/texmf-dist/tex/latex/latexconfig/epstopdf-sys.cfg
File: epstopdf-sys.cfg 2010/07/13 v1.3 Configuration of (r)epstopdf for TeX Liv
e
))
(/usr/share/texlive/texmf-dist/tex/latex/pdflscape/pdflscape.sty
Package: pdflscape 2022-10-27 v0.13 Display of landscape pages in PDF

(/usr/share/texlive/texmf-dist/tex/latex/pdflscape/pdflscape-nometadata.sty
Package: pdflscape-nometadata 2022-10-28 v0.13 Display of landscape pages in PD
F (HO)

(/usr/share/texlive/texmf-dist/tex/latex/graphics/lscape.sty
Package: lscape 2020/05/28 v3.02 Landscape Pages (DPC)
)
Package pdflscape Info: Auto-detected driver: pdftex on input line 81.
))
Package hyperref Info: Link coloring OFF on input line 6.

(./HISTORY_R38.out) (./HISTORY_R38.out)
\@outlinefile=\write3
\openout3 = `HISTORY_R38.out'.

LaTeX Font Info:    External font `cmex10' loaded for size
(Font)              <10.95> on input line 14.
LaTeX Font Info:    External font `cmex10' loaded for size
(Font)              <8> on input line 14.
LaTeX Font Info:    External font `cmex10' loaded for size
(Font)              <6> on input line 14.
<ECTA_R34.pdf, id=4, 487.8225pt x 704.6325pt>
File: ECTA_R34.pdf Graphic file (type pdf)
<use ECTA_R34.pdf>
Package pdftex.def Info: ECTA_R34.pdf  used on input line 18.
(pdftex.def)             Requested size: 487.8213pt x 704.6308pt.
File: ECTA_R34.pdf Graphic file (type pdf)
<use ECTA_R34.pdf>
Package pdftex.def Info: ECTA_R34.pdf  used on input line 18.
(pdftex.def)             Requested size: 487.8213pt x 704.6308pt.
<ECTA_R34.pdf, id=7, page=1, 487.8225pt x 704.6325pt>
File: ECTA_R34.pdf Graphic file (type pdf)
<use ECTA_R34.pdf, page 1>
Package pdftex.def Info: ECTA_R34.pdf , page1 used on input line 18.
(pdftex.def)             Requested size: 487.8213pt x 704.6308pt.
File: ECTA_R34.pdf Graphic file (type pdf)
<use ECTA_R34.pdf, page 1>
Package pdftex.def Info: ECTA_R34.pdf , page1 used on input line 18.
(pdftex.def)             Requested size: 585.55527pt x 845.8021pt.
 [1

{/var/lib/texmf/fonts/map/pdftex/updmap/pdftex.map}]
File: ECTA_R34.pdf Graphic file (type pdf)
<use ECTA_R34.pdf, page 1>
Package pdftex.def Info: ECTA_R34.pdf , page1 used on input line 18.
(pdftex.def)             Requested size: 585.55527pt x 845.8021pt.
File: ECTA_R34.pdf Graphic file (type pdf)
<use ECTA_R34.pdf, page 1>
Package pdftex.def Info: ECTA_R34.pdf , page1 used on input line 18.
(pdftex.def)             Requested size: 585.55527pt x 845.8021pt.
File: ECTA_R34.pdf Graphic file (type pdf)
<use ECTA_R34.pdf, page 1>
Package pdftex.def Info: ECTA_R34.pdf , page1 used on input line 18.
(pdftex.def)             Requested size: 585.55527pt x 845.8021pt.
 [2

 <./ECTA_R34.pdf>]
<ECTA_R34.pdf, id=27, page=2, 487.8225pt x 704.6325pt>
File: ECTA_R34.pdf Graphic file (type pdf)
<use ECTA_R34.pdf, page 2>
Package pdftex.def Info: ECTA_R34.pdf , page2 used on input line 18.
(pdftex.def)             Requested size: 585.55527pt x 845.8021pt.
File: ECTA_R34.pdf Graphic file (type pdf)
<use ECTA_R34.pdf, page 2>
Package pdftex.def Info: ECTA_R34.pdf , page2 used on input line 18.
(pdftex.def)             Requested size: 585.55527pt x 845.8021pt.
File: ECTA_R34.pdf Graphic file (type pdf)
<use ECTA_R34.pdf, page 2>
Package pdftex.def Info: ECTA_R34.pdf , page2 used on input line 18.
(pdftex.def)             Requested size: 585.55527pt x 845.8021pt.
 [3

 <./ECTA_R34.pdf>]
<ECTA_R34.pdf, id=38, page=3, 487.8225pt x 704.6325pt>
File: ECTA_R34.pdf Graphic file (type pdf)
<use ECTA_R34.pdf, page 3>
Package pdftex.def Info: ECTA_R34.pdf , page3 used on input line 18.
(pdftex.def)             Requested size: 585.55527pt x 845.8021pt.
File: ECTA_R34.pdf Graphic file (type pdf)
<use ECTA_R34.pdf, page 3>
Package pdftex.def Info: ECTA_R34.pdf , page3 used on input line 18.
(pdftex.def)             Requested size: 585.55527pt x 845.8021pt.
File: ECTA_R34.pdf Graphic file (type pdf)
<use ECTA_R34.pdf, page 3>
Package pdftex.def Info: ECTA_R34.pdf , page3 used on input line 18.
(pdftex.def)             Requested size: 585.55527pt x 845.8021pt.
 [4

 <./ECTA_R34.pdf>]
<ECTA_R34.pdf, id=103, page=4, 487.8225pt x 704.6325pt>
File: ECTA_R34.pdf Graphic file (type pdf)
<use ECTA_R34.pdf, page 4>
Package pdftex.def Info: ECTA_R34.pdf , page4 used on input line 18.
(pdftex.def)             Requested size: 585.55527pt x 845.8021pt.
File: ECTA_R34.pdf Graphic file (type pdf)
<use ECTA_R34.pdf, page 4>
Package pdftex.def Info: ECTA_R34.pdf , page4 used on input line 18.
(pdftex.def)             Requested size: 585.55527pt x 845.8021pt.
File: ECTA_R34.pdf Graphic file (type pdf)
<use ECTA_R34.pdf, page 4>
Package pdftex.def Info: ECTA_R34.pdf , page4 used on input line 18.
(pdftex.def)             Requested size: 585.55527pt x 845.8021pt.

[5

 <./ECTA_R34.pdf>]
<ECTA_R34.pdf, id=114, page=5, 487.8225pt x 704.6325pt>
File: ECTA_R34.pdf Graphic file (type pdf)
<use ECTA_R34.pdf, page 5>
Package pdftex.def Info: ECTA_R34.pdf , page5 used on input line 18.
(pdftex.def)             Requested size: 585.55527pt x 845.8021pt.
File: ECTA_R34.pdf Graphic file (type pdf)
<use ECTA_R34.pdf, page 5>
Package pdftex.def Info: ECTA_R34.pdf , page5 used on input line 18.
(pdftex.def)             Requested size: 585.55527pt x 845.8021pt.
File: ECTA_R34.pdf Graphic file (type pdf)
<use ECTA_R34.pdf, page 5>
Package pdftex.def Info: ECTA_R34.pdf , page5 used on input line 18.
(pdftex.def)             Requested size: 585.55527pt x 845.8021pt.
 [6

 <./ECTA_R34.pdf>]
<ECTA_R34.pdf, id=119, page=6, 487.8225pt x 704.6325pt>
File: ECTA_R34.pdf Graphic file (type pdf)
<use ECTA_R34.pdf, page 6>
Package pdftex.def Info: ECTA_R34.pdf , page6 used on input line 18.
(pdftex.def)             Requested size: 585.55527pt x 845.8021pt.
File: ECTA_R34.pdf Graphic file (type pdf)
<use ECTA_R34.pdf, page 6>
Package pdftex.def Info: ECTA_R34.pdf , page6 used on input line 18.
(pdftex.def)             Requested size: 585.55527pt x 845.8021pt.
File: ECTA_R34.pdf Graphic file (type pdf)
<use ECTA_R34.pdf, page 6>
Package pdftex.def Info: ECTA_R34.pdf , page6 used on input line 18.
(pdftex.def)             Requested size: 585.55527pt x 845.8021pt.
 [7

 <./ECTA_R34.pdf>]
<ECTA_R34.pdf, id=125, page=7, 487.8225pt x 704.6325pt>
File: ECTA_R34.pdf Graphic file (type pdf)
<use ECTA_R34.pdf, page 7>
Package pdftex.def Info: ECTA_R34.pdf , page7 used on input line 18.
(pdftex.def)             Requested size: 585.55527pt x 845.8021pt.
File: ECTA_R34.pdf Graphic file (type pdf)
<use ECTA_R34.pdf, page 7>
Package pdftex.def Info: ECTA_R34.pdf , page7 used on input line 18.
(pdftex.def)             Requested size: 585.55527pt x 845.8021pt.
File: ECTA_R34.pdf Graphic file (type pdf)
<use ECTA_R34.pdf, page 7>
Package pdftex.def Info: ECTA_R34.pdf , page7 used on input line 18.
(pdftex.def)             Requested size: 585.55527pt x 845.8021pt.
 [8

 <./ECTA_R34.pdf>]
<ECTA_R34.pdf, id=130, page=8, 487.8225pt x 704.6325pt>
File: ECTA_R34.pdf Graphic file (type pdf)
<use ECTA_R34.pdf, page 8>
Package pdftex.def Info: ECTA_R34.pdf , page8 used on input line 18.
(pdftex.def)             Requested size: 585.55527pt x 845.8021pt.
File: ECTA_R34.pdf Graphic file (type pdf)
<use ECTA_R34.pdf, page 8>
Package pdftex.def Info: ECTA_R34.pdf , page8 used on input line 18.
(pdftex.def)             Requested size: 585.55527pt x 845.8021pt.
File: ECTA_R34.pdf Graphic file (type pdf)
<use ECTA_R34.pdf, page 8>
Package pdftex.def Info: ECTA_R34.pdf , page8 used on input line 18.
(pdftex.def)             Requested size: 585.55527pt x 845.8021pt.
 [9

 <./ECTA_R34.pdf>]
<ECTA_R34.pdf, id=141, page=9, 487.8225pt x 704.6325pt>
File: ECTA_R34.pdf Graphic file (type pdf)
<use ECTA_R34.pdf, page 9>
Package pdftex.def Info: ECTA_R34.pdf , page9 used on input line 18.
(pdftex.def)             Requested size: 585.55527pt x 845.8021pt.
File: ECTA_R34.pdf Graphic file (type pdf)
<use ECTA_R34.pdf, page 9>
Package pdftex.def Info: ECTA_R34.pdf , page9 used on input line 18.
(pdftex.def)             Requested size: 585.55527pt x 845.8021pt.
File: ECTA_R34.pdf Graphic file (type pdf)
<use ECTA_R34.pdf, page 9>
Package pdftex.def Info: ECTA_R34.pdf , page9 used on input line 18.
(pdftex.def)             Requested size: 585.55527pt x 845.8021pt.
 [10

 <./ECTA_R34.pdf>]
<ECTA_R34.pdf, id=158, page=10, 487.8225pt x 704.6325pt>
File: ECTA_R34.pdf Graphic file (type pdf)
<use ECTA_R34.pdf, page 10>
Package pdftex.def Info: ECTA_R34.pdf , page10 used on input line 18.
(pdftex.def)             Requested size: 585.55527pt x 845.8021pt.
File: ECTA_R34.pdf Graphic file (type pdf)
<use ECTA_R34.pdf, page 10>
Package pdftex.def Info: ECTA_R34.pdf , page10 used on input line 18.
(pdftex.def)             Requested size: 585.55527pt x 845.8021pt.
File: ECTA_R34.pdf Graphic file (type pdf)
<use ECTA_R34.pdf, page 10>
Package pdftex.def Info: ECTA_R34.pdf , page10 used on input line 18.
(pdftex.def)             Requested size: 585.55527pt x 845.8021pt.
 [11

 <./ECTA_R34.pdf>]
<ECTA_R34.pdf, id=163, page=11, 487.8225pt x 704.6325pt>
File: ECTA_R34.pdf Graphic file (type pdf)
<use ECTA_R34.pdf, page 11>
Package pdftex.def Info: ECTA_R34.pdf , page11 used on input line 18.
(pdftex.def)             Requested size: 585.55527pt x 845.8021pt.
File: ECTA_R34.pdf Graphic file (type pdf)
<use ECTA_R34.pdf, page 11>
Package pdftex.def Info: ECTA_R34.pdf , page11 used on input line 18.
(pdftex.def)             Requested size: 585.55527pt x 845.8021pt.
File: ECTA_R34.pdf Graphic file (type pdf)
<use ECTA_R34.pdf, page 11>
Package pdftex.def Info: ECTA_R34.pdf , page11 used on input line 18.
(pdftex.def)             Requested size: 585.55527pt x 845.8021pt.
 [12

 <./ECTA_R34.pdf>]
<ECTA_R34.pdf, id=168, page=12, 487.8225pt x 704.6325pt>
File: ECTA_R34.pdf Graphic file (type pdf)
<use ECTA_R34.pdf, page 12>
Package pdftex.def Info: ECTA_R34.pdf , page12 used on input line 18.
(pdftex.def)             Requested size: 585.55527pt x 845.8021pt.
File: ECTA_R34.pdf Graphic file (type pdf)
<use ECTA_R34.pdf, page 12>
Package pdftex.def Info: ECTA_R34.pdf , page12 used on input line 18.
(pdftex.def)             Requested size: 585.55527pt x 845.8021pt.
File: ECTA_R34.pdf Graphic file (type pdf)
<use ECTA_R34.pdf, page 12>
Package pdftex.def Info: ECTA_R34.pdf , page12 used on input line 18.
(pdftex.def)             Requested size: 585.55527pt x 845.8021pt.
 [13

 <./ECTA_R34.pdf>]
<ECTA_R34.pdf, id=174, page=13, 487.8225pt x 704.6325pt>
File: ECTA_R34.pdf Graphic file (type pdf)
<use ECTA_R34.pdf, page 13>
Package pdftex.def Info: ECTA_R34.pdf , page13 used on input line 18.
(pdftex.def)             Requested size: 585.55527pt x 845.8021pt.
File: ECTA_R34.pdf Graphic file (type pdf)
<use ECTA_R34.pdf, page 13>
Package pdftex.def Info: ECTA_R34.pdf , page13 used on input line 18.
(pdftex.def)             Requested size: 585.55527pt x 845.8021pt.
File: ECTA_R34.pdf Graphic file (type pdf)
<use ECTA_R34.pdf, page 13>
Package pdftex.def Info: ECTA_R34.pdf , page13 used on input line 18.
(pdftex.def)             Requested size: 585.55527pt x 845.8021pt.
 [14

 <./ECTA_R34.pdf>]
<ECTA_R34.pdf, id=179, page=14, 487.8225pt x 704.6325pt>
File: ECTA_R34.pdf Graphic file (type pdf)
<use ECTA_R34.pdf, page 14>
Package pdftex.def Info: ECTA_R34.pdf , page14 used on input line 18.
(pdftex.def)             Requested size: 585.55527pt x 845.8021pt.
File: ECTA_R34.pdf Graphic file (type pdf)
<use ECTA_R34.pdf, page 14>
Package pdftex.def Info: ECTA_R34.pdf , page14 used on input line 18.
(pdftex.def)             Requested size: 585.55527pt x 845.8021pt.
File: ECTA_R34.pdf Graphic file (type pdf)
<use ECTA_R34.pdf, page 14>
Package pdftex.def Info: ECTA_R34.pdf , page14 used on input line 18.
(pdftex.def)             Requested size: 585.55527pt x 845.8021pt.
 [15

 <./ECTA_R34.pdf>]
<ECTA_R34.pdf, id=190, page=15, 487.8225pt x 704.6325pt>
File: ECTA_R34.pdf Graphic file (type pdf)
<use ECTA_R34.pdf, page 15>
Package pdftex.def Info: ECTA_R34.pdf , page15 used on input line 18.
(pdftex.def)             Requested size: 585.55527pt x 845.8021pt.
File: ECTA_R34.pdf Graphic file (type pdf)
<use ECTA_R34.pdf, page 15>
Package pdftex.def Info: ECTA_R34.pdf , page15 used on input line 18.
(pdftex.def)             Requested size: 585.55527pt x 845.8021pt.
File: ECTA_R34.pdf Graphic file (type pdf)
<use ECTA_R34.pdf, page 15>
Package pdftex.def Info: ECTA_R34.pdf , page15 used on input line 18.
(pdftex.def)             Requested size: 585.55527pt x 845.8021pt.

[16

 <./ECTA_R34.pdf>]
<ECTA_R34.pdf, id=196, page=16, 487.8225pt x 704.6325pt>
File: ECTA_R34.pdf Graphic file (type pdf)
<use ECTA_R34.pdf, page 16>
Package pdftex.def Info: ECTA_R34.pdf , page16 used on input line 18.
(pdftex.def)             Requested size: 585.55527pt x 845.8021pt.
File: ECTA_R34.pdf Graphic file (type pdf)
<use ECTA_R34.pdf, page 16>
Package pdftex.def Info: ECTA_R34.pdf , page16 used on input line 18.
(pdftex.def)             Requested size: 585.55527pt x 845.8021pt.
File: ECTA_R34.pdf Graphic file (type pdf)
<use ECTA_R34.pdf, page 16>
Package pdftex.def Info: ECTA_R34.pdf , page16 used on input line 18.
(pdftex.def)             Requested size: 585.55527pt x 845.8021pt.
 [17

 <./ECTA_R34.pdf>]
<ECTA_R34.pdf, id=207, page=17, 487.8225pt x 704.6325pt>
File: ECTA_R34.pdf Graphic file (type pdf)
<use ECTA_R34.pdf, page 17>
Package pdftex.def Info: ECTA_R34.pdf , page17 used on input line 18.
(pdftex.def)             Requested size: 585.55527pt x 845.8021pt.
File: ECTA_R34.pdf Graphic file (type pdf)
<use ECTA_R34.pdf, page 17>
Package pdftex.def Info: ECTA_R34.pdf , page17 used on input line 18.
(pdftex.def)             Requested size: 585.55527pt x 845.8021pt.
File: ECTA_R34.pdf Graphic file (type pdf)
<use ECTA_R34.pdf, page 17>
Package pdftex.def Info: ECTA_R34.pdf , page17 used on input line 18.
(pdftex.def)             Requested size: 585.55527pt x 845.8021pt.
 [18

 <./ECTA_R34.pdf>]
<ECTA_R34.pdf, id=212, page=18, 487.8225pt x 704.6325pt>
File: ECTA_R34.pdf Graphic file (type pdf)
<use ECTA_R34.pdf, page 18>
Package pdftex.def Info: ECTA_R34.pdf , page18 used on input line 18.
(pdftex.def)             Requested size: 585.55527pt x 845.8021pt.
File: ECTA_R34.pdf Graphic file (type pdf)
<use ECTA_R34.pdf, page 18>
Package pdftex.def Info: ECTA_R34.pdf , page18 used on input line 18.
(pdftex.def)             Requested size: 585.55527pt x 845.8021pt.
File: ECTA_R34.pdf Graphic file (type pdf)
<use ECTA_R34.pdf, page 18>
Package pdftex.def Info: ECTA_R34.pdf , page18 used on input line 18.
(pdftex.def)             Requested size: 585.55527pt x 845.8021pt.
 [19

 <./ECTA_R34.pdf>]
<ECTA_R34.pdf, id=218, page=19, 487.8225pt x 704.6325pt>
File: ECTA_R34.pdf Graphic file (type pdf)
<use ECTA_R34.pdf, page 19>
Package pdftex.def Info: ECTA_R34.pdf , page19 used on input line 18.
(pdftex.def)             Requested size: 585.55527pt x 845.8021pt.
File: ECTA_R34.pdf Graphic file (type pdf)
<use ECTA_R34.pdf, page 19>
Package pdftex.def Info: ECTA_R34.pdf , page19 used on input line 18.
(pdftex.def)             Requested size: 585.55527pt x 845.8021pt.
File: ECTA_R34.pdf Graphic file (type pdf)
<use ECTA_R34.pdf, page 19>
Package pdftex.def Info: ECTA_R34.pdf , page19 used on input line 18.
(pdftex.def)             Requested size: 585.55527pt x 845.8021pt.
 [20

 <./ECTA_R34.pdf>]
<ECTA_R34.pdf, id=223, page=20, 487.8225pt x 704.6325pt>
File: ECTA_R34.pdf Graphic file (type pdf)
<use ECTA_R34.pdf, page 20>
Package pdftex.def Info: ECTA_R34.pdf , page20 used on input line 18.
(pdftex.def)             Requested size: 585.55527pt x 845.8021pt.
File: ECTA_R34.pdf Graphic file (type pdf)
<use ECTA_R34.pdf, page 20>
Package pdftex.def Info: ECTA_R34.pdf , page20 used on input line 18.
(pdftex.def)             Requested size: 585.55527pt x 845.8021pt.
File: ECTA_R34.pdf Graphic file (type pdf)
<use ECTA_R34.pdf, page 20>
Package pdftex.def Info: ECTA_R34.pdf , page20 used on input line 18.
(pdftex.def)             Requested size: 585.55527pt x 845.8021pt.
 [21

 <./ECTA_R34.pdf>]
<ECTA_R34.pdf, id=228, page=21, 487.8225pt x 704.6325pt>
File: ECTA_R34.pdf Graphic file (type pdf)
<use ECTA_R34.pdf, page 21>
Package pdftex.def Info: ECTA_R34.pdf , page21 used on input line 18.
(pdftex.def)             Requested size: 585.55527pt x 845.8021pt.
File: ECTA_R34.pdf Graphic file (type pdf)
<use ECTA_R34.pdf, page 21>
Package pdftex.def Info: ECTA_R34.pdf , page21 used on input line 18.
(pdftex.def)             Requested size: 585.55527pt x 845.8021pt.
File: ECTA_R34.pdf Graphic file (type pdf)
<use ECTA_R34.pdf, page 21>
Package pdftex.def Info: ECTA_R34.pdf , page21 used on input line 18.
(pdftex.def)             Requested size: 585.55527pt x 845.8021pt.
 [22

 <./ECTA_R34.pdf>]
<ECTA_R34.pdf, id=233, page=22, 487.8225pt x 704.6325pt>
File: ECTA_R34.pdf Graphic file (type pdf)
<use ECTA_R34.pdf, page 22>
Package pdftex.def Info: ECTA_R34.pdf , page22 used on input line 18.
(pdftex.def)             Requested size: 585.55527pt x 845.8021pt.
File: ECTA_R34.pdf Graphic file (type pdf)
<use ECTA_R34.pdf, page 22>
Package pdftex.def Info: ECTA_R34.pdf , page22 used on input line 18.
(pdftex.def)             Requested size: 585.55527pt x 845.8021pt.
File: ECTA_R34.pdf Graphic file (type pdf)
<use ECTA_R34.pdf, page 22>
Package pdftex.def Info: ECTA_R34.pdf , page22 used on input line 18.
(pdftex.def)             Requested size: 585.55527pt x 845.8021pt.

[23

 <./ECTA_R34.pdf>]
<SUPP_R34.pdf, id=238, 487.8225pt x 704.6325pt>
File: SUPP_R34.pdf Graphic file (type pdf)
<use SUPP_R34.pdf>
Package pdftex.def Info: SUPP_R34.pdf  used on input line 19.
(pdftex.def)             Requested size: 487.8213pt x 704.6308pt.
File: SUPP_R34.pdf Graphic file (type pdf)
<use SUPP_R34.pdf>
Package pdftex.def Info: SUPP_R34.pdf  used on input line 19.
(pdftex.def)             Requested size: 487.8213pt x 704.6308pt.
<SUPP_R34.pdf, id=241, page=1, 487.8225pt x 704.6325pt>
File: SUPP_R34.pdf Graphic file (type pdf)
<use SUPP_R34.pdf, page 1>
Package pdftex.def Info: SUPP_R34.pdf , page1 used on input line 19.
(pdftex.def)             Requested size: 487.8213pt x 704.6308pt.
File: SUPP_R34.pdf Graphic file (type pdf)
<use SUPP_R34.pdf, page 1>
Package pdftex.def Info: SUPP_R34.pdf , page1 used on input line 19.
(pdftex.def)             Requested size: 585.55527pt x 845.8021pt.
File: SUPP_R34.pdf Graphic file (type pdf)
<use SUPP_R34.pdf, page 1>
Package pdftex.def Info: SUPP_R34.pdf , page1 used on input line 19.
(pdftex.def)             Requested size: 585.55527pt x 845.8021pt.
File: SUPP_R34.pdf Graphic file (type pdf)
<use SUPP_R34.pdf, page 1>
Package pdftex.def Info: SUPP_R34.pdf , page1 used on input line 19.
(pdftex.def)             Requested size: 585.55527pt x 845.8021pt.
File: SUPP_R34.pdf Graphic file (type pdf)
<use SUPP_R34.pdf, page 1>
Package pdftex.def Info: SUPP_R34.pdf , page1 used on input line 19.
(pdftex.def)             Requested size: 585.55527pt x 845.8021pt.
 [24

 <./SUPP_R34.pdf>]
<SUPP_R34.pdf, id=271, page=2, 487.8225pt x 704.6325pt>
File: SUPP_R34.pdf Graphic file (type pdf)
<use SUPP_R34.pdf, page 2>
Package pdftex.def Info: SUPP_R34.pdf , page2 used on input line 19.
(pdftex.def)             Requested size: 585.55527pt x 845.8021pt.
File: SUPP_R34.pdf Graphic file (type pdf)
<use SUPP_R34.pdf, page 2>
Package pdftex.def Info: SUPP_R34.pdf , page2 used on input line 19.
(pdftex.def)             Requested size: 585.55527pt x 845.8021pt.
File: SUPP_R34.pdf Graphic file (type pdf)
<use SUPP_R34.pdf, page 2>
Package pdftex.def Info: SUPP_R34.pdf , page2 used on input line 19.
(pdftex.def)             Requested size: 585.55527pt x 845.8021pt.
 [25

 <./SUPP_R34.pdf>]
<SUPP_R34.pdf, id=287, page=3, 487.8225pt x 704.6325pt>
File: SUPP_R34.pdf Graphic file (type pdf)
<use SUPP_R34.pdf, page 3>
Package pdftex.def Info: SUPP_R34.pdf , page3 used on input line 19.
(pdftex.def)             Requested size: 585.55527pt x 845.8021pt.
File: SUPP_R34.pdf Graphic file (type pdf)
<use SUPP_R34.pdf, page 3>
Package pdftex.def Info: SUPP_R34.pdf , page3 used on input line 19.
(pdftex.def)             Requested size: 585.55527pt x 845.8021pt.
File: SUPP_R34.pdf Graphic file (type pdf)
<use SUPP_R34.pdf, page 3>
Package pdftex.def Info: SUPP_R34.pdf , page3 used on input line 19.
(pdftex.def)             Requested size: 585.55527pt x 845.8021pt.
 [26

 <./SUPP_R34.pdf>]
<SUPP_R34.pdf, id=296, page=4, 487.8225pt x 704.6325pt>
File: SUPP_R34.pdf Graphic file (type pdf)
<use SUPP_R34.pdf, page 4>
Package pdftex.def Info: SUPP_R34.pdf , page4 used on input line 19.
(pdftex.def)             Requested size: 585.55527pt x 845.8021pt.
File: SUPP_R34.pdf Graphic file (type pdf)
<use SUPP_R34.pdf, page 4>
Package pdftex.def Info: SUPP_R34.pdf , page4 used on input line 19.
(pdftex.def)             Requested size: 585.55527pt x 845.8021pt.
File: SUPP_R34.pdf Graphic file (type pdf)
<use SUPP_R34.pdf, page 4>
Package pdftex.def Info: SUPP_R34.pdf , page4 used on input line 19.
(pdftex.def)             Requested size: 585.55527pt x 845.8021pt.
 [27

 <./SUPP_R34.pdf>]
<SUPP_R34.pdf, id=313, page=5, 487.8225pt x 704.6325pt>
File: SUPP_R34.pdf Graphic file (type pdf)
<use SUPP_R34.pdf, page 5>
Package pdftex.def Info: SUPP_R34.pdf , page5 used on input line 19.
(pdftex.def)             Requested size: 585.55527pt x 845.8021pt.
File: SUPP_R34.pdf Graphic file (type pdf)
<use SUPP_R34.pdf, page 5>
Package pdftex.def Info: SUPP_R34.pdf , page5 used on input line 19.
(pdftex.def)             Requested size: 585.55527pt x 845.8021pt.
File: SUPP_R34.pdf Graphic file (type pdf)
<use SUPP_R34.pdf, page 5>
Package pdftex.def Info: SUPP_R34.pdf , page5 used on input line 19.
(pdftex.def)             Requested size: 585.55527pt x 845.8021pt.
 [28

 <./SUPP_R34.pdf>]
<SUPP_R34.pdf, id=318, page=6, 487.8225pt x 704.6325pt>
File: SUPP_R34.pdf Graphic file (type pdf)
<use SUPP_R34.pdf, page 6>
Package pdftex.def Info: SUPP_R34.pdf , page6 used on input line 19.
(pdftex.def)             Requested size: 585.55527pt x 845.8021pt.
File: SUPP_R34.pdf Graphic file (type pdf)
<use SUPP_R34.pdf, page 6>
Package pdftex.def Info: SUPP_R34.pdf , page6 used on input line 19.
(pdftex.def)             Requested size: 585.55527pt x 845.8021pt.
File: SUPP_R34.pdf Graphic file (type pdf)
<use SUPP_R34.pdf, page 6>
Package pdftex.def Info: SUPP_R34.pdf , page6 used on input line 19.
(pdftex.def)             Requested size: 585.55527pt x 845.8021pt.
 [29

 <./SUPP_R34.pdf>]
<SUPP_R34.pdf, id=323, page=7, 487.8225pt x 704.6325pt>
File: SUPP_R34.pdf Graphic file (type pdf)
<use SUPP_R34.pdf, page 7>
Package pdftex.def Info: SUPP_R34.pdf , page7 used on input line 19.
(pdftex.def)             Requested size: 585.55527pt x 845.8021pt.
File: SUPP_R34.pdf Graphic file (type pdf)
<use SUPP_R34.pdf, page 7>
Package pdftex.def Info: SUPP_R34.pdf , page7 used on input line 19.
(pdftex.def)             Requested size: 585.55527pt x 845.8021pt.
File: SUPP_R34.pdf Graphic file (type pdf)
<use SUPP_R34.pdf, page 7>
Package pdftex.def Info: SUPP_R34.pdf , page7 used on input line 19.
(pdftex.def)             Requested size: 585.55527pt x 845.8021pt.

[30

 <./SUPP_R34.pdf>]
<SUPP_R34.pdf, id=328, page=8, 487.8225pt x 704.6325pt>
File: SUPP_R34.pdf Graphic file (type pdf)
<use SUPP_R34.pdf, page 8>
Package pdftex.def Info: SUPP_R34.pdf , page8 used on input line 19.
(pdftex.def)             Requested size: 585.55527pt x 845.8021pt.
File: SUPP_R34.pdf Graphic file (type pdf)
<use SUPP_R34.pdf, page 8>
Package pdftex.def Info: SUPP_R34.pdf , page8 used on input line 19.
(pdftex.def)             Requested size: 585.55527pt x 845.8021pt.
File: SUPP_R34.pdf Graphic file (type pdf)
<use SUPP_R34.pdf, page 8>
Package pdftex.def Info: SUPP_R34.pdf , page8 used on input line 19.
(pdftex.def)             Requested size: 585.55527pt x 845.8021pt.
 [31

 <./SUPP_R34.pdf>]
<SUPP_R34.pdf, id=334, page=9, 487.8225pt x 704.6325pt>
File: SUPP_R34.pdf Graphic file (type pdf)
<use SUPP_R34.pdf, page 9>
Package pdftex.def Info: SUPP_R34.pdf , page9 used on input line 19.
(pdftex.def)             Requested size: 585.55527pt x 845.8021pt.
File: SUPP_R34.pdf Graphic file (type pdf)
<use SUPP_R34.pdf, page 9>
Package pdftex.def Info: SUPP_R34.pdf , page9 used on input line 19.
(pdftex.def)             Requested size: 585.55527pt x 845.8021pt.
File: SUPP_R34.pdf Graphic file (type pdf)
<use SUPP_R34.pdf, page 9>
Package pdftex.def Info: SUPP_R34.pdf , page9 used on input line 19.
(pdftex.def)             Requested size: 585.55527pt x 845.8021pt.
 [32

 <./SUPP_R34.pdf>]
<SUPP_R34.pdf, id=343, page=10, 487.8225pt x 704.6325pt>
File: SUPP_R34.pdf Graphic file (type pdf)
<use SUPP_R34.pdf, page 10>
Package pdftex.def Info: SUPP_R34.pdf , page10 used on input line 19.
(pdftex.def)             Requested size: 585.55527pt x 845.8021pt.
File: SUPP_R34.pdf Graphic file (type pdf)
<use SUPP_R34.pdf, page 10>
Package pdftex.def Info: SUPP_R34.pdf , page10 used on input line 19.
(pdftex.def)             Requested size: 585.55527pt x 845.8021pt.
File: SUPP_R34.pdf Graphic file (type pdf)
<use SUPP_R34.pdf, page 10>
Package pdftex.def Info: SUPP_R34.pdf , page10 used on input line 19.
(pdftex.def)             Requested size: 585.55527pt x 845.8021pt.
 [33

 <./SUPP_R34.pdf>]
<SUPP_R34.pdf, id=352, page=11, 487.8225pt x 704.6325pt>
File: SUPP_R34.pdf Graphic file (type pdf)
<use SUPP_R34.pdf, page 11>
Package pdftex.def Info: SUPP_R34.pdf , page11 used on input line 19.
(pdftex.def)             Requested size: 585.55527pt x 845.8021pt.
File: SUPP_R34.pdf Graphic file (type pdf)
<use SUPP_R34.pdf, page 11>
Package pdftex.def Info: SUPP_R34.pdf , page11 used on input line 19.
(pdftex.def)             Requested size: 585.55527pt x 845.8021pt.
File: SUPP_R34.pdf Graphic file (type pdf)
<use SUPP_R34.pdf, page 11>
Package pdftex.def Info: SUPP_R34.pdf , page11 used on input line 19.
(pdftex.def)             Requested size: 585.55527pt x 845.8021pt.
 [34

 <./SUPP_R34.pdf>]
<SUPP_R34.pdf, id=358, page=12, 487.8225pt x 704.6325pt>
File: SUPP_R34.pdf Graphic file (type pdf)
<use SUPP_R34.pdf, page 12>
Package pdftex.def Info: SUPP_R34.pdf , page12 used on input line 19.
(pdftex.def)             Requested size: 585.55527pt x 845.8021pt.
File: SUPP_R34.pdf Graphic file (type pdf)
<use SUPP_R34.pdf, page 12>
Package pdftex.def Info: SUPP_R34.pdf , page12 used on input line 19.
(pdftex.def)             Requested size: 585.55527pt x 845.8021pt.
File: SUPP_R34.pdf Graphic file (type pdf)
<use SUPP_R34.pdf, page 12>
Package pdftex.def Info: SUPP_R34.pdf , page12 used on input line 19.
(pdftex.def)             Requested size: 585.55527pt x 845.8021pt.
 [35

 <./SUPP_R34.pdf>]
<RESPONSE_R34.pdf, id=363, 487.8225pt x 704.6325pt>
File: RESPONSE_R34.pdf Graphic file (type pdf)
<use RESPONSE_R34.pdf>
Package pdftex.def Info: RESPONSE_R34.pdf  used on input line 20.
(pdftex.def)             Requested size: 487.8213pt x 704.6308pt.
File: RESPONSE_R34.pdf Graphic file (type pdf)
<use RESPONSE_R34.pdf>
Package pdftex.def Info: RESPONSE_R34.pdf  used on input line 20.
(pdftex.def)             Requested size: 487.8213pt x 704.6308pt.
<RESPONSE_R34.pdf, id=366, page=1, 487.8225pt x 704.6325pt>
File: RESPONSE_R34.pdf Graphic file (type pdf)
<use RESPONSE_R34.pdf, page 1>
Package pdftex.def Info: RESPONSE_R34.pdf , page1 used on input line 20.
(pdftex.def)             Requested size: 487.8213pt x 704.6308pt.
File: RESPONSE_R34.pdf Graphic file (type pdf)
<use RESPONSE_R34.pdf, page 1>
Package pdftex.def Info: RESPONSE_R34.pdf , page1 used on input line 20.
(pdftex.def)             Requested size: 585.55527pt x 845.8021pt.
File: RESPONSE_R34.pdf Graphic file (type pdf)
<use RESPONSE_R34.pdf, page 1>
Package pdftex.def Info: RESPONSE_R34.pdf , page1 used on input line 20.
(pdftex.def)             Requested size: 585.55527pt x 845.8021pt.
File: RESPONSE_R34.pdf Graphic file (type pdf)
<use RESPONSE_R34.pdf, page 1>
Package pdftex.def Info: RESPONSE_R34.pdf , page1 used on input line 20.
(pdftex.def)             Requested size: 585.55527pt x 845.8021pt.
File: RESPONSE_R34.pdf Graphic file (type pdf)
<use RESPONSE_R34.pdf, page 1>
Package pdftex.def Info: RESPONSE_R34.pdf , page1 used on input line 20.
(pdftex.def)             Requested size: 585.55527pt x 845.8021pt.
 [36

 <./RESPONSE_R34.pdf>]
<RESPONSE_R34.pdf, id=396, page=2, 487.8225pt x 704.6325pt>
File: RESPONSE_R34.pdf Graphic file (type pdf)
<use RESPONSE_R34.pdf, page 2>
Package pdftex.def Info: RESPONSE_R34.pdf , page2 used on input line 20.
(pdftex.def)             Requested size: 585.55527pt x 845.8021pt.
File: RESPONSE_R34.pdf Graphic file (type pdf)
<use RESPONSE_R34.pdf, page 2>
Package pdftex.def Info: RESPONSE_R34.pdf , page2 used on input line 20.
(pdftex.def)             Requested size: 585.55527pt x 845.8021pt.
File: RESPONSE_R34.pdf Graphic file (type pdf)
<use RESPONSE_R34.pdf, page 2>
Package pdftex.def Info: RESPONSE_R34.pdf , page2 used on input line 20.
(pdftex.def)             Requested size: 585.55527pt x 845.8021pt.

[37

 <./RESPONSE_R34.pdf>]
<RESPONSE_R34.pdf, id=406, page=3, 487.8225pt x 704.6325pt>
File: RESPONSE_R34.pdf Graphic file (type pdf)
<use RESPONSE_R34.pdf, page 3>
Package pdftex.def Info: RESPONSE_R34.pdf , page3 used on input line 20.
(pdftex.def)             Requested size: 585.55527pt x 845.8021pt.
File: RESPONSE_R34.pdf Graphic file (type pdf)
<use RESPONSE_R34.pdf, page 3>
Package pdftex.def Info: RESPONSE_R34.pdf , page3 used on input line 20.
(pdftex.def)             Requested size: 585.55527pt x 845.8021pt.
File: RESPONSE_R34.pdf Graphic file (type pdf)
<use RESPONSE_R34.pdf, page 3>
Package pdftex.def Info: RESPONSE_R34.pdf , page3 used on input line 20.
(pdftex.def)             Requested size: 585.55527pt x 845.8021pt.
 [38

 <./RESPONSE_R34.pdf>]
<RESPONSE_R34.pdf, id=411, page=4, 487.8225pt x 704.6325pt>
File: RESPONSE_R34.pdf Graphic file (type pdf)
<use RESPONSE_R34.pdf, page 4>
Package pdftex.def Info: RESPONSE_R34.pdf , page4 used on input line 20.
(pdftex.def)             Requested size: 585.55527pt x 845.8021pt.
File: RESPONSE_R34.pdf Graphic file (type pdf)
<use RESPONSE_R34.pdf, page 4>
Package pdftex.def Info: RESPONSE_R34.pdf , page4 used on input line 20.
(pdftex.def)             Requested size: 585.55527pt x 845.8021pt.
File: RESPONSE_R34.pdf Graphic file (type pdf)
<use RESPONSE_R34.pdf, page 4>
Package pdftex.def Info: RESPONSE_R34.pdf , page4 used on input line 20.
(pdftex.def)             Requested size: 585.55527pt x 845.8021pt.
 [39

 <./RESPONSE_R34.pdf>]
<RESPONSE_R34.pdf, id=416, page=5, 487.8225pt x 704.6325pt>
File: RESPONSE_R34.pdf Graphic file (type pdf)
<use RESPONSE_R34.pdf, page 5>
Package pdftex.def Info: RESPONSE_R34.pdf , page5 used on input line 20.
(pdftex.def)             Requested size: 585.55527pt x 845.8021pt.
File: RESPONSE_R34.pdf Graphic file (type pdf)
<use RESPONSE_R34.pdf, page 5>
Package pdftex.def Info: RESPONSE_R34.pdf , page5 used on input line 20.
(pdftex.def)             Requested size: 585.55527pt x 845.8021pt.
File: RESPONSE_R34.pdf Graphic file (type pdf)
<use RESPONSE_R34.pdf, page 5>
Package pdftex.def Info: RESPONSE_R34.pdf , page5 used on input line 20.
(pdftex.def)             Requested size: 585.55527pt x 845.8021pt.

[40

 <./RESPONSE_R34.pdf>]
<RESPONSE_R34.pdf, id=421, page=6, 487.8225pt x 704.6325pt>
File: RESPONSE_R34.pdf Graphic file (type pdf)
<use RESPONSE_R34.pdf, page 6>
Package pdftex.def Info: RESPONSE_R34.pdf , page6 used on input line 20.
(pdftex.def)             Requested size: 585.55527pt x 845.8021pt.
File: RESPONSE_R34.pdf Graphic file (type pdf)
<use RESPONSE_R34.pdf, page 6>
Package pdftex.def Info: RESPONSE_R34.pdf , page6 used on input line 20.
(pdftex.def)             Requested size: 585.55527pt x 845.8021pt.
File: RESPONSE_R34.pdf Graphic file (type pdf)
<use RESPONSE_R34.pdf, page 6>
Package pdftex.def Info: RESPONSE_R34.pdf , page6 used on input line 20.
(pdftex.def)             Requested size: 585.55527pt x 845.8021pt.
 [41

 <./RESPONSE_R34.pdf>]
<COMPUTATION_R34.pdf, id=426, 487.8225pt x 704.6325pt>
File: COMPUTATION_R34.pdf Graphic file (type pdf)
<use COMPUTATION_R34.pdf>
Package pdftex.def Info: COMPUTATION_R34.pdf  used on input line 21.
(pdftex.def)             Requested size: 487.8213pt x 704.6308pt.
File: COMPUTATION_R34.pdf Graphic file (type pdf)
<use COMPUTATION_R34.pdf>
Package pdftex.def Info: COMPUTATION_R34.pdf  used on input line 21.
(pdftex.def)             Requested size: 487.8213pt x 704.6308pt.
<COMPUTATION_R34.pdf, id=429, page=1, 487.8225pt x 704.6325pt>
File: COMPUTATION_R34.pdf Graphic file (type pdf)
<use COMPUTATION_R34.pdf, page 1>
Package pdftex.def Info: COMPUTATION_R34.pdf , page1 used on input line 21.
(pdftex.def)             Requested size: 487.8213pt x 704.6308pt.
File: COMPUTATION_R34.pdf Graphic file (type pdf)
<use COMPUTATION_R34.pdf, page 1>
Package pdftex.def Info: COMPUTATION_R34.pdf , page1 used on input line 21.
(pdftex.def)             Requested size: 585.55527pt x 845.8021pt.
File: COMPUTATION_R34.pdf Graphic file (type pdf)
<use COMPUTATION_R34.pdf, page 1>
Package pdftex.def Info: COMPUTATION_R34.pdf , page1 used on input line 21.
(pdftex.def)             Requested size: 585.55527pt x 845.8021pt.
File: COMPUTATION_R34.pdf Graphic file (type pdf)
<use COMPUTATION_R34.pdf, page 1>
Package pdftex.def Info: COMPUTATION_R34.pdf , page1 used on input line 21.
(pdftex.def)             Requested size: 585.55527pt x 845.8021pt.
File: COMPUTATION_R34.pdf Graphic file (type pdf)
<use COMPUTATION_R34.pdf, page 1>
Package pdftex.def Info: COMPUTATION_R34.pdf , page1 used on input line 21.
(pdftex.def)             Requested size: 585.55527pt x 845.8021pt.
 [42

 <./COMPUTATION_R34.pdf>]
<COMPUTATION_R34.pdf, id=455, page=2, 487.8225pt x 704.6325pt>
File: COMPUTATION_R34.pdf Graphic file (type pdf)
<use COMPUTATION_R34.pdf, page 2>
Package pdftex.def Info: COMPUTATION_R34.pdf , page2 used on input line 21.
(pdftex.def)             Requested size: 585.55527pt x 845.8021pt.
File: COMPUTATION_R34.pdf Graphic file (type pdf)
<use COMPUTATION_R34.pdf, page 2>
Package pdftex.def Info: COMPUTATION_R34.pdf , page2 used on input line 21.
(pdftex.def)             Requested size: 585.55527pt x 845.8021pt.
File: COMPUTATION_R34.pdf Graphic file (type pdf)
<use COMPUTATION_R34.pdf, page 2>
Package pdftex.def Info: COMPUTATION_R34.pdf , page2 used on input line 21.
(pdftex.def)             Requested size: 585.55527pt x 845.8021pt.
 [43

 <./COMPUTATION_R34.pdf>]
<COMPUTATION_R34.pdf, id=461, page=3, 487.8225pt x 704.6325pt>
File: COMPUTATION_R34.pdf Graphic file (type pdf)
<use COMPUTATION_R34.pdf, page 3>
Package pdftex.def Info: COMPUTATION_R34.pdf , page3 used on input line 21.
(pdftex.def)             Requested size: 585.55527pt x 845.8021pt.
File: COMPUTATION_R34.pdf Graphic file (type pdf)
<use COMPUTATION_R34.pdf, page 3>
Package pdftex.def Info: COMPUTATION_R34.pdf , page3 used on input line 21.
(pdftex.def)             Requested size: 585.55527pt x 845.8021pt.
File: COMPUTATION_R34.pdf Graphic file (type pdf)
<use COMPUTATION_R34.pdf, page 3>
Package pdftex.def Info: COMPUTATION_R34.pdf , page3 used on input line 21.
(pdftex.def)             Requested size: 585.55527pt x 845.8021pt.
 [44

 <./COMPUTATION_R34.pdf>]
<HISTORY_R34.pdf, id=466, 614.295pt x 794.97pt>
File: HISTORY_R34.pdf Graphic file (type pdf)
<use HISTORY_R34.pdf>
Package pdftex.def Info: HISTORY_R34.pdf  used on input line 22.
(pdftex.def)             Requested size: 614.29349pt x 794.96806pt.
File: HISTORY_R34.pdf Graphic file (type pdf)
<use HISTORY_R34.pdf>
Package pdftex.def Info: HISTORY_R34.pdf  used on input line 22.
(pdftex.def)             Requested size: 614.29349pt x 794.96806pt.
<HISTORY_R34.pdf, id=469, page=1, 614.295pt x 794.97pt>
File: HISTORY_R34.pdf Graphic file (type pdf)
<use HISTORY_R34.pdf, page 1>
Package pdftex.def Info: HISTORY_R34.pdf , page1 used on input line 22.
(pdftex.def)             Requested size: 614.29349pt x 794.96806pt.
File: HISTORY_R34.pdf Graphic file (type pdf)
<use HISTORY_R34.pdf, page 1>
Package pdftex.def Info: HISTORY_R34.pdf , page1 used on input line 22.
(pdftex.def)             Requested size: 597.78697pt x 773.60669pt.
File: HISTORY_R34.pdf Graphic file (type pdf)
<use HISTORY_R34.pdf, page 1>
Package pdftex.def Info: HISTORY_R34.pdf , page1 used on input line 22.
(pdftex.def)             Requested size: 597.78697pt x 773.60669pt.
File: HISTORY_R34.pdf Graphic file (type pdf)
<use HISTORY_R34.pdf, page 1>
Package pdftex.def Info: HISTORY_R34.pdf , page1 used on input line 22.
(pdftex.def)             Requested size: 597.78697pt x 773.60669pt.
File: HISTORY_R34.pdf Graphic file (type pdf)
<use HISTORY_R34.pdf, page 1>
Package pdftex.def Info: HISTORY_R34.pdf , page1 used on input line 22.
(pdftex.def)             Requested size: 597.78697pt x 773.60669pt.
 [45

 <./HISTORY_R34.pdf>]
<HISTORY_R34.pdf, id=485, page=2, 614.295pt x 794.97pt>
File: HISTORY_R34.pdf Graphic file (type pdf)
<use HISTORY_R34.pdf, page 2>
Package pdftex.def Info: HISTORY_R34.pdf , page2 used on input line 22.
(pdftex.def)             Requested size: 597.78697pt x 773.60669pt.
File: HISTORY_R34.pdf Graphic file (type pdf)
<use HISTORY_R34.pdf, page 2>
Package pdftex.def Info: HISTORY_R34.pdf , page2 used on input line 22.
(pdftex.def)             Requested size: 597.78697pt x 773.60669pt.
File: HISTORY_R34.pdf Graphic file (type pdf)
<use HISTORY_R34.pdf, page 2>
Package pdftex.def Info: HISTORY_R34.pdf , page2 used on input line 22.
(pdftex.def)             Requested size: 597.78697pt x 773.60669pt.
 [46

 <./HISTORY_R34.pdf>]
<HISTORY_R34.pdf, id=499, page=3, 614.295pt x 794.97pt>
File: HISTORY_R34.pdf Graphic file (type pdf)
<use HISTORY_R34.pdf, page 3>
Package pdftex.def Info: HISTORY_R34.pdf , page3 used on input line 22.
(pdftex.def)             Requested size: 597.78697pt x 773.60669pt.
File: HISTORY_R34.pdf Graphic file (type pdf)
<use HISTORY_R34.pdf, page 3>
Package pdftex.def Info: HISTORY_R34.pdf , page3 used on input line 22.
(pdftex.def)             Requested size: 597.78697pt x 773.60669pt.
File: HISTORY_R34.pdf Graphic file (type pdf)
<use HISTORY_R34.pdf, page 3>
Package pdftex.def Info: HISTORY_R34.pdf , page3 used on input line 22.
(pdftex.def)             Requested size: 597.78697pt x 773.60669pt.
 [47

 <./HISTORY_R34.pdf>]
<HISTORY_R34.pdf, id=512, page=4, 614.295pt x 794.97pt>
File: HISTORY_R34.pdf Graphic file (type pdf)
<use HISTORY_R34.pdf, page 4>
Package pdftex.def Info: HISTORY_R34.pdf , page4 used on input line 22.
(pdftex.def)             Requested size: 597.78697pt x 773.60669pt.
File: HISTORY_R34.pdf Graphic file (type pdf)
<use HISTORY_R34.pdf, page 4>
Package pdftex.def Info: HISTORY_R34.pdf , page4 used on input line 22.
(pdftex.def)             Requested size: 597.78697pt x 773.60669pt.
File: HISTORY_R34.pdf Graphic file (type pdf)
<use HISTORY_R34.pdf, page 4>
Package pdftex.def Info: HISTORY_R34.pdf , page4 used on input line 22.
(pdftex.def)             Requested size: 597.78697pt x 773.60669pt.
 [48

 <./HISTORY_R34.pdf>]
<HISTORY_R34.pdf, id=594, page=5, 614.295pt x 794.97pt>
File: HISTORY_R34.pdf Graphic file (type pdf)
<use HISTORY_R34.pdf, page 5>
Package pdftex.def Info: HISTORY_R34.pdf , page5 used on input line 22.
(pdftex.def)             Requested size: 597.78697pt x 773.60669pt.
File: HISTORY_R34.pdf Graphic file (type pdf)
<use HISTORY_R34.pdf, page 5>
Package pdftex.def Info: HISTORY_R34.pdf , page5 used on input line 22.
(pdftex.def)             Requested size: 597.78697pt x 773.60669pt.
File: HISTORY_R34.pdf Graphic file (type pdf)
<use HISTORY_R34.pdf, page 5>
Package pdftex.def Info: HISTORY_R34.pdf , page5 used on input line 22.
(pdftex.def)             Requested size: 597.78697pt x 773.60669pt.
 [49

 <./HISTORY_R34.pdf>]
<HISTORY_R34.pdf, id=601, page=6, 614.295pt x 794.97pt>
File: HISTORY_R34.pdf Graphic file (type pdf)
<use HISTORY_R34.pdf, page 6>
Package pdftex.def Info: HISTORY_R34.pdf , page6 used on input line 22.
(pdftex.def)             Requested size: 597.78697pt x 773.60669pt.
File: HISTORY_R34.pdf Graphic file (type pdf)
<use HISTORY_R34.pdf, page 6>
Package pdftex.def Info: HISTORY_R34.pdf , page6 used on input line 22.
(pdftex.def)             Requested size: 597.78697pt x 773.60669pt.
File: HISTORY_R34.pdf Graphic file (type pdf)
<use HISTORY_R34.pdf, page 6>
Package pdftex.def Info: HISTORY_R34.pdf , page6 used on input line 22.
(pdftex.def)             Requested size: 597.78697pt x 773.60669pt.
 [50

 <./HISTORY_R34.pdf>]
<HISTORY_R34.pdf, id=607, page=7, 614.295pt x 794.97pt>
File: HISTORY_R34.pdf Graphic file (type pdf)
<use HISTORY_R34.pdf, page 7>
Package pdftex.def Info: HISTORY_R34.pdf , page7 used on input line 22.
(pdftex.def)             Requested size: 597.78697pt x 773.60669pt.
File: HISTORY_R34.pdf Graphic file (type pdf)
<use HISTORY_R34.pdf, page 7>
Package pdftex.def Info: HISTORY_R34.pdf , page7 used on input line 22.
(pdftex.def)             Requested size: 597.78697pt x 773.60669pt.
File: HISTORY_R34.pdf Graphic file (type pdf)
<use HISTORY_R34.pdf, page 7>
Package pdftex.def Info: HISTORY_R34.pdf , page7 used on input line 22.
(pdftex.def)             Requested size: 597.78697pt x 773.60669pt.
 [51

 <./HISTORY_R34.pdf>]
<HISTORY_R34.pdf, id=620, page=8, 614.295pt x 794.97pt>
File: HISTORY_R34.pdf Graphic file (type pdf)
<use HISTORY_R34.pdf, page 8>
Package pdftex.def Info: HISTORY_R34.pdf , page8 used on input line 22.
(pdftex.def)             Requested size: 597.78697pt x 773.60669pt.
File: HISTORY_R34.pdf Graphic file (type pdf)
<use HISTORY_R34.pdf, page 8>
Package pdftex.def Info: HISTORY_R34.pdf , page8 used on input line 22.
(pdftex.def)             Requested size: 597.78697pt x 773.60669pt.
File: HISTORY_R34.pdf Graphic file (type pdf)
<use HISTORY_R34.pdf, page 8>
Package pdftex.def Info: HISTORY_R34.pdf , page8 used on input line 22.
(pdftex.def)             Requested size: 597.78697pt x 773.60669pt.

[52

 <./HISTORY_R34.pdf>]
<HISTORY_R34.pdf, id=633, page=9, 614.295pt x 794.97pt>
File: HISTORY_R34.pdf Graphic file (type pdf)
<use HISTORY_R34.pdf, page 9>
Package pdftex.def Info: HISTORY_R34.pdf , page9 used on input line 22.
(pdftex.def)             Requested size: 597.78697pt x 773.60669pt.
File: HISTORY_R34.pdf Graphic file (type pdf)
<use HISTORY_R34.pdf, page 9>
Package pdftex.def Info: HISTORY_R34.pdf , page9 used on input line 22.
(pdftex.def)             Requested size: 597.78697pt x 773.60669pt.
File: HISTORY_R34.pdf Graphic file (type pdf)
<use HISTORY_R34.pdf, page 9>
Package pdftex.def Info: HISTORY_R34.pdf , page9 used on input line 22.
(pdftex.def)             Requested size: 597.78697pt x 773.60669pt.
 [53

 <./HISTORY_R34.pdf>]
<HISTORY_R34.pdf, id=639, page=10, 614.295pt x 794.97pt>
File: HISTORY_R34.pdf Graphic file (type pdf)
<use HISTORY_R34.pdf, page 10>
Package pdftex.def Info: HISTORY_R34.pdf , page10 used on input line 22.
(pdftex.def)             Requested size: 597.78697pt x 773.60669pt.
File: HISTORY_R34.pdf Graphic file (type pdf)
<use HISTORY_R34.pdf, page 10>
Package pdftex.def Info: HISTORY_R34.pdf , page10 used on input line 22.
(pdftex.def)             Requested size: 597.78697pt x 773.60669pt.
File: HISTORY_R34.pdf Graphic file (type pdf)
<use HISTORY_R34.pdf, page 10>
Package pdftex.def Info: HISTORY_R34.pdf , page10 used on input line 22.
(pdftex.def)             Requested size: 597.78697pt x 773.60669pt.
 [54

 <./HISTORY_R34.pdf>]
<HISTORY_R34.pdf, id=652, page=11, 614.295pt x 794.97pt>
File: HISTORY_R34.pdf Graphic file (type pdf)
<use HISTORY_R34.pdf, page 11>
Package pdftex.def Info: HISTORY_R34.pdf , page11 used on input line 22.
(pdftex.def)             Requested size: 597.78697pt x 773.60669pt.
File: HISTORY_R34.pdf Graphic file (type pdf)
<use HISTORY_R34.pdf, page 11>
Package pdftex.def Info: HISTORY_R34.pdf , page11 used on input line 22.
(pdftex.def)             Requested size: 597.78697pt x 773.60669pt.
File: HISTORY_R34.pdf Graphic file (type pdf)
<use HISTORY_R34.pdf, page 11>
Package pdftex.def Info: HISTORY_R34.pdf , page11 used on input line 22.
(pdftex.def)             Requested size: 597.78697pt x 773.60669pt.

[55

 <./HISTORY_R34.pdf>]
<HISTORY_R34.pdf, id=666, page=12, 614.295pt x 794.97pt>
File: HISTORY_R34.pdf Graphic file (type pdf)
<use HISTORY_R34.pdf, page 12>
Package pdftex.def Info: HISTORY_R34.pdf , page12 used on input line 22.
(pdftex.def)             Requested size: 597.78697pt x 773.60669pt.
File: HISTORY_R34.pdf Graphic file (type pdf)
<use HISTORY_R34.pdf, page 12>
Package pdftex.def Info: HISTORY_R34.pdf , page12 used on input line 22.
(pdftex.def)             Requested size: 597.78697pt x 773.60669pt.
File: HISTORY_R34.pdf Graphic file (type pdf)
<use HISTORY_R34.pdf, page 12>
Package pdftex.def Info: HISTORY_R34.pdf , page12 used on input line 22.
(pdftex.def)             Requested size: 597.78697pt x 773.60669pt.
 [56

 <./HISTORY_R34.pdf>]
<HISTORY_R34.pdf, id=672, page=13, 614.295pt x 794.97pt>
File: HISTORY_R34.pdf Graphic file (type pdf)
<use HISTORY_R34.pdf, page 13>
Package pdftex.def Info: HISTORY_R34.pdf , page13 used on input line 22.
(pdftex.def)             Requested size: 597.78697pt x 773.60669pt.
File: HISTORY_R34.pdf Graphic file (type pdf)
<use HISTORY_R34.pdf, page 13>
Package pdftex.def Info: HISTORY_R34.pdf , page13 used on input line 22.
(pdftex.def)             Requested size: 597.78697pt x 773.60669pt.
File: HISTORY_R34.pdf Graphic file (type pdf)
<use HISTORY_R34.pdf, page 13>
Package pdftex.def Info: HISTORY_R34.pdf , page13 used on input line 22.
(pdftex.def)             Requested size: 597.78697pt x 773.60669pt.
 [57

 <./HISTORY_R34.pdf>]
<HISTORY_R34.pdf, id=679, page=14, 614.295pt x 794.97pt>
File: HISTORY_R34.pdf Graphic file (type pdf)
<use HISTORY_R34.pdf, page 14>
Package pdftex.def Info: HISTORY_R34.pdf , page14 used on input line 22.
(pdftex.def)             Requested size: 597.78697pt x 773.60669pt.
File: HISTORY_R34.pdf Graphic file (type pdf)
<use HISTORY_R34.pdf, page 14>
Package pdftex.def Info: HISTORY_R34.pdf , page14 used on input line 22.
(pdftex.def)             Requested size: 597.78697pt x 773.60669pt.
File: HISTORY_R34.pdf Graphic file (type pdf)
<use HISTORY_R34.pdf, page 14>
Package pdftex.def Info: HISTORY_R34.pdf , page14 used on input line 22.
(pdftex.def)             Requested size: 597.78697pt x 773.60669pt.

[58

 <./HISTORY_R34.pdf>]
<HISTORY_R34.pdf, id=685, page=15, 614.295pt x 794.97pt>
File: HISTORY_R34.pdf Graphic file (type pdf)
<use HISTORY_R34.pdf, page 15>
Package pdftex.def Info: HISTORY_R34.pdf , page15 used on input line 22.
(pdftex.def)             Requested size: 597.78697pt x 773.60669pt.
File: HISTORY_R34.pdf Graphic file (type pdf)
<use HISTORY_R34.pdf, page 15>
Package pdftex.def Info: HISTORY_R34.pdf , page15 used on input line 22.
(pdftex.def)             Requested size: 597.78697pt x 773.60669pt.
File: HISTORY_R34.pdf Graphic file (type pdf)
<use HISTORY_R34.pdf, page 15>
Package pdftex.def Info: HISTORY_R34.pdf , page15 used on input line 22.
(pdftex.def)             Requested size: 597.78697pt x 773.60669pt.
 [59

 <./HISTORY_R34.pdf>]
<HISTORY_R34.pdf, id=716, page=16, 614.295pt x 794.97pt>
File: HISTORY_R34.pdf Graphic file (type pdf)
<use HISTORY_R34.pdf, page 16>
Package pdftex.def Info: HISTORY_R34.pdf , page16 used on input line 22.
(pdftex.def)             Requested size: 597.78697pt x 773.60669pt.
File: HISTORY_R34.pdf Graphic file (type pdf)
<use HISTORY_R34.pdf, page 16>
Package pdftex.def Info: HISTORY_R34.pdf , page16 used on input line 22.
(pdftex.def)             Requested size: 597.78697pt x 773.60669pt.
File: HISTORY_R34.pdf Graphic file (type pdf)
<use HISTORY_R34.pdf, page 16>
Package pdftex.def Info: HISTORY_R34.pdf , page16 used on input line 22.
(pdftex.def)             Requested size: 597.78697pt x 773.60669pt.
 [60

 <./HISTORY_R34.pdf>]
<HISTORY_R34.pdf, id=733, page=17, 614.295pt x 794.97pt>
File: HISTORY_R34.pdf Graphic file (type pdf)
<use HISTORY_R34.pdf, page 17>
Package pdftex.def Info: HISTORY_R34.pdf , page17 used on input line 22.
(pdftex.def)             Requested size: 597.78697pt x 773.60669pt.
File: HISTORY_R34.pdf Graphic file (type pdf)
<use HISTORY_R34.pdf, page 17>
Package pdftex.def Info: HISTORY_R34.pdf , page17 used on input line 22.
(pdftex.def)             Requested size: 597.78697pt x 773.60669pt.
File: HISTORY_R34.pdf Graphic file (type pdf)
<use HISTORY_R34.pdf, page 17>
Package pdftex.def Info: HISTORY_R34.pdf , page17 used on input line 22.
(pdftex.def)             Requested size: 597.78697pt x 773.60669pt.

[61

 <./HISTORY_R34.pdf>]
<HISTORY_R34.pdf, id=744, page=18, 614.295pt x 794.97pt>
File: HISTORY_R34.pdf Graphic file (type pdf)
<use HISTORY_R34.pdf, page 18>
Package pdftex.def Info: HISTORY_R34.pdf , page18 used on input line 22.
(pdftex.def)             Requested size: 597.78697pt x 773.60669pt.
File: HISTORY_R34.pdf Graphic file (type pdf)
<use HISTORY_R34.pdf, page 18>
Package pdftex.def Info: HISTORY_R34.pdf , page18 used on input line 22.
(pdftex.def)             Requested size: 597.78697pt x 773.60669pt.
File: HISTORY_R34.pdf Graphic file (type pdf)
<use HISTORY_R34.pdf, page 18>
Package pdftex.def Info: HISTORY_R34.pdf , page18 used on input line 22.
(pdftex.def)             Requested size: 597.78697pt x 773.60669pt.
 [62

 <./HISTORY_R34.pdf>]
<HISTORY_R34.pdf, id=762, page=19, 614.295pt x 794.97pt>
File: HISTORY_R34.pdf Graphic file (type pdf)
<use HISTORY_R34.pdf, page 19>
Package pdftex.def Info: HISTORY_R34.pdf , page19 used on input line 22.
(pdftex.def)             Requested size: 597.78697pt x 773.60669pt.
File: HISTORY_R34.pdf Graphic file (type pdf)
<use HISTORY_R34.pdf, page 19>
Package pdftex.def Info: HISTORY_R34.pdf , page19 used on input line 22.
(pdftex.def)             Requested size: 597.78697pt x 773.60669pt.
File: HISTORY_R34.pdf Graphic file (type pdf)
<use HISTORY_R34.pdf, page 19>
Package pdftex.def Info: HISTORY_R34.pdf , page19 used on input line 22.
(pdftex.def)             Requested size: 597.78697pt x 773.60669pt.
 [63

 <./HISTORY_R34.pdf>]
<HISTORY_R34.pdf, id=768, page=20, 614.295pt x 794.97pt>
File: HISTORY_R34.pdf Graphic file (type pdf)
<use HISTORY_R34.pdf, page 20>
Package pdftex.def Info: HISTORY_R34.pdf , page20 used on input line 22.
(pdftex.def)             Requested size: 597.78697pt x 773.60669pt.
File: HISTORY_R34.pdf Graphic file (type pdf)
<use HISTORY_R34.pdf, page 20>
Package pdftex.def Info: HISTORY_R34.pdf , page20 used on input line 22.
(pdftex.def)             Requested size: 597.78697pt x 773.60669pt.
File: HISTORY_R34.pdf Graphic file (type pdf)
<use HISTORY_R34.pdf, page 20>
Package pdftex.def Info: HISTORY_R34.pdf , page20 used on input line 22.
(pdftex.def)             Requested size: 597.78697pt x 773.60669pt.

[64

 <./HISTORY_R34.pdf>]
<HISTORY_R34.pdf, id=774, page=21, 614.295pt x 794.97pt>
File: HISTORY_R34.pdf Graphic file (type pdf)
<use HISTORY_R34.pdf, page 21>
Package pdftex.def Info: HISTORY_R34.pdf , page21 used on input line 22.
(pdftex.def)             Requested size: 597.78697pt x 773.60669pt.
File: HISTORY_R34.pdf Graphic file (type pdf)
<use HISTORY_R34.pdf, page 21>
Package pdftex.def Info: HISTORY_R34.pdf , page21 used on input line 22.
(pdftex.def)             Requested size: 597.78697pt x 773.60669pt.
File: HISTORY_R34.pdf Graphic file (type pdf)
<use HISTORY_R34.pdf, page 21>
Package pdftex.def Info: HISTORY_R34.pdf , page21 used on input line 22.
(pdftex.def)             Requested size: 597.78697pt x 773.60669pt.
 [65

 <./HISTORY_R34.pdf>]
<HISTORY_R34.pdf, id=780, page=22, 614.295pt x 794.97pt>
File: HISTORY_R34.pdf Graphic file (type pdf)
<use HISTORY_R34.pdf, page 22>
Package pdftex.def Info: HISTORY_R34.pdf , page22 used on input line 22.
(pdftex.def)             Requested size: 597.78697pt x 773.60669pt.
File: HISTORY_R34.pdf Graphic file (type pdf)
<use HISTORY_R34.pdf, page 22>
Package pdftex.def Info: HISTORY_R34.pdf , page22 used on input line 22.
(pdftex.def)             Requested size: 597.78697pt x 773.60669pt.
File: HISTORY_R34.pdf Graphic file (type pdf)
<use HISTORY_R34.pdf, page 22>
Package pdftex.def Info: HISTORY_R34.pdf , page22 used on input line 22.
(pdftex.def)             Requested size: 597.78697pt x 773.60669pt.
 [66

 <./HISTORY_R34.pdf>]
<HISTORY_R34.pdf, id=811, page=23, 614.295pt x 794.97pt>
File: HISTORY_R34.pdf Graphic file (type pdf)
<use HISTORY_R34.pdf, page 23>
Package pdftex.def Info: HISTORY_R34.pdf , page23 used on input line 22.
(pdftex.def)             Requested size: 597.78697pt x 773.60669pt.
File: HISTORY_R34.pdf Graphic file (type pdf)
<use HISTORY_R34.pdf, page 23>
Package pdftex.def Info: HISTORY_R34.pdf , page23 used on input line 22.
(pdftex.def)             Requested size: 597.78697pt x 773.60669pt.
File: HISTORY_R34.pdf Graphic file (type pdf)
<use HISTORY_R34.pdf, page 23>
Package pdftex.def Info: HISTORY_R34.pdf , page23 used on input line 22.
(pdftex.def)             Requested size: 597.78697pt x 773.60669pt.

[67

 <./HISTORY_R34.pdf>]
<HISTORY_R34.pdf, id=826, page=24, 614.295pt x 794.97pt>
File: HISTORY_R34.pdf Graphic file (type pdf)
<use HISTORY_R34.pdf, page 24>
Package pdftex.def Info: HISTORY_R34.pdf , page24 used on input line 22.
(pdftex.def)             Requested size: 597.78697pt x 773.60669pt.
File: HISTORY_R34.pdf Graphic file (type pdf)
<use HISTORY_R34.pdf, page 24>
Package pdftex.def Info: HISTORY_R34.pdf , page24 used on input line 22.
(pdftex.def)             Requested size: 597.78697pt x 773.60669pt.
File: HISTORY_R34.pdf Graphic file (type pdf)
<use HISTORY_R34.pdf, page 24>
Package pdftex.def Info: HISTORY_R34.pdf , page24 used on input line 22.
(pdftex.def)             Requested size: 597.78697pt x 773.60669pt.
 [68

 <./HISTORY_R34.pdf>]
<HISTORY_R34.pdf, id=832, page=25, 614.295pt x 794.97pt>
File: HISTORY_R34.pdf Graphic file (type pdf)
<use HISTORY_R34.pdf, page 25>
Package pdftex.def Info: HISTORY_R34.pdf , page25 used on input line 22.
(pdftex.def)             Requested size: 597.78697pt x 773.60669pt.
File: HISTORY_R34.pdf Graphic file (type pdf)
<use HISTORY_R34.pdf, page 25>
Package pdftex.def Info: HISTORY_R34.pdf , page25 used on input line 22.
(pdftex.def)             Requested size: 597.78697pt x 773.60669pt.
File: HISTORY_R34.pdf Graphic file (type pdf)
<use HISTORY_R34.pdf, page 25>
Package pdftex.def Info: HISTORY_R34.pdf , page25 used on input line 22.
(pdftex.def)             Requested size: 597.78697pt x 773.60669pt.
 [69

 <./HISTORY_R34.pdf>]
<HISTORY_R34.pdf, id=839, page=26, 614.295pt x 794.97pt>
File: HISTORY_R34.pdf Graphic file (type pdf)
<use HISTORY_R34.pdf, page 26>
Package pdftex.def Info: HISTORY_R34.pdf , page26 used on input line 22.
(pdftex.def)             Requested size: 597.78697pt x 773.60669pt.
File: HISTORY_R34.pdf Graphic file (type pdf)
<use HISTORY_R34.pdf, page 26>
Package pdftex.def Info: HISTORY_R34.pdf , page26 used on input line 22.
(pdftex.def)             Requested size: 597.78697pt x 773.60669pt.
File: HISTORY_R34.pdf Graphic file (type pdf)
<use HISTORY_R34.pdf, page 26>
Package pdftex.def Info: HISTORY_R34.pdf , page26 used on input line 22.
(pdftex.def)             Requested size: 597.78697pt x 773.60669pt.

[70

 <./HISTORY_R34.pdf>]
<HISTORY_R34.pdf, id=854, page=27, 614.295pt x 794.97pt>
File: HISTORY_R34.pdf Graphic file (type pdf)
<use HISTORY_R34.pdf, page 27>
Package pdftex.def Info: HISTORY_R34.pdf , page27 used on input line 22.
(pdftex.def)             Requested size: 597.78697pt x 773.60669pt.
File: HISTORY_R34.pdf Graphic file (type pdf)
<use HISTORY_R34.pdf, page 27>
Package pdftex.def Info: HISTORY_R34.pdf , page27 used on input line 22.
(pdftex.def)             Requested size: 597.78697pt x 773.60669pt.
File: HISTORY_R34.pdf Graphic file (type pdf)
<use HISTORY_R34.pdf, page 27>
Package pdftex.def Info: HISTORY_R34.pdf , page27 used on input line 22.
(pdftex.def)             Requested size: 597.78697pt x 773.60669pt.
 [71

 <./HISTORY_R34.pdf>]
<HISTORY_R34.pdf, id=860, page=28, 614.295pt x 794.97pt>
File: HISTORY_R34.pdf Graphic file (type pdf)
<use HISTORY_R34.pdf, page 28>
Package pdftex.def Info: HISTORY_R34.pdf , page28 used on input line 22.
(pdftex.def)             Requested size: 597.78697pt x 773.60669pt.
File: HISTORY_R34.pdf Graphic file (type pdf)
<use HISTORY_R34.pdf, page 28>
Package pdftex.def Info: HISTORY_R34.pdf , page28 used on input line 22.
(pdftex.def)             Requested size: 597.78697pt x 773.60669pt.
File: HISTORY_R34.pdf Graphic file (type pdf)
<use HISTORY_R34.pdf, page 28>
Package pdftex.def Info: HISTORY_R34.pdf , page28 used on input line 22.
(pdftex.def)             Requested size: 597.78697pt x 773.60669pt.
 [72

 <./HISTORY_R34.pdf>]
<HISTORY_R34.pdf, id=879, page=29, 614.295pt x 794.97pt>
File: HISTORY_R34.pdf Graphic file (type pdf)
<use HISTORY_R34.pdf, page 29>
Package pdftex.def Info: HISTORY_R34.pdf , page29 used on input line 22.
(pdftex.def)             Requested size: 597.78697pt x 773.60669pt.
File: HISTORY_R34.pdf Graphic file (type pdf)
<use HISTORY_R34.pdf, page 29>
Package pdftex.def Info: HISTORY_R34.pdf , page29 used on input line 22.
(pdftex.def)             Requested size: 597.78697pt x 773.60669pt.
File: HISTORY_R34.pdf Graphic file (type pdf)
<use HISTORY_R34.pdf, page 29>
Package pdftex.def Info: HISTORY_R34.pdf , page29 used on input line 22.
(pdftex.def)             Requested size: 597.78697pt x 773.60669pt.

[73

 <./HISTORY_R34.pdf>]
<HISTORY_R34.pdf, id=895, page=30, 614.295pt x 794.97pt>
File: HISTORY_R34.pdf Graphic file (type pdf)
<use HISTORY_R34.pdf, page 30>
Package pdftex.def Info: HISTORY_R34.pdf , page30 used on input line 22.
(pdftex.def)             Requested size: 597.78697pt x 773.60669pt.
File: HISTORY_R34.pdf Graphic file (type pdf)
<use HISTORY_R34.pdf, page 30>
Package pdftex.def Info: HISTORY_R34.pdf , page30 used on input line 22.
(pdftex.def)             Requested size: 597.78697pt x 773.60669pt.
File: HISTORY_R34.pdf Graphic file (type pdf)
<use HISTORY_R34.pdf, page 30>
Package pdftex.def Info: HISTORY_R34.pdf , page30 used on input line 22.
(pdftex.def)             Requested size: 597.78697pt x 773.60669pt.
 [74

 <./HISTORY_R34.pdf>]
<HISTORY_R34.pdf, id=944, page=31, 614.295pt x 794.97pt>
File: HISTORY_R34.pdf Graphic file (type pdf)
<use HISTORY_R34.pdf, page 31>
Package pdftex.def Info: HISTORY_R34.pdf , page31 used on input line 22.
(pdftex.def)             Requested size: 597.78697pt x 773.60669pt.
File: HISTORY_R34.pdf Graphic file (type pdf)
<use HISTORY_R34.pdf, page 31>
Package pdftex.def Info: HISTORY_R34.pdf , page31 used on input line 22.
(pdftex.def)             Requested size: 597.78697pt x 773.60669pt.
File: HISTORY_R34.pdf Graphic file (type pdf)
<use HISTORY_R34.pdf, page 31>
Package pdftex.def Info: HISTORY_R34.pdf , page31 used on input line 22.
(pdftex.def)             Requested size: 597.78697pt x 773.60669pt.
 [75

 <./HISTORY_R34.pdf>]
<HISTORY_R34.pdf, id=979, page=32, 614.295pt x 794.97pt>
File: HISTORY_R34.pdf Graphic file (type pdf)
<use HISTORY_R34.pdf, page 32>
Package pdftex.def Info: HISTORY_R34.pdf , page32 used on input line 22.
(pdftex.def)             Requested size: 597.78697pt x 773.60669pt.
File: HISTORY_R34.pdf Graphic file (type pdf)
<use HISTORY_R34.pdf, page 32>
Package pdftex.def Info: HISTORY_R34.pdf , page32 used on input line 22.
(pdftex.def)             Requested size: 597.78697pt x 773.60669pt.
File: HISTORY_R34.pdf Graphic file (type pdf)
<use HISTORY_R34.pdf, page 32>
Package pdftex.def Info: HISTORY_R34.pdf , page32 used on input line 22.
(pdftex.def)             Requested size: 597.78697pt x 773.60669pt.

[76

 <./HISTORY_R34.pdf>]
<HISTORY_R34.pdf, id=1001, page=33, 614.295pt x 794.97pt>
File: HISTORY_R34.pdf Graphic file (type pdf)
<use HISTORY_R34.pdf, page 33>
Package pdftex.def Info: HISTORY_R34.pdf , page33 used on input line 22.
(pdftex.def)             Requested size: 597.78697pt x 773.60669pt.
File: HISTORY_R34.pdf Graphic file (type pdf)
<use HISTORY_R34.pdf, page 33>
Package pdftex.def Info: HISTORY_R34.pdf , page33 used on input line 22.
(pdftex.def)             Requested size: 597.78697pt x 773.60669pt.
File: HISTORY_R34.pdf Graphic file (type pdf)
<use HISTORY_R34.pdf, page 33>
Package pdftex.def Info: HISTORY_R34.pdf , page33 used on input line 22.
(pdftex.def)             Requested size: 597.78697pt x 773.60669pt.
 [77

 <./HISTORY_R34.pdf>]
<HISTORY_R34.pdf, id=1008, page=34, 614.295pt x 794.97pt>
File: HISTORY_R34.pdf Graphic file (type pdf)
<use HISTORY_R34.pdf, page 34>
Package pdftex.def Info: HISTORY_R34.pdf , page34 used on input line 22.
(pdftex.def)             Requested size: 597.78697pt x 773.60669pt.
File: HISTORY_R34.pdf Graphic file (type pdf)
<use HISTORY_R34.pdf, page 34>
Package pdftex.def Info: HISTORY_R34.pdf , page34 used on input line 22.
(pdftex.def)             Requested size: 597.78697pt x 773.60669pt.
File: HISTORY_R34.pdf Graphic file (type pdf)
<use HISTORY_R34.pdf, page 34>
Package pdftex.def Info: HISTORY_R34.pdf , page34 used on input line 22.
(pdftex.def)             Requested size: 597.78697pt x 773.60669pt.
 [78

 <./HISTORY_R34.pdf>]
<HISTORY_R34.pdf, id=1015, page=35, 614.295pt x 794.97pt>
File: HISTORY_R34.pdf Graphic file (type pdf)
<use HISTORY_R34.pdf, page 35>
Package pdftex.def Info: HISTORY_R34.pdf , page35 used on input line 22.
(pdftex.def)             Requested size: 597.78697pt x 773.60669pt.
File: HISTORY_R34.pdf Graphic file (type pdf)
<use HISTORY_R34.pdf, page 35>
Package pdftex.def Info: HISTORY_R34.pdf , page35 used on input line 22.
(pdftex.def)             Requested size: 597.78697pt x 773.60669pt.
File: HISTORY_R34.pdf Graphic file (type pdf)
<use HISTORY_R34.pdf, page 35>
Package pdftex.def Info: HISTORY_R34.pdf , page35 used on input line 22.
(pdftex.def)             Requested size: 597.78697pt x 773.60669pt.

[79

 <./HISTORY_R34.pdf>]
<HISTORY_R34.pdf, id=1023, page=36, 614.295pt x 794.97pt>
File: HISTORY_R34.pdf Graphic file (type pdf)
<use HISTORY_R34.pdf, page 36>
Package pdftex.def Info: HISTORY_R34.pdf , page36 used on input line 22.
(pdftex.def)             Requested size: 597.78697pt x 773.60669pt.
File: HISTORY_R34.pdf Graphic file (type pdf)
<use HISTORY_R34.pdf, page 36>
Package pdftex.def Info: HISTORY_R34.pdf , page36 used on input line 22.
(pdftex.def)             Requested size: 597.78697pt x 773.60669pt.
File: HISTORY_R34.pdf Graphic file (type pdf)
<use HISTORY_R34.pdf, page 36>
Package pdftex.def Info: HISTORY_R34.pdf , page36 used on input line 22.
(pdftex.def)             Requested size: 597.78697pt x 773.60669pt.
 [80

 <./HISTORY_R34.pdf>]
<HISTORY_R34.pdf, id=1030, page=37, 614.295pt x 794.97pt>
File: HISTORY_R34.pdf Graphic file (type pdf)
<use HISTORY_R34.pdf, page 37>
Package pdftex.def Info: HISTORY_R34.pdf , page37 used on input line 22.
(pdftex.def)             Requested size: 597.78697pt x 773.60669pt.
File: HISTORY_R34.pdf Graphic file (type pdf)
<use HISTORY_R34.pdf, page 37>
Package pdftex.def Info: HISTORY_R34.pdf , page37 used on input line 22.
(pdftex.def)             Requested size: 597.78697pt x 773.60669pt.
File: HISTORY_R34.pdf Graphic file (type pdf)
<use HISTORY_R34.pdf, page 37>
Package pdftex.def Info: HISTORY_R34.pdf , page37 used on input line 22.
(pdftex.def)             Requested size: 597.78697pt x 773.60669pt.
 [81

 <./HISTORY_R34.pdf>]
<HISTORY_R34.pdf, id=1044, page=38, 614.295pt x 794.97pt>
File: HISTORY_R34.pdf Graphic file (type pdf)
<use HISTORY_R34.pdf, page 38>
Package pdftex.def Info: HISTORY_R34.pdf , page38 used on input line 22.
(pdftex.def)             Requested size: 597.78697pt x 773.60669pt.
File: HISTORY_R34.pdf Graphic file (type pdf)
<use HISTORY_R34.pdf, page 38>
Package pdftex.def Info: HISTORY_R34.pdf , page38 used on input line 22.
(pdftex.def)             Requested size: 597.78697pt x 773.60669pt.
File: HISTORY_R34.pdf Graphic file (type pdf)
<use HISTORY_R34.pdf, page 38>
Package pdftex.def Info: HISTORY_R34.pdf , page38 used on input line 22.
(pdftex.def)             Requested size: 597.78697pt x 773.60669pt.

[82

 <./HISTORY_R34.pdf>]
<HISTORY_R34.pdf, id=1065, page=39, 614.295pt x 794.97pt>
File: HISTORY_R34.pdf Graphic file (type pdf)
<use HISTORY_R34.pdf, page 39>
Package pdftex.def Info: HISTORY_R34.pdf , page39 used on input line 22.
(pdftex.def)             Requested size: 597.78697pt x 773.60669pt.
File: HISTORY_R34.pdf Graphic file (type pdf)
<use HISTORY_R34.pdf, page 39>
Package pdftex.def Info: HISTORY_R34.pdf , page39 used on input line 22.
(pdftex.def)             Requested size: 597.78697pt x 773.60669pt.
File: HISTORY_R34.pdf Graphic file (type pdf)
<use HISTORY_R34.pdf, page 39>
Package pdftex.def Info: HISTORY_R34.pdf , page39 used on input line 22.
(pdftex.def)             Requested size: 597.78697pt x 773.60669pt.
 [83

 <./HISTORY_R34.pdf>]
<HISTORY_R34.pdf, id=1072, page=40, 614.295pt x 794.97pt>
File: HISTORY_R34.pdf Graphic file (type pdf)
<use HISTORY_R34.pdf, page 40>
Package pdftex.def Info: HISTORY_R34.pdf , page40 used on input line 22.
(pdftex.def)             Requested size: 597.78697pt x 773.60669pt.
File: HISTORY_R34.pdf Graphic file (type pdf)
<use HISTORY_R34.pdf, page 40>
Package pdftex.def Info: HISTORY_R34.pdf , page40 used on input line 22.
(pdftex.def)             Requested size: 597.78697pt x 773.60669pt.
File: HISTORY_R34.pdf Graphic file (type pdf)
<use HISTORY_R34.pdf, page 40>
Package pdftex.def Info: HISTORY_R34.pdf , page40 used on input line 22.
(pdftex.def)             Requested size: 597.78697pt x 773.60669pt.
 [84

 <./HISTORY_R34.pdf>]
<HISTORY_R34.pdf, id=1086, page=41, 614.295pt x 794.97pt>
File: HISTORY_R34.pdf Graphic file (type pdf)
<use HISTORY_R34.pdf, page 41>
Package pdftex.def Info: HISTORY_R34.pdf , page41 used on input line 22.
(pdftex.def)             Requested size: 597.78697pt x 773.60669pt.
File: HISTORY_R34.pdf Graphic file (type pdf)
<use HISTORY_R34.pdf, page 41>
Package pdftex.def Info: HISTORY_R34.pdf , page41 used on input line 22.
(pdftex.def)             Requested size: 597.78697pt x 773.60669pt.
File: HISTORY_R34.pdf Graphic file (type pdf)
<use HISTORY_R34.pdf, page 41>
Package pdftex.def Info: HISTORY_R34.pdf , page41 used on input line 22.
(pdftex.def)             Requested size: 597.78697pt x 773.60669pt.

[85

 <./HISTORY_R34.pdf>]
<HISTORY_R34.pdf, id=1094, page=42, 614.295pt x 794.97pt>
File: HISTORY_R34.pdf Graphic file (type pdf)
<use HISTORY_R34.pdf, page 42>
Package pdftex.def Info: HISTORY_R34.pdf , page42 used on input line 22.
(pdftex.def)             Requested size: 597.78697pt x 773.60669pt.
File: HISTORY_R34.pdf Graphic file (type pdf)
<use HISTORY_R34.pdf, page 42>
Package pdftex.def Info: HISTORY_R34.pdf , page42 used on input line 22.
(pdftex.def)             Requested size: 597.78697pt x 773.60669pt.
File: HISTORY_R34.pdf Graphic file (type pdf)
<use HISTORY_R34.pdf, page 42>
Package pdftex.def Info: HISTORY_R34.pdf , page42 used on input line 22.
(pdftex.def)             Requested size: 597.78697pt x 773.60669pt.
 [86

 <./HISTORY_R34.pdf>]
<HISTORY_R34.pdf, id=1141, page=43, 614.295pt x 794.97pt>
File: HISTORY_R34.pdf Graphic file (type pdf)
<use HISTORY_R34.pdf, page 43>
Package pdftex.def Info: HISTORY_R34.pdf , page43 used on input line 22.
(pdftex.def)             Requested size: 597.78697pt x 773.60669pt.
File: HISTORY_R34.pdf Graphic file (type pdf)
<use HISTORY_R34.pdf, page 43>
Package pdftex.def Info: HISTORY_R34.pdf , page43 used on input line 22.
(pdftex.def)             Requested size: 597.78697pt x 773.60669pt.
File: HISTORY_R34.pdf Graphic file (type pdf)
<use HISTORY_R34.pdf, page 43>
Package pdftex.def Info: HISTORY_R34.pdf , page43 used on input line 22.
(pdftex.def)             Requested size: 597.78697pt x 773.60669pt.
 [87

 <./HISTORY_R34.pdf>]
<HISTORY_R34.pdf, id=1156, page=44, 614.295pt x 794.97pt>
File: HISTORY_R34.pdf Graphic file (type pdf)
<use HISTORY_R34.pdf, page 44>
Package pdftex.def Info: HISTORY_R34.pdf , page44 used on input line 22.
(pdftex.def)             Requested size: 597.78697pt x 773.60669pt.
File: HISTORY_R34.pdf Graphic file (type pdf)
<use HISTORY_R34.pdf, page 44>
Package pdftex.def Info: HISTORY_R34.pdf , page44 used on input line 22.
(pdftex.def)             Requested size: 597.78697pt x 773.60669pt.
File: HISTORY_R34.pdf Graphic file (type pdf)
<use HISTORY_R34.pdf, page 44>
Package pdftex.def Info: HISTORY_R34.pdf , page44 used on input line 22.
(pdftex.def)             Requested size: 597.78697pt x 773.60669pt.

[88

 <./HISTORY_R34.pdf>]
<HISTORY_R34.pdf, id=1163, page=45, 614.295pt x 794.97pt>
File: HISTORY_R34.pdf Graphic file (type pdf)
<use HISTORY_R34.pdf, page 45>
Package pdftex.def Info: HISTORY_R34.pdf , page45 used on input line 22.
(pdftex.def)             Requested size: 597.78697pt x 773.60669pt.
File: HISTORY_R34.pdf Graphic file (type pdf)
<use HISTORY_R34.pdf, page 45>
Package pdftex.def Info: HISTORY_R34.pdf , page45 used on input line 22.
(pdftex.def)             Requested size: 597.78697pt x 773.60669pt.
File: HISTORY_R34.pdf Graphic file (type pdf)
<use HISTORY_R34.pdf, page 45>
Package pdftex.def Info: HISTORY_R34.pdf , page45 used on input line 22.
(pdftex.def)             Requested size: 597.78697pt x 773.60669pt.
 [89

 <./HISTORY_R34.pdf>]
<HISTORY_R34.pdf, id=1170, page=46, 614.295pt x 794.97pt>
File: HISTORY_R34.pdf Graphic file (type pdf)
<use HISTORY_R34.pdf, page 46>
Package pdftex.def Info: HISTORY_R34.pdf , page46 used on input line 22.
(pdftex.def)             Requested size: 597.78697pt x 773.60669pt.
File: HISTORY_R34.pdf Graphic file (type pdf)
<use HISTORY_R34.pdf, page 46>
Package pdftex.def Info: HISTORY_R34.pdf , page46 used on input line 22.
(pdftex.def)             Requested size: 597.78697pt x 773.60669pt.
File: HISTORY_R34.pdf Graphic file (type pdf)
<use HISTORY_R34.pdf, page 46>
Package pdftex.def Info: HISTORY_R34.pdf , page46 used on input line 22.
(pdftex.def)             Requested size: 597.78697pt x 773.60669pt.
 [90

 <./HISTORY_R34.pdf>]
<HISTORY_R34.pdf, id=1178, page=47, 614.295pt x 794.97pt>
File: HISTORY_R34.pdf Graphic file (type pdf)
<use HISTORY_R34.pdf, page 47>
Package pdftex.def Info: HISTORY_R34.pdf , page47 used on input line 22.
(pdftex.def)             Requested size: 597.78697pt x 773.60669pt.
File: HISTORY_R34.pdf Graphic file (type pdf)
<use HISTORY_R34.pdf, page 47>
Package pdftex.def Info: HISTORY_R34.pdf , page47 used on input line 22.
(pdftex.def)             Requested size: 597.78697pt x 773.60669pt.
File: HISTORY_R34.pdf Graphic file (type pdf)
<use HISTORY_R34.pdf, page 47>
Package pdftex.def Info: HISTORY_R34.pdf , page47 used on input line 22.
(pdftex.def)             Requested size: 597.78697pt x 773.60669pt.

[91

 <./HISTORY_R34.pdf>]
<HISTORY_R34.pdf, id=1194, page=48, 614.295pt x 794.97pt>
File: HISTORY_R34.pdf Graphic file (type pdf)
<use HISTORY_R34.pdf, page 48>
Package pdftex.def Info: HISTORY_R34.pdf , page48 used on input line 22.
(pdftex.def)             Requested size: 597.78697pt x 773.60669pt.
File: HISTORY_R34.pdf Graphic file (type pdf)
<use HISTORY_R34.pdf, page 48>
Package pdftex.def Info: HISTORY_R34.pdf , page48 used on input line 22.
(pdftex.def)             Requested size: 597.78697pt x 773.60669pt.
File: HISTORY_R34.pdf Graphic file (type pdf)
<use HISTORY_R34.pdf, page 48>
Package pdftex.def Info: HISTORY_R34.pdf , page48 used on input line 22.
(pdftex.def)             Requested size: 597.78697pt x 773.60669pt.
 [92

 <./HISTORY_R34.pdf>]
<HISTORY_R34.pdf, id=1210, page=49, 614.295pt x 794.97pt>
File: HISTORY_R34.pdf Graphic file (type pdf)
<use HISTORY_R34.pdf, page 49>
Package pdftex.def Info: HISTORY_R34.pdf , page49 used on input line 22.
(pdftex.def)             Requested size: 597.78697pt x 773.60669pt.
File: HISTORY_R34.pdf Graphic file (type pdf)
<use HISTORY_R34.pdf, page 49>
Package pdftex.def Info: HISTORY_R34.pdf , page49 used on input line 22.
(pdftex.def)             Requested size: 597.78697pt x 773.60669pt.
File: HISTORY_R34.pdf Graphic file (type pdf)
<use HISTORY_R34.pdf, page 49>
Package pdftex.def Info: HISTORY_R34.pdf , page49 used on input line 22.
(pdftex.def)             Requested size: 597.78697pt x 773.60669pt.
 [93

 <./HISTORY_R34.pdf>]
<HISTORY_R34.pdf, id=1217, page=50, 614.295pt x 794.97pt>
File: HISTORY_R34.pdf Graphic file (type pdf)
<use HISTORY_R34.pdf, page 50>
Package pdftex.def Info: HISTORY_R34.pdf , page50 used on input line 22.
(pdftex.def)             Requested size: 597.78697pt x 773.60669pt.
File: HISTORY_R34.pdf Graphic file (type pdf)
<use HISTORY_R34.pdf, page 50>
Package pdftex.def Info: HISTORY_R34.pdf , page50 used on input line 22.
(pdftex.def)             Requested size: 597.78697pt x 773.60669pt.
File: HISTORY_R34.pdf Graphic file (type pdf)
<use HISTORY_R34.pdf, page 50>
Package pdftex.def Info: HISTORY_R34.pdf , page50 used on input line 22.
(pdftex.def)             Requested size: 597.78697pt x 773.60669pt.

[94

 <./HISTORY_R34.pdf>]
<HISTORY_R34.pdf, id=1224, page=51, 614.295pt x 794.97pt>
File: HISTORY_R34.pdf Graphic file (type pdf)
<use HISTORY_R34.pdf, page 51>
Package pdftex.def Info: HISTORY_R34.pdf , page51 used on input line 22.
(pdftex.def)             Requested size: 597.78697pt x 773.60669pt.
File: HISTORY_R34.pdf Graphic file (type pdf)
<use HISTORY_R34.pdf, page 51>
Package pdftex.def Info: HISTORY_R34.pdf , page51 used on input line 22.
(pdftex.def)             Requested size: 597.78697pt x 773.60669pt.
File: HISTORY_R34.pdf Graphic file (type pdf)
<use HISTORY_R34.pdf, page 51>
Package pdftex.def Info: HISTORY_R34.pdf , page51 used on input line 22.
(pdftex.def)             Requested size: 597.78697pt x 773.60669pt.
 [95

 <./HISTORY_R34.pdf>]
<HISTORY_R34.pdf, id=1231, page=52, 614.295pt x 794.97pt>
File: HISTORY_R34.pdf Graphic file (type pdf)
<use HISTORY_R34.pdf, page 52>
Package pdftex.def Info: HISTORY_R34.pdf , page52 used on input line 22.
(pdftex.def)             Requested size: 597.78697pt x 773.60669pt.
File: HISTORY_R34.pdf Graphic file (type pdf)
<use HISTORY_R34.pdf, page 52>
Package pdftex.def Info: HISTORY_R34.pdf , page52 used on input line 22.
(pdftex.def)             Requested size: 597.78697pt x 773.60669pt.
File: HISTORY_R34.pdf Graphic file (type pdf)
<use HISTORY_R34.pdf, page 52>
Package pdftex.def Info: HISTORY_R34.pdf , page52 used on input line 22.
(pdftex.def)             Requested size: 597.78697pt x 773.60669pt.
 [96

 <./HISTORY_R34.pdf>]
<HISTORY_R34.pdf, id=1238, page=53, 614.295pt x 794.97pt>
File: HISTORY_R34.pdf Graphic file (type pdf)
<use HISTORY_R34.pdf, page 53>
Package pdftex.def Info: HISTORY_R34.pdf , page53 used on input line 22.
(pdftex.def)             Requested size: 597.78697pt x 773.60669pt.
File: HISTORY_R34.pdf Graphic file (type pdf)
<use HISTORY_R34.pdf, page 53>
Package pdftex.def Info: HISTORY_R34.pdf , page53 used on input line 22.
(pdftex.def)             Requested size: 597.78697pt x 773.60669pt.
File: HISTORY_R34.pdf Graphic file (type pdf)
<use HISTORY_R34.pdf, page 53>
Package pdftex.def Info: HISTORY_R34.pdf , page53 used on input line 22.
(pdftex.def)             Requested size: 597.78697pt x 773.60669pt.

[97

 <./HISTORY_R34.pdf>]
<HISTORY_R34.pdf, id=1246, page=54, 614.295pt x 794.97pt>
File: HISTORY_R34.pdf Graphic file (type pdf)
<use HISTORY_R34.pdf, page 54>
Package pdftex.def Info: HISTORY_R34.pdf , page54 used on input line 22.
(pdftex.def)             Requested size: 597.78697pt x 773.60669pt.
File: HISTORY_R34.pdf Graphic file (type pdf)
<use HISTORY_R34.pdf, page 54>
Package pdftex.def Info: HISTORY_R34.pdf , page54 used on input line 22.
(pdftex.def)             Requested size: 597.78697pt x 773.60669pt.
File: HISTORY_R34.pdf Graphic file (type pdf)
<use HISTORY_R34.pdf, page 54>
Package pdftex.def Info: HISTORY_R34.pdf , page54 used on input line 22.
(pdftex.def)             Requested size: 597.78697pt x 773.60669pt.
 [98

 <./HISTORY_R34.pdf>]
<HISTORY_R34.pdf, id=1253, page=55, 614.295pt x 794.97pt>
File: HISTORY_R34.pdf Graphic file (type pdf)
<use HISTORY_R34.pdf, page 55>
Package pdftex.def Info: HISTORY_R34.pdf , page55 used on input line 22.
(pdftex.def)             Requested size: 597.78697pt x 773.60669pt.
File: HISTORY_R34.pdf Graphic file (type pdf)
<use HISTORY_R34.pdf, page 55>
Package pdftex.def Info: HISTORY_R34.pdf , page55 used on input line 22.
(pdftex.def)             Requested size: 597.78697pt x 773.60669pt.
File: HISTORY_R34.pdf Graphic file (type pdf)
<use HISTORY_R34.pdf, page 55>
Package pdftex.def Info: HISTORY_R34.pdf , page55 used on input line 22.
(pdftex.def)             Requested size: 597.78697pt x 773.60669pt.
 [99

 <./HISTORY_R34.pdf>]
<HISTORY_R34.pdf, id=1260, page=56, 614.295pt x 794.97pt>
File: HISTORY_R34.pdf Graphic file (type pdf)
<use HISTORY_R34.pdf, page 56>
Package pdftex.def Info: HISTORY_R34.pdf , page56 used on input line 22.
(pdftex.def)             Requested size: 597.78697pt x 773.60669pt.
File: HISTORY_R34.pdf Graphic file (type pdf)
<use HISTORY_R34.pdf, page 56>
Package pdftex.def Info: HISTORY_R34.pdf , page56 used on input line 22.
(pdftex.def)             Requested size: 597.78697pt x 773.60669pt.
File: HISTORY_R34.pdf Graphic file (type pdf)
<use HISTORY_R34.pdf, page 56>
Package pdftex.def Info: HISTORY_R34.pdf , page56 used on input line 22.
(pdftex.def)             Requested size: 597.78697pt x 773.60669pt.

[100

 <./HISTORY_R34.pdf>]
<HISTORY_R34.pdf, id=1292, page=57, 614.295pt x 794.97pt>
File: HISTORY_R34.pdf Graphic file (type pdf)
<use HISTORY_R34.pdf, page 57>
Package pdftex.def Info: HISTORY_R34.pdf , page57 used on input line 22.
(pdftex.def)             Requested size: 597.78697pt x 773.60669pt.
File: HISTORY_R34.pdf Graphic file (type pdf)
<use HISTORY_R34.pdf, page 57>
Package pdftex.def Info: HISTORY_R34.pdf , page57 used on input line 22.
(pdftex.def)             Requested size: 597.78697pt x 773.60669pt.
File: HISTORY_R34.pdf Graphic file (type pdf)
<use HISTORY_R34.pdf, page 57>
Package pdftex.def Info: HISTORY_R34.pdf , page57 used on input line 22.
(pdftex.def)             Requested size: 597.78697pt x 773.60669pt.
 [101

 <./HISTORY_R34.pdf>]
<HISTORY_R34.pdf, id=1315, page=58, 614.295pt x 794.97pt>
File: HISTORY_R34.pdf Graphic file (type pdf)
<use HISTORY_R34.pdf, page 58>
Package pdftex.def Info: HISTORY_R34.pdf , page58 used on input line 22.
(pdftex.def)             Requested size: 597.78697pt x 773.60669pt.
File: HISTORY_R34.pdf Graphic file (type pdf)
<use HISTORY_R34.pdf, page 58>
Package pdftex.def Info: HISTORY_R34.pdf , page58 used on input line 22.
(pdftex.def)             Requested size: 597.78697pt x 773.60669pt.
File: HISTORY_R34.pdf Graphic file (type pdf)
<use HISTORY_R34.pdf, page 58>
Package pdftex.def Info: HISTORY_R34.pdf , page58 used on input line 22.
(pdftex.def)             Requested size: 597.78697pt x 773.60669pt.
 [102

 <./HISTORY_R34.pdf>]
<HISTORY_R34.pdf, id=1322, page=59, 614.295pt x 794.97pt>
File: HISTORY_R34.pdf Graphic file (type pdf)
<use HISTORY_R34.pdf, page 59>
Package pdftex.def Info: HISTORY_R34.pdf , page59 used on input line 22.
(pdftex.def)             Requested size: 597.78697pt x 773.60669pt.
File: HISTORY_R34.pdf Graphic file (type pdf)
<use HISTORY_R34.pdf, page 59>
Package pdftex.def Info: HISTORY_R34.pdf , page59 used on input line 22.
(pdftex.def)             Requested size: 597.78697pt x 773.60669pt.
File: HISTORY_R34.pdf Graphic file (type pdf)
<use HISTORY_R34.pdf, page 59>
Package pdftex.def Info: HISTORY_R34.pdf , page59 used on input line 22.
(pdftex.def)             Requested size: 597.78697pt x 773.60669pt.

[103

 <./HISTORY_R34.pdf>]
<HISTORY_R34.pdf, id=1330, page=60, 614.295pt x 794.97pt>
File: HISTORY_R34.pdf Graphic file (type pdf)
<use HISTORY_R34.pdf, page 60>
Package pdftex.def Info: HISTORY_R34.pdf , page60 used on input line 22.
(pdftex.def)             Requested size: 597.78697pt x 773.60669pt.
File: HISTORY_R34.pdf Graphic file (type pdf)
<use HISTORY_R34.pdf, page 60>
Package pdftex.def Info: HISTORY_R34.pdf , page60 used on input line 22.
(pdftex.def)             Requested size: 597.78697pt x 773.60669pt.
File: HISTORY_R34.pdf Graphic file (type pdf)
<use HISTORY_R34.pdf, page 60>
Package pdftex.def Info: HISTORY_R34.pdf , page60 used on input line 22.
(pdftex.def)             Requested size: 597.78697pt x 773.60669pt.
 [104

 <./HISTORY_R34.pdf>]
<HISTORY_R34.pdf, id=1337, page=61, 614.295pt x 794.97pt>
File: HISTORY_R34.pdf Graphic file (type pdf)
<use HISTORY_R34.pdf, page 61>
Package pdftex.def Info: HISTORY_R34.pdf , page61 used on input line 22.
(pdftex.def)             Requested size: 597.78697pt x 773.60669pt.
File: HISTORY_R34.pdf Graphic file (type pdf)
<use HISTORY_R34.pdf, page 61>
Package pdftex.def Info: HISTORY_R34.pdf , page61 used on input line 22.
(pdftex.def)             Requested size: 597.78697pt x 773.60669pt.
File: HISTORY_R34.pdf Graphic file (type pdf)
<use HISTORY_R34.pdf, page 61>
Package pdftex.def Info: HISTORY_R34.pdf , page61 used on input line 22.
(pdftex.def)             Requested size: 597.78697pt x 773.60669pt.
 [105

 <./HISTORY_R34.pdf>]
<HISTORY_R34.pdf, id=1363, page=62, 614.295pt x 794.97pt>
File: HISTORY_R34.pdf Graphic file (type pdf)
<use HISTORY_R34.pdf, page 62>
Package pdftex.def Info: HISTORY_R34.pdf , page62 used on input line 22.
(pdftex.def)             Requested size: 597.78697pt x 773.60669pt.
File: HISTORY_R34.pdf Graphic file (type pdf)
<use HISTORY_R34.pdf, page 62>
Package pdftex.def Info: HISTORY_R34.pdf , page62 used on input line 22.
(pdftex.def)             Requested size: 597.78697pt x 773.60669pt.
File: HISTORY_R34.pdf Graphic file (type pdf)
<use HISTORY_R34.pdf, page 62>
Package pdftex.def Info: HISTORY_R34.pdf , page62 used on input line 22.
(pdftex.def)             Requested size: 597.78697pt x 773.60669pt.

[106

 <./HISTORY_R34.pdf>]
<HISTORY_R34.pdf, id=1393, page=63, 614.295pt x 794.97pt>
File: HISTORY_R34.pdf Graphic file (type pdf)
<use HISTORY_R34.pdf, page 63>
Package pdftex.def Info: HISTORY_R34.pdf , page63 used on input line 22.
(pdftex.def)             Requested size: 597.78697pt x 773.60669pt.
File: HISTORY_R34.pdf Graphic file (type pdf)
<use HISTORY_R34.pdf, page 63>
Package pdftex.def Info: HISTORY_R34.pdf , page63 used on input line 22.
(pdftex.def)             Requested size: 597.78697pt x 773.60669pt.
File: HISTORY_R34.pdf Graphic file (type pdf)
<use HISTORY_R34.pdf, page 63>
Package pdftex.def Info: HISTORY_R34.pdf , page63 used on input line 22.
(pdftex.def)             Requested size: 597.78697pt x 773.60669pt.
 [107

 <./HISTORY_R34.pdf>]
<HISTORY_R34.pdf, id=1408, page=64, 614.295pt x 794.97pt>
File: HISTORY_R34.pdf Graphic file (type pdf)
<use HISTORY_R34.pdf, page 64>
Package pdftex.def Info: HISTORY_R34.pdf , page64 used on input line 22.
(pdftex.def)             Requested size: 597.78697pt x 773.60669pt.
File: HISTORY_R34.pdf Graphic file (type pdf)
<use HISTORY_R34.pdf, page 64>
Package pdftex.def Info: HISTORY_R34.pdf , page64 used on input line 22.
(pdftex.def)             Requested size: 597.78697pt x 773.60669pt.
File: HISTORY_R34.pdf Graphic file (type pdf)
<use HISTORY_R34.pdf, page 64>
Package pdftex.def Info: HISTORY_R34.pdf , page64 used on input line 22.
(pdftex.def)             Requested size: 597.78697pt x 773.60669pt.
 [108

 <./HISTORY_R34.pdf>]
<HISTORY_R34.pdf, id=1458, page=65, 614.295pt x 794.97pt>
File: HISTORY_R34.pdf Graphic file (type pdf)
<use HISTORY_R34.pdf, page 65>
Package pdftex.def Info: HISTORY_R34.pdf , page65 used on input line 22.
(pdftex.def)             Requested size: 597.78697pt x 773.60669pt.
File: HISTORY_R34.pdf Graphic file (type pdf)
<use HISTORY_R34.pdf, page 65>
Package pdftex.def Info: HISTORY_R34.pdf , page65 used on input line 22.
(pdftex.def)             Requested size: 597.78697pt x 773.60669pt.
File: HISTORY_R34.pdf Graphic file (type pdf)
<use HISTORY_R34.pdf, page 65>
Package pdftex.def Info: HISTORY_R34.pdf , page65 used on input line 22.
(pdftex.def)             Requested size: 597.78697pt x 773.60669pt.

[109

 <./HISTORY_R34.pdf>]
<HISTORY_R34.pdf, id=1467, page=66, 614.295pt x 794.97pt>
File: HISTORY_R34.pdf Graphic file (type pdf)
<use HISTORY_R34.pdf, page 66>
Package pdftex.def Info: HISTORY_R34.pdf , page66 used on input line 22.
(pdftex.def)             Requested size: 597.78697pt x 773.60669pt.
File: HISTORY_R34.pdf Graphic file (type pdf)
<use HISTORY_R34.pdf, page 66>
Package pdftex.def Info: HISTORY_R34.pdf , page66 used on input line 22.
(pdftex.def)             Requested size: 597.78697pt x 773.60669pt.
File: HISTORY_R34.pdf Graphic file (type pdf)
<use HISTORY_R34.pdf, page 66>
Package pdftex.def Info: HISTORY_R34.pdf , page66 used on input line 22.
(pdftex.def)             Requested size: 597.78697pt x 773.60669pt.
 [110

 <./HISTORY_R34.pdf>]
<HISTORY_R34.pdf, id=1489, page=67, 614.295pt x 794.97pt>
File: HISTORY_R34.pdf Graphic file (type pdf)
<use HISTORY_R34.pdf, page 67>
Package pdftex.def Info: HISTORY_R34.pdf , page67 used on input line 22.
(pdftex.def)             Requested size: 597.78697pt x 773.60669pt.
File: HISTORY_R34.pdf Graphic file (type pdf)
<use HISTORY_R34.pdf, page 67>
Package pdftex.def Info: HISTORY_R34.pdf , page67 used on input line 22.
(pdftex.def)             Requested size: 597.78697pt x 773.60669pt.
File: HISTORY_R34.pdf Graphic file (type pdf)
<use HISTORY_R34.pdf, page 67>
Package pdftex.def Info: HISTORY_R34.pdf , page67 used on input line 22.
(pdftex.def)             Requested size: 597.78697pt x 773.60669pt.
 [111

 <./HISTORY_R34.pdf>]
<HISTORY_R34.pdf, id=1497, page=68, 614.295pt x 794.97pt>
File: HISTORY_R34.pdf Graphic file (type pdf)
<use HISTORY_R34.pdf, page 68>
Package pdftex.def Info: HISTORY_R34.pdf , page68 used on input line 22.
(pdftex.def)             Requested size: 597.78697pt x 773.60669pt.
File: HISTORY_R34.pdf Graphic file (type pdf)
<use HISTORY_R34.pdf, page 68>
Package pdftex.def Info: HISTORY_R34.pdf , page68 used on input line 22.
(pdftex.def)             Requested size: 597.78697pt x 773.60669pt.
File: HISTORY_R34.pdf Graphic file (type pdf)
<use HISTORY_R34.pdf, page 68>
Package pdftex.def Info: HISTORY_R34.pdf , page68 used on input line 22.
(pdftex.def)             Requested size: 597.78697pt x 773.60669pt.

[112

 <./HISTORY_R34.pdf>]
<HISTORY_R34.pdf, id=1505, page=69, 614.295pt x 794.97pt>
File: HISTORY_R34.pdf Graphic file (type pdf)
<use HISTORY_R34.pdf, page 69>
Package pdftex.def Info: HISTORY_R34.pdf , page69 used on input line 22.
(pdftex.def)             Requested size: 597.78697pt x 773.60669pt.
File: HISTORY_R34.pdf Graphic file (type pdf)
<use HISTORY_R34.pdf, page 69>
Package pdftex.def Info: HISTORY_R34.pdf , page69 used on input line 22.
(pdftex.def)             Requested size: 597.78697pt x 773.60669pt.
File: HISTORY_R34.pdf Graphic file (type pdf)
<use HISTORY_R34.pdf, page 69>
Package pdftex.def Info: HISTORY_R34.pdf , page69 used on input line 22.
(pdftex.def)             Requested size: 597.78697pt x 773.60669pt.
 [113

 <./HISTORY_R34.pdf>]
<HISTORY_R34.pdf, id=1513, page=70, 614.295pt x 794.97pt>
File: HISTORY_R34.pdf Graphic file (type pdf)
<use HISTORY_R34.pdf, page 70>
Package pdftex.def Info: HISTORY_R34.pdf , page70 used on input line 22.
(pdftex.def)             Requested size: 597.78697pt x 773.60669pt.
File: HISTORY_R34.pdf Graphic file (type pdf)
<use HISTORY_R34.pdf, page 70>
Package pdftex.def Info: HISTORY_R34.pdf , page70 used on input line 22.
(pdftex.def)             Requested size: 597.78697pt x 773.60669pt.
File: HISTORY_R34.pdf Graphic file (type pdf)
<use HISTORY_R34.pdf, page 70>
Package pdftex.def Info: HISTORY_R34.pdf , page70 used on input line 22.
(pdftex.def)             Requested size: 597.78697pt x 773.60669pt.
 [114

 <./HISTORY_R34.pdf>]
<HISTORY_R34.pdf, id=1528, page=71, 614.295pt x 794.97pt>
File: HISTORY_R34.pdf Graphic file (type pdf)
<use HISTORY_R34.pdf, page 71>
Package pdftex.def Info: HISTORY_R34.pdf , page71 used on input line 22.
(pdftex.def)             Requested size: 597.78697pt x 773.60669pt.
File: HISTORY_R34.pdf Graphic file (type pdf)
<use HISTORY_R34.pdf, page 71>
Package pdftex.def Info: HISTORY_R34.pdf , page71 used on input line 22.
(pdftex.def)             Requested size: 597.78697pt x 773.60669pt.
File: HISTORY_R34.pdf Graphic file (type pdf)
<use HISTORY_R34.pdf, page 71>
Package pdftex.def Info: HISTORY_R34.pdf , page71 used on input line 22.
(pdftex.def)             Requested size: 597.78697pt x 773.60669pt.

[115

 <./HISTORY_R34.pdf>]
<HISTORY_R34.pdf, id=1538, page=72, 614.295pt x 794.97pt>
File: HISTORY_R34.pdf Graphic file (type pdf)
<use HISTORY_R34.pdf, page 72>
Package pdftex.def Info: HISTORY_R34.pdf , page72 used on input line 22.
(pdftex.def)             Requested size: 597.78697pt x 773.60669pt.
File: HISTORY_R34.pdf Graphic file (type pdf)
<use HISTORY_R34.pdf, page 72>
Package pdftex.def Info: HISTORY_R34.pdf , page72 used on input line 22.
(pdftex.def)             Requested size: 597.78697pt x 773.60669pt.
File: HISTORY_R34.pdf Graphic file (type pdf)
<use HISTORY_R34.pdf, page 72>
Package pdftex.def Info: HISTORY_R34.pdf , page72 used on input line 22.
(pdftex.def)             Requested size: 597.78697pt x 773.60669pt.
 [116

 <./HISTORY_R34.pdf>]
<HISTORY_R34.pdf, id=1581, page=73, 614.295pt x 794.97pt>
File: HISTORY_R34.pdf Graphic file (type pdf)
<use HISTORY_R34.pdf, page 73>
Package pdftex.def Info: HISTORY_R34.pdf , page73 used on input line 22.
(pdftex.def)             Requested size: 597.78697pt x 773.60669pt.
File: HISTORY_R34.pdf Graphic file (type pdf)
<use HISTORY_R34.pdf, page 73>
Package pdftex.def Info: HISTORY_R34.pdf , page73 used on input line 22.
(pdftex.def)             Requested size: 597.78697pt x 773.60669pt.
File: HISTORY_R34.pdf Graphic file (type pdf)
<use HISTORY_R34.pdf, page 73>
Package pdftex.def Info: HISTORY_R34.pdf , page73 used on input line 22.
(pdftex.def)             Requested size: 597.78697pt x 773.60669pt.
 [117

 <./HISTORY_R34.pdf>]
<HISTORY_R34.pdf, id=1596, page=74, 614.295pt x 794.97pt>
File: HISTORY_R34.pdf Graphic file (type pdf)
<use HISTORY_R34.pdf, page 74>
Package pdftex.def Info: HISTORY_R34.pdf , page74 used on input line 22.
(pdftex.def)             Requested size: 597.78697pt x 773.60669pt.
File: HISTORY_R34.pdf Graphic file (type pdf)
<use HISTORY_R34.pdf, page 74>
Package pdftex.def Info: HISTORY_R34.pdf , page74 used on input line 22.
(pdftex.def)             Requested size: 597.78697pt x 773.60669pt.
File: HISTORY_R34.pdf Graphic file (type pdf)
<use HISTORY_R34.pdf, page 74>
Package pdftex.def Info: HISTORY_R34.pdf , page74 used on input line 22.
(pdftex.def)             Requested size: 597.78697pt x 773.60669pt.

[118

 <./HISTORY_R34.pdf>]
<HISTORY_R34.pdf, id=1611, page=75, 614.295pt x 794.97pt>
File: HISTORY_R34.pdf Graphic file (type pdf)
<use HISTORY_R34.pdf, page 75>
Package pdftex.def Info: HISTORY_R34.pdf , page75 used on input line 22.
(pdftex.def)             Requested size: 597.78697pt x 773.60669pt.
File: HISTORY_R34.pdf Graphic file (type pdf)
<use HISTORY_R34.pdf, page 75>
Package pdftex.def Info: HISTORY_R34.pdf , page75 used on input line 22.
(pdftex.def)             Requested size: 597.78697pt x 773.60669pt.
File: HISTORY_R34.pdf Graphic file (type pdf)
<use HISTORY_R34.pdf, page 75>
Package pdftex.def Info: HISTORY_R34.pdf , page75 used on input line 22.
(pdftex.def)             Requested size: 597.78697pt x 773.60669pt.
 [119

 <./HISTORY_R34.pdf>]
<HISTORY_R34.pdf, id=1619, page=76, 614.295pt x 794.97pt>
File: HISTORY_R34.pdf Graphic file (type pdf)
<use HISTORY_R34.pdf, page 76>
Package pdftex.def Info: HISTORY_R34.pdf , page76 used on input line 22.
(pdftex.def)             Requested size: 597.78697pt x 773.60669pt.
File: HISTORY_R34.pdf Graphic file (type pdf)
<use HISTORY_R34.pdf, page 76>
Package pdftex.def Info: HISTORY_R34.pdf , page76 used on input line 22.
(pdftex.def)             Requested size: 597.78697pt x 773.60669pt.
File: HISTORY_R34.pdf Graphic file (type pdf)
<use HISTORY_R34.pdf, page 76>
Package pdftex.def Info: HISTORY_R34.pdf , page76 used on input line 22.
(pdftex.def)             Requested size: 597.78697pt x 773.60669pt.
 [120

 <./HISTORY_R34.pdf>]
<HISTORY_R34.pdf, id=1627, page=77, 614.295pt x 794.97pt>
File: HISTORY_R34.pdf Graphic file (type pdf)
<use HISTORY_R34.pdf, page 77>
Package pdftex.def Info: HISTORY_R34.pdf , page77 used on input line 22.
(pdftex.def)             Requested size: 597.78697pt x 773.60669pt.
File: HISTORY_R34.pdf Graphic file (type pdf)
<use HISTORY_R34.pdf, page 77>
Package pdftex.def Info: HISTORY_R34.pdf , page77 used on input line 22.
(pdftex.def)             Requested size: 597.78697pt x 773.60669pt.
File: HISTORY_R34.pdf Graphic file (type pdf)
<use HISTORY_R34.pdf, page 77>
Package pdftex.def Info: HISTORY_R34.pdf , page77 used on input line 22.
(pdftex.def)             Requested size: 597.78697pt x 773.60669pt.

[121

 <./HISTORY_R34.pdf>]
<HISTORY_R34.pdf, id=1636, page=78, 614.295pt x 794.97pt>
File: HISTORY_R34.pdf Graphic file (type pdf)
<use HISTORY_R34.pdf, page 78>
Package pdftex.def Info: HISTORY_R34.pdf , page78 used on input line 22.
(pdftex.def)             Requested size: 597.78697pt x 773.60669pt.
File: HISTORY_R34.pdf Graphic file (type pdf)
<use HISTORY_R34.pdf, page 78>
Package pdftex.def Info: HISTORY_R34.pdf , page78 used on input line 22.
(pdftex.def)             Requested size: 597.78697pt x 773.60669pt.
File: HISTORY_R34.pdf Graphic file (type pdf)
<use HISTORY_R34.pdf, page 78>
Package pdftex.def Info: HISTORY_R34.pdf , page78 used on input line 22.
(pdftex.def)             Requested size: 597.78697pt x 773.60669pt.
 [122

 <./HISTORY_R34.pdf>]
<HISTORY_R34.pdf, id=1644, page=79, 614.295pt x 794.97pt>
File: HISTORY_R34.pdf Graphic file (type pdf)
<use HISTORY_R34.pdf, page 79>
Package pdftex.def Info: HISTORY_R34.pdf , page79 used on input line 22.
(pdftex.def)             Requested size: 597.78697pt x 773.60669pt.
File: HISTORY_R34.pdf Graphic file (type pdf)
<use HISTORY_R34.pdf, page 79>
Package pdftex.def Info: HISTORY_R34.pdf , page79 used on input line 22.
(pdftex.def)             Requested size: 597.78697pt x 773.60669pt.
File: HISTORY_R34.pdf Graphic file (type pdf)
<use HISTORY_R34.pdf, page 79>
Package pdftex.def Info: HISTORY_R34.pdf , page79 used on input line 22.
(pdftex.def)             Requested size: 597.78697pt x 773.60669pt.
 [123

 <./HISTORY_R34.pdf>]
<HISTORY_R34.pdf, id=1652, page=80, 614.295pt x 794.97pt>
File: HISTORY_R34.pdf Graphic file (type pdf)
<use HISTORY_R34.pdf, page 80>
Package pdftex.def Info: HISTORY_R34.pdf , page80 used on input line 22.
(pdftex.def)             Requested size: 597.78697pt x 773.60669pt.
File: HISTORY_R34.pdf Graphic file (type pdf)
<use HISTORY_R34.pdf, page 80>
Package pdftex.def Info: HISTORY_R34.pdf , page80 used on input line 22.
(pdftex.def)             Requested size: 597.78697pt x 773.60669pt.
File: HISTORY_R34.pdf Graphic file (type pdf)
<use HISTORY_R34.pdf, page 80>
Package pdftex.def Info: HISTORY_R34.pdf , page80 used on input line 22.
(pdftex.def)             Requested size: 597.78697pt x 773.60669pt.

[124

 <./HISTORY_R34.pdf>]
<HISTORY_R34.pdf, id=1660, page=81, 614.295pt x 794.97pt>
File: HISTORY_R34.pdf Graphic file (type pdf)
<use HISTORY_R34.pdf, page 81>
Package pdftex.def Info: HISTORY_R34.pdf , page81 used on input line 22.
(pdftex.def)             Requested size: 597.78697pt x 773.60669pt.
File: HISTORY_R34.pdf Graphic file (type pdf)
<use HISTORY_R34.pdf, page 81>
Package pdftex.def Info: HISTORY_R34.pdf , page81 used on input line 22.
(pdftex.def)             Requested size: 597.78697pt x 773.60669pt.
File: HISTORY_R34.pdf Graphic file (type pdf)
<use HISTORY_R34.pdf, page 81>
Package pdftex.def Info: HISTORY_R34.pdf , page81 used on input line 22.
(pdftex.def)             Requested size: 597.78697pt x 773.60669pt.
 [125

 <./HISTORY_R34.pdf>]
<HISTORY_R34.pdf, id=1668, page=82, 614.295pt x 794.97pt>
File: HISTORY_R34.pdf Graphic file (type pdf)
<use HISTORY_R34.pdf, page 82>
Package pdftex.def Info: HISTORY_R34.pdf , page82 used on input line 22.
(pdftex.def)             Requested size: 597.78697pt x 773.60669pt.
File: HISTORY_R34.pdf Graphic file (type pdf)
<use HISTORY_R34.pdf, page 82>
Package pdftex.def Info: HISTORY_R34.pdf , page82 used on input line 22.
(pdftex.def)             Requested size: 597.78697pt x 773.60669pt.
File: HISTORY_R34.pdf Graphic file (type pdf)
<use HISTORY_R34.pdf, page 82>
Package pdftex.def Info: HISTORY_R34.pdf , page82 used on input line 22.
(pdftex.def)             Requested size: 597.78697pt x 773.60669pt.
 [126

 <./HISTORY_R34.pdf>]
<HISTORY_R34.pdf, id=1676, page=83, 614.295pt x 794.97pt>
File: HISTORY_R34.pdf Graphic file (type pdf)
<use HISTORY_R34.pdf, page 83>
Package pdftex.def Info: HISTORY_R34.pdf , page83 used on input line 22.
(pdftex.def)             Requested size: 597.78697pt x 773.60669pt.
File: HISTORY_R34.pdf Graphic file (type pdf)
<use HISTORY_R34.pdf, page 83>
Package pdftex.def Info: HISTORY_R34.pdf , page83 used on input line 22.
(pdftex.def)             Requested size: 597.78697pt x 773.60669pt.
File: HISTORY_R34.pdf Graphic file (type pdf)
<use HISTORY_R34.pdf, page 83>
Package pdftex.def Info: HISTORY_R34.pdf , page83 used on input line 22.
(pdftex.def)             Requested size: 597.78697pt x 773.60669pt.

[127

 <./HISTORY_R34.pdf>]
<HISTORY_R34.pdf, id=1685, page=84, 614.295pt x 794.97pt>
File: HISTORY_R34.pdf Graphic file (type pdf)
<use HISTORY_R34.pdf, page 84>
Package pdftex.def Info: HISTORY_R34.pdf , page84 used on input line 22.
(pdftex.def)             Requested size: 597.78697pt x 773.60669pt.
File: HISTORY_R34.pdf Graphic file (type pdf)
<use HISTORY_R34.pdf, page 84>
Package pdftex.def Info: HISTORY_R34.pdf , page84 used on input line 22.
(pdftex.def)             Requested size: 597.78697pt x 773.60669pt.
File: HISTORY_R34.pdf Graphic file (type pdf)
<use HISTORY_R34.pdf, page 84>
Package pdftex.def Info: HISTORY_R34.pdf , page84 used on input line 22.
(pdftex.def)             Requested size: 597.78697pt x 773.60669pt.
 [128

 <./HISTORY_R34.pdf>]
<HISTORY_R34.pdf, id=1693, page=85, 614.295pt x 794.97pt>
File: HISTORY_R34.pdf Graphic file (type pdf)
<use HISTORY_R34.pdf, page 85>
Package pdftex.def Info: HISTORY_R34.pdf , page85 used on input line 22.
(pdftex.def)             Requested size: 597.78697pt x 773.60669pt.
File: HISTORY_R34.pdf Graphic file (type pdf)
<use HISTORY_R34.pdf, page 85>
Package pdftex.def Info: HISTORY_R34.pdf , page85 used on input line 22.
(pdftex.def)             Requested size: 597.78697pt x 773.60669pt.
File: HISTORY_R34.pdf Graphic file (type pdf)
<use HISTORY_R34.pdf, page 85>
Package pdftex.def Info: HISTORY_R34.pdf , page85 used on input line 22.
(pdftex.def)             Requested size: 597.78697pt x 773.60669pt.
 [129

 <./HISTORY_R34.pdf>]
<HISTORY_R34.pdf, id=1701, page=86, 614.295pt x 794.97pt>
File: HISTORY_R34.pdf Graphic file (type pdf)
<use HISTORY_R34.pdf, page 86>
Package pdftex.def Info: HISTORY_R34.pdf , page86 used on input line 22.
(pdftex.def)             Requested size: 597.78697pt x 773.60669pt.
File: HISTORY_R34.pdf Graphic file (type pdf)
<use HISTORY_R34.pdf, page 86>
Package pdftex.def Info: HISTORY_R34.pdf , page86 used on input line 22.
(pdftex.def)             Requested size: 597.78697pt x 773.60669pt.
File: HISTORY_R34.pdf Graphic file (type pdf)
<use HISTORY_R34.pdf, page 86>
Package pdftex.def Info: HISTORY_R34.pdf , page86 used on input line 22.
(pdftex.def)             Requested size: 597.78697pt x 773.60669pt.

[130

 <./HISTORY_R34.pdf>]
<HISTORY_R34.pdf, id=1709, page=87, 614.295pt x 794.97pt>
File: HISTORY_R34.pdf Graphic file (type pdf)
<use HISTORY_R34.pdf, page 87>
Package pdftex.def Info: HISTORY_R34.pdf , page87 used on input line 22.
(pdftex.def)             Requested size: 597.78697pt x 773.60669pt.
File: HISTORY_R34.pdf Graphic file (type pdf)
<use HISTORY_R34.pdf, page 87>
Package pdftex.def Info: HISTORY_R34.pdf , page87 used on input line 22.
(pdftex.def)             Requested size: 597.78697pt x 773.60669pt.
File: HISTORY_R34.pdf Graphic file (type pdf)
<use HISTORY_R34.pdf, page 87>
Package pdftex.def Info: HISTORY_R34.pdf , page87 used on input line 22.
(pdftex.def)             Requested size: 597.78697pt x 773.60669pt.
 [131

 <./HISTORY_R34.pdf>]
<HISTORY_R34.pdf, id=1742, page=88, 614.295pt x 794.97pt>
File: HISTORY_R34.pdf Graphic file (type pdf)
<use HISTORY_R34.pdf, page 88>
Package pdftex.def Info: HISTORY_R34.pdf , page88 used on input line 22.
(pdftex.def)             Requested size: 597.78697pt x 773.60669pt.
File: HISTORY_R34.pdf Graphic file (type pdf)
<use HISTORY_R34.pdf, page 88>
Package pdftex.def Info: HISTORY_R34.pdf , page88 used on input line 22.
(pdftex.def)             Requested size: 597.78697pt x 773.60669pt.
File: HISTORY_R34.pdf Graphic file (type pdf)
<use HISTORY_R34.pdf, page 88>
Package pdftex.def Info: HISTORY_R34.pdf , page88 used on input line 22.
(pdftex.def)             Requested size: 597.78697pt x 773.60669pt.
 [132

 <./HISTORY_R34.pdf>]
<HISTORY_R34.pdf, id=1758, page=89, 614.295pt x 794.97pt>
File: HISTORY_R34.pdf Graphic file (type pdf)
<use HISTORY_R34.pdf, page 89>
Package pdftex.def Info: HISTORY_R34.pdf , page89 used on input line 22.
(pdftex.def)             Requested size: 597.78697pt x 773.60669pt.
File: HISTORY_R34.pdf Graphic file (type pdf)
<use HISTORY_R34.pdf, page 89>
Package pdftex.def Info: HISTORY_R34.pdf , page89 used on input line 22.
(pdftex.def)             Requested size: 597.78697pt x 773.60669pt.
File: HISTORY_R34.pdf Graphic file (type pdf)
<use HISTORY_R34.pdf, page 89>
Package pdftex.def Info: HISTORY_R34.pdf , page89 used on input line 22.
(pdftex.def)             Requested size: 597.78697pt x 773.60669pt.

[133

 <./HISTORY_R34.pdf>]
<HISTORY_R34.pdf, id=1779, page=90, 614.295pt x 794.97pt>
File: HISTORY_R34.pdf Graphic file (type pdf)
<use HISTORY_R34.pdf, page 90>
Package pdftex.def Info: HISTORY_R34.pdf , page90 used on input line 22.
(pdftex.def)             Requested size: 597.78697pt x 773.60669pt.
File: HISTORY_R34.pdf Graphic file (type pdf)
<use HISTORY_R34.pdf, page 90>
Package pdftex.def Info: HISTORY_R34.pdf , page90 used on input line 22.
(pdftex.def)             Requested size: 597.78697pt x 773.60669pt.
File: HISTORY_R34.pdf Graphic file (type pdf)
<use HISTORY_R34.pdf, page 90>
Package pdftex.def Info: HISTORY_R34.pdf , page90 used on input line 22.
(pdftex.def)             Requested size: 597.78697pt x 773.60669pt.
 [134

 <./HISTORY_R34.pdf>]
<HISTORY_R34.pdf, id=1787, page=91, 614.295pt x 794.97pt>
File: HISTORY_R34.pdf Graphic file (type pdf)
<use HISTORY_R34.pdf, page 91>
Package pdftex.def Info: HISTORY_R34.pdf , page91 used on input line 22.
(pdftex.def)             Requested size: 597.78697pt x 773.60669pt.
File: HISTORY_R34.pdf Graphic file (type pdf)
<use HISTORY_R34.pdf, page 91>
Package pdftex.def Info: HISTORY_R34.pdf , page91 used on input line 22.
(pdftex.def)             Requested size: 597.78697pt x 773.60669pt.
File: HISTORY_R34.pdf Graphic file (type pdf)
<use HISTORY_R34.pdf, page 91>
Package pdftex.def Info: HISTORY_R34.pdf , page91 used on input line 22.
(pdftex.def)             Requested size: 597.78697pt x 773.60669pt.
 [135

 <./HISTORY_R34.pdf>]
<HISTORY_R34.pdf, id=1795, page=92, 614.295pt x 794.97pt>
File: HISTORY_R34.pdf Graphic file (type pdf)
<use HISTORY_R34.pdf, page 92>
Package pdftex.def Info: HISTORY_R34.pdf , page92 used on input line 22.
(pdftex.def)             Requested size: 597.78697pt x 773.60669pt.
File: HISTORY_R34.pdf Graphic file (type pdf)
<use HISTORY_R34.pdf, page 92>
Package pdftex.def Info: HISTORY_R34.pdf , page92 used on input line 22.
(pdftex.def)             Requested size: 597.78697pt x 773.60669pt.
File: HISTORY_R34.pdf Graphic file (type pdf)
<use HISTORY_R34.pdf, page 92>
Package pdftex.def Info: HISTORY_R34.pdf , page92 used on input line 22.
(pdftex.def)             Requested size: 597.78697pt x 773.60669pt.

[136

 <./HISTORY_R34.pdf>]
<HISTORY_R34.pdf, id=1820, page=93, 614.295pt x 794.97pt>
File: HISTORY_R34.pdf Graphic file (type pdf)
<use HISTORY_R34.pdf, page 93>
Package pdftex.def Info: HISTORY_R34.pdf , page93 used on input line 22.
(pdftex.def)             Requested size: 597.78697pt x 773.60669pt.
File: HISTORY_R34.pdf Graphic file (type pdf)
<use HISTORY_R34.pdf, page 93>
Package pdftex.def Info: HISTORY_R34.pdf , page93 used on input line 22.
(pdftex.def)             Requested size: 597.78697pt x 773.60669pt.
File: HISTORY_R34.pdf Graphic file (type pdf)
<use HISTORY_R34.pdf, page 93>
Package pdftex.def Info: HISTORY_R34.pdf , page93 used on input line 22.
(pdftex.def)             Requested size: 597.78697pt x 773.60669pt.
 [137

 <./HISTORY_R34.pdf>]
<HISTORY_R34.pdf, id=1828, page=94, 614.295pt x 794.97pt>
File: HISTORY_R34.pdf Graphic file (type pdf)
<use HISTORY_R34.pdf, page 94>
Package pdftex.def Info: HISTORY_R34.pdf , page94 used on input line 22.
(pdftex.def)             Requested size: 597.78697pt x 773.60669pt.
File: HISTORY_R34.pdf Graphic file (type pdf)
<use HISTORY_R34.pdf, page 94>
Package pdftex.def Info: HISTORY_R34.pdf , page94 used on input line 22.
(pdftex.def)             Requested size: 597.78697pt x 773.60669pt.
File: HISTORY_R34.pdf Graphic file (type pdf)
<use HISTORY_R34.pdf, page 94>
Package pdftex.def Info: HISTORY_R34.pdf , page94 used on input line 22.
(pdftex.def)             Requested size: 597.78697pt x 773.60669pt.
 [138

 <./HISTORY_R34.pdf>]
<HISTORY_R34.pdf, id=1836, page=95, 614.295pt x 794.97pt>
File: HISTORY_R34.pdf Graphic file (type pdf)
<use HISTORY_R34.pdf, page 95>
Package pdftex.def Info: HISTORY_R34.pdf , page95 used on input line 22.
(pdftex.def)             Requested size: 597.78697pt x 773.60669pt.
File: HISTORY_R34.pdf Graphic file (type pdf)
<use HISTORY_R34.pdf, page 95>
Package pdftex.def Info: HISTORY_R34.pdf , page95 used on input line 22.
(pdftex.def)             Requested size: 597.78697pt x 773.60669pt.
File: HISTORY_R34.pdf Graphic file (type pdf)
<use HISTORY_R34.pdf, page 95>
Package pdftex.def Info: HISTORY_R34.pdf , page95 used on input line 22.
(pdftex.def)             Requested size: 597.78697pt x 773.60669pt.

[139

 <./HISTORY_R34.pdf>]
<HISTORY_R34.pdf, id=1845, page=96, 614.295pt x 794.97pt>
File: HISTORY_R34.pdf Graphic file (type pdf)
<use HISTORY_R34.pdf, page 96>
Package pdftex.def Info: HISTORY_R34.pdf , page96 used on input line 22.
(pdftex.def)             Requested size: 597.78697pt x 773.60669pt.
File: HISTORY_R34.pdf Graphic file (type pdf)
<use HISTORY_R34.pdf, page 96>
Package pdftex.def Info: HISTORY_R34.pdf , page96 used on input line 22.
(pdftex.def)             Requested size: 597.78697pt x 773.60669pt.
File: HISTORY_R34.pdf Graphic file (type pdf)
<use HISTORY_R34.pdf, page 96>
Package pdftex.def Info: HISTORY_R34.pdf , page96 used on input line 22.
(pdftex.def)             Requested size: 597.78697pt x 773.60669pt.
 [140

 <./HISTORY_R34.pdf>]
<HISTORY_R34.pdf, id=1853, page=97, 614.295pt x 794.97pt>
File: HISTORY_R34.pdf Graphic file (type pdf)
<use HISTORY_R34.pdf, page 97>
Package pdftex.def Info: HISTORY_R34.pdf , page97 used on input line 22.
(pdftex.def)             Requested size: 597.78697pt x 773.60669pt.
File: HISTORY_R34.pdf Graphic file (type pdf)
<use HISTORY_R34.pdf, page 97>
Package pdftex.def Info: HISTORY_R34.pdf , page97 used on input line 22.
(pdftex.def)             Requested size: 597.78697pt x 773.60669pt.
File: HISTORY_R34.pdf Graphic file (type pdf)
<use HISTORY_R34.pdf, page 97>
Package pdftex.def Info: HISTORY_R34.pdf , page97 used on input line 22.
(pdftex.def)             Requested size: 597.78697pt x 773.60669pt.
 [141

 <./HISTORY_R34.pdf>]
<HISTORY_R34.pdf, id=1861, page=98, 614.295pt x 794.97pt>
File: HISTORY_R34.pdf Graphic file (type pdf)
<use HISTORY_R34.pdf, page 98>
Package pdftex.def Info: HISTORY_R34.pdf , page98 used on input line 22.
(pdftex.def)             Requested size: 597.78697pt x 773.60669pt.
File: HISTORY_R34.pdf Graphic file (type pdf)
<use HISTORY_R34.pdf, page 98>
Package pdftex.def Info: HISTORY_R34.pdf , page98 used on input line 22.
(pdftex.def)             Requested size: 597.78697pt x 773.60669pt.
File: HISTORY_R34.pdf Graphic file (type pdf)
<use HISTORY_R34.pdf, page 98>
Package pdftex.def Info: HISTORY_R34.pdf , page98 used on input line 22.
(pdftex.def)             Requested size: 597.78697pt x 773.60669pt.

[142

 <./HISTORY_R34.pdf>]
<HISTORY_R34.pdf, id=1869, page=99, 614.295pt x 794.97pt>
File: HISTORY_R34.pdf Graphic file (type pdf)
<use HISTORY_R34.pdf, page 99>
Package pdftex.def Info: HISTORY_R34.pdf , page99 used on input line 22.
(pdftex.def)             Requested size: 597.78697pt x 773.60669pt.
File: HISTORY_R34.pdf Graphic file (type pdf)
<use HISTORY_R34.pdf, page 99>
Package pdftex.def Info: HISTORY_R34.pdf , page99 used on input line 22.
(pdftex.def)             Requested size: 597.78697pt x 773.60669pt.
File: HISTORY_R34.pdf Graphic file (type pdf)
<use HISTORY_R34.pdf, page 99>
Package pdftex.def Info: HISTORY_R34.pdf , page99 used on input line 22.
(pdftex.def)             Requested size: 597.78697pt x 773.60669pt.
 [143

 <./HISTORY_R34.pdf>]
<HISTORY_R34.pdf, id=1877, page=100, 614.295pt x 794.97pt>
File: HISTORY_R34.pdf Graphic file (type pdf)
<use HISTORY_R34.pdf, page 100>
Package pdftex.def Info: HISTORY_R34.pdf , page100 used on input line 22.
(pdftex.def)             Requested size: 597.78697pt x 773.60669pt.
File: HISTORY_R34.pdf Graphic file (type pdf)
<use HISTORY_R34.pdf, page 100>
Package pdftex.def Info: HISTORY_R34.pdf , page100 used on input line 22.
(pdftex.def)             Requested size: 597.78697pt x 773.60669pt.
File: HISTORY_R34.pdf Graphic file (type pdf)
<use HISTORY_R34.pdf, page 100>
Package pdftex.def Info: HISTORY_R34.pdf , page100 used on input line 22.
(pdftex.def)             Requested size: 597.78697pt x 773.60669pt.
 [144

 <./HISTORY_R34.pdf>]
<HISTORY_R34.pdf, id=1885, page=101, 614.295pt x 794.97pt>
File: HISTORY_R34.pdf Graphic file (type pdf)
<use HISTORY_R34.pdf, page 101>
Package pdftex.def Info: HISTORY_R34.pdf , page101 used on input line 22.
(pdftex.def)             Requested size: 597.78697pt x 773.60669pt.
File: HISTORY_R34.pdf Graphic file (type pdf)
<use HISTORY_R34.pdf, page 101>
Package pdftex.def Info: HISTORY_R34.pdf , page101 used on input line 22.
(pdftex.def)             Requested size: 597.78697pt x 773.60669pt.
File: HISTORY_R34.pdf Graphic file (type pdf)
<use HISTORY_R34.pdf, page 101>
Package pdftex.def Info: HISTORY_R34.pdf , page101 used on input line 22.
(pdftex.def)             Requested size: 597.78697pt x 773.60669pt.

[145

 <./HISTORY_R34.pdf>]
<HISTORY_R34.pdf, id=1894, page=102, 614.295pt x 794.97pt>
File: HISTORY_R34.pdf Graphic file (type pdf)
<use HISTORY_R34.pdf, page 102>
Package pdftex.def Info: HISTORY_R34.pdf , page102 used on input line 22.
(pdftex.def)             Requested size: 597.78697pt x 773.60669pt.
File: HISTORY_R34.pdf Graphic file (type pdf)
<use HISTORY_R34.pdf, page 102>
Package pdftex.def Info: HISTORY_R34.pdf , page102 used on input line 22.
(pdftex.def)             Requested size: 597.78697pt x 773.60669pt.
File: HISTORY_R34.pdf Graphic file (type pdf)
<use HISTORY_R34.pdf, page 102>
Package pdftex.def Info: HISTORY_R34.pdf , page102 used on input line 22.
(pdftex.def)             Requested size: 597.78697pt x 773.60669pt.
 [146

 <./HISTORY_R34.pdf>]
<HISTORY_R34.pdf, id=1902, page=103, 614.295pt x 794.97pt>
File: HISTORY_R34.pdf Graphic file (type pdf)
<use HISTORY_R34.pdf, page 103>
Package pdftex.def Info: HISTORY_R34.pdf , page103 used on input line 22.
(pdftex.def)             Requested size: 597.78697pt x 773.60669pt.
File: HISTORY_R34.pdf Graphic file (type pdf)
<use HISTORY_R34.pdf, page 103>
Package pdftex.def Info: HISTORY_R34.pdf , page103 used on input line 22.
(pdftex.def)             Requested size: 597.78697pt x 773.60669pt.
File: HISTORY_R34.pdf Graphic file (type pdf)
<use HISTORY_R34.pdf, page 103>
Package pdftex.def Info: HISTORY_R34.pdf , page103 used on input line 22.
(pdftex.def)             Requested size: 597.78697pt x 773.60669pt.
 [147

 <./HISTORY_R34.pdf>]
<HISTORY_R34.pdf, id=1910, page=104, 614.295pt x 794.97pt>
File: HISTORY_R34.pdf Graphic file (type pdf)
<use HISTORY_R34.pdf, page 104>
Package pdftex.def Info: HISTORY_R34.pdf , page104 used on input line 22.
(pdftex.def)             Requested size: 597.78697pt x 773.60669pt.
File: HISTORY_R34.pdf Graphic file (type pdf)
<use HISTORY_R34.pdf, page 104>
Package pdftex.def Info: HISTORY_R34.pdf , page104 used on input line 22.
(pdftex.def)             Requested size: 597.78697pt x 773.60669pt.
File: HISTORY_R34.pdf Graphic file (type pdf)
<use HISTORY_R34.pdf, page 104>
Package pdftex.def Info: HISTORY_R34.pdf , page104 used on input line 22.
(pdftex.def)             Requested size: 597.78697pt x 773.60669pt.

[148

 <./HISTORY_R34.pdf>]
<HISTORY_R34.pdf, id=1918, page=105, 614.295pt x 794.97pt>
File: HISTORY_R34.pdf Graphic file (type pdf)
<use HISTORY_R34.pdf, page 105>
Package pdftex.def Info: HISTORY_R34.pdf , page105 used on input line 22.
(pdftex.def)             Requested size: 597.78697pt x 773.60669pt.
File: HISTORY_R34.pdf Graphic file (type pdf)
<use HISTORY_R34.pdf, page 105>
Package pdftex.def Info: HISTORY_R34.pdf , page105 used on input line 22.
(pdftex.def)             Requested size: 597.78697pt x 773.60669pt.
File: HISTORY_R34.pdf Graphic file (type pdf)
<use HISTORY_R34.pdf, page 105>
Package pdftex.def Info: HISTORY_R34.pdf , page105 used on input line 22.
(pdftex.def)             Requested size: 597.78697pt x 773.60669pt.
 [149

 <./HISTORY_R34.pdf>]
<HISTORY_R34.pdf, id=1926, page=106, 614.295pt x 794.97pt>
File: HISTORY_R34.pdf Graphic file (type pdf)
<use HISTORY_R34.pdf, page 106>
Package pdftex.def Info: HISTORY_R34.pdf , page106 used on input line 22.
(pdftex.def)             Requested size: 597.78697pt x 773.60669pt.
File: HISTORY_R34.pdf Graphic file (type pdf)
<use HISTORY_R34.pdf, page 106>
Package pdftex.def Info: HISTORY_R34.pdf , page106 used on input line 22.
(pdftex.def)             Requested size: 597.78697pt x 773.60669pt.
File: HISTORY_R34.pdf Graphic file (type pdf)
<use HISTORY_R34.pdf, page 106>
Package pdftex.def Info: HISTORY_R34.pdf , page106 used on input line 22.
(pdftex.def)             Requested size: 597.78697pt x 773.60669pt.
 [150

 <./HISTORY_R34.pdf>]
<HISTORY_R34.pdf, id=1934, page=107, 614.295pt x 794.97pt>
File: HISTORY_R34.pdf Graphic file (type pdf)
<use HISTORY_R34.pdf, page 107>
Package pdftex.def Info: HISTORY_R34.pdf , page107 used on input line 22.
(pdftex.def)             Requested size: 597.78697pt x 773.60669pt.
File: HISTORY_R34.pdf Graphic file (type pdf)
<use HISTORY_R34.pdf, page 107>
Package pdftex.def Info: HISTORY_R34.pdf , page107 used on input line 22.
(pdftex.def)             Requested size: 597.78697pt x 773.60669pt.
File: HISTORY_R34.pdf Graphic file (type pdf)
<use HISTORY_R34.pdf, page 107>
Package pdftex.def Info: HISTORY_R34.pdf , page107 used on input line 22.
(pdftex.def)             Requested size: 597.78697pt x 773.60669pt.

[151

 <./HISTORY_R34.pdf>]
<HISTORY_R34.pdf, id=1943, page=108, 614.295pt x 794.97pt>
File: HISTORY_R34.pdf Graphic file (type pdf)
<use HISTORY_R34.pdf, page 108>
Package pdftex.def Info: HISTORY_R34.pdf , page108 used on input line 22.
(pdftex.def)             Requested size: 597.78697pt x 773.60669pt.
File: HISTORY_R34.pdf Graphic file (type pdf)
<use HISTORY_R34.pdf, page 108>
Package pdftex.def Info: HISTORY_R34.pdf , page108 used on input line 22.
(pdftex.def)             Requested size: 597.78697pt x 773.60669pt.
File: HISTORY_R34.pdf Graphic file (type pdf)
<use HISTORY_R34.pdf, page 108>
Package pdftex.def Info: HISTORY_R34.pdf , page108 used on input line 22.
(pdftex.def)             Requested size: 597.78697pt x 773.60669pt.
 [152

 <./HISTORY_R34.pdf>]
<HISTORY_R34.pdf, id=1951, page=109, 614.295pt x 794.97pt>
File: HISTORY_R34.pdf Graphic file (type pdf)
<use HISTORY_R34.pdf, page 109>
Package pdftex.def Info: HISTORY_R34.pdf , page109 used on input line 22.
(pdftex.def)             Requested size: 597.78697pt x 773.60669pt.
File: HISTORY_R34.pdf Graphic file (type pdf)
<use HISTORY_R34.pdf, page 109>
Package pdftex.def Info: HISTORY_R34.pdf , page109 used on input line 22.
(pdftex.def)             Requested size: 597.78697pt x 773.60669pt.
File: HISTORY_R34.pdf Graphic file (type pdf)
<use HISTORY_R34.pdf, page 109>
Package pdftex.def Info: HISTORY_R34.pdf , page109 used on input line 22.
(pdftex.def)             Requested size: 597.78697pt x 773.60669pt.
 [153

 <./HISTORY_R34.pdf>]
<HISTORY_R34.pdf, id=1959, page=110, 614.295pt x 794.97pt>
File: HISTORY_R34.pdf Graphic file (type pdf)
<use HISTORY_R34.pdf, page 110>
Package pdftex.def Info: HISTORY_R34.pdf , page110 used on input line 22.
(pdftex.def)             Requested size: 597.78697pt x 773.60669pt.
File: HISTORY_R34.pdf Graphic file (type pdf)
<use HISTORY_R34.pdf, page 110>
Package pdftex.def Info: HISTORY_R34.pdf , page110 used on input line 22.
(pdftex.def)             Requested size: 597.78697pt x 773.60669pt.
File: HISTORY_R34.pdf Graphic file (type pdf)
<use HISTORY_R34.pdf, page 110>
Package pdftex.def Info: HISTORY_R34.pdf , page110 used on input line 22.
(pdftex.def)             Requested size: 597.78697pt x 773.60669pt.

[154

 <./HISTORY_R34.pdf>]
<HISTORY_R34.pdf, id=1967, page=111, 614.295pt x 794.97pt>
File: HISTORY_R34.pdf Graphic file (type pdf)
<use HISTORY_R34.pdf, page 111>
Package pdftex.def Info: HISTORY_R34.pdf , page111 used on input line 22.
(pdftex.def)             Requested size: 597.78697pt x 773.60669pt.
File: HISTORY_R34.pdf Graphic file (type pdf)
<use HISTORY_R34.pdf, page 111>
Package pdftex.def Info: HISTORY_R34.pdf , page111 used on input line 22.
(pdftex.def)             Requested size: 597.78697pt x 773.60669pt.
File: HISTORY_R34.pdf Graphic file (type pdf)
<use HISTORY_R34.pdf, page 111>
Package pdftex.def Info: HISTORY_R34.pdf , page111 used on input line 22.
(pdftex.def)             Requested size: 597.78697pt x 773.60669pt.
 [155

 <./HISTORY_R34.pdf>]
<HISTORY_R34.pdf, id=1976, page=112, 614.295pt x 794.97pt>
File: HISTORY_R34.pdf Graphic file (type pdf)
<use HISTORY_R34.pdf, page 112>
Package pdftex.def Info: HISTORY_R34.pdf , page112 used on input line 22.
(pdftex.def)             Requested size: 597.78697pt x 773.60669pt.
File: HISTORY_R34.pdf Graphic file (type pdf)
<use HISTORY_R34.pdf, page 112>
Package pdftex.def Info: HISTORY_R34.pdf , page112 used on input line 22.
(pdftex.def)             Requested size: 597.78697pt x 773.60669pt.
File: HISTORY_R34.pdf Graphic file (type pdf)
<use HISTORY_R34.pdf, page 112>
Package pdftex.def Info: HISTORY_R34.pdf , page112 used on input line 22.
(pdftex.def)             Requested size: 597.78697pt x 773.60669pt.
 [156

 <./HISTORY_R34.pdf>]
<HISTORY_R34.pdf, id=1984, page=113, 614.295pt x 794.97pt>
File: HISTORY_R34.pdf Graphic file (type pdf)
<use HISTORY_R34.pdf, page 113>
Package pdftex.def Info: HISTORY_R34.pdf , page113 used on input line 22.
(pdftex.def)             Requested size: 597.78697pt x 773.60669pt.
File: HISTORY_R34.pdf Graphic file (type pdf)
<use HISTORY_R34.pdf, page 113>
Package pdftex.def Info: HISTORY_R34.pdf , page113 used on input line 22.
(pdftex.def)             Requested size: 597.78697pt x 773.60669pt.
File: HISTORY_R34.pdf Graphic file (type pdf)
<use HISTORY_R34.pdf, page 113>
Package pdftex.def Info: HISTORY_R34.pdf , page113 used on input line 22.
(pdftex.def)             Requested size: 597.78697pt x 773.60669pt.

[157

 <./HISTORY_R34.pdf>]
<HISTORY_R34.pdf, id=2018, page=114, 614.295pt x 794.97pt>
File: HISTORY_R34.pdf Graphic file (type pdf)
<use HISTORY_R34.pdf, page 114>
Package pdftex.def Info: HISTORY_R34.pdf , page114 used on input line 22.
(pdftex.def)             Requested size: 597.78697pt x 773.60669pt.
File: HISTORY_R34.pdf Graphic file (type pdf)
<use HISTORY_R34.pdf, page 114>
Package pdftex.def Info: HISTORY_R34.pdf , page114 used on input line 22.
(pdftex.def)             Requested size: 597.78697pt x 773.60669pt.
File: HISTORY_R34.pdf Graphic file (type pdf)
<use HISTORY_R34.pdf, page 114>
Package pdftex.def Info: HISTORY_R34.pdf , page114 used on input line 22.
(pdftex.def)             Requested size: 597.78697pt x 773.60669pt.
 [158

 <./HISTORY_R34.pdf>]
<HISTORY_R34.pdf, id=2026, page=115, 614.295pt x 794.97pt>
File: HISTORY_R34.pdf Graphic file (type pdf)
<use HISTORY_R34.pdf, page 115>
Package pdftex.def Info: HISTORY_R34.pdf , page115 used on input line 22.
(pdftex.def)             Requested size: 597.78697pt x 773.60669pt.
File: HISTORY_R34.pdf Graphic file (type pdf)
<use HISTORY_R34.pdf, page 115>
Package pdftex.def Info: HISTORY_R34.pdf , page115 used on input line 22.
(pdftex.def)             Requested size: 597.78697pt x 773.60669pt.
File: HISTORY_R34.pdf Graphic file (type pdf)
<use HISTORY_R34.pdf, page 115>
Package pdftex.def Info: HISTORY_R34.pdf , page115 used on input line 22.
(pdftex.def)             Requested size: 597.78697pt x 773.60669pt.
 [159

 <./HISTORY_R34.pdf>]
<HISTORY_R34.pdf, id=2034, page=116, 614.295pt x 794.97pt>
File: HISTORY_R34.pdf Graphic file (type pdf)
<use HISTORY_R34.pdf, page 116>
Package pdftex.def Info: HISTORY_R34.pdf , page116 used on input line 22.
(pdftex.def)             Requested size: 597.78697pt x 773.60669pt.
File: HISTORY_R34.pdf Graphic file (type pdf)
<use HISTORY_R34.pdf, page 116>
Package pdftex.def Info: HISTORY_R34.pdf , page116 used on input line 22.
(pdftex.def)             Requested size: 597.78697pt x 773.60669pt.
File: HISTORY_R34.pdf Graphic file (type pdf)
<use HISTORY_R34.pdf, page 116>
Package pdftex.def Info: HISTORY_R34.pdf , page116 used on input line 22.
(pdftex.def)             Requested size: 597.78697pt x 773.60669pt.

[160

 <./HISTORY_R34.pdf>]
<HISTORY_R34.pdf, id=2042, page=117, 614.295pt x 794.97pt>
File: HISTORY_R34.pdf Graphic file (type pdf)
<use HISTORY_R34.pdf, page 117>
Package pdftex.def Info: HISTORY_R34.pdf , page117 used on input line 22.
(pdftex.def)             Requested size: 597.78697pt x 773.60669pt.
File: HISTORY_R34.pdf Graphic file (type pdf)
<use HISTORY_R34.pdf, page 117>
Package pdftex.def Info: HISTORY_R34.pdf , page117 used on input line 22.
(pdftex.def)             Requested size: 597.78697pt x 773.60669pt.
File: HISTORY_R34.pdf Graphic file (type pdf)
<use HISTORY_R34.pdf, page 117>
Package pdftex.def Info: HISTORY_R34.pdf , page117 used on input line 22.
(pdftex.def)             Requested size: 597.78697pt x 773.60669pt.
 [161

 <./HISTORY_R34.pdf>]
<HISTORY_R34.pdf, id=2050, page=118, 614.295pt x 794.97pt>
File: HISTORY_R34.pdf Graphic file (type pdf)
<use HISTORY_R34.pdf, page 118>
Package pdftex.def Info: HISTORY_R34.pdf , page118 used on input line 22.
(pdftex.def)             Requested size: 597.78697pt x 773.60669pt.
File: HISTORY_R34.pdf Graphic file (type pdf)
<use HISTORY_R34.pdf, page 118>
Package pdftex.def Info: HISTORY_R34.pdf , page118 used on input line 22.
(pdftex.def)             Requested size: 597.78697pt x 773.60669pt.
File: HISTORY_R34.pdf Graphic file (type pdf)
<use HISTORY_R34.pdf, page 118>
Package pdftex.def Info: HISTORY_R34.pdf , page118 used on input line 22.
(pdftex.def)             Requested size: 597.78697pt x 773.60669pt.
 [162

 <./HISTORY_R34.pdf>]
<HISTORY_R34.pdf, id=2058, page=119, 614.295pt x 794.97pt>
File: HISTORY_R34.pdf Graphic file (type pdf)
<use HISTORY_R34.pdf, page 119>
Package pdftex.def Info: HISTORY_R34.pdf , page119 used on input line 22.
(pdftex.def)             Requested size: 597.78697pt x 773.60669pt.
File: HISTORY_R34.pdf Graphic file (type pdf)
<use HISTORY_R34.pdf, page 119>
Package pdftex.def Info: HISTORY_R34.pdf , page119 used on input line 22.
(pdftex.def)             Requested size: 597.78697pt x 773.60669pt.
File: HISTORY_R34.pdf Graphic file (type pdf)
<use HISTORY_R34.pdf, page 119>
Package pdftex.def Info: HISTORY_R34.pdf , page119 used on input line 22.
(pdftex.def)             Requested size: 597.78697pt x 773.60669pt.

[163

 <./HISTORY_R34.pdf>]
<HISTORY_R34.pdf, id=2067, page=120, 614.295pt x 794.97pt>
File: HISTORY_R34.pdf Graphic file (type pdf)
<use HISTORY_R34.pdf, page 120>
Package pdftex.def Info: HISTORY_R34.pdf , page120 used on input line 22.
(pdftex.def)             Requested size: 597.78697pt x 773.60669pt.
File: HISTORY_R34.pdf Graphic file (type pdf)
<use HISTORY_R34.pdf, page 120>
Package pdftex.def Info: HISTORY_R34.pdf , page120 used on input line 22.
(pdftex.def)             Requested size: 597.78697pt x 773.60669pt.
File: HISTORY_R34.pdf Graphic file (type pdf)
<use HISTORY_R34.pdf, page 120>
Package pdftex.def Info: HISTORY_R34.pdf , page120 used on input line 22.
(pdftex.def)             Requested size: 597.78697pt x 773.60669pt.
 [164

 <./HISTORY_R34.pdf>]
<HISTORY_R34.pdf, id=2075, page=121, 614.295pt x 794.97pt>
File: HISTORY_R34.pdf Graphic file (type pdf)
<use HISTORY_R34.pdf, page 121>
Package pdftex.def Info: HISTORY_R34.pdf , page121 used on input line 22.
(pdftex.def)             Requested size: 597.78697pt x 773.60669pt.
File: HISTORY_R34.pdf Graphic file (type pdf)
<use HISTORY_R34.pdf, page 121>
Package pdftex.def Info: HISTORY_R34.pdf , page121 used on input line 22.
(pdftex.def)             Requested size: 597.78697pt x 773.60669pt.
File: HISTORY_R34.pdf Graphic file (type pdf)
<use HISTORY_R34.pdf, page 121>
Package pdftex.def Info: HISTORY_R34.pdf , page121 used on input line 22.
(pdftex.def)             Requested size: 597.78697pt x 773.60669pt.
 [165

 <./HISTORY_R34.pdf>]
<HISTORY_R34.pdf, id=2083, page=122, 614.295pt x 794.97pt>
File: HISTORY_R34.pdf Graphic file (type pdf)
<use HISTORY_R34.pdf, page 122>
Package pdftex.def Info: HISTORY_R34.pdf , page122 used on input line 22.
(pdftex.def)             Requested size: 597.78697pt x 773.60669pt.
File: HISTORY_R34.pdf Graphic file (type pdf)
<use HISTORY_R34.pdf, page 122>
Package pdftex.def Info: HISTORY_R34.pdf , page122 used on input line 22.
(pdftex.def)             Requested size: 597.78697pt x 773.60669pt.
File: HISTORY_R34.pdf Graphic file (type pdf)
<use HISTORY_R34.pdf, page 122>
Package pdftex.def Info: HISTORY_R34.pdf , page122 used on input line 22.
(pdftex.def)             Requested size: 597.78697pt x 773.60669pt.

[166

 <./HISTORY_R34.pdf>]
<HISTORY_R34.pdf, id=2091, page=123, 614.295pt x 794.97pt>
File: HISTORY_R34.pdf Graphic file (type pdf)
<use HISTORY_R34.pdf, page 123>
Package pdftex.def Info: HISTORY_R34.pdf , page123 used on input line 22.
(pdftex.def)             Requested size: 597.78697pt x 773.60669pt.
File: HISTORY_R34.pdf Graphic file (type pdf)
<use HISTORY_R34.pdf, page 123>
Package pdftex.def Info: HISTORY_R34.pdf , page123 used on input line 22.
(pdftex.def)             Requested size: 597.78697pt x 773.60669pt.
File: HISTORY_R34.pdf Graphic file (type pdf)
<use HISTORY_R34.pdf, page 123>
Package pdftex.def Info: HISTORY_R34.pdf , page123 used on input line 22.
(pdftex.def)             Requested size: 597.78697pt x 773.60669pt.
 [167

 <./HISTORY_R34.pdf>]
<HISTORY_R34.pdf, id=2099, page=124, 614.295pt x 794.97pt>
File: HISTORY_R34.pdf Graphic file (type pdf)
<use HISTORY_R34.pdf, page 124>
Package pdftex.def Info: HISTORY_R34.pdf , page124 used on input line 22.
(pdftex.def)             Requested size: 597.78697pt x 773.60669pt.
File: HISTORY_R34.pdf Graphic file (type pdf)
<use HISTORY_R34.pdf, page 124>
Package pdftex.def Info: HISTORY_R34.pdf , page124 used on input line 22.
(pdftex.def)             Requested size: 597.78697pt x 773.60669pt.
File: HISTORY_R34.pdf Graphic file (type pdf)
<use HISTORY_R34.pdf, page 124>
Package pdftex.def Info: HISTORY_R34.pdf , page124 used on input line 22.
(pdftex.def)             Requested size: 597.78697pt x 773.60669pt.
 [168

 <./HISTORY_R34.pdf>]
<HISTORY_R34.pdf, id=2107, page=125, 614.295pt x 794.97pt>
File: HISTORY_R34.pdf Graphic file (type pdf)
<use HISTORY_R34.pdf, page 125>
Package pdftex.def Info: HISTORY_R34.pdf , page125 used on input line 22.
(pdftex.def)             Requested size: 597.78697pt x 773.60669pt.
File: HISTORY_R34.pdf Graphic file (type pdf)
<use HISTORY_R34.pdf, page 125>
Package pdftex.def Info: HISTORY_R34.pdf , page125 used on input line 22.
(pdftex.def)             Requested size: 597.78697pt x 773.60669pt.
File: HISTORY_R34.pdf Graphic file (type pdf)
<use HISTORY_R34.pdf, page 125>
Package pdftex.def Info: HISTORY_R34.pdf , page125 used on input line 22.
(pdftex.def)             Requested size: 597.78697pt x 773.60669pt.

[169

 <./HISTORY_R34.pdf>]
<HISTORY_R34.pdf, id=2127, page=126, 614.295pt x 794.97pt>
File: HISTORY_R34.pdf Graphic file (type pdf)
<use HISTORY_R34.pdf, page 126>
Package pdftex.def Info: HISTORY_R34.pdf , page126 used on input line 22.
(pdftex.def)             Requested size: 597.78697pt x 773.60669pt.
File: HISTORY_R34.pdf Graphic file (type pdf)
<use HISTORY_R34.pdf, page 126>
Package pdftex.def Info: HISTORY_R34.pdf , page126 used on input line 22.
(pdftex.def)             Requested size: 597.78697pt x 773.60669pt.
File: HISTORY_R34.pdf Graphic file (type pdf)
<use HISTORY_R34.pdf, page 126>
Package pdftex.def Info: HISTORY_R34.pdf , page126 used on input line 22.
(pdftex.def)             Requested size: 597.78697pt x 773.60669pt.
 [170

 <./HISTORY_R34.pdf>]
<HISTORY_R34.pdf, id=2173, page=127, 614.295pt x 794.97pt>
File: HISTORY_R34.pdf Graphic file (type pdf)
<use HISTORY_R34.pdf, page 127>
Package pdftex.def Info: HISTORY_R34.pdf , page127 used on input line 22.
(pdftex.def)             Requested size: 597.78697pt x 773.60669pt.
File: HISTORY_R34.pdf Graphic file (type pdf)
<use HISTORY_R34.pdf, page 127>
Package pdftex.def Info: HISTORY_R34.pdf , page127 used on input line 22.
(pdftex.def)             Requested size: 597.78697pt x 773.60669pt.
File: HISTORY_R34.pdf Graphic file (type pdf)
<use HISTORY_R34.pdf, page 127>
Package pdftex.def Info: HISTORY_R34.pdf , page127 used on input line 22.
(pdftex.def)             Requested size: 597.78697pt x 773.60669pt.
 [171

 <./HISTORY_R34.pdf>]
<HISTORY_R34.pdf, id=2224, page=128, 614.295pt x 794.97pt>
File: HISTORY_R34.pdf Graphic file (type pdf)
<use HISTORY_R34.pdf, page 128>
Package pdftex.def Info: HISTORY_R34.pdf , page128 used on input line 22.
(pdftex.def)             Requested size: 597.78697pt x 773.60669pt.
File: HISTORY_R34.pdf Graphic file (type pdf)
<use HISTORY_R34.pdf, page 128>
Package pdftex.def Info: HISTORY_R34.pdf , page128 used on input line 22.
(pdftex.def)             Requested size: 597.78697pt x 773.60669pt.
File: HISTORY_R34.pdf Graphic file (type pdf)
<use HISTORY_R34.pdf, page 128>
Package pdftex.def Info: HISTORY_R34.pdf , page128 used on input line 22.
(pdftex.def)             Requested size: 597.78697pt x 773.60669pt.

[172

 <./HISTORY_R34.pdf>]
<HISTORY_R34.pdf, id=2240, page=129, 614.295pt x 794.97pt>
File: HISTORY_R34.pdf Graphic file (type pdf)
<use HISTORY_R34.pdf, page 129>
Package pdftex.def Info: HISTORY_R34.pdf , page129 used on input line 22.
(pdftex.def)             Requested size: 597.78697pt x 773.60669pt.
File: HISTORY_R34.pdf Graphic file (type pdf)
<use HISTORY_R34.pdf, page 129>
Package pdftex.def Info: HISTORY_R34.pdf , page129 used on input line 22.
(pdftex.def)             Requested size: 597.78697pt x 773.60669pt.
File: HISTORY_R34.pdf Graphic file (type pdf)
<use HISTORY_R34.pdf, page 129>
Package pdftex.def Info: HISTORY_R34.pdf , page129 used on input line 22.
(pdftex.def)             Requested size: 597.78697pt x 773.60669pt.
 [173

 <./HISTORY_R34.pdf>]
<HISTORY_R34.pdf, id=2249, page=130, 614.295pt x 794.97pt>
File: HISTORY_R34.pdf Graphic file (type pdf)
<use HISTORY_R34.pdf, page 130>
Package pdftex.def Info: HISTORY_R34.pdf , page130 used on input line 22.
(pdftex.def)             Requested size: 597.78697pt x 773.60669pt.
File: HISTORY_R34.pdf Graphic file (type pdf)
<use HISTORY_R34.pdf, page 130>
Package pdftex.def Info: HISTORY_R34.pdf , page130 used on input line 22.
(pdftex.def)             Requested size: 597.78697pt x 773.60669pt.
File: HISTORY_R34.pdf Graphic file (type pdf)
<use HISTORY_R34.pdf, page 130>
Package pdftex.def Info: HISTORY_R34.pdf , page130 used on input line 22.
(pdftex.def)             Requested size: 597.78697pt x 773.60669pt.
 [174

 <./HISTORY_R34.pdf>]
<HISTORY_R34.pdf, id=2258, page=131, 614.295pt x 794.97pt>
File: HISTORY_R34.pdf Graphic file (type pdf)
<use HISTORY_R34.pdf, page 131>
Package pdftex.def Info: HISTORY_R34.pdf , page131 used on input line 22.
(pdftex.def)             Requested size: 597.78697pt x 773.60669pt.
File: HISTORY_R34.pdf Graphic file (type pdf)
<use HISTORY_R34.pdf, page 131>
Package pdftex.def Info: HISTORY_R34.pdf , page131 used on input line 22.
(pdftex.def)             Requested size: 597.78697pt x 773.60669pt.
File: HISTORY_R34.pdf Graphic file (type pdf)
<use HISTORY_R34.pdf, page 131>
Package pdftex.def Info: HISTORY_R34.pdf , page131 used on input line 22.
(pdftex.def)             Requested size: 597.78697pt x 773.60669pt.

[175

 <./HISTORY_R34.pdf>]
<HISTORY_R34.pdf, id=2268, page=132, 614.295pt x 794.97pt>
File: HISTORY_R34.pdf Graphic file (type pdf)
<use HISTORY_R34.pdf, page 132>
Package pdftex.def Info: HISTORY_R34.pdf , page132 used on input line 22.
(pdftex.def)             Requested size: 597.78697pt x 773.60669pt.
File: HISTORY_R34.pdf Graphic file (type pdf)
<use HISTORY_R34.pdf, page 132>
Package pdftex.def Info: HISTORY_R34.pdf , page132 used on input line 22.
(pdftex.def)             Requested size: 597.78697pt x 773.60669pt.
File: HISTORY_R34.pdf Graphic file (type pdf)
<use HISTORY_R34.pdf, page 132>
Package pdftex.def Info: HISTORY_R34.pdf , page132 used on input line 22.
(pdftex.def)             Requested size: 597.78697pt x 773.60669pt.
 [176

 <./HISTORY_R34.pdf>]
<HISTORY_R34.pdf, id=2277, page=133, 614.295pt x 794.97pt>
File: HISTORY_R34.pdf Graphic file (type pdf)
<use HISTORY_R34.pdf, page 133>
Package pdftex.def Info: HISTORY_R34.pdf , page133 used on input line 22.
(pdftex.def)             Requested size: 597.78697pt x 773.60669pt.
File: HISTORY_R34.pdf Graphic file (type pdf)
<use HISTORY_R34.pdf, page 133>
Package pdftex.def Info: HISTORY_R34.pdf , page133 used on input line 22.
(pdftex.def)             Requested size: 597.78697pt x 773.60669pt.
File: HISTORY_R34.pdf Graphic file (type pdf)
<use HISTORY_R34.pdf, page 133>
Package pdftex.def Info: HISTORY_R34.pdf , page133 used on input line 22.
(pdftex.def)             Requested size: 597.78697pt x 773.60669pt.
 [177

 <./HISTORY_R34.pdf>]
<HISTORY_R34.pdf, id=2286, page=134, 614.295pt x 794.97pt>
File: HISTORY_R34.pdf Graphic file (type pdf)
<use HISTORY_R34.pdf, page 134>
Package pdftex.def Info: HISTORY_R34.pdf , page134 used on input line 22.
(pdftex.def)             Requested size: 597.78697pt x 773.60669pt.
File: HISTORY_R34.pdf Graphic file (type pdf)
<use HISTORY_R34.pdf, page 134>
Package pdftex.def Info: HISTORY_R34.pdf , page134 used on input line 22.
(pdftex.def)             Requested size: 597.78697pt x 773.60669pt.
File: HISTORY_R34.pdf Graphic file (type pdf)
<use HISTORY_R34.pdf, page 134>
Package pdftex.def Info: HISTORY_R34.pdf , page134 used on input line 22.
(pdftex.def)             Requested size: 597.78697pt x 773.60669pt.

[178

 <./HISTORY_R34.pdf>]
<HISTORY_R34.pdf, id=2302, page=135, 614.295pt x 794.97pt>
File: HISTORY_R34.pdf Graphic file (type pdf)
<use HISTORY_R34.pdf, page 135>
Package pdftex.def Info: HISTORY_R34.pdf , page135 used on input line 22.
(pdftex.def)             Requested size: 597.78697pt x 773.60669pt.
File: HISTORY_R34.pdf Graphic file (type pdf)
<use HISTORY_R34.pdf, page 135>
Package pdftex.def Info: HISTORY_R34.pdf , page135 used on input line 22.
(pdftex.def)             Requested size: 597.78697pt x 773.60669pt.
File: HISTORY_R34.pdf Graphic file (type pdf)
<use HISTORY_R34.pdf, page 135>
Package pdftex.def Info: HISTORY_R34.pdf , page135 used on input line 22.
(pdftex.def)             Requested size: 597.78697pt x 773.60669pt.
 [179

 <./HISTORY_R34.pdf>]
<HISTORY_R34.pdf, id=2311, page=136, 614.295pt x 794.97pt>
File: HISTORY_R34.pdf Graphic file (type pdf)
<use HISTORY_R34.pdf, page 136>
Package pdftex.def Info: HISTORY_R34.pdf , page136 used on input line 22.
(pdftex.def)             Requested size: 597.78697pt x 773.60669pt.
File: HISTORY_R34.pdf Graphic file (type pdf)
<use HISTORY_R34.pdf, page 136>
Package pdftex.def Info: HISTORY_R34.pdf , page136 used on input line 22.
(pdftex.def)             Requested size: 597.78697pt x 773.60669pt.
File: HISTORY_R34.pdf Graphic file (type pdf)
<use HISTORY_R34.pdf, page 136>
Package pdftex.def Info: HISTORY_R34.pdf , page136 used on input line 22.
(pdftex.def)             Requested size: 597.78697pt x 773.60669pt.
 [180

 <./HISTORY_R34.pdf>]
<HISTORY_R34.pdf, id=2327, page=137, 614.295pt x 794.97pt>
File: HISTORY_R34.pdf Graphic file (type pdf)
<use HISTORY_R34.pdf, page 137>
Package pdftex.def Info: HISTORY_R34.pdf , page137 used on input line 22.
(pdftex.def)             Requested size: 597.78697pt x 773.60669pt.
File: HISTORY_R34.pdf Graphic file (type pdf)
<use HISTORY_R34.pdf, page 137>
Package pdftex.def Info: HISTORY_R34.pdf , page137 used on input line 22.
(pdftex.def)             Requested size: 597.78697pt x 773.60669pt.
File: HISTORY_R34.pdf Graphic file (type pdf)
<use HISTORY_R34.pdf, page 137>
Package pdftex.def Info: HISTORY_R34.pdf , page137 used on input line 22.
(pdftex.def)             Requested size: 597.78697pt x 773.60669pt.

[181

 <./HISTORY_R34.pdf>]
<HISTORY_R34.pdf, id=2337, page=138, 614.295pt x 794.97pt>
File: HISTORY_R34.pdf Graphic file (type pdf)
<use HISTORY_R34.pdf, page 138>
Package pdftex.def Info: HISTORY_R34.pdf , page138 used on input line 22.
(pdftex.def)             Requested size: 597.78697pt x 773.60669pt.
File: HISTORY_R34.pdf Graphic file (type pdf)
<use HISTORY_R34.pdf, page 138>
Package pdftex.def Info: HISTORY_R34.pdf , page138 used on input line 22.
(pdftex.def)             Requested size: 597.78697pt x 773.60669pt.
File: HISTORY_R34.pdf Graphic file (type pdf)
<use HISTORY_R34.pdf, page 138>
Package pdftex.def Info: HISTORY_R34.pdf , page138 used on input line 22.
(pdftex.def)             Requested size: 597.78697pt x 773.60669pt.
 [182

 <./HISTORY_R34.pdf>]
<HISTORY_R34.pdf, id=2346, page=139, 614.295pt x 794.97pt>
File: HISTORY_R34.pdf Graphic file (type pdf)
<use HISTORY_R34.pdf, page 139>
Package pdftex.def Info: HISTORY_R34.pdf , page139 used on input line 22.
(pdftex.def)             Requested size: 597.78697pt x 773.60669pt.
File: HISTORY_R34.pdf Graphic file (type pdf)
<use HISTORY_R34.pdf, page 139>
Package pdftex.def Info: HISTORY_R34.pdf , page139 used on input line 22.
(pdftex.def)             Requested size: 597.78697pt x 773.60669pt.
File: HISTORY_R34.pdf Graphic file (type pdf)
<use HISTORY_R34.pdf, page 139>
Package pdftex.def Info: HISTORY_R34.pdf , page139 used on input line 22.
(pdftex.def)             Requested size: 597.78697pt x 773.60669pt.
 [183

 <./HISTORY_R34.pdf>]
<HISTORY_R34.pdf, id=2355, page=140, 614.295pt x 794.97pt>
File: HISTORY_R34.pdf Graphic file (type pdf)
<use HISTORY_R34.pdf, page 140>
Package pdftex.def Info: HISTORY_R34.pdf , page140 used on input line 22.
(pdftex.def)             Requested size: 597.78697pt x 773.60669pt.
File: HISTORY_R34.pdf Graphic file (type pdf)
<use HISTORY_R34.pdf, page 140>
Package pdftex.def Info: HISTORY_R34.pdf , page140 used on input line 22.
(pdftex.def)             Requested size: 597.78697pt x 773.60669pt.
File: HISTORY_R34.pdf Graphic file (type pdf)
<use HISTORY_R34.pdf, page 140>
Package pdftex.def Info: HISTORY_R34.pdf , page140 used on input line 22.
(pdftex.def)             Requested size: 597.78697pt x 773.60669pt.

[184

 <./HISTORY_R34.pdf>]
<HISTORY_R34.pdf, id=2364, page=141, 614.295pt x 794.97pt>
File: HISTORY_R34.pdf Graphic file (type pdf)
<use HISTORY_R34.pdf, page 141>
Package pdftex.def Info: HISTORY_R34.pdf , page141 used on input line 22.
(pdftex.def)             Requested size: 597.78697pt x 773.60669pt.
File: HISTORY_R34.pdf Graphic file (type pdf)
<use HISTORY_R34.pdf, page 141>
Package pdftex.def Info: HISTORY_R34.pdf , page141 used on input line 22.
(pdftex.def)             Requested size: 597.78697pt x 773.60669pt.
File: HISTORY_R34.pdf Graphic file (type pdf)
<use HISTORY_R34.pdf, page 141>
Package pdftex.def Info: HISTORY_R34.pdf , page141 used on input line 22.
(pdftex.def)             Requested size: 597.78697pt x 773.60669pt.
 [185

 <./HISTORY_R34.pdf>]
<HISTORY_R34.pdf, id=2391, page=142, 614.295pt x 794.97pt>
File: HISTORY_R34.pdf Graphic file (type pdf)
<use HISTORY_R34.pdf, page 142>
Package pdftex.def Info: HISTORY_R34.pdf , page142 used on input line 22.
(pdftex.def)             Requested size: 597.78697pt x 773.60669pt.
File: HISTORY_R34.pdf Graphic file (type pdf)
<use HISTORY_R34.pdf, page 142>
Package pdftex.def Info: HISTORY_R34.pdf , page142 used on input line 22.
(pdftex.def)             Requested size: 597.78697pt x 773.60669pt.
File: HISTORY_R34.pdf Graphic file (type pdf)
<use HISTORY_R34.pdf, page 142>
Package pdftex.def Info: HISTORY_R34.pdf , page142 used on input line 22.
(pdftex.def)             Requested size: 597.78697pt x 773.60669pt.
 [186

 <./HISTORY_R34.pdf>]
<HISTORY_R34.pdf, id=2400, page=143, 614.295pt x 794.97pt>
File: HISTORY_R34.pdf Graphic file (type pdf)
<use HISTORY_R34.pdf, page 143>
Package pdftex.def Info: HISTORY_R34.pdf , page143 used on input line 22.
(pdftex.def)             Requested size: 597.78697pt x 773.60669pt.
File: HISTORY_R34.pdf Graphic file (type pdf)
<use HISTORY_R34.pdf, page 143>
Package pdftex.def Info: HISTORY_R34.pdf , page143 used on input line 22.
(pdftex.def)             Requested size: 597.78697pt x 773.60669pt.
File: HISTORY_R34.pdf Graphic file (type pdf)
<use HISTORY_R34.pdf, page 143>
Package pdftex.def Info: HISTORY_R34.pdf , page143 used on input line 22.
(pdftex.def)             Requested size: 597.78697pt x 773.60669pt.

[187

 <./HISTORY_R34.pdf>]
<HISTORY_R34.pdf, id=2418, page=144, 614.295pt x 794.97pt>
File: HISTORY_R34.pdf Graphic file (type pdf)
<use HISTORY_R34.pdf, page 144>
Package pdftex.def Info: HISTORY_R34.pdf , page144 used on input line 22.
(pdftex.def)             Requested size: 597.78697pt x 773.60669pt.
File: HISTORY_R34.pdf Graphic file (type pdf)
<use HISTORY_R34.pdf, page 144>
Package pdftex.def Info: HISTORY_R34.pdf , page144 used on input line 22.
(pdftex.def)             Requested size: 597.78697pt x 773.60669pt.
File: HISTORY_R34.pdf Graphic file (type pdf)
<use HISTORY_R34.pdf, page 144>
Package pdftex.def Info: HISTORY_R34.pdf , page144 used on input line 22.
(pdftex.def)             Requested size: 597.78697pt x 773.60669pt.
 [188

 <./HISTORY_R34.pdf>]
<HISTORY_R34.pdf, id=2447, page=145, 614.295pt x 794.97pt>
File: HISTORY_R34.pdf Graphic file (type pdf)
<use HISTORY_R34.pdf, page 145>
Package pdftex.def Info: HISTORY_R34.pdf , page145 used on input line 22.
(pdftex.def)             Requested size: 597.78697pt x 773.60669pt.
File: HISTORY_R34.pdf Graphic file (type pdf)
<use HISTORY_R34.pdf, page 145>
Package pdftex.def Info: HISTORY_R34.pdf , page145 used on input line 22.
(pdftex.def)             Requested size: 597.78697pt x 773.60669pt.
File: HISTORY_R34.pdf Graphic file (type pdf)
<use HISTORY_R34.pdf, page 145>
Package pdftex.def Info: HISTORY_R34.pdf , page145 used on input line 22.
(pdftex.def)             Requested size: 597.78697pt x 773.60669pt.
 [189

 <./HISTORY_R34.pdf>]
<HISTORY_R34.pdf, id=2456, page=146, 614.295pt x 794.97pt>
File: HISTORY_R34.pdf Graphic file (type pdf)
<use HISTORY_R34.pdf, page 146>
Package pdftex.def Info: HISTORY_R34.pdf , page146 used on input line 22.
(pdftex.def)             Requested size: 597.78697pt x 773.60669pt.
File: HISTORY_R34.pdf Graphic file (type pdf)
<use HISTORY_R34.pdf, page 146>
Package pdftex.def Info: HISTORY_R34.pdf , page146 used on input line 22.
(pdftex.def)             Requested size: 597.78697pt x 773.60669pt.
File: HISTORY_R34.pdf Graphic file (type pdf)
<use HISTORY_R34.pdf, page 146>
Package pdftex.def Info: HISTORY_R34.pdf , page146 used on input line 22.
(pdftex.def)             Requested size: 597.78697pt x 773.60669pt.

[190

 <./HISTORY_R34.pdf>]
<HISTORY_R34.pdf, id=2465, page=147, 614.295pt x 794.97pt>
File: HISTORY_R34.pdf Graphic file (type pdf)
<use HISTORY_R34.pdf, page 147>
Package pdftex.def Info: HISTORY_R34.pdf , page147 used on input line 22.
(pdftex.def)             Requested size: 597.78697pt x 773.60669pt.
File: HISTORY_R34.pdf Graphic file (type pdf)
<use HISTORY_R34.pdf, page 147>
Package pdftex.def Info: HISTORY_R34.pdf , page147 used on input line 22.
(pdftex.def)             Requested size: 597.78697pt x 773.60669pt.
File: HISTORY_R34.pdf Graphic file (type pdf)
<use HISTORY_R34.pdf, page 147>
Package pdftex.def Info: HISTORY_R34.pdf , page147 used on input line 22.
(pdftex.def)             Requested size: 597.78697pt x 773.60669pt.
 [191

 <./HISTORY_R34.pdf>]
<HISTORY_R34.pdf, id=2474, page=148, 614.295pt x 794.97pt>
File: HISTORY_R34.pdf Graphic file (type pdf)
<use HISTORY_R34.pdf, page 148>
Package pdftex.def Info: HISTORY_R34.pdf , page148 used on input line 22.
(pdftex.def)             Requested size: 597.78697pt x 773.60669pt.
File: HISTORY_R34.pdf Graphic file (type pdf)
<use HISTORY_R34.pdf, page 148>
Package pdftex.def Info: HISTORY_R34.pdf , page148 used on input line 22.
(pdftex.def)             Requested size: 597.78697pt x 773.60669pt.
File: HISTORY_R34.pdf Graphic file (type pdf)
<use HISTORY_R34.pdf, page 148>
Package pdftex.def Info: HISTORY_R34.pdf , page148 used on input line 22.
(pdftex.def)             Requested size: 597.78697pt x 773.60669pt.
 [192

 <./HISTORY_R34.pdf>]
<HISTORY_R34.pdf, id=2520, page=149, 614.295pt x 794.97pt>
File: HISTORY_R34.pdf Graphic file (type pdf)
<use HISTORY_R34.pdf, page 149>
Package pdftex.def Info: HISTORY_R34.pdf , page149 used on input line 22.
(pdftex.def)             Requested size: 597.78697pt x 773.60669pt.
File: HISTORY_R34.pdf Graphic file (type pdf)
<use HISTORY_R34.pdf, page 149>
Package pdftex.def Info: HISTORY_R34.pdf , page149 used on input line 22.
(pdftex.def)             Requested size: 597.78697pt x 773.60669pt.
File: HISTORY_R34.pdf Graphic file (type pdf)
<use HISTORY_R34.pdf, page 149>
Package pdftex.def Info: HISTORY_R34.pdf , page149 used on input line 22.
(pdftex.def)             Requested size: 597.78697pt x 773.60669pt.

[193

 <./HISTORY_R34.pdf>]
<HISTORY_R34.pdf, id=2541, page=150, 614.295pt x 794.97pt>
File: HISTORY_R34.pdf Graphic file (type pdf)
<use HISTORY_R34.pdf, page 150>
Package pdftex.def Info: HISTORY_R34.pdf , page150 used on input line 22.
(pdftex.def)             Requested size: 597.78697pt x 773.60669pt.
File: HISTORY_R34.pdf Graphic file (type pdf)
<use HISTORY_R34.pdf, page 150>
Package pdftex.def Info: HISTORY_R34.pdf , page150 used on input line 22.
(pdftex.def)             Requested size: 597.78697pt x 773.60669pt.
File: HISTORY_R34.pdf Graphic file (type pdf)
<use HISTORY_R34.pdf, page 150>
Package pdftex.def Info: HISTORY_R34.pdf , page150 used on input line 22.
(pdftex.def)             Requested size: 597.78697pt x 773.60669pt.
 [194

 <./HISTORY_R34.pdf>]
<HISTORY_R34.pdf, id=2571, page=151, 614.295pt x 794.97pt>
File: HISTORY_R34.pdf Graphic file (type pdf)
<use HISTORY_R34.pdf, page 151>
Package pdftex.def Info: HISTORY_R34.pdf , page151 used on input line 22.
(pdftex.def)             Requested size: 597.78697pt x 773.60669pt.
File: HISTORY_R34.pdf Graphic file (type pdf)
<use HISTORY_R34.pdf, page 151>
Package pdftex.def Info: HISTORY_R34.pdf , page151 used on input line 22.
(pdftex.def)             Requested size: 597.78697pt x 773.60669pt.
File: HISTORY_R34.pdf Graphic file (type pdf)
<use HISTORY_R34.pdf, page 151>
Package pdftex.def Info: HISTORY_R34.pdf , page151 used on input line 22.
(pdftex.def)             Requested size: 597.78697pt x 773.60669pt.
 [195

 <./HISTORY_R34.pdf>]
<HISTORY_R34.pdf, id=2581, page=152, 614.295pt x 794.97pt>
File: HISTORY_R34.pdf Graphic file (type pdf)
<use HISTORY_R34.pdf, page 152>
Package pdftex.def Info: HISTORY_R34.pdf , page152 used on input line 22.
(pdftex.def)             Requested size: 597.78697pt x 773.60669pt.
File: HISTORY_R34.pdf Graphic file (type pdf)
<use HISTORY_R34.pdf, page 152>
Package pdftex.def Info: HISTORY_R34.pdf , page152 used on input line 22.
(pdftex.def)             Requested size: 597.78697pt x 773.60669pt.
File: HISTORY_R34.pdf Graphic file (type pdf)
<use HISTORY_R34.pdf, page 152>
Package pdftex.def Info: HISTORY_R34.pdf , page152 used on input line 22.
(pdftex.def)             Requested size: 597.78697pt x 773.60669pt.

[196

 <./HISTORY_R34.pdf>]
<HISTORY_R34.pdf, id=2591, page=153, 614.295pt x 794.97pt>
File: HISTORY_R34.pdf Graphic file (type pdf)
<use HISTORY_R34.pdf, page 153>
Package pdftex.def Info: HISTORY_R34.pdf , page153 used on input line 22.
(pdftex.def)             Requested size: 597.78697pt x 773.60669pt.
File: HISTORY_R34.pdf Graphic file (type pdf)
<use HISTORY_R34.pdf, page 153>
Package pdftex.def Info: HISTORY_R34.pdf , page153 used on input line 22.
(pdftex.def)             Requested size: 597.78697pt x 773.60669pt.
File: HISTORY_R34.pdf Graphic file (type pdf)
<use HISTORY_R34.pdf, page 153>
Package pdftex.def Info: HISTORY_R34.pdf , page153 used on input line 22.
(pdftex.def)             Requested size: 597.78697pt x 773.60669pt.
 [197

 <./HISTORY_R34.pdf>]
<HISTORY_R34.pdf, id=2601, page=154, 614.295pt x 794.97pt>
File: HISTORY_R34.pdf Graphic file (type pdf)
<use HISTORY_R34.pdf, page 154>
Package pdftex.def Info: HISTORY_R34.pdf , page154 used on input line 22.
(pdftex.def)             Requested size: 597.78697pt x 773.60669pt.
File: HISTORY_R34.pdf Graphic file (type pdf)
<use HISTORY_R34.pdf, page 154>
Package pdftex.def Info: HISTORY_R34.pdf , page154 used on input line 22.
(pdftex.def)             Requested size: 597.78697pt x 773.60669pt.
File: HISTORY_R34.pdf Graphic file (type pdf)
<use HISTORY_R34.pdf, page 154>
Package pdftex.def Info: HISTORY_R34.pdf , page154 used on input line 22.
(pdftex.def)             Requested size: 597.78697pt x 773.60669pt.
 [198

 <./HISTORY_R34.pdf>]
<HISTORY_R34.pdf, id=2618, page=155, 614.295pt x 794.97pt>
File: HISTORY_R34.pdf Graphic file (type pdf)
<use HISTORY_R34.pdf, page 155>
Package pdftex.def Info: HISTORY_R34.pdf , page155 used on input line 22.
(pdftex.def)             Requested size: 597.78697pt x 773.60669pt.
File: HISTORY_R34.pdf Graphic file (type pdf)
<use HISTORY_R34.pdf, page 155>
Package pdftex.def Info: HISTORY_R34.pdf , page155 used on input line 22.
(pdftex.def)             Requested size: 597.78697pt x 773.60669pt.
File: HISTORY_R34.pdf Graphic file (type pdf)
<use HISTORY_R34.pdf, page 155>
Package pdftex.def Info: HISTORY_R34.pdf , page155 used on input line 22.
(pdftex.def)             Requested size: 597.78697pt x 773.60669pt.

[199

 <./HISTORY_R34.pdf>]
<HISTORY_R34.pdf, id=2643, page=156, 614.295pt x 794.97pt>
File: HISTORY_R34.pdf Graphic file (type pdf)
<use HISTORY_R34.pdf, page 156>
Package pdftex.def Info: HISTORY_R34.pdf , page156 used on input line 22.
(pdftex.def)             Requested size: 597.78697pt x 773.60669pt.
File: HISTORY_R34.pdf Graphic file (type pdf)
<use HISTORY_R34.pdf, page 156>
Package pdftex.def Info: HISTORY_R34.pdf , page156 used on input line 22.
(pdftex.def)             Requested size: 597.78697pt x 773.60669pt.
File: HISTORY_R34.pdf Graphic file (type pdf)
<use HISTORY_R34.pdf, page 156>
Package pdftex.def Info: HISTORY_R34.pdf , page156 used on input line 22.
(pdftex.def)             Requested size: 597.78697pt x 773.60669pt.
 [200

 <./HISTORY_R34.pdf>]
<HISTORY_R34.pdf, id=2653, page=157, 614.295pt x 794.97pt>
File: HISTORY_R34.pdf Graphic file (type pdf)
<use HISTORY_R34.pdf, page 157>
Package pdftex.def Info: HISTORY_R34.pdf , page157 used on input line 22.
(pdftex.def)             Requested size: 597.78697pt x 773.60669pt.
File: HISTORY_R34.pdf Graphic file (type pdf)
<use HISTORY_R34.pdf, page 157>
Package pdftex.def Info: HISTORY_R34.pdf , page157 used on input line 22.
(pdftex.def)             Requested size: 597.78697pt x 773.60669pt.
File: HISTORY_R34.pdf Graphic file (type pdf)
<use HISTORY_R34.pdf, page 157>
Package pdftex.def Info: HISTORY_R34.pdf , page157 used on input line 22.
(pdftex.def)             Requested size: 597.78697pt x 773.60669pt.
 [201

 <./HISTORY_R34.pdf>]
<HISTORY_R34.pdf, id=2663, page=158, 614.295pt x 794.97pt>
File: HISTORY_R34.pdf Graphic file (type pdf)
<use HISTORY_R34.pdf, page 158>
Package pdftex.def Info: HISTORY_R34.pdf , page158 used on input line 22.
(pdftex.def)             Requested size: 597.78697pt x 773.60669pt.
File: HISTORY_R34.pdf Graphic file (type pdf)
<use HISTORY_R34.pdf, page 158>
Package pdftex.def Info: HISTORY_R34.pdf , page158 used on input line 22.
(pdftex.def)             Requested size: 597.78697pt x 773.60669pt.
File: HISTORY_R34.pdf Graphic file (type pdf)
<use HISTORY_R34.pdf, page 158>
Package pdftex.def Info: HISTORY_R34.pdf , page158 used on input line 22.
(pdftex.def)             Requested size: 597.78697pt x 773.60669pt.

[202

 <./HISTORY_R34.pdf>]
<HISTORY_R34.pdf, id=2673, page=159, 614.295pt x 794.97pt>
File: HISTORY_R34.pdf Graphic file (type pdf)
<use HISTORY_R34.pdf, page 159>
Package pdftex.def Info: HISTORY_R34.pdf , page159 used on input line 22.
(pdftex.def)             Requested size: 597.78697pt x 773.60669pt.
File: HISTORY_R34.pdf Graphic file (type pdf)
<use HISTORY_R34.pdf, page 159>
Package pdftex.def Info: HISTORY_R34.pdf , page159 used on input line 22.
(pdftex.def)             Requested size: 597.78697pt x 773.60669pt.
File: HISTORY_R34.pdf Graphic file (type pdf)
<use HISTORY_R34.pdf, page 159>
Package pdftex.def Info: HISTORY_R34.pdf , page159 used on input line 22.
(pdftex.def)             Requested size: 597.78697pt x 773.60669pt.
 [203

 <./HISTORY_R34.pdf>]
<HISTORY_R34.pdf, id=2683, page=160, 614.295pt x 794.97pt>
File: HISTORY_R34.pdf Graphic file (type pdf)
<use HISTORY_R34.pdf, page 160>
Package pdftex.def Info: HISTORY_R34.pdf , page160 used on input line 22.
(pdftex.def)             Requested size: 597.78697pt x 773.60669pt.
File: HISTORY_R34.pdf Graphic file (type pdf)
<use HISTORY_R34.pdf, page 160>
Package pdftex.def Info: HISTORY_R34.pdf , page160 used on input line 22.
(pdftex.def)             Requested size: 597.78697pt x 773.60669pt.
File: HISTORY_R34.pdf Graphic file (type pdf)
<use HISTORY_R34.pdf, page 160>
Package pdftex.def Info: HISTORY_R34.pdf , page160 used on input line 22.
(pdftex.def)             Requested size: 597.78697pt x 773.60669pt.
 [204

 <./HISTORY_R34.pdf>]
<HISTORY_R34.pdf, id=2700, page=161, 614.295pt x 794.97pt>
File: HISTORY_R34.pdf Graphic file (type pdf)
<use HISTORY_R34.pdf, page 161>
Package pdftex.def Info: HISTORY_R34.pdf , page161 used on input line 22.
(pdftex.def)             Requested size: 597.78697pt x 773.60669pt.
File: HISTORY_R34.pdf Graphic file (type pdf)
<use HISTORY_R34.pdf, page 161>
Package pdftex.def Info: HISTORY_R34.pdf , page161 used on input line 22.
(pdftex.def)             Requested size: 597.78697pt x 773.60669pt.
File: HISTORY_R34.pdf Graphic file (type pdf)
<use HISTORY_R34.pdf, page 161>
Package pdftex.def Info: HISTORY_R34.pdf , page161 used on input line 22.
(pdftex.def)             Requested size: 597.78697pt x 773.60669pt.

[205

 <./HISTORY_R34.pdf>]
<HISTORY_R34.pdf, id=2711, page=162, 614.295pt x 794.97pt>
File: HISTORY_R34.pdf Graphic file (type pdf)
<use HISTORY_R34.pdf, page 162>
Package pdftex.def Info: HISTORY_R34.pdf , page162 used on input line 22.
(pdftex.def)             Requested size: 597.78697pt x 773.60669pt.
File: HISTORY_R34.pdf Graphic file (type pdf)
<use HISTORY_R34.pdf, page 162>
Package pdftex.def Info: HISTORY_R34.pdf , page162 used on input line 22.
(pdftex.def)             Requested size: 597.78697pt x 773.60669pt.
File: HISTORY_R34.pdf Graphic file (type pdf)
<use HISTORY_R34.pdf, page 162>
Package pdftex.def Info: HISTORY_R34.pdf , page162 used on input line 22.
(pdftex.def)             Requested size: 597.78697pt x 773.60669pt.
 [206

 <./HISTORY_R34.pdf>]
<HISTORY_R34.pdf, id=2721, page=163, 614.295pt x 794.97pt>
File: HISTORY_R34.pdf Graphic file (type pdf)
<use HISTORY_R34.pdf, page 163>
Package pdftex.def Info: HISTORY_R34.pdf , page163 used on input line 22.
(pdftex.def)             Requested size: 597.78697pt x 773.60669pt.
File: HISTORY_R34.pdf Graphic file (type pdf)
<use HISTORY_R34.pdf, page 163>
Package pdftex.def Info: HISTORY_R34.pdf , page163 used on input line 22.
(pdftex.def)             Requested size: 597.78697pt x 773.60669pt.
File: HISTORY_R34.pdf Graphic file (type pdf)
<use HISTORY_R34.pdf, page 163>
Package pdftex.def Info: HISTORY_R34.pdf , page163 used on input line 22.
(pdftex.def)             Requested size: 597.78697pt x 773.60669pt.
 [207

 <./HISTORY_R34.pdf>]
<HISTORY_R34.pdf, id=2731, page=164, 614.295pt x 794.97pt>
File: HISTORY_R34.pdf Graphic file (type pdf)
<use HISTORY_R34.pdf, page 164>
Package pdftex.def Info: HISTORY_R34.pdf , page164 used on input line 22.
(pdftex.def)             Requested size: 597.78697pt x 773.60669pt.
File: HISTORY_R34.pdf Graphic file (type pdf)
<use HISTORY_R34.pdf, page 164>
Package pdftex.def Info: HISTORY_R34.pdf , page164 used on input line 22.
(pdftex.def)             Requested size: 597.78697pt x 773.60669pt.
File: HISTORY_R34.pdf Graphic file (type pdf)
<use HISTORY_R34.pdf, page 164>
Package pdftex.def Info: HISTORY_R34.pdf , page164 used on input line 22.
(pdftex.def)             Requested size: 597.78697pt x 773.60669pt.

[208

 <./HISTORY_R34.pdf>]
<HISTORY_R34.pdf, id=2741, page=165, 614.295pt x 794.97pt>
File: HISTORY_R34.pdf Graphic file (type pdf)
<use HISTORY_R34.pdf, page 165>
Package pdftex.def Info: HISTORY_R34.pdf , page165 used on input line 22.
(pdftex.def)             Requested size: 597.78697pt x 773.60669pt.
File: HISTORY_R34.pdf Graphic file (type pdf)
<use HISTORY_R34.pdf, page 165>
Package pdftex.def Info: HISTORY_R34.pdf , page165 used on input line 22.
(pdftex.def)             Requested size: 597.78697pt x 773.60669pt.
File: HISTORY_R34.pdf Graphic file (type pdf)
<use HISTORY_R34.pdf, page 165>
Package pdftex.def Info: HISTORY_R34.pdf , page165 used on input line 22.
(pdftex.def)             Requested size: 597.78697pt x 773.60669pt.
 [209

 <./HISTORY_R34.pdf>]
<HISTORY_R34.pdf, id=2751, page=166, 614.295pt x 794.97pt>
File: HISTORY_R34.pdf Graphic file (type pdf)
<use HISTORY_R34.pdf, page 166>
Package pdftex.def Info: HISTORY_R34.pdf , page166 used on input line 22.
(pdftex.def)             Requested size: 597.78697pt x 773.60669pt.
File: HISTORY_R34.pdf Graphic file (type pdf)
<use HISTORY_R34.pdf, page 166>
Package pdftex.def Info: HISTORY_R34.pdf , page166 used on input line 22.
(pdftex.def)             Requested size: 597.78697pt x 773.60669pt.
File: HISTORY_R34.pdf Graphic file (type pdf)
<use HISTORY_R34.pdf, page 166>
Package pdftex.def Info: HISTORY_R34.pdf , page166 used on input line 22.
(pdftex.def)             Requested size: 597.78697pt x 773.60669pt.
 [210

 <./HISTORY_R34.pdf>]
<HISTORY_R34.pdf, id=2761, page=167, 614.295pt x 794.97pt>
File: HISTORY_R34.pdf Graphic file (type pdf)
<use HISTORY_R34.pdf, page 167>
Package pdftex.def Info: HISTORY_R34.pdf , page167 used on input line 22.
(pdftex.def)             Requested size: 597.78697pt x 773.60669pt.
File: HISTORY_R34.pdf Graphic file (type pdf)
<use HISTORY_R34.pdf, page 167>
Package pdftex.def Info: HISTORY_R34.pdf , page167 used on input line 22.
(pdftex.def)             Requested size: 597.78697pt x 773.60669pt.
File: HISTORY_R34.pdf Graphic file (type pdf)
<use HISTORY_R34.pdf, page 167>
Package pdftex.def Info: HISTORY_R34.pdf , page167 used on input line 22.
(pdftex.def)             Requested size: 597.78697pt x 773.60669pt.

[211

 <./HISTORY_R34.pdf>]
<HISTORY_R34.pdf, id=2772, page=168, 614.295pt x 794.97pt>
File: HISTORY_R34.pdf Graphic file (type pdf)
<use HISTORY_R34.pdf, page 168>
Package pdftex.def Info: HISTORY_R34.pdf , page168 used on input line 22.
(pdftex.def)             Requested size: 597.78697pt x 773.60669pt.
File: HISTORY_R34.pdf Graphic file (type pdf)
<use HISTORY_R34.pdf, page 168>
Package pdftex.def Info: HISTORY_R34.pdf , page168 used on input line 22.
(pdftex.def)             Requested size: 597.78697pt x 773.60669pt.
File: HISTORY_R34.pdf Graphic file (type pdf)
<use HISTORY_R34.pdf, page 168>
Package pdftex.def Info: HISTORY_R34.pdf , page168 used on input line 22.
(pdftex.def)             Requested size: 597.78697pt x 773.60669pt.
 [212

 <./HISTORY_R34.pdf>]
<HISTORY_R34.pdf, id=2782, page=169, 614.295pt x 794.97pt>
File: HISTORY_R34.pdf Graphic file (type pdf)
<use HISTORY_R34.pdf, page 169>
Package pdftex.def Info: HISTORY_R34.pdf , page169 used on input line 22.
(pdftex.def)             Requested size: 597.78697pt x 773.60669pt.
File: HISTORY_R34.pdf Graphic file (type pdf)
<use HISTORY_R34.pdf, page 169>
Package pdftex.def Info: HISTORY_R34.pdf , page169 used on input line 22.
(pdftex.def)             Requested size: 597.78697pt x 773.60669pt.
File: HISTORY_R34.pdf Graphic file (type pdf)
<use HISTORY_R34.pdf, page 169>
Package pdftex.def Info: HISTORY_R34.pdf , page169 used on input line 22.
(pdftex.def)             Requested size: 597.78697pt x 773.60669pt.
 [213

 <./HISTORY_R34.pdf>]
<HISTORY_R34.pdf, id=2792, page=170, 614.295pt x 794.97pt>
File: HISTORY_R34.pdf Graphic file (type pdf)
<use HISTORY_R34.pdf, page 170>
Package pdftex.def Info: HISTORY_R34.pdf , page170 used on input line 22.
(pdftex.def)             Requested size: 597.78697pt x 773.60669pt.
File: HISTORY_R34.pdf Graphic file (type pdf)
<use HISTORY_R34.pdf, page 170>
Package pdftex.def Info: HISTORY_R34.pdf , page170 used on input line 22.
(pdftex.def)             Requested size: 597.78697pt x 773.60669pt.
File: HISTORY_R34.pdf Graphic file (type pdf)
<use HISTORY_R34.pdf, page 170>
Package pdftex.def Info: HISTORY_R34.pdf , page170 used on input line 22.
(pdftex.def)             Requested size: 597.78697pt x 773.60669pt.

[214

 <./HISTORY_R34.pdf>]
<HISTORY_R34.pdf, id=2809, page=171, 614.295pt x 794.97pt>
File: HISTORY_R34.pdf Graphic file (type pdf)
<use HISTORY_R34.pdf, page 171>
Package pdftex.def Info: HISTORY_R34.pdf , page171 used on input line 22.
(pdftex.def)             Requested size: 597.78697pt x 773.60669pt.
File: HISTORY_R34.pdf Graphic file (type pdf)
<use HISTORY_R34.pdf, page 171>
Package pdftex.def Info: HISTORY_R34.pdf , page171 used on input line 22.
(pdftex.def)             Requested size: 597.78697pt x 773.60669pt.
File: HISTORY_R34.pdf Graphic file (type pdf)
<use HISTORY_R34.pdf, page 171>
Package pdftex.def Info: HISTORY_R34.pdf , page171 used on input line 22.
(pdftex.def)             Requested size: 597.78697pt x 773.60669pt.
 [215

 <./HISTORY_R34.pdf>]
<HISTORY_R34.pdf, id=2819, page=172, 614.295pt x 794.97pt>
File: HISTORY_R34.pdf Graphic file (type pdf)
<use HISTORY_R34.pdf, page 172>
Package pdftex.def Info: HISTORY_R34.pdf , page172 used on input line 22.
(pdftex.def)             Requested size: 597.78697pt x 773.60669pt.
File: HISTORY_R34.pdf Graphic file (type pdf)
<use HISTORY_R34.pdf, page 172>
Package pdftex.def Info: HISTORY_R34.pdf , page172 used on input line 22.
(pdftex.def)             Requested size: 597.78697pt x 773.60669pt.
File: HISTORY_R34.pdf Graphic file (type pdf)
<use HISTORY_R34.pdf, page 172>
Package pdftex.def Info: HISTORY_R34.pdf , page172 used on input line 22.
(pdftex.def)             Requested size: 597.78697pt x 773.60669pt.
 [216

 <./HISTORY_R34.pdf>]
<HISTORY_R34.pdf, id=2836, page=173, 614.295pt x 794.97pt>
File: HISTORY_R34.pdf Graphic file (type pdf)
<use HISTORY_R34.pdf, page 173>
Package pdftex.def Info: HISTORY_R34.pdf , page173 used on input line 22.
(pdftex.def)             Requested size: 597.78697pt x 773.60669pt.
File: HISTORY_R34.pdf Graphic file (type pdf)
<use HISTORY_R34.pdf, page 173>
Package pdftex.def Info: HISTORY_R34.pdf , page173 used on input line 22.
(pdftex.def)             Requested size: 597.78697pt x 773.60669pt.
File: HISTORY_R34.pdf Graphic file (type pdf)
<use HISTORY_R34.pdf, page 173>
Package pdftex.def Info: HISTORY_R34.pdf , page173 used on input line 22.
(pdftex.def)             Requested size: 597.78697pt x 773.60669pt.

[217

 <./HISTORY_R34.pdf>]
<HISTORY_R34.pdf, id=2848, page=174, 614.295pt x 794.97pt>
File: HISTORY_R34.pdf Graphic file (type pdf)
<use HISTORY_R34.pdf, page 174>
Package pdftex.def Info: HISTORY_R34.pdf , page174 used on input line 22.
(pdftex.def)             Requested size: 597.78697pt x 773.60669pt.
File: HISTORY_R34.pdf Graphic file (type pdf)
<use HISTORY_R34.pdf, page 174>
Package pdftex.def Info: HISTORY_R34.pdf , page174 used on input line 22.
(pdftex.def)             Requested size: 597.78697pt x 773.60669pt.
File: HISTORY_R34.pdf Graphic file (type pdf)
<use HISTORY_R34.pdf, page 174>
Package pdftex.def Info: HISTORY_R34.pdf , page174 used on input line 22.
(pdftex.def)             Requested size: 597.78697pt x 773.60669pt.
 [218

 <./HISTORY_R34.pdf>]
<HISTORY_R34.pdf, id=2858, page=175, 614.295pt x 794.97pt>
File: HISTORY_R34.pdf Graphic file (type pdf)
<use HISTORY_R34.pdf, page 175>
Package pdftex.def Info: HISTORY_R34.pdf , page175 used on input line 22.
(pdftex.def)             Requested size: 597.78697pt x 773.60669pt.
File: HISTORY_R34.pdf Graphic file (type pdf)
<use HISTORY_R34.pdf, page 175>
Package pdftex.def Info: HISTORY_R34.pdf , page175 used on input line 22.
(pdftex.def)             Requested size: 597.78697pt x 773.60669pt.
File: HISTORY_R34.pdf Graphic file (type pdf)
<use HISTORY_R34.pdf, page 175>
Package pdftex.def Info: HISTORY_R34.pdf , page175 used on input line 22.
(pdftex.def)             Requested size: 597.78697pt x 773.60669pt.
 [219

 <./HISTORY_R34.pdf>]
<HISTORY_R34.pdf, id=2868, page=176, 614.295pt x 794.97pt>
File: HISTORY_R34.pdf Graphic file (type pdf)
<use HISTORY_R34.pdf, page 176>
Package pdftex.def Info: HISTORY_R34.pdf , page176 used on input line 22.
(pdftex.def)             Requested size: 597.78697pt x 773.60669pt.
File: HISTORY_R34.pdf Graphic file (type pdf)
<use HISTORY_R34.pdf, page 176>
Package pdftex.def Info: HISTORY_R34.pdf , page176 used on input line 22.
(pdftex.def)             Requested size: 597.78697pt x 773.60669pt.
File: HISTORY_R34.pdf Graphic file (type pdf)
<use HISTORY_R34.pdf, page 176>
Package pdftex.def Info: HISTORY_R34.pdf , page176 used on input line 22.
(pdftex.def)             Requested size: 597.78697pt x 773.60669pt.

[220

 <./HISTORY_R34.pdf>]
<HISTORY_R34.pdf, id=2878, page=177, 614.295pt x 794.97pt>
File: HISTORY_R34.pdf Graphic file (type pdf)
<use HISTORY_R34.pdf, page 177>
Package pdftex.def Info: HISTORY_R34.pdf , page177 used on input line 22.
(pdftex.def)             Requested size: 597.78697pt x 773.60669pt.
File: HISTORY_R34.pdf Graphic file (type pdf)
<use HISTORY_R34.pdf, page 177>
Package pdftex.def Info: HISTORY_R34.pdf , page177 used on input line 22.
(pdftex.def)             Requested size: 597.78697pt x 773.60669pt.
File: HISTORY_R34.pdf Graphic file (type pdf)
<use HISTORY_R34.pdf, page 177>
Package pdftex.def Info: HISTORY_R34.pdf , page177 used on input line 22.
(pdftex.def)             Requested size: 597.78697pt x 773.60669pt.
 [221

 <./HISTORY_R34.pdf>]
<HISTORY_R34.pdf, id=2888, page=178, 614.295pt x 794.97pt>
File: HISTORY_R34.pdf Graphic file (type pdf)
<use HISTORY_R34.pdf, page 178>
Package pdftex.def Info: HISTORY_R34.pdf , page178 used on input line 22.
(pdftex.def)             Requested size: 597.78697pt x 773.60669pt.
File: HISTORY_R34.pdf Graphic file (type pdf)
<use HISTORY_R34.pdf, page 178>
Package pdftex.def Info: HISTORY_R34.pdf , page178 used on input line 22.
(pdftex.def)             Requested size: 597.78697pt x 773.60669pt.
File: HISTORY_R34.pdf Graphic file (type pdf)
<use HISTORY_R34.pdf, page 178>
Package pdftex.def Info: HISTORY_R34.pdf , page178 used on input line 22.
(pdftex.def)             Requested size: 597.78697pt x 773.60669pt.
 [222

 <./HISTORY_R34.pdf>]
<HISTORY_R34.pdf, id=2905, page=179, 614.295pt x 794.97pt>
File: HISTORY_R34.pdf Graphic file (type pdf)
<use HISTORY_R34.pdf, page 179>
Package pdftex.def Info: HISTORY_R34.pdf , page179 used on input line 22.
(pdftex.def)             Requested size: 597.78697pt x 773.60669pt.
File: HISTORY_R34.pdf Graphic file (type pdf)
<use HISTORY_R34.pdf, page 179>
Package pdftex.def Info: HISTORY_R34.pdf , page179 used on input line 22.
(pdftex.def)             Requested size: 597.78697pt x 773.60669pt.
File: HISTORY_R34.pdf Graphic file (type pdf)
<use HISTORY_R34.pdf, page 179>
Package pdftex.def Info: HISTORY_R34.pdf , page179 used on input line 22.
(pdftex.def)             Requested size: 597.78697pt x 773.60669pt.

[223

 <./HISTORY_R34.pdf>]
<HISTORY_R34.pdf, id=2916, page=180, 614.295pt x 794.97pt>
File: HISTORY_R34.pdf Graphic file (type pdf)
<use HISTORY_R34.pdf, page 180>
Package pdftex.def Info: HISTORY_R34.pdf , page180 used on input line 22.
(pdftex.def)             Requested size: 597.78697pt x 773.60669pt.
File: HISTORY_R34.pdf Graphic file (type pdf)
<use HISTORY_R34.pdf, page 180>
Package pdftex.def Info: HISTORY_R34.pdf , page180 used on input line 22.
(pdftex.def)             Requested size: 597.78697pt x 773.60669pt.
File: HISTORY_R34.pdf Graphic file (type pdf)
<use HISTORY_R34.pdf, page 180>
Package pdftex.def Info: HISTORY_R34.pdf , page180 used on input line 22.
(pdftex.def)             Requested size: 597.78697pt x 773.60669pt.
 [224

 <./HISTORY_R34.pdf>]
<HISTORY_R34.pdf, id=2926, page=181, 614.295pt x 794.97pt>
File: HISTORY_R34.pdf Graphic file (type pdf)
<use HISTORY_R34.pdf, page 181>
Package pdftex.def Info: HISTORY_R34.pdf , page181 used on input line 22.
(pdftex.def)             Requested size: 597.78697pt x 773.60669pt.
File: HISTORY_R34.pdf Graphic file (type pdf)
<use HISTORY_R34.pdf, page 181>
Package pdftex.def Info: HISTORY_R34.pdf , page181 used on input line 22.
(pdftex.def)             Requested size: 597.78697pt x 773.60669pt.
File: HISTORY_R34.pdf Graphic file (type pdf)
<use HISTORY_R34.pdf, page 181>
Package pdftex.def Info: HISTORY_R34.pdf , page181 used on input line 22.
(pdftex.def)             Requested size: 597.78697pt x 773.60669pt.
 [225

 <./HISTORY_R34.pdf>]
<HISTORY_R34.pdf, id=2936, page=182, 614.295pt x 794.97pt>
File: HISTORY_R34.pdf Graphic file (type pdf)
<use HISTORY_R34.pdf, page 182>
Package pdftex.def Info: HISTORY_R34.pdf , page182 used on input line 22.
(pdftex.def)             Requested size: 597.78697pt x 773.60669pt.
File: HISTORY_R34.pdf Graphic file (type pdf)
<use HISTORY_R34.pdf, page 182>
Package pdftex.def Info: HISTORY_R34.pdf , page182 used on input line 22.
(pdftex.def)             Requested size: 597.78697pt x 773.60669pt.
File: HISTORY_R34.pdf Graphic file (type pdf)
<use HISTORY_R34.pdf, page 182>
Package pdftex.def Info: HISTORY_R34.pdf , page182 used on input line 22.
(pdftex.def)             Requested size: 597.78697pt x 773.60669pt.

[226

 <./HISTORY_R34.pdf>]
<HISTORY_R34.pdf, id=2946, page=183, 614.295pt x 794.97pt>
File: HISTORY_R34.pdf Graphic file (type pdf)
<use HISTORY_R34.pdf, page 183>
Package pdftex.def Info: HISTORY_R34.pdf , page183 used on input line 22.
(pdftex.def)             Requested size: 597.78697pt x 773.60669pt.
File: HISTORY_R34.pdf Graphic file (type pdf)
<use HISTORY_R34.pdf, page 183>
Package pdftex.def Info: HISTORY_R34.pdf , page183 used on input line 22.
(pdftex.def)             Requested size: 597.78697pt x 773.60669pt.
File: HISTORY_R34.pdf Graphic file (type pdf)
<use HISTORY_R34.pdf, page 183>
Package pdftex.def Info: HISTORY_R34.pdf , page183 used on input line 22.
(pdftex.def)             Requested size: 597.78697pt x 773.60669pt.
 [227

 <./HISTORY_R34.pdf>]
<HISTORY_R34.pdf, id=2956, page=184, 614.295pt x 794.97pt>
File: HISTORY_R34.pdf Graphic file (type pdf)
<use HISTORY_R34.pdf, page 184>
Package pdftex.def Info: HISTORY_R34.pdf , page184 used on input line 22.
(pdftex.def)             Requested size: 597.78697pt x 773.60669pt.
File: HISTORY_R34.pdf Graphic file (type pdf)
<use HISTORY_R34.pdf, page 184>
Package pdftex.def Info: HISTORY_R34.pdf , page184 used on input line 22.
(pdftex.def)             Requested size: 597.78697pt x 773.60669pt.
File: HISTORY_R34.pdf Graphic file (type pdf)
<use HISTORY_R34.pdf, page 184>
Package pdftex.def Info: HISTORY_R34.pdf , page184 used on input line 22.
(pdftex.def)             Requested size: 597.78697pt x 773.60669pt.
 [228

 <./HISTORY_R34.pdf>]
<HISTORY_R34.pdf, id=2966, page=185, 614.295pt x 794.97pt>
File: HISTORY_R34.pdf Graphic file (type pdf)
<use HISTORY_R34.pdf, page 185>
Package pdftex.def Info: HISTORY_R34.pdf , page185 used on input line 22.
(pdftex.def)             Requested size: 597.78697pt x 773.60669pt.
File: HISTORY_R34.pdf Graphic file (type pdf)
<use HISTORY_R34.pdf, page 185>
Package pdftex.def Info: HISTORY_R34.pdf , page185 used on input line 22.
(pdftex.def)             Requested size: 597.78697pt x 773.60669pt.
File: HISTORY_R34.pdf Graphic file (type pdf)
<use HISTORY_R34.pdf, page 185>
Package pdftex.def Info: HISTORY_R34.pdf , page185 used on input line 22.
(pdftex.def)             Requested size: 597.78697pt x 773.60669pt.

[229

 <./HISTORY_R34.pdf>]
<HISTORY_R34.pdf, id=2977, page=186, 614.295pt x 794.97pt>
File: HISTORY_R34.pdf Graphic file (type pdf)
<use HISTORY_R34.pdf, page 186>
Package pdftex.def Info: HISTORY_R34.pdf , page186 used on input line 22.
(pdftex.def)             Requested size: 597.78697pt x 773.60669pt.
File: HISTORY_R34.pdf Graphic file (type pdf)
<use HISTORY_R34.pdf, page 186>
Package pdftex.def Info: HISTORY_R34.pdf , page186 used on input line 22.
(pdftex.def)             Requested size: 597.78697pt x 773.60669pt.
File: HISTORY_R34.pdf Graphic file (type pdf)
<use HISTORY_R34.pdf, page 186>
Package pdftex.def Info: HISTORY_R34.pdf , page186 used on input line 22.
(pdftex.def)             Requested size: 597.78697pt x 773.60669pt.
 [230

 <./HISTORY_R34.pdf>]
<HISTORY_R34.pdf, id=2987, page=187, 614.295pt x 794.97pt>
File: HISTORY_R34.pdf Graphic file (type pdf)
<use HISTORY_R34.pdf, page 187>
Package pdftex.def Info: HISTORY_R34.pdf , page187 used on input line 22.
(pdftex.def)             Requested size: 597.78697pt x 773.60669pt.
File: HISTORY_R34.pdf Graphic file (type pdf)
<use HISTORY_R34.pdf, page 187>
Package pdftex.def Info: HISTORY_R34.pdf , page187 used on input line 22.
(pdftex.def)             Requested size: 597.78697pt x 773.60669pt.
File: HISTORY_R34.pdf Graphic file (type pdf)
<use HISTORY_R34.pdf, page 187>
Package pdftex.def Info: HISTORY_R34.pdf , page187 used on input line 22.
(pdftex.def)             Requested size: 597.78697pt x 773.60669pt.
 [231

 <./HISTORY_R34.pdf>]
<HISTORY_R34.pdf, id=2997, page=188, 614.295pt x 794.97pt>
File: HISTORY_R34.pdf Graphic file (type pdf)
<use HISTORY_R34.pdf, page 188>
Package pdftex.def Info: HISTORY_R34.pdf , page188 used on input line 22.
(pdftex.def)             Requested size: 597.78697pt x 773.60669pt.
File: HISTORY_R34.pdf Graphic file (type pdf)
<use HISTORY_R34.pdf, page 188>
Package pdftex.def Info: HISTORY_R34.pdf , page188 used on input line 22.
(pdftex.def)             Requested size: 597.78697pt x 773.60669pt.
File: HISTORY_R34.pdf Graphic file (type pdf)
<use HISTORY_R34.pdf, page 188>
Package pdftex.def Info: HISTORY_R34.pdf , page188 used on input line 22.
(pdftex.def)             Requested size: 597.78697pt x 773.60669pt.

[232

 <./HISTORY_R34.pdf>]
<HISTORY_R34.pdf, id=3007, page=189, 614.295pt x 794.97pt>
File: HISTORY_R34.pdf Graphic file (type pdf)
<use HISTORY_R34.pdf, page 189>
Package pdftex.def Info: HISTORY_R34.pdf , page189 used on input line 22.
(pdftex.def)             Requested size: 597.78697pt x 773.60669pt.
File: HISTORY_R34.pdf Graphic file (type pdf)
<use HISTORY_R34.pdf, page 189>
Package pdftex.def Info: HISTORY_R34.pdf , page189 used on input line 22.
(pdftex.def)             Requested size: 597.78697pt x 773.60669pt.
File: HISTORY_R34.pdf Graphic file (type pdf)
<use HISTORY_R34.pdf, page 189>
Package pdftex.def Info: HISTORY_R34.pdf , page189 used on input line 22.
(pdftex.def)             Requested size: 597.78697pt x 773.60669pt.
 [233

 <./HISTORY_R34.pdf>]
<HISTORY_R34.pdf, id=3017, page=190, 614.295pt x 794.97pt>
File: HISTORY_R34.pdf Graphic file (type pdf)
<use HISTORY_R34.pdf, page 190>
Package pdftex.def Info: HISTORY_R34.pdf , page190 used on input line 22.
(pdftex.def)             Requested size: 597.78697pt x 773.60669pt.
File: HISTORY_R34.pdf Graphic file (type pdf)
<use HISTORY_R34.pdf, page 190>
Package pdftex.def Info: HISTORY_R34.pdf , page190 used on input line 22.
(pdftex.def)             Requested size: 597.78697pt x 773.60669pt.
File: HISTORY_R34.pdf Graphic file (type pdf)
<use HISTORY_R34.pdf, page 190>
Package pdftex.def Info: HISTORY_R34.pdf , page190 used on input line 22.
(pdftex.def)             Requested size: 597.78697pt x 773.60669pt.
 [234

 <./HISTORY_R34.pdf>]
<HISTORY_R34.pdf, id=3027, page=191, 614.295pt x 794.97pt>
File: HISTORY_R34.pdf Graphic file (type pdf)
<use HISTORY_R34.pdf, page 191>
Package pdftex.def Info: HISTORY_R34.pdf , page191 used on input line 22.
(pdftex.def)             Requested size: 597.78697pt x 773.60669pt.
File: HISTORY_R34.pdf Graphic file (type pdf)
<use HISTORY_R34.pdf, page 191>
Package pdftex.def Info: HISTORY_R34.pdf , page191 used on input line 22.
(pdftex.def)             Requested size: 597.78697pt x 773.60669pt.
File: HISTORY_R34.pdf Graphic file (type pdf)
<use HISTORY_R34.pdf, page 191>
Package pdftex.def Info: HISTORY_R34.pdf , page191 used on input line 22.
(pdftex.def)             Requested size: 597.78697pt x 773.60669pt.

[235

 <./HISTORY_R34.pdf>]
<HISTORY_R34.pdf, id=3038, page=192, 614.295pt x 794.97pt>
File: HISTORY_R34.pdf Graphic file (type pdf)
<use HISTORY_R34.pdf, page 192>
Package pdftex.def Info: HISTORY_R34.pdf , page192 used on input line 22.
(pdftex.def)             Requested size: 597.78697pt x 773.60669pt.
File: HISTORY_R34.pdf Graphic file (type pdf)
<use HISTORY_R34.pdf, page 192>
Package pdftex.def Info: HISTORY_R34.pdf , page192 used on input line 22.
(pdftex.def)             Requested size: 597.78697pt x 773.60669pt.
File: HISTORY_R34.pdf Graphic file (type pdf)
<use HISTORY_R34.pdf, page 192>
Package pdftex.def Info: HISTORY_R34.pdf , page192 used on input line 22.
(pdftex.def)             Requested size: 597.78697pt x 773.60669pt.
 [236

 <./HISTORY_R34.pdf>]
<HISTORY_R34.pdf, id=3048, page=193, 614.295pt x 794.97pt>
File: HISTORY_R34.pdf Graphic file (type pdf)
<use HISTORY_R34.pdf, page 193>
Package pdftex.def Info: HISTORY_R34.pdf , page193 used on input line 22.
(pdftex.def)             Requested size: 597.78697pt x 773.60669pt.
File: HISTORY_R34.pdf Graphic file (type pdf)
<use HISTORY_R34.pdf, page 193>
Package pdftex.def Info: HISTORY_R34.pdf , page193 used on input line 22.
(pdftex.def)             Requested size: 597.78697pt x 773.60669pt.
File: HISTORY_R34.pdf Graphic file (type pdf)
<use HISTORY_R34.pdf, page 193>
Package pdftex.def Info: HISTORY_R34.pdf , page193 used on input line 22.
(pdftex.def)             Requested size: 597.78697pt x 773.60669pt.
 [237

 <./HISTORY_R34.pdf>]
<HISTORY_R34.pdf, id=3058, page=194, 614.295pt x 794.97pt>
File: HISTORY_R34.pdf Graphic file (type pdf)
<use HISTORY_R34.pdf, page 194>
Package pdftex.def Info: HISTORY_R34.pdf , page194 used on input line 22.
(pdftex.def)             Requested size: 597.78697pt x 773.60669pt.
File: HISTORY_R34.pdf Graphic file (type pdf)
<use HISTORY_R34.pdf, page 194>
Package pdftex.def Info: HISTORY_R34.pdf , page194 used on input line 22.
(pdftex.def)             Requested size: 597.78697pt x 773.60669pt.
File: HISTORY_R34.pdf Graphic file (type pdf)
<use HISTORY_R34.pdf, page 194>
Package pdftex.def Info: HISTORY_R34.pdf , page194 used on input line 22.
(pdftex.def)             Requested size: 597.78697pt x 773.60669pt.

[238

 <./HISTORY_R34.pdf>]
<HISTORY_R34.pdf, id=3075, page=195, 614.295pt x 794.97pt>
File: HISTORY_R34.pdf Graphic file (type pdf)
<use HISTORY_R34.pdf, page 195>
Package pdftex.def Info: HISTORY_R34.pdf , page195 used on input line 22.
(pdftex.def)             Requested size: 597.78697pt x 773.60669pt.
File: HISTORY_R34.pdf Graphic file (type pdf)
<use HISTORY_R34.pdf, page 195>
Package pdftex.def Info: HISTORY_R34.pdf , page195 used on input line 22.
(pdftex.def)             Requested size: 597.78697pt x 773.60669pt.
File: HISTORY_R34.pdf Graphic file (type pdf)
<use HISTORY_R34.pdf, page 195>
Package pdftex.def Info: HISTORY_R34.pdf , page195 used on input line 22.
(pdftex.def)             Requested size: 597.78697pt x 773.60669pt.
 [239

 <./HISTORY_R34.pdf>]
<HISTORY_R34.pdf, id=3085, page=196, 614.295pt x 794.97pt>
File: HISTORY_R34.pdf Graphic file (type pdf)
<use HISTORY_R34.pdf, page 196>
Package pdftex.def Info: HISTORY_R34.pdf , page196 used on input line 22.
(pdftex.def)             Requested size: 597.78697pt x 773.60669pt.
File: HISTORY_R34.pdf Graphic file (type pdf)
<use HISTORY_R34.pdf, page 196>
Package pdftex.def Info: HISTORY_R34.pdf , page196 used on input line 22.
(pdftex.def)             Requested size: 597.78697pt x 773.60669pt.
File: HISTORY_R34.pdf Graphic file (type pdf)
<use HISTORY_R34.pdf, page 196>
Package pdftex.def Info: HISTORY_R34.pdf , page196 used on input line 22.
(pdftex.def)             Requested size: 597.78697pt x 773.60669pt.
 [240

 <./HISTORY_R34.pdf>]
<HISTORY_R34.pdf, id=3095, page=197, 614.295pt x 794.97pt>
File: HISTORY_R34.pdf Graphic file (type pdf)
<use HISTORY_R34.pdf, page 197>
Package pdftex.def Info: HISTORY_R34.pdf , page197 used on input line 22.
(pdftex.def)             Requested size: 597.78697pt x 773.60669pt.
File: HISTORY_R34.pdf Graphic file (type pdf)
<use HISTORY_R34.pdf, page 197>
Package pdftex.def Info: HISTORY_R34.pdf , page197 used on input line 22.
(pdftex.def)             Requested size: 597.78697pt x 773.60669pt.
File: HISTORY_R34.pdf Graphic file (type pdf)
<use HISTORY_R34.pdf, page 197>
Package pdftex.def Info: HISTORY_R34.pdf , page197 used on input line 22.
(pdftex.def)             Requested size: 597.78697pt x 773.60669pt.

[241

 <./HISTORY_R34.pdf>]
<HISTORY_R34.pdf, id=3106, page=198, 614.295pt x 794.97pt>
File: HISTORY_R34.pdf Graphic file (type pdf)
<use HISTORY_R34.pdf, page 198>
Package pdftex.def Info: HISTORY_R34.pdf , page198 used on input line 22.
(pdftex.def)             Requested size: 597.78697pt x 773.60669pt.
File: HISTORY_R34.pdf Graphic file (type pdf)
<use HISTORY_R34.pdf, page 198>
Package pdftex.def Info: HISTORY_R34.pdf , page198 used on input line 22.
(pdftex.def)             Requested size: 597.78697pt x 773.60669pt.
File: HISTORY_R34.pdf Graphic file (type pdf)
<use HISTORY_R34.pdf, page 198>
Package pdftex.def Info: HISTORY_R34.pdf , page198 used on input line 22.
(pdftex.def)             Requested size: 597.78697pt x 773.60669pt.
 [242

 <./HISTORY_R34.pdf>]
<HISTORY_R34.pdf, id=3116, page=199, 614.295pt x 794.97pt>
File: HISTORY_R34.pdf Graphic file (type pdf)
<use HISTORY_R34.pdf, page 199>
Package pdftex.def Info: HISTORY_R34.pdf , page199 used on input line 22.
(pdftex.def)             Requested size: 597.78697pt x 773.60669pt.
File: HISTORY_R34.pdf Graphic file (type pdf)
<use HISTORY_R34.pdf, page 199>
Package pdftex.def Info: HISTORY_R34.pdf , page199 used on input line 22.
(pdftex.def)             Requested size: 597.78697pt x 773.60669pt.
File: HISTORY_R34.pdf Graphic file (type pdf)
<use HISTORY_R34.pdf, page 199>
Package pdftex.def Info: HISTORY_R34.pdf , page199 used on input line 22.
(pdftex.def)             Requested size: 597.78697pt x 773.60669pt.
 [243

 <./HISTORY_R34.pdf>]
<HISTORY_R34.pdf, id=3126, page=200, 614.295pt x 794.97pt>
File: HISTORY_R34.pdf Graphic file (type pdf)
<use HISTORY_R34.pdf, page 200>
Package pdftex.def Info: HISTORY_R34.pdf , page200 used on input line 22.
(pdftex.def)             Requested size: 597.78697pt x 773.60669pt.
File: HISTORY_R34.pdf Graphic file (type pdf)
<use HISTORY_R34.pdf, page 200>
Package pdftex.def Info: HISTORY_R34.pdf , page200 used on input line 22.
(pdftex.def)             Requested size: 597.78697pt x 773.60669pt.
File: HISTORY_R34.pdf Graphic file (type pdf)
<use HISTORY_R34.pdf, page 200>
Package pdftex.def Info: HISTORY_R34.pdf , page200 used on input line 22.
(pdftex.def)             Requested size: 597.78697pt x 773.60669pt.

[244

 <./HISTORY_R34.pdf>]
<HISTORY_R34.pdf, id=3136, page=201, 614.295pt x 794.97pt>
File: HISTORY_R34.pdf Graphic file (type pdf)
<use HISTORY_R34.pdf, page 201>
Package pdftex.def Info: HISTORY_R34.pdf , page201 used on input line 22.
(pdftex.def)             Requested size: 597.78697pt x 773.60669pt.
File: HISTORY_R34.pdf Graphic file (type pdf)
<use HISTORY_R34.pdf, page 201>
Package pdftex.def Info: HISTORY_R34.pdf , page201 used on input line 22.
(pdftex.def)             Requested size: 597.78697pt x 773.60669pt.
File: HISTORY_R34.pdf Graphic file (type pdf)
<use HISTORY_R34.pdf, page 201>
Package pdftex.def Info: HISTORY_R34.pdf , page201 used on input line 22.
(pdftex.def)             Requested size: 597.78697pt x 773.60669pt.
 [245

 <./HISTORY_R34.pdf>]
<HISTORY_R34.pdf, id=3146, page=202, 614.295pt x 794.97pt>
File: HISTORY_R34.pdf Graphic file (type pdf)
<use HISTORY_R34.pdf, page 202>
Package pdftex.def Info: HISTORY_R34.pdf , page202 used on input line 22.
(pdftex.def)             Requested size: 597.78697pt x 773.60669pt.
File: HISTORY_R34.pdf Graphic file (type pdf)
<use HISTORY_R34.pdf, page 202>
Package pdftex.def Info: HISTORY_R34.pdf , page202 used on input line 22.
(pdftex.def)             Requested size: 597.78697pt x 773.60669pt.
File: HISTORY_R34.pdf Graphic file (type pdf)
<use HISTORY_R34.pdf, page 202>
Package pdftex.def Info: HISTORY_R34.pdf , page202 used on input line 22.
(pdftex.def)             Requested size: 597.78697pt x 773.60669pt.
 [246

 <./HISTORY_R34.pdf>]
<HISTORY_R34.pdf, id=3156, page=203, 614.295pt x 794.97pt>
File: HISTORY_R34.pdf Graphic file (type pdf)
<use HISTORY_R34.pdf, page 203>
Package pdftex.def Info: HISTORY_R34.pdf , page203 used on input line 22.
(pdftex.def)             Requested size: 597.78697pt x 773.60669pt.
File: HISTORY_R34.pdf Graphic file (type pdf)
<use HISTORY_R34.pdf, page 203>
Package pdftex.def Info: HISTORY_R34.pdf , page203 used on input line 22.
(pdftex.def)             Requested size: 597.78697pt x 773.60669pt.
File: HISTORY_R34.pdf Graphic file (type pdf)
<use HISTORY_R34.pdf, page 203>
Package pdftex.def Info: HISTORY_R34.pdf , page203 used on input line 22.
(pdftex.def)             Requested size: 597.78697pt x 773.60669pt.

[247

 <./HISTORY_R34.pdf>]
<HISTORY_R34.pdf, id=3168, page=204, 614.295pt x 794.97pt>
File: HISTORY_R34.pdf Graphic file (type pdf)
<use HISTORY_R34.pdf, page 204>
Package pdftex.def Info: HISTORY_R34.pdf , page204 used on input line 22.
(pdftex.def)             Requested size: 597.78697pt x 773.60669pt.
File: HISTORY_R34.pdf Graphic file (type pdf)
<use HISTORY_R34.pdf, page 204>
Package pdftex.def Info: HISTORY_R34.pdf , page204 used on input line 22.
(pdftex.def)             Requested size: 597.78697pt x 773.60669pt.
File: HISTORY_R34.pdf Graphic file (type pdf)
<use HISTORY_R34.pdf, page 204>
Package pdftex.def Info: HISTORY_R34.pdf , page204 used on input line 22.
(pdftex.def)             Requested size: 597.78697pt x 773.60669pt.
 [248

 <./HISTORY_R34.pdf>]
<HISTORY_R34.pdf, id=3178, page=205, 614.295pt x 794.97pt>
File: HISTORY_R34.pdf Graphic file (type pdf)
<use HISTORY_R34.pdf, page 205>
Package pdftex.def Info: HISTORY_R34.pdf , page205 used on input line 22.
(pdftex.def)             Requested size: 597.78697pt x 773.60669pt.
File: HISTORY_R34.pdf Graphic file (type pdf)
<use HISTORY_R34.pdf, page 205>
Package pdftex.def Info: HISTORY_R34.pdf , page205 used on input line 22.
(pdftex.def)             Requested size: 597.78697pt x 773.60669pt.
File: HISTORY_R34.pdf Graphic file (type pdf)
<use HISTORY_R34.pdf, page 205>
Package pdftex.def Info: HISTORY_R34.pdf , page205 used on input line 22.
(pdftex.def)             Requested size: 597.78697pt x 773.60669pt.
 [249

 <./HISTORY_R34.pdf>]
<HISTORY_R34.pdf, id=3188, page=206, 614.295pt x 794.97pt>
File: HISTORY_R34.pdf Graphic file (type pdf)
<use HISTORY_R34.pdf, page 206>
Package pdftex.def Info: HISTORY_R34.pdf , page206 used on input line 22.
(pdftex.def)             Requested size: 597.78697pt x 773.60669pt.
File: HISTORY_R34.pdf Graphic file (type pdf)
<use HISTORY_R34.pdf, page 206>
Package pdftex.def Info: HISTORY_R34.pdf , page206 used on input line 22.
(pdftex.def)             Requested size: 597.78697pt x 773.60669pt.
File: HISTORY_R34.pdf Graphic file (type pdf)
<use HISTORY_R34.pdf, page 206>
Package pdftex.def Info: HISTORY_R34.pdf , page206 used on input line 22.
(pdftex.def)             Requested size: 597.78697pt x 773.60669pt.

[250

 <./HISTORY_R34.pdf>]
<HISTORY_R34.pdf, id=3198, page=207, 614.295pt x 794.97pt>
File: HISTORY_R34.pdf Graphic file (type pdf)
<use HISTORY_R34.pdf, page 207>
Package pdftex.def Info: HISTORY_R34.pdf , page207 used on input line 22.
(pdftex.def)             Requested size: 597.78697pt x 773.60669pt.
File: HISTORY_R34.pdf Graphic file (type pdf)
<use HISTORY_R34.pdf, page 207>
Package pdftex.def Info: HISTORY_R34.pdf , page207 used on input line 22.
(pdftex.def)             Requested size: 597.78697pt x 773.60669pt.
File: HISTORY_R34.pdf Graphic file (type pdf)
<use HISTORY_R34.pdf, page 207>
Package pdftex.def Info: HISTORY_R34.pdf , page207 used on input line 22.
(pdftex.def)             Requested size: 597.78697pt x 773.60669pt.
 [251

 <./HISTORY_R34.pdf>]
<HISTORY_R34.pdf, id=3215, page=208, 614.295pt x 794.97pt>
File: HISTORY_R34.pdf Graphic file (type pdf)
<use HISTORY_R34.pdf, page 208>
Package pdftex.def Info: HISTORY_R34.pdf , page208 used on input line 22.
(pdftex.def)             Requested size: 597.78697pt x 773.60669pt.
File: HISTORY_R34.pdf Graphic file (type pdf)
<use HISTORY_R34.pdf, page 208>
Package pdftex.def Info: HISTORY_R34.pdf , page208 used on input line 22.
(pdftex.def)             Requested size: 597.78697pt x 773.60669pt.
File: HISTORY_R34.pdf Graphic file (type pdf)
<use HISTORY_R34.pdf, page 208>
Package pdftex.def Info: HISTORY_R34.pdf , page208 used on input line 22.
(pdftex.def)             Requested size: 597.78697pt x 773.60669pt.
 [252

 <./HISTORY_R34.pdf>]
<HISTORY_R34.pdf, id=3225, page=209, 614.295pt x 794.97pt>
File: HISTORY_R34.pdf Graphic file (type pdf)
<use HISTORY_R34.pdf, page 209>
Package pdftex.def Info: HISTORY_R34.pdf , page209 used on input line 22.
(pdftex.def)             Requested size: 597.78697pt x 773.60669pt.
File: HISTORY_R34.pdf Graphic file (type pdf)
<use HISTORY_R34.pdf, page 209>
Package pdftex.def Info: HISTORY_R34.pdf , page209 used on input line 22.
(pdftex.def)             Requested size: 597.78697pt x 773.60669pt.
File: HISTORY_R34.pdf Graphic file (type pdf)
<use HISTORY_R34.pdf, page 209>
Package pdftex.def Info: HISTORY_R34.pdf , page209 used on input line 22.
(pdftex.def)             Requested size: 597.78697pt x 773.60669pt.

[253

 <./HISTORY_R34.pdf>]
<HISTORY_R34.pdf, id=3236, page=210, 614.295pt x 794.97pt>
File: HISTORY_R34.pdf Graphic file (type pdf)
<use HISTORY_R34.pdf, page 210>
Package pdftex.def Info: HISTORY_R34.pdf , page210 used on input line 22.
(pdftex.def)             Requested size: 597.78697pt x 773.60669pt.
File: HISTORY_R34.pdf Graphic file (type pdf)
<use HISTORY_R34.pdf, page 210>
Package pdftex.def Info: HISTORY_R34.pdf , page210 used on input line 22.
(pdftex.def)             Requested size: 597.78697pt x 773.60669pt.
File: HISTORY_R34.pdf Graphic file (type pdf)
<use HISTORY_R34.pdf, page 210>
Package pdftex.def Info: HISTORY_R34.pdf , page210 used on input line 22.
(pdftex.def)             Requested size: 597.78697pt x 773.60669pt.
 [254

 <./HISTORY_R34.pdf>]
<HISTORY_R34.pdf, id=3246, page=211, 614.295pt x 794.97pt>
File: HISTORY_R34.pdf Graphic file (type pdf)
<use HISTORY_R34.pdf, page 211>
Package pdftex.def Info: HISTORY_R34.pdf , page211 used on input line 22.
(pdftex.def)             Requested size: 597.78697pt x 773.60669pt.
File: HISTORY_R34.pdf Graphic file (type pdf)
<use HISTORY_R34.pdf, page 211>
Package pdftex.def Info: HISTORY_R34.pdf , page211 used on input line 22.
(pdftex.def)             Requested size: 597.78697pt x 773.60669pt.
File: HISTORY_R34.pdf Graphic file (type pdf)
<use HISTORY_R34.pdf, page 211>
Package pdftex.def Info: HISTORY_R34.pdf , page211 used on input line 22.
(pdftex.def)             Requested size: 597.78697pt x 773.60669pt.
 [255

 <./HISTORY_R34.pdf>]
<HISTORY_R34.pdf, id=3256, page=212, 614.295pt x 794.97pt>
File: HISTORY_R34.pdf Graphic file (type pdf)
<use HISTORY_R34.pdf, page 212>
Package pdftex.def Info: HISTORY_R34.pdf , page212 used on input line 22.
(pdftex.def)             Requested size: 597.78697pt x 773.60669pt.
File: HISTORY_R34.pdf Graphic file (type pdf)
<use HISTORY_R34.pdf, page 212>
Package pdftex.def Info: HISTORY_R34.pdf , page212 used on input line 22.
(pdftex.def)             Requested size: 597.78697pt x 773.60669pt.
File: HISTORY_R34.pdf Graphic file (type pdf)
<use HISTORY_R34.pdf, page 212>
Package pdftex.def Info: HISTORY_R34.pdf , page212 used on input line 22.
(pdftex.def)             Requested size: 597.78697pt x 773.60669pt.

[256

 <./HISTORY_R34.pdf>]
<HISTORY_R34.pdf, id=3266, page=213, 614.295pt x 794.97pt>
File: HISTORY_R34.pdf Graphic file (type pdf)
<use HISTORY_R34.pdf, page 213>
Package pdftex.def Info: HISTORY_R34.pdf , page213 used on input line 22.
(pdftex.def)             Requested size: 597.78697pt x 773.60669pt.
File: HISTORY_R34.pdf Graphic file (type pdf)
<use HISTORY_R34.pdf, page 213>
Package pdftex.def Info: HISTORY_R34.pdf , page213 used on input line 22.
(pdftex.def)             Requested size: 597.78697pt x 773.60669pt.
File: HISTORY_R34.pdf Graphic file (type pdf)
<use HISTORY_R34.pdf, page 213>
Package pdftex.def Info: HISTORY_R34.pdf , page213 used on input line 22.
(pdftex.def)             Requested size: 597.78697pt x 773.60669pt.
 [257

 <./HISTORY_R34.pdf>]
<HISTORY_R34.pdf, id=3276, page=214, 614.295pt x 794.97pt>
File: HISTORY_R34.pdf Graphic file (type pdf)
<use HISTORY_R34.pdf, page 214>
Package pdftex.def Info: HISTORY_R34.pdf , page214 used on input line 22.
(pdftex.def)             Requested size: 597.78697pt x 773.60669pt.
File: HISTORY_R34.pdf Graphic file (type pdf)
<use HISTORY_R34.pdf, page 214>
Package pdftex.def Info: HISTORY_R34.pdf , page214 used on input line 22.
(pdftex.def)             Requested size: 597.78697pt x 773.60669pt.
File: HISTORY_R34.pdf Graphic file (type pdf)
<use HISTORY_R34.pdf, page 214>
Package pdftex.def Info: HISTORY_R34.pdf , page214 used on input line 22.
(pdftex.def)             Requested size: 597.78697pt x 773.60669pt.
 [258

 <./HISTORY_R34.pdf>]
<HISTORY_R34.pdf, id=3291, page=215, 614.295pt x 794.97pt>
File: HISTORY_R34.pdf Graphic file (type pdf)
<use HISTORY_R34.pdf, page 215>
Package pdftex.def Info: HISTORY_R34.pdf , page215 used on input line 22.
(pdftex.def)             Requested size: 597.78697pt x 773.60669pt.
File: HISTORY_R34.pdf Graphic file (type pdf)
<use HISTORY_R34.pdf, page 215>
Package pdftex.def Info: HISTORY_R34.pdf , page215 used on input line 22.
(pdftex.def)             Requested size: 597.78697pt x 773.60669pt.
File: HISTORY_R34.pdf Graphic file (type pdf)
<use HISTORY_R34.pdf, page 215>
Package pdftex.def Info: HISTORY_R34.pdf , page215 used on input line 22.
(pdftex.def)             Requested size: 597.78697pt x 773.60669pt.

[259

 <./HISTORY_R34.pdf>]
<HISTORY_R34.pdf, id=3302, page=216, 614.295pt x 794.97pt>
File: HISTORY_R34.pdf Graphic file (type pdf)
<use HISTORY_R34.pdf, page 216>
Package pdftex.def Info: HISTORY_R34.pdf , page216 used on input line 22.
(pdftex.def)             Requested size: 597.78697pt x 773.60669pt.
File: HISTORY_R34.pdf Graphic file (type pdf)
<use HISTORY_R34.pdf, page 216>
Package pdftex.def Info: HISTORY_R34.pdf , page216 used on input line 22.
(pdftex.def)             Requested size: 597.78697pt x 773.60669pt.
File: HISTORY_R34.pdf Graphic file (type pdf)
<use HISTORY_R34.pdf, page 216>
Package pdftex.def Info: HISTORY_R34.pdf , page216 used on input line 22.
(pdftex.def)             Requested size: 597.78697pt x 773.60669pt.
 [260

 <./HISTORY_R34.pdf>]
<HISTORY_R34.pdf, id=3312, page=217, 614.295pt x 794.97pt>
File: HISTORY_R34.pdf Graphic file (type pdf)
<use HISTORY_R34.pdf, page 217>
Package pdftex.def Info: HISTORY_R34.pdf , page217 used on input line 22.
(pdftex.def)             Requested size: 597.78697pt x 773.60669pt.
File: HISTORY_R34.pdf Graphic file (type pdf)
<use HISTORY_R34.pdf, page 217>
Package pdftex.def Info: HISTORY_R34.pdf , page217 used on input line 22.
(pdftex.def)             Requested size: 597.78697pt x 773.60669pt.
File: HISTORY_R34.pdf Graphic file (type pdf)
<use HISTORY_R34.pdf, page 217>
Package pdftex.def Info: HISTORY_R34.pdf , page217 used on input line 22.
(pdftex.def)             Requested size: 597.78697pt x 773.60669pt.
 [261

 <./HISTORY_R34.pdf>]
<HISTORY_R34.pdf, id=3322, page=218, 614.295pt x 794.97pt>
File: HISTORY_R34.pdf Graphic file (type pdf)
<use HISTORY_R34.pdf, page 218>
Package pdftex.def Info: HISTORY_R34.pdf , page218 used on input line 22.
(pdftex.def)             Requested size: 597.78697pt x 773.60669pt.
File: HISTORY_R34.pdf Graphic file (type pdf)
<use HISTORY_R34.pdf, page 218>
Package pdftex.def Info: HISTORY_R34.pdf , page218 used on input line 22.
(pdftex.def)             Requested size: 597.78697pt x 773.60669pt.
File: HISTORY_R34.pdf Graphic file (type pdf)
<use HISTORY_R34.pdf, page 218>
Package pdftex.def Info: HISTORY_R34.pdf , page218 used on input line 22.
(pdftex.def)             Requested size: 597.78697pt x 773.60669pt.

[262

 <./HISTORY_R34.pdf>]
<HISTORY_R34.pdf, id=3332, page=219, 614.295pt x 794.97pt>
File: HISTORY_R34.pdf Graphic file (type pdf)
<use HISTORY_R34.pdf, page 219>
Package pdftex.def Info: HISTORY_R34.pdf , page219 used on input line 22.
(pdftex.def)             Requested size: 597.78697pt x 773.60669pt.
File: HISTORY_R34.pdf Graphic file (type pdf)
<use HISTORY_R34.pdf, page 219>
Package pdftex.def Info: HISTORY_R34.pdf , page219 used on input line 22.
(pdftex.def)             Requested size: 597.78697pt x 773.60669pt.
File: HISTORY_R34.pdf Graphic file (type pdf)
<use HISTORY_R34.pdf, page 219>
Package pdftex.def Info: HISTORY_R34.pdf , page219 used on input line 22.
(pdftex.def)             Requested size: 597.78697pt x 773.60669pt.
 [263

 <./HISTORY_R34.pdf>]
<HISTORY_R34.pdf, id=3342, page=220, 614.295pt x 794.97pt>
File: HISTORY_R34.pdf Graphic file (type pdf)
<use HISTORY_R34.pdf, page 220>
Package pdftex.def Info: HISTORY_R34.pdf , page220 used on input line 22.
(pdftex.def)             Requested size: 597.78697pt x 773.60669pt.
File: HISTORY_R34.pdf Graphic file (type pdf)
<use HISTORY_R34.pdf, page 220>
Package pdftex.def Info: HISTORY_R34.pdf , page220 used on input line 22.
(pdftex.def)             Requested size: 597.78697pt x 773.60669pt.
File: HISTORY_R34.pdf Graphic file (type pdf)
<use HISTORY_R34.pdf, page 220>
Package pdftex.def Info: HISTORY_R34.pdf , page220 used on input line 22.
(pdftex.def)             Requested size: 597.78697pt x 773.60669pt.
 [264

 <./HISTORY_R34.pdf>]
<HISTORY_R34.pdf, id=3352, page=221, 614.295pt x 794.97pt>
File: HISTORY_R34.pdf Graphic file (type pdf)
<use HISTORY_R34.pdf, page 221>
Package pdftex.def Info: HISTORY_R34.pdf , page221 used on input line 22.
(pdftex.def)             Requested size: 597.78697pt x 773.60669pt.
File: HISTORY_R34.pdf Graphic file (type pdf)
<use HISTORY_R34.pdf, page 221>
Package pdftex.def Info: HISTORY_R34.pdf , page221 used on input line 22.
(pdftex.def)             Requested size: 597.78697pt x 773.60669pt.
File: HISTORY_R34.pdf Graphic file (type pdf)
<use HISTORY_R34.pdf, page 221>
Package pdftex.def Info: HISTORY_R34.pdf , page221 used on input line 22.
(pdftex.def)             Requested size: 597.78697pt x 773.60669pt.

[265

 <./HISTORY_R34.pdf>]
<HISTORY_R34.pdf, id=3363, page=222, 614.295pt x 794.97pt>
File: HISTORY_R34.pdf Graphic file (type pdf)
<use HISTORY_R34.pdf, page 222>
Package pdftex.def Info: HISTORY_R34.pdf , page222 used on input line 22.
(pdftex.def)             Requested size: 597.78697pt x 773.60669pt.
File: HISTORY_R34.pdf Graphic file (type pdf)
<use HISTORY_R34.pdf, page 222>
Package pdftex.def Info: HISTORY_R34.pdf , page222 used on input line 22.
(pdftex.def)             Requested size: 597.78697pt x 773.60669pt.
File: HISTORY_R34.pdf Graphic file (type pdf)
<use HISTORY_R34.pdf, page 222>
Package pdftex.def Info: HISTORY_R34.pdf , page222 used on input line 22.
(pdftex.def)             Requested size: 597.78697pt x 773.60669pt.
 [266

 <./HISTORY_R34.pdf>]
<HISTORY_R34.pdf, id=3380, page=223, 614.295pt x 794.97pt>
File: HISTORY_R34.pdf Graphic file (type pdf)
<use HISTORY_R34.pdf, page 223>
Package pdftex.def Info: HISTORY_R34.pdf , page223 used on input line 22.
(pdftex.def)             Requested size: 597.78697pt x 773.60669pt.
File: HISTORY_R34.pdf Graphic file (type pdf)
<use HISTORY_R34.pdf, page 223>
Package pdftex.def Info: HISTORY_R34.pdf , page223 used on input line 22.
(pdftex.def)             Requested size: 597.78697pt x 773.60669pt.
File: HISTORY_R34.pdf Graphic file (type pdf)
<use HISTORY_R34.pdf, page 223>
Package pdftex.def Info: HISTORY_R34.pdf , page223 used on input line 22.
(pdftex.def)             Requested size: 597.78697pt x 773.60669pt.
 [267

 <./HISTORY_R34.pdf>]
<HISTORY_R34.pdf, id=3390, page=224, 614.295pt x 794.97pt>
File: HISTORY_R34.pdf Graphic file (type pdf)
<use HISTORY_R34.pdf, page 224>
Package pdftex.def Info: HISTORY_R34.pdf , page224 used on input line 22.
(pdftex.def)             Requested size: 597.78697pt x 773.60669pt.
File: HISTORY_R34.pdf Graphic file (type pdf)
<use HISTORY_R34.pdf, page 224>
Package pdftex.def Info: HISTORY_R34.pdf , page224 used on input line 22.
(pdftex.def)             Requested size: 597.78697pt x 773.60669pt.
File: HISTORY_R34.pdf Graphic file (type pdf)
<use HISTORY_R34.pdf, page 224>
Package pdftex.def Info: HISTORY_R34.pdf , page224 used on input line 22.
(pdftex.def)             Requested size: 597.78697pt x 773.60669pt.

[268

 <./HISTORY_R34.pdf>]
<HISTORY_R34.pdf, id=3400, page=225, 614.295pt x 794.97pt>
File: HISTORY_R34.pdf Graphic file (type pdf)
<use HISTORY_R34.pdf, page 225>
Package pdftex.def Info: HISTORY_R34.pdf , page225 used on input line 22.
(pdftex.def)             Requested size: 597.78697pt x 773.60669pt.
File: HISTORY_R34.pdf Graphic file (type pdf)
<use HISTORY_R34.pdf, page 225>
Package pdftex.def Info: HISTORY_R34.pdf , page225 used on input line 22.
(pdftex.def)             Requested size: 597.78697pt x 773.60669pt.
File: HISTORY_R34.pdf Graphic file (type pdf)
<use HISTORY_R34.pdf, page 225>
Package pdftex.def Info: HISTORY_R34.pdf , page225 used on input line 22.
(pdftex.def)             Requested size: 597.78697pt x 773.60669pt.
 [269

 <./HISTORY_R34.pdf>]
<HISTORY_R34.pdf, id=3410, page=226, 614.295pt x 794.97pt>
File: HISTORY_R34.pdf Graphic file (type pdf)
<use HISTORY_R34.pdf, page 226>
Package pdftex.def Info: HISTORY_R34.pdf , page226 used on input line 22.
(pdftex.def)             Requested size: 597.78697pt x 773.60669pt.
File: HISTORY_R34.pdf Graphic file (type pdf)
<use HISTORY_R34.pdf, page 226>
Package pdftex.def Info: HISTORY_R34.pdf , page226 used on input line 22.
(pdftex.def)             Requested size: 597.78697pt x 773.60669pt.
File: HISTORY_R34.pdf Graphic file (type pdf)
<use HISTORY_R34.pdf, page 226>
Package pdftex.def Info: HISTORY_R34.pdf , page226 used on input line 22.
(pdftex.def)             Requested size: 597.78697pt x 773.60669pt.
 [270

 <./HISTORY_R34.pdf>]
<HISTORY_R34.pdf, id=3420, page=227, 614.295pt x 794.97pt>
File: HISTORY_R34.pdf Graphic file (type pdf)
<use HISTORY_R34.pdf, page 227>
Package pdftex.def Info: HISTORY_R34.pdf , page227 used on input line 22.
(pdftex.def)             Requested size: 597.78697pt x 773.60669pt.
File: HISTORY_R34.pdf Graphic file (type pdf)
<use HISTORY_R34.pdf, page 227>
Package pdftex.def Info: HISTORY_R34.pdf , page227 used on input line 22.
(pdftex.def)             Requested size: 597.78697pt x 773.60669pt.
File: HISTORY_R34.pdf Graphic file (type pdf)
<use HISTORY_R34.pdf, page 227>
Package pdftex.def Info: HISTORY_R34.pdf , page227 used on input line 22.
(pdftex.def)             Requested size: 597.78697pt x 773.60669pt.

[271

 <./HISTORY_R34.pdf>]
<HISTORY_R34.pdf, id=3431, page=228, 614.295pt x 794.97pt>
File: HISTORY_R34.pdf Graphic file (type pdf)
<use HISTORY_R34.pdf, page 228>
Package pdftex.def Info: HISTORY_R34.pdf , page228 used on input line 22.
(pdftex.def)             Requested size: 597.78697pt x 773.60669pt.
File: HISTORY_R34.pdf Graphic file (type pdf)
<use HISTORY_R34.pdf, page 228>
Package pdftex.def Info: HISTORY_R34.pdf , page228 used on input line 22.
(pdftex.def)             Requested size: 597.78697pt x 773.60669pt.
File: HISTORY_R34.pdf Graphic file (type pdf)
<use HISTORY_R34.pdf, page 228>
Package pdftex.def Info: HISTORY_R34.pdf , page228 used on input line 22.
(pdftex.def)             Requested size: 597.78697pt x 773.60669pt.
 [272

 <./HISTORY_R34.pdf>]
<HISTORY_R34.pdf, id=3441, page=229, 614.295pt x 794.97pt>
File: HISTORY_R34.pdf Graphic file (type pdf)
<use HISTORY_R34.pdf, page 229>
Package pdftex.def Info: HISTORY_R34.pdf , page229 used on input line 22.
(pdftex.def)             Requested size: 597.78697pt x 773.60669pt.
File: HISTORY_R34.pdf Graphic file (type pdf)
<use HISTORY_R34.pdf, page 229>
Package pdftex.def Info: HISTORY_R34.pdf , page229 used on input line 22.
(pdftex.def)             Requested size: 597.78697pt x 773.60669pt.
File: HISTORY_R34.pdf Graphic file (type pdf)
<use HISTORY_R34.pdf, page 229>
Package pdftex.def Info: HISTORY_R34.pdf , page229 used on input line 22.
(pdftex.def)             Requested size: 597.78697pt x 773.60669pt.
 [273

 <./HISTORY_R34.pdf>]
<HISTORY_R34.pdf, id=3451, page=230, 614.295pt x 794.97pt>
File: HISTORY_R34.pdf Graphic file (type pdf)
<use HISTORY_R34.pdf, page 230>
Package pdftex.def Info: HISTORY_R34.pdf , page230 used on input line 22.
(pdftex.def)             Requested size: 597.78697pt x 773.60669pt.
File: HISTORY_R34.pdf Graphic file (type pdf)
<use HISTORY_R34.pdf, page 230>
Package pdftex.def Info: HISTORY_R34.pdf , page230 used on input line 22.
(pdftex.def)             Requested size: 597.78697pt x 773.60669pt.
File: HISTORY_R34.pdf Graphic file (type pdf)
<use HISTORY_R34.pdf, page 230>
Package pdftex.def Info: HISTORY_R34.pdf , page230 used on input line 22.
(pdftex.def)             Requested size: 597.78697pt x 773.60669pt.

[274

 <./HISTORY_R34.pdf>]
<HISTORY_R34.pdf, id=3461, page=231, 614.295pt x 794.97pt>
File: HISTORY_R34.pdf Graphic file (type pdf)
<use HISTORY_R34.pdf, page 231>
Package pdftex.def Info: HISTORY_R34.pdf , page231 used on input line 22.
(pdftex.def)             Requested size: 597.78697pt x 773.60669pt.
File: HISTORY_R34.pdf Graphic file (type pdf)
<use HISTORY_R34.pdf, page 231>
Package pdftex.def Info: HISTORY_R34.pdf , page231 used on input line 22.
(pdftex.def)             Requested size: 597.78697pt x 773.60669pt.
File: HISTORY_R34.pdf Graphic file (type pdf)
<use HISTORY_R34.pdf, page 231>
Package pdftex.def Info: HISTORY_R34.pdf , page231 used on input line 22.
(pdftex.def)             Requested size: 597.78697pt x 773.60669pt.
 [275

 <./HISTORY_R34.pdf>]
<HISTORY_R34.pdf, id=3472, page=232, 614.295pt x 794.97pt>
File: HISTORY_R34.pdf Graphic file (type pdf)
<use HISTORY_R34.pdf, page 232>
Package pdftex.def Info: HISTORY_R34.pdf , page232 used on input line 22.
(pdftex.def)             Requested size: 597.78697pt x 773.60669pt.
File: HISTORY_R34.pdf Graphic file (type pdf)
<use HISTORY_R34.pdf, page 232>
Package pdftex.def Info: HISTORY_R34.pdf , page232 used on input line 22.
(pdftex.def)             Requested size: 597.78697pt x 773.60669pt.
File: HISTORY_R34.pdf Graphic file (type pdf)
<use HISTORY_R34.pdf, page 232>
Package pdftex.def Info: HISTORY_R34.pdf , page232 used on input line 22.
(pdftex.def)             Requested size: 597.78697pt x 773.60669pt.
 [276

 <./HISTORY_R34.pdf>]
<HISTORY_R34.pdf, id=3482, page=233, 614.295pt x 794.97pt>
File: HISTORY_R34.pdf Graphic file (type pdf)
<use HISTORY_R34.pdf, page 233>
Package pdftex.def Info: HISTORY_R34.pdf , page233 used on input line 22.
(pdftex.def)             Requested size: 597.78697pt x 773.60669pt.
File: HISTORY_R34.pdf Graphic file (type pdf)
<use HISTORY_R34.pdf, page 233>
Package pdftex.def Info: HISTORY_R34.pdf , page233 used on input line 22.
(pdftex.def)             Requested size: 597.78697pt x 773.60669pt.
File: HISTORY_R34.pdf Graphic file (type pdf)
<use HISTORY_R34.pdf, page 233>
Package pdftex.def Info: HISTORY_R34.pdf , page233 used on input line 22.
(pdftex.def)             Requested size: 597.78697pt x 773.60669pt.

[277

 <./HISTORY_R34.pdf>]
<HISTORY_R34.pdf, id=3493, page=234, 614.295pt x 794.97pt>
File: HISTORY_R34.pdf Graphic file (type pdf)
<use HISTORY_R34.pdf, page 234>
Package pdftex.def Info: HISTORY_R34.pdf , page234 used on input line 22.
(pdftex.def)             Requested size: 597.78697pt x 773.60669pt.
File: HISTORY_R34.pdf Graphic file (type pdf)
<use HISTORY_R34.pdf, page 234>
Package pdftex.def Info: HISTORY_R34.pdf , page234 used on input line 22.
(pdftex.def)             Requested size: 597.78697pt x 773.60669pt.
File: HISTORY_R34.pdf Graphic file (type pdf)
<use HISTORY_R34.pdf, page 234>
Package pdftex.def Info: HISTORY_R34.pdf , page234 used on input line 22.
(pdftex.def)             Requested size: 597.78697pt x 773.60669pt.
 [278

 <./HISTORY_R34.pdf>]
<HISTORY_R34.pdf, id=3503, page=235, 614.295pt x 794.97pt>
File: HISTORY_R34.pdf Graphic file (type pdf)
<use HISTORY_R34.pdf, page 235>
Package pdftex.def Info: HISTORY_R34.pdf , page235 used on input line 22.
(pdftex.def)             Requested size: 597.78697pt x 773.60669pt.
File: HISTORY_R34.pdf Graphic file (type pdf)
<use HISTORY_R34.pdf, page 235>
Package pdftex.def Info: HISTORY_R34.pdf , page235 used on input line 22.
(pdftex.def)             Requested size: 597.78697pt x 773.60669pt.
File: HISTORY_R34.pdf Graphic file (type pdf)
<use HISTORY_R34.pdf, page 235>
Package pdftex.def Info: HISTORY_R34.pdf , page235 used on input line 22.
(pdftex.def)             Requested size: 597.78697pt x 773.60669pt.
 [279

 <./HISTORY_R34.pdf>]
<HISTORY_R34.pdf, id=3513, page=236, 614.295pt x 794.97pt>
File: HISTORY_R34.pdf Graphic file (type pdf)
<use HISTORY_R34.pdf, page 236>
Package pdftex.def Info: HISTORY_R34.pdf , page236 used on input line 22.
(pdftex.def)             Requested size: 597.78697pt x 773.60669pt.
File: HISTORY_R34.pdf Graphic file (type pdf)
<use HISTORY_R34.pdf, page 236>
Package pdftex.def Info: HISTORY_R34.pdf , page236 used on input line 22.
(pdftex.def)             Requested size: 597.78697pt x 773.60669pt.
File: HISTORY_R34.pdf Graphic file (type pdf)
<use HISTORY_R34.pdf, page 236>
Package pdftex.def Info: HISTORY_R34.pdf , page236 used on input line 22.
(pdftex.def)             Requested size: 597.78697pt x 773.60669pt.

[280

 <./HISTORY_R34.pdf>]
<HISTORY_R34.pdf, id=3523, page=237, 614.295pt x 794.97pt>
File: HISTORY_R34.pdf Graphic file (type pdf)
<use HISTORY_R34.pdf, page 237>
Package pdftex.def Info: HISTORY_R34.pdf , page237 used on input line 22.
(pdftex.def)             Requested size: 597.78697pt x 773.60669pt.
File: HISTORY_R34.pdf Graphic file (type pdf)
<use HISTORY_R34.pdf, page 237>
Package pdftex.def Info: HISTORY_R34.pdf , page237 used on input line 22.
(pdftex.def)             Requested size: 597.78697pt x 773.60669pt.
File: HISTORY_R34.pdf Graphic file (type pdf)
<use HISTORY_R34.pdf, page 237>
Package pdftex.def Info: HISTORY_R34.pdf , page237 used on input line 22.
(pdftex.def)             Requested size: 597.78697pt x 773.60669pt.
 [281

 <./HISTORY_R34.pdf>]
<HISTORY_R34.pdf, id=3533, page=238, 614.295pt x 794.97pt>
File: HISTORY_R34.pdf Graphic file (type pdf)
<use HISTORY_R34.pdf, page 238>
Package pdftex.def Info: HISTORY_R34.pdf , page238 used on input line 22.
(pdftex.def)             Requested size: 597.78697pt x 773.60669pt.
File: HISTORY_R34.pdf Graphic file (type pdf)
<use HISTORY_R34.pdf, page 238>
Package pdftex.def Info: HISTORY_R34.pdf , page238 used on input line 22.
(pdftex.def)             Requested size: 597.78697pt x 773.60669pt.
File: HISTORY_R34.pdf Graphic file (type pdf)
<use HISTORY_R34.pdf, page 238>
Package pdftex.def Info: HISTORY_R34.pdf , page238 used on input line 22.
(pdftex.def)             Requested size: 597.78697pt x 773.60669pt.
 [282

 <./HISTORY_R34.pdf>]
<HISTORY_R34.pdf, id=3543, page=239, 614.295pt x 794.97pt>
File: HISTORY_R34.pdf Graphic file (type pdf)
<use HISTORY_R34.pdf, page 239>
Package pdftex.def Info: HISTORY_R34.pdf , page239 used on input line 22.
(pdftex.def)             Requested size: 597.78697pt x 773.60669pt.
File: HISTORY_R34.pdf Graphic file (type pdf)
<use HISTORY_R34.pdf, page 239>
Package pdftex.def Info: HISTORY_R34.pdf , page239 used on input line 22.
(pdftex.def)             Requested size: 597.78697pt x 773.60669pt.
File: HISTORY_R34.pdf Graphic file (type pdf)
<use HISTORY_R34.pdf, page 239>
Package pdftex.def Info: HISTORY_R34.pdf , page239 used on input line 22.
(pdftex.def)             Requested size: 597.78697pt x 773.60669pt.

[283

 <./HISTORY_R34.pdf>]
<HISTORY_R34.pdf, id=3554, page=240, 614.295pt x 794.97pt>
File: HISTORY_R34.pdf Graphic file (type pdf)
<use HISTORY_R34.pdf, page 240>
Package pdftex.def Info: HISTORY_R34.pdf , page240 used on input line 22.
(pdftex.def)             Requested size: 597.78697pt x 773.60669pt.
File: HISTORY_R34.pdf Graphic file (type pdf)
<use HISTORY_R34.pdf, page 240>
Package pdftex.def Info: HISTORY_R34.pdf , page240 used on input line 22.
(pdftex.def)             Requested size: 597.78697pt x 773.60669pt.
File: HISTORY_R34.pdf Graphic file (type pdf)
<use HISTORY_R34.pdf, page 240>
Package pdftex.def Info: HISTORY_R34.pdf , page240 used on input line 22.
(pdftex.def)             Requested size: 597.78697pt x 773.60669pt.
 [284

 <./HISTORY_R34.pdf>]
<HISTORY_R34.pdf, id=3564, page=241, 614.295pt x 794.97pt>
File: HISTORY_R34.pdf Graphic file (type pdf)
<use HISTORY_R34.pdf, page 241>
Package pdftex.def Info: HISTORY_R34.pdf , page241 used on input line 22.
(pdftex.def)             Requested size: 597.78697pt x 773.60669pt.
File: HISTORY_R34.pdf Graphic file (type pdf)
<use HISTORY_R34.pdf, page 241>
Package pdftex.def Info: HISTORY_R34.pdf , page241 used on input line 22.
(pdftex.def)             Requested size: 597.78697pt x 773.60669pt.
File: HISTORY_R34.pdf Graphic file (type pdf)
<use HISTORY_R34.pdf, page 241>
Package pdftex.def Info: HISTORY_R34.pdf , page241 used on input line 22.
(pdftex.def)             Requested size: 597.78697pt x 773.60669pt.
 [285

 <./HISTORY_R34.pdf>]
<HISTORY_R34.pdf, id=3573, page=242, 614.295pt x 794.97pt>
File: HISTORY_R34.pdf Graphic file (type pdf)
<use HISTORY_R34.pdf, page 242>
Package pdftex.def Info: HISTORY_R34.pdf , page242 used on input line 22.
(pdftex.def)             Requested size: 597.78697pt x 773.60669pt.
File: HISTORY_R34.pdf Graphic file (type pdf)
<use HISTORY_R34.pdf, page 242>
Package pdftex.def Info: HISTORY_R34.pdf , page242 used on input line 22.
(pdftex.def)             Requested size: 597.78697pt x 773.60669pt.
File: HISTORY_R34.pdf Graphic file (type pdf)
<use HISTORY_R34.pdf, page 242>
Package pdftex.def Info: HISTORY_R34.pdf , page242 used on input line 22.
(pdftex.def)             Requested size: 597.78697pt x 773.60669pt.

[286

 <./HISTORY_R34.pdf>]
<HISTORY_R34.pdf, id=3596, page=243, 614.295pt x 794.97pt>
File: HISTORY_R34.pdf Graphic file (type pdf)
<use HISTORY_R34.pdf, page 243>
Package pdftex.def Info: HISTORY_R34.pdf , page243 used on input line 22.
(pdftex.def)             Requested size: 597.78697pt x 773.60669pt.
File: HISTORY_R34.pdf Graphic file (type pdf)
<use HISTORY_R34.pdf, page 243>
Package pdftex.def Info: HISTORY_R34.pdf , page243 used on input line 22.
(pdftex.def)             Requested size: 597.78697pt x 773.60669pt.
File: HISTORY_R34.pdf Graphic file (type pdf)
<use HISTORY_R34.pdf, page 243>
Package pdftex.def Info: HISTORY_R34.pdf , page243 used on input line 22.
(pdftex.def)             Requested size: 597.78697pt x 773.60669pt.
 [287

 <./HISTORY_R34.pdf>]
<HISTORY_R34.pdf, id=3606, page=244, 614.295pt x 794.97pt>
File: HISTORY_R34.pdf Graphic file (type pdf)
<use HISTORY_R34.pdf, page 244>
Package pdftex.def Info: HISTORY_R34.pdf , page244 used on input line 22.
(pdftex.def)             Requested size: 597.78697pt x 773.60669pt.
File: HISTORY_R34.pdf Graphic file (type pdf)
<use HISTORY_R34.pdf, page 244>
Package pdftex.def Info: HISTORY_R34.pdf , page244 used on input line 22.
(pdftex.def)             Requested size: 597.78697pt x 773.60669pt.
File: HISTORY_R34.pdf Graphic file (type pdf)
<use HISTORY_R34.pdf, page 244>
Package pdftex.def Info: HISTORY_R34.pdf , page244 used on input line 22.
(pdftex.def)             Requested size: 597.78697pt x 773.60669pt.
 [288

 <./HISTORY_R34.pdf>]
<HISTORY_R34.pdf, id=3616, page=245, 614.295pt x 794.97pt>
File: HISTORY_R34.pdf Graphic file (type pdf)
<use HISTORY_R34.pdf, page 245>
Package pdftex.def Info: HISTORY_R34.pdf , page245 used on input line 22.
(pdftex.def)             Requested size: 597.78697pt x 773.60669pt.
File: HISTORY_R34.pdf Graphic file (type pdf)
<use HISTORY_R34.pdf, page 245>
Package pdftex.def Info: HISTORY_R34.pdf , page245 used on input line 22.
(pdftex.def)             Requested size: 597.78697pt x 773.60669pt.
File: HISTORY_R34.pdf Graphic file (type pdf)
<use HISTORY_R34.pdf, page 245>
Package pdftex.def Info: HISTORY_R34.pdf , page245 used on input line 22.
(pdftex.def)             Requested size: 597.78697pt x 773.60669pt.

[289

 <./HISTORY_R34.pdf>]
<HISTORY_R34.pdf, id=3647, page=246, 614.295pt x 794.97pt>
File: HISTORY_R34.pdf Graphic file (type pdf)
<use HISTORY_R34.pdf, page 246>
Package pdftex.def Info: HISTORY_R34.pdf , page246 used on input line 22.
(pdftex.def)             Requested size: 597.78697pt x 773.60669pt.
File: HISTORY_R34.pdf Graphic file (type pdf)
<use HISTORY_R34.pdf, page 246>
Package pdftex.def Info: HISTORY_R34.pdf , page246 used on input line 22.
(pdftex.def)             Requested size: 597.78697pt x 773.60669pt.
File: HISTORY_R34.pdf Graphic file (type pdf)
<use HISTORY_R34.pdf, page 246>
Package pdftex.def Info: HISTORY_R34.pdf , page246 used on input line 22.
(pdftex.def)             Requested size: 597.78697pt x 773.60669pt.
 [290

 <./HISTORY_R34.pdf>]
<HISTORY_R34.pdf, id=3657, page=247, 614.295pt x 794.97pt>
File: HISTORY_R34.pdf Graphic file (type pdf)
<use HISTORY_R34.pdf, page 247>
Package pdftex.def Info: HISTORY_R34.pdf , page247 used on input line 22.
(pdftex.def)             Requested size: 597.78697pt x 773.60669pt.
File: HISTORY_R34.pdf Graphic file (type pdf)
<use HISTORY_R34.pdf, page 247>
Package pdftex.def Info: HISTORY_R34.pdf , page247 used on input line 22.
(pdftex.def)             Requested size: 597.78697pt x 773.60669pt.
File: HISTORY_R34.pdf Graphic file (type pdf)
<use HISTORY_R34.pdf, page 247>
Package pdftex.def Info: HISTORY_R34.pdf , page247 used on input line 22.
(pdftex.def)             Requested size: 597.78697pt x 773.60669pt.
 [291

 <./HISTORY_R34.pdf>]
<HISTORY_R34.pdf, id=3667, page=248, 614.295pt x 794.97pt>
File: HISTORY_R34.pdf Graphic file (type pdf)
<use HISTORY_R34.pdf, page 248>
Package pdftex.def Info: HISTORY_R34.pdf , page248 used on input line 22.
(pdftex.def)             Requested size: 597.78697pt x 773.60669pt.
File: HISTORY_R34.pdf Graphic file (type pdf)
<use HISTORY_R34.pdf, page 248>
Package pdftex.def Info: HISTORY_R34.pdf , page248 used on input line 22.
(pdftex.def)             Requested size: 597.78697pt x 773.60669pt.
File: HISTORY_R34.pdf Graphic file (type pdf)
<use HISTORY_R34.pdf, page 248>
Package pdftex.def Info: HISTORY_R34.pdf , page248 used on input line 22.
(pdftex.def)             Requested size: 597.78697pt x 773.60669pt.

[292

 <./HISTORY_R34.pdf>]
<HISTORY_R34.pdf, id=3677, page=249, 614.295pt x 794.97pt>
File: HISTORY_R34.pdf Graphic file (type pdf)
<use HISTORY_R34.pdf, page 249>
Package pdftex.def Info: HISTORY_R34.pdf , page249 used on input line 22.
(pdftex.def)             Requested size: 597.78697pt x 773.60669pt.
File: HISTORY_R34.pdf Graphic file (type pdf)
<use HISTORY_R34.pdf, page 249>
Package pdftex.def Info: HISTORY_R34.pdf , page249 used on input line 22.
(pdftex.def)             Requested size: 597.78697pt x 773.60669pt.
File: HISTORY_R34.pdf Graphic file (type pdf)
<use HISTORY_R34.pdf, page 249>
Package pdftex.def Info: HISTORY_R34.pdf , page249 used on input line 22.
(pdftex.def)             Requested size: 597.78697pt x 773.60669pt.
 [293

 <./HISTORY_R34.pdf>]
<HISTORY_R34.pdf, id=3699, page=250, 614.295pt x 794.97pt>
File: HISTORY_R34.pdf Graphic file (type pdf)
<use HISTORY_R34.pdf, page 250>
Package pdftex.def Info: HISTORY_R34.pdf , page250 used on input line 22.
(pdftex.def)             Requested size: 597.78697pt x 773.60669pt.
File: HISTORY_R34.pdf Graphic file (type pdf)
<use HISTORY_R34.pdf, page 250>
Package pdftex.def Info: HISTORY_R34.pdf , page250 used on input line 22.
(pdftex.def)             Requested size: 597.78697pt x 773.60669pt.
File: HISTORY_R34.pdf Graphic file (type pdf)
<use HISTORY_R34.pdf, page 250>
Package pdftex.def Info: HISTORY_R34.pdf , page250 used on input line 22.
(pdftex.def)             Requested size: 597.78697pt x 773.60669pt.
 [294

 <./HISTORY_R34.pdf>]
<HISTORY_R34.pdf, id=3709, page=251, 614.295pt x 794.97pt>
File: HISTORY_R34.pdf Graphic file (type pdf)
<use HISTORY_R34.pdf, page 251>
Package pdftex.def Info: HISTORY_R34.pdf , page251 used on input line 22.
(pdftex.def)             Requested size: 597.78697pt x 773.60669pt.
File: HISTORY_R34.pdf Graphic file (type pdf)
<use HISTORY_R34.pdf, page 251>
Package pdftex.def Info: HISTORY_R34.pdf , page251 used on input line 22.
(pdftex.def)             Requested size: 597.78697pt x 773.60669pt.
File: HISTORY_R34.pdf Graphic file (type pdf)
<use HISTORY_R34.pdf, page 251>
Package pdftex.def Info: HISTORY_R34.pdf , page251 used on input line 22.
(pdftex.def)             Requested size: 597.78697pt x 773.60669pt.

[295

 <./HISTORY_R34.pdf>]
<HISTORY_R34.pdf, id=3720, page=252, 614.295pt x 794.97pt>
File: HISTORY_R34.pdf Graphic file (type pdf)
<use HISTORY_R34.pdf, page 252>
Package pdftex.def Info: HISTORY_R34.pdf , page252 used on input line 22.
(pdftex.def)             Requested size: 597.78697pt x 773.60669pt.
File: HISTORY_R34.pdf Graphic file (type pdf)
<use HISTORY_R34.pdf, page 252>
Package pdftex.def Info: HISTORY_R34.pdf , page252 used on input line 22.
(pdftex.def)             Requested size: 597.78697pt x 773.60669pt.
File: HISTORY_R34.pdf Graphic file (type pdf)
<use HISTORY_R34.pdf, page 252>
Package pdftex.def Info: HISTORY_R34.pdf , page252 used on input line 22.
(pdftex.def)             Requested size: 597.78697pt x 773.60669pt.
 [296

 <./HISTORY_R34.pdf>]
<HISTORY_R34.pdf, id=3730, page=253, 614.295pt x 794.97pt>
File: HISTORY_R34.pdf Graphic file (type pdf)
<use HISTORY_R34.pdf, page 253>
Package pdftex.def Info: HISTORY_R34.pdf , page253 used on input line 22.
(pdftex.def)             Requested size: 597.78697pt x 773.60669pt.
File: HISTORY_R34.pdf Graphic file (type pdf)
<use HISTORY_R34.pdf, page 253>
Package pdftex.def Info: HISTORY_R34.pdf , page253 used on input line 22.
(pdftex.def)             Requested size: 597.78697pt x 773.60669pt.
File: HISTORY_R34.pdf Graphic file (type pdf)
<use HISTORY_R34.pdf, page 253>
Package pdftex.def Info: HISTORY_R34.pdf , page253 used on input line 22.
(pdftex.def)             Requested size: 597.78697pt x 773.60669pt.
 [297

 <./HISTORY_R34.pdf>]
<HISTORY_R34.pdf, id=3741, page=254, 614.295pt x 794.97pt>
File: HISTORY_R34.pdf Graphic file (type pdf)
<use HISTORY_R34.pdf, page 254>
Package pdftex.def Info: HISTORY_R34.pdf , page254 used on input line 22.
(pdftex.def)             Requested size: 597.78697pt x 773.60669pt.
File: HISTORY_R34.pdf Graphic file (type pdf)
<use HISTORY_R34.pdf, page 254>
Package pdftex.def Info: HISTORY_R34.pdf , page254 used on input line 22.
(pdftex.def)             Requested size: 597.78697pt x 773.60669pt.
File: HISTORY_R34.pdf Graphic file (type pdf)
<use HISTORY_R34.pdf, page 254>
Package pdftex.def Info: HISTORY_R34.pdf , page254 used on input line 22.
(pdftex.def)             Requested size: 597.78697pt x 773.60669pt.

[298

 <./HISTORY_R34.pdf>]
<HISTORY_R34.pdf, id=3751, page=255, 614.295pt x 794.97pt>
File: HISTORY_R34.pdf Graphic file (type pdf)
<use HISTORY_R34.pdf, page 255>
Package pdftex.def Info: HISTORY_R34.pdf , page255 used on input line 22.
(pdftex.def)             Requested size: 597.78697pt x 773.60669pt.
File: HISTORY_R34.pdf Graphic file (type pdf)
<use HISTORY_R34.pdf, page 255>
Package pdftex.def Info: HISTORY_R34.pdf , page255 used on input line 22.
(pdftex.def)             Requested size: 597.78697pt x 773.60669pt.
File: HISTORY_R34.pdf Graphic file (type pdf)
<use HISTORY_R34.pdf, page 255>
Package pdftex.def Info: HISTORY_R34.pdf , page255 used on input line 22.
(pdftex.def)             Requested size: 597.78697pt x 773.60669pt.
 [299

 <./HISTORY_R34.pdf>]
<HISTORY_R34.pdf, id=3765, page=256, 614.295pt x 794.97pt>
File: HISTORY_R34.pdf Graphic file (type pdf)
<use HISTORY_R34.pdf, page 256>
Package pdftex.def Info: HISTORY_R34.pdf , page256 used on input line 22.
(pdftex.def)             Requested size: 597.78697pt x 773.60669pt.
File: HISTORY_R34.pdf Graphic file (type pdf)
<use HISTORY_R34.pdf, page 256>
Package pdftex.def Info: HISTORY_R34.pdf , page256 used on input line 22.
(pdftex.def)             Requested size: 597.78697pt x 773.60669pt.
File: HISTORY_R34.pdf Graphic file (type pdf)
<use HISTORY_R34.pdf, page 256>
Package pdftex.def Info: HISTORY_R34.pdf , page256 used on input line 22.
(pdftex.def)             Requested size: 597.78697pt x 773.60669pt.
 [300

 <./HISTORY_R34.pdf>]
<HISTORY_R34.pdf, id=3775, page=257, 614.295pt x 794.97pt>
File: HISTORY_R34.pdf Graphic file (type pdf)
<use HISTORY_R34.pdf, page 257>
Package pdftex.def Info: HISTORY_R34.pdf , page257 used on input line 22.
(pdftex.def)             Requested size: 597.78697pt x 773.60669pt.
File: HISTORY_R34.pdf Graphic file (type pdf)
<use HISTORY_R34.pdf, page 257>
Package pdftex.def Info: HISTORY_R34.pdf , page257 used on input line 22.
(pdftex.def)             Requested size: 597.78697pt x 773.60669pt.
File: HISTORY_R34.pdf Graphic file (type pdf)
<use HISTORY_R34.pdf, page 257>
Package pdftex.def Info: HISTORY_R34.pdf , page257 used on input line 22.
(pdftex.def)             Requested size: 597.78697pt x 773.60669pt.

[301

 <./HISTORY_R34.pdf>]
<HISTORY_R34.pdf, id=3786, page=258, 614.295pt x 794.97pt>
File: HISTORY_R34.pdf Graphic file (type pdf)
<use HISTORY_R34.pdf, page 258>
Package pdftex.def Info: HISTORY_R34.pdf , page258 used on input line 22.
(pdftex.def)             Requested size: 597.78697pt x 773.60669pt.
File: HISTORY_R34.pdf Graphic file (type pdf)
<use HISTORY_R34.pdf, page 258>
Package pdftex.def Info: HISTORY_R34.pdf , page258 used on input line 22.
(pdftex.def)             Requested size: 597.78697pt x 773.60669pt.
File: HISTORY_R34.pdf Graphic file (type pdf)
<use HISTORY_R34.pdf, page 258>
Package pdftex.def Info: HISTORY_R34.pdf , page258 used on input line 22.
(pdftex.def)             Requested size: 597.78697pt x 773.60669pt.
 [302

 <./HISTORY_R34.pdf>]
<HISTORY_R34.pdf, id=3796, page=259, 614.295pt x 794.97pt>
File: HISTORY_R34.pdf Graphic file (type pdf)
<use HISTORY_R34.pdf, page 259>
Package pdftex.def Info: HISTORY_R34.pdf , page259 used on input line 22.
(pdftex.def)             Requested size: 597.78697pt x 773.60669pt.
File: HISTORY_R34.pdf Graphic file (type pdf)
<use HISTORY_R34.pdf, page 259>
Package pdftex.def Info: HISTORY_R34.pdf , page259 used on input line 22.
(pdftex.def)             Requested size: 597.78697pt x 773.60669pt.
File: HISTORY_R34.pdf Graphic file (type pdf)
<use HISTORY_R34.pdf, page 259>
Package pdftex.def Info: HISTORY_R34.pdf , page259 used on input line 22.
(pdftex.def)             Requested size: 597.78697pt x 773.60669pt.
 [303

 <./HISTORY_R34.pdf>]
<HISTORY_R34.pdf, id=3806, page=260, 614.295pt x 794.97pt>
File: HISTORY_R34.pdf Graphic file (type pdf)
<use HISTORY_R34.pdf, page 260>
Package pdftex.def Info: HISTORY_R34.pdf , page260 used on input line 22.
(pdftex.def)             Requested size: 597.78697pt x 773.60669pt.
File: HISTORY_R34.pdf Graphic file (type pdf)
<use HISTORY_R34.pdf, page 260>
Package pdftex.def Info: HISTORY_R34.pdf , page260 used on input line 22.
(pdftex.def)             Requested size: 597.78697pt x 773.60669pt.
File: HISTORY_R34.pdf Graphic file (type pdf)
<use HISTORY_R34.pdf, page 260>
Package pdftex.def Info: HISTORY_R34.pdf , page260 used on input line 22.
(pdftex.def)             Requested size: 597.78697pt x 773.60669pt.

[304

 <./HISTORY_R34.pdf>]
<HISTORY_R34.pdf, id=3816, page=261, 614.295pt x 794.97pt>
File: HISTORY_R34.pdf Graphic file (type pdf)
<use HISTORY_R34.pdf, page 261>
Package pdftex.def Info: HISTORY_R34.pdf , page261 used on input line 22.
(pdftex.def)             Requested size: 597.78697pt x 773.60669pt.
File: HISTORY_R34.pdf Graphic file (type pdf)
<use HISTORY_R34.pdf, page 261>
Package pdftex.def Info: HISTORY_R34.pdf , page261 used on input line 22.
(pdftex.def)             Requested size: 597.78697pt x 773.60669pt.
File: HISTORY_R34.pdf Graphic file (type pdf)
<use HISTORY_R34.pdf, page 261>
Package pdftex.def Info: HISTORY_R34.pdf , page261 used on input line 22.
(pdftex.def)             Requested size: 597.78697pt x 773.60669pt.
 [305

 <./HISTORY_R34.pdf>]
<HISTORY_R34.pdf, id=3826, page=262, 614.295pt x 794.97pt>
File: HISTORY_R34.pdf Graphic file (type pdf)
<use HISTORY_R34.pdf, page 262>
Package pdftex.def Info: HISTORY_R34.pdf , page262 used on input line 22.
(pdftex.def)             Requested size: 597.78697pt x 773.60669pt.
File: HISTORY_R34.pdf Graphic file (type pdf)
<use HISTORY_R34.pdf, page 262>
Package pdftex.def Info: HISTORY_R34.pdf , page262 used on input line 22.
(pdftex.def)             Requested size: 597.78697pt x 773.60669pt.
File: HISTORY_R34.pdf Graphic file (type pdf)
<use HISTORY_R34.pdf, page 262>
Package pdftex.def Info: HISTORY_R34.pdf , page262 used on input line 22.
(pdftex.def)             Requested size: 597.78697pt x 773.60669pt.
 [306

 <./HISTORY_R34.pdf>]
<HISTORY_R34.pdf, id=3844, page=263, 614.295pt x 794.97pt>
File: HISTORY_R34.pdf Graphic file (type pdf)
<use HISTORY_R34.pdf, page 263>
Package pdftex.def Info: HISTORY_R34.pdf , page263 used on input line 22.
(pdftex.def)             Requested size: 597.78697pt x 773.60669pt.
File: HISTORY_R34.pdf Graphic file (type pdf)
<use HISTORY_R34.pdf, page 263>
Package pdftex.def Info: HISTORY_R34.pdf , page263 used on input line 22.
(pdftex.def)             Requested size: 597.78697pt x 773.60669pt.
File: HISTORY_R34.pdf Graphic file (type pdf)
<use HISTORY_R34.pdf, page 263>
Package pdftex.def Info: HISTORY_R34.pdf , page263 used on input line 22.
(pdftex.def)             Requested size: 597.78697pt x 773.60669pt.

[307

 <./HISTORY_R34.pdf>]
<HISTORY_R34.pdf, id=3855, page=264, 614.295pt x 794.97pt>
File: HISTORY_R34.pdf Graphic file (type pdf)
<use HISTORY_R34.pdf, page 264>
Package pdftex.def Info: HISTORY_R34.pdf , page264 used on input line 22.
(pdftex.def)             Requested size: 597.78697pt x 773.60669pt.
File: HISTORY_R34.pdf Graphic file (type pdf)
<use HISTORY_R34.pdf, page 264>
Package pdftex.def Info: HISTORY_R34.pdf , page264 used on input line 22.
(pdftex.def)             Requested size: 597.78697pt x 773.60669pt.
File: HISTORY_R34.pdf Graphic file (type pdf)
<use HISTORY_R34.pdf, page 264>
Package pdftex.def Info: HISTORY_R34.pdf , page264 used on input line 22.
(pdftex.def)             Requested size: 597.78697pt x 773.60669pt.
 [308

 <./HISTORY_R34.pdf>]
<HISTORY_R34.pdf, id=3865, page=265, 614.295pt x 794.97pt>
File: HISTORY_R34.pdf Graphic file (type pdf)
<use HISTORY_R34.pdf, page 265>
Package pdftex.def Info: HISTORY_R34.pdf , page265 used on input line 22.
(pdftex.def)             Requested size: 597.78697pt x 773.60669pt.
File: HISTORY_R34.pdf Graphic file (type pdf)
<use HISTORY_R34.pdf, page 265>
Package pdftex.def Info: HISTORY_R34.pdf , page265 used on input line 22.
(pdftex.def)             Requested size: 597.78697pt x 773.60669pt.
File: HISTORY_R34.pdf Graphic file (type pdf)
<use HISTORY_R34.pdf, page 265>
Package pdftex.def Info: HISTORY_R34.pdf , page265 used on input line 22.
(pdftex.def)             Requested size: 597.78697pt x 773.60669pt.
 [309

 <./HISTORY_R34.pdf>]
<HISTORY_R34.pdf, id=3875, page=266, 614.295pt x 794.97pt>
File: HISTORY_R34.pdf Graphic file (type pdf)
<use HISTORY_R34.pdf, page 266>
Package pdftex.def Info: HISTORY_R34.pdf , page266 used on input line 22.
(pdftex.def)             Requested size: 597.78697pt x 773.60669pt.
File: HISTORY_R34.pdf Graphic file (type pdf)
<use HISTORY_R34.pdf, page 266>
Package pdftex.def Info: HISTORY_R34.pdf , page266 used on input line 22.
(pdftex.def)             Requested size: 597.78697pt x 773.60669pt.
File: HISTORY_R34.pdf Graphic file (type pdf)
<use HISTORY_R34.pdf, page 266>
Package pdftex.def Info: HISTORY_R34.pdf , page266 used on input line 22.
(pdftex.def)             Requested size: 597.78697pt x 773.60669pt.

[310

 <./HISTORY_R34.pdf>]
<HISTORY_R34.pdf, id=3885, page=267, 614.295pt x 794.97pt>
File: HISTORY_R34.pdf Graphic file (type pdf)
<use HISTORY_R34.pdf, page 267>
Package pdftex.def Info: HISTORY_R34.pdf , page267 used on input line 22.
(pdftex.def)             Requested size: 597.78697pt x 773.60669pt.
File: HISTORY_R34.pdf Graphic file (type pdf)
<use HISTORY_R34.pdf, page 267>
Package pdftex.def Info: HISTORY_R34.pdf , page267 used on input line 22.
(pdftex.def)             Requested size: 597.78697pt x 773.60669pt.
File: HISTORY_R34.pdf Graphic file (type pdf)
<use HISTORY_R34.pdf, page 267>
Package pdftex.def Info: HISTORY_R34.pdf , page267 used on input line 22.
(pdftex.def)             Requested size: 597.78697pt x 773.60669pt.
 [311

 <./HISTORY_R34.pdf>]
<HISTORY_R34.pdf, id=3895, page=268, 614.295pt x 794.97pt>
File: HISTORY_R34.pdf Graphic file (type pdf)
<use HISTORY_R34.pdf, page 268>
Package pdftex.def Info: HISTORY_R34.pdf , page268 used on input line 22.
(pdftex.def)             Requested size: 597.78697pt x 773.60669pt.
File: HISTORY_R34.pdf Graphic file (type pdf)
<use HISTORY_R34.pdf, page 268>
Package pdftex.def Info: HISTORY_R34.pdf , page268 used on input line 22.
(pdftex.def)             Requested size: 597.78697pt x 773.60669pt.
File: HISTORY_R34.pdf Graphic file (type pdf)
<use HISTORY_R34.pdf, page 268>
Package pdftex.def Info: HISTORY_R34.pdf , page268 used on input line 22.
(pdftex.def)             Requested size: 597.78697pt x 773.60669pt.
 [312

 <./HISTORY_R34.pdf>]
<HISTORY_R34.pdf, id=3905, page=269, 614.295pt x 794.97pt>
File: HISTORY_R34.pdf Graphic file (type pdf)
<use HISTORY_R34.pdf, page 269>
Package pdftex.def Info: HISTORY_R34.pdf , page269 used on input line 22.
(pdftex.def)             Requested size: 597.78697pt x 773.60669pt.
File: HISTORY_R34.pdf Graphic file (type pdf)
<use HISTORY_R34.pdf, page 269>
Package pdftex.def Info: HISTORY_R34.pdf , page269 used on input line 22.
(pdftex.def)             Requested size: 597.78697pt x 773.60669pt.
File: HISTORY_R34.pdf Graphic file (type pdf)
<use HISTORY_R34.pdf, page 269>
Package pdftex.def Info: HISTORY_R34.pdf , page269 used on input line 22.
(pdftex.def)             Requested size: 597.78697pt x 773.60669pt.

[313

 <./HISTORY_R34.pdf>]
<HISTORY_R34.pdf, id=3916, page=270, 614.295pt x 794.97pt>
File: HISTORY_R34.pdf Graphic file (type pdf)
<use HISTORY_R34.pdf, page 270>
Package pdftex.def Info: HISTORY_R34.pdf , page270 used on input line 22.
(pdftex.def)             Requested size: 597.78697pt x 773.60669pt.
File: HISTORY_R34.pdf Graphic file (type pdf)
<use HISTORY_R34.pdf, page 270>
Package pdftex.def Info: HISTORY_R34.pdf , page270 used on input line 22.
(pdftex.def)             Requested size: 597.78697pt x 773.60669pt.
File: HISTORY_R34.pdf Graphic file (type pdf)
<use HISTORY_R34.pdf, page 270>
Package pdftex.def Info: HISTORY_R34.pdf , page270 used on input line 22.
(pdftex.def)             Requested size: 597.78697pt x 773.60669pt.
 [314

 <./HISTORY_R34.pdf>]
<HISTORY_R34.pdf, id=3926, page=271, 614.295pt x 794.97pt>
File: HISTORY_R34.pdf Graphic file (type pdf)
<use HISTORY_R34.pdf, page 271>
Package pdftex.def Info: HISTORY_R34.pdf , page271 used on input line 22.
(pdftex.def)             Requested size: 597.78697pt x 773.60669pt.
File: HISTORY_R34.pdf Graphic file (type pdf)
<use HISTORY_R34.pdf, page 271>
Package pdftex.def Info: HISTORY_R34.pdf , page271 used on input line 22.
(pdftex.def)             Requested size: 597.78697pt x 773.60669pt.
File: HISTORY_R34.pdf Graphic file (type pdf)
<use HISTORY_R34.pdf, page 271>
Package pdftex.def Info: HISTORY_R34.pdf , page271 used on input line 22.
(pdftex.def)             Requested size: 597.78697pt x 773.60669pt.
 [315

 <./HISTORY_R34.pdf>]
<HISTORY_R34.pdf, id=3936, page=272, 614.295pt x 794.97pt>
File: HISTORY_R34.pdf Graphic file (type pdf)
<use HISTORY_R34.pdf, page 272>
Package pdftex.def Info: HISTORY_R34.pdf , page272 used on input line 22.
(pdftex.def)             Requested size: 597.78697pt x 773.60669pt.
File: HISTORY_R34.pdf Graphic file (type pdf)
<use HISTORY_R34.pdf, page 272>
Package pdftex.def Info: HISTORY_R34.pdf , page272 used on input line 22.
(pdftex.def)             Requested size: 597.78697pt x 773.60669pt.
File: HISTORY_R34.pdf Graphic file (type pdf)
<use HISTORY_R34.pdf, page 272>
Package pdftex.def Info: HISTORY_R34.pdf , page272 used on input line 22.
(pdftex.def)             Requested size: 597.78697pt x 773.60669pt.

[316

 <./HISTORY_R34.pdf>]
<HISTORY_R34.pdf, id=3950, page=273, 614.295pt x 794.97pt>
File: HISTORY_R34.pdf Graphic file (type pdf)
<use HISTORY_R34.pdf, page 273>
Package pdftex.def Info: HISTORY_R34.pdf , page273 used on input line 22.
(pdftex.def)             Requested size: 597.78697pt x 773.60669pt.
File: HISTORY_R34.pdf Graphic file (type pdf)
<use HISTORY_R34.pdf, page 273>
Package pdftex.def Info: HISTORY_R34.pdf , page273 used on input line 22.
(pdftex.def)             Requested size: 597.78697pt x 773.60669pt.
File: HISTORY_R34.pdf Graphic file (type pdf)
<use HISTORY_R34.pdf, page 273>
Package pdftex.def Info: HISTORY_R34.pdf , page273 used on input line 22.
(pdftex.def)             Requested size: 597.78697pt x 773.60669pt.
 [317

 <./HISTORY_R34.pdf>]
<HISTORY_R34.pdf, id=3960, page=274, 614.295pt x 794.97pt>
File: HISTORY_R34.pdf Graphic file (type pdf)
<use HISTORY_R34.pdf, page 274>
Package pdftex.def Info: HISTORY_R34.pdf , page274 used on input line 22.
(pdftex.def)             Requested size: 597.78697pt x 773.60669pt.
File: HISTORY_R34.pdf Graphic file (type pdf)
<use HISTORY_R34.pdf, page 274>
Package pdftex.def Info: HISTORY_R34.pdf , page274 used on input line 22.
(pdftex.def)             Requested size: 597.78697pt x 773.60669pt.
File: HISTORY_R34.pdf Graphic file (type pdf)
<use HISTORY_R34.pdf, page 274>
Package pdftex.def Info: HISTORY_R34.pdf , page274 used on input line 22.
(pdftex.def)             Requested size: 597.78697pt x 773.60669pt.
 [318

 <./HISTORY_R34.pdf>]
<HISTORY_R34.pdf, id=3970, page=275, 614.295pt x 794.97pt>
File: HISTORY_R34.pdf Graphic file (type pdf)
<use HISTORY_R34.pdf, page 275>
Package pdftex.def Info: HISTORY_R34.pdf , page275 used on input line 22.
(pdftex.def)             Requested size: 597.78697pt x 773.60669pt.
File: HISTORY_R34.pdf Graphic file (type pdf)
<use HISTORY_R34.pdf, page 275>
Package pdftex.def Info: HISTORY_R34.pdf , page275 used on input line 22.
(pdftex.def)             Requested size: 597.78697pt x 773.60669pt.
File: HISTORY_R34.pdf Graphic file (type pdf)
<use HISTORY_R34.pdf, page 275>
Package pdftex.def Info: HISTORY_R34.pdf , page275 used on input line 22.
(pdftex.def)             Requested size: 597.78697pt x 773.60669pt.

[319

 <./HISTORY_R34.pdf>]
<HISTORY_R34.pdf, id=3981, page=276, 614.295pt x 794.97pt>
File: HISTORY_R34.pdf Graphic file (type pdf)
<use HISTORY_R34.pdf, page 276>
Package pdftex.def Info: HISTORY_R34.pdf , page276 used on input line 22.
(pdftex.def)             Requested size: 597.78697pt x 773.60669pt.
File: HISTORY_R34.pdf Graphic file (type pdf)
<use HISTORY_R34.pdf, page 276>
Package pdftex.def Info: HISTORY_R34.pdf , page276 used on input line 22.
(pdftex.def)             Requested size: 597.78697pt x 773.60669pt.
File: HISTORY_R34.pdf Graphic file (type pdf)
<use HISTORY_R34.pdf, page 276>
Package pdftex.def Info: HISTORY_R34.pdf , page276 used on input line 22.
(pdftex.def)             Requested size: 597.78697pt x 773.60669pt.
 [320

 <./HISTORY_R34.pdf>]
<HISTORY_R34.pdf, id=3991, page=277, 614.295pt x 794.97pt>
File: HISTORY_R34.pdf Graphic file (type pdf)
<use HISTORY_R34.pdf, page 277>
Package pdftex.def Info: HISTORY_R34.pdf , page277 used on input line 22.
(pdftex.def)             Requested size: 597.78697pt x 773.60669pt.
File: HISTORY_R34.pdf Graphic file (type pdf)
<use HISTORY_R34.pdf, page 277>
Package pdftex.def Info: HISTORY_R34.pdf , page277 used on input line 22.
(pdftex.def)             Requested size: 597.78697pt x 773.60669pt.
File: HISTORY_R34.pdf Graphic file (type pdf)
<use HISTORY_R34.pdf, page 277>
Package pdftex.def Info: HISTORY_R34.pdf , page277 used on input line 22.
(pdftex.def)             Requested size: 597.78697pt x 773.60669pt.
 [321

 <./HISTORY_R34.pdf>]
<HISTORY_R34.pdf, id=4001, page=278, 614.295pt x 794.97pt>
File: HISTORY_R34.pdf Graphic file (type pdf)
<use HISTORY_R34.pdf, page 278>
Package pdftex.def Info: HISTORY_R34.pdf , page278 used on input line 22.
(pdftex.def)             Requested size: 597.78697pt x 773.60669pt.
File: HISTORY_R34.pdf Graphic file (type pdf)
<use HISTORY_R34.pdf, page 278>
Package pdftex.def Info: HISTORY_R34.pdf , page278 used on input line 22.
(pdftex.def)             Requested size: 597.78697pt x 773.60669pt.
File: HISTORY_R34.pdf Graphic file (type pdf)
<use HISTORY_R34.pdf, page 278>
Package pdftex.def Info: HISTORY_R34.pdf , page278 used on input line 22.
(pdftex.def)             Requested size: 597.78697pt x 773.60669pt.

[322

 <./HISTORY_R34.pdf>]
<HISTORY_R34.pdf, id=4015, page=279, 614.295pt x 794.97pt>
File: HISTORY_R34.pdf Graphic file (type pdf)
<use HISTORY_R34.pdf, page 279>
Package pdftex.def Info: HISTORY_R34.pdf , page279 used on input line 22.
(pdftex.def)             Requested size: 597.78697pt x 773.60669pt.
File: HISTORY_R34.pdf Graphic file (type pdf)
<use HISTORY_R34.pdf, page 279>
Package pdftex.def Info: HISTORY_R34.pdf , page279 used on input line 22.
(pdftex.def)             Requested size: 597.78697pt x 773.60669pt.
File: HISTORY_R34.pdf Graphic file (type pdf)
<use HISTORY_R34.pdf, page 279>
Package pdftex.def Info: HISTORY_R34.pdf , page279 used on input line 22.
(pdftex.def)             Requested size: 597.78697pt x 773.60669pt.
 [323

 <./HISTORY_R34.pdf>]
<HISTORY_R34.pdf, id=4029, page=280, 614.295pt x 794.97pt>
File: HISTORY_R34.pdf Graphic file (type pdf)
<use HISTORY_R34.pdf, page 280>
Package pdftex.def Info: HISTORY_R34.pdf , page280 used on input line 22.
(pdftex.def)             Requested size: 597.78697pt x 773.60669pt.
File: HISTORY_R34.pdf Graphic file (type pdf)
<use HISTORY_R34.pdf, page 280>
Package pdftex.def Info: HISTORY_R34.pdf , page280 used on input line 22.
(pdftex.def)             Requested size: 597.78697pt x 773.60669pt.
File: HISTORY_R34.pdf Graphic file (type pdf)
<use HISTORY_R34.pdf, page 280>
Package pdftex.def Info: HISTORY_R34.pdf , page280 used on input line 22.
(pdftex.def)             Requested size: 597.78697pt x 773.60669pt.
 [324

 <./HISTORY_R34.pdf>]
<HISTORY_R34.pdf, id=4044, page=281, 614.295pt x 794.97pt>
File: HISTORY_R34.pdf Graphic file (type pdf)
<use HISTORY_R34.pdf, page 281>
Package pdftex.def Info: HISTORY_R34.pdf , page281 used on input line 22.
(pdftex.def)             Requested size: 597.78697pt x 773.60669pt.
File: HISTORY_R34.pdf Graphic file (type pdf)
<use HISTORY_R34.pdf, page 281>
Package pdftex.def Info: HISTORY_R34.pdf , page281 used on input line 22.
(pdftex.def)             Requested size: 597.78697pt x 773.60669pt.
File: HISTORY_R34.pdf Graphic file (type pdf)
<use HISTORY_R34.pdf, page 281>
Package pdftex.def Info: HISTORY_R34.pdf , page281 used on input line 22.
(pdftex.def)             Requested size: 597.78697pt x 773.60669pt.

[325

 <./HISTORY_R34.pdf>]
<HISTORY_R34.pdf, id=4055, page=282, 614.295pt x 794.97pt>
File: HISTORY_R34.pdf Graphic file (type pdf)
<use HISTORY_R34.pdf, page 282>
Package pdftex.def Info: HISTORY_R34.pdf , page282 used on input line 22.
(pdftex.def)             Requested size: 597.78697pt x 773.60669pt.
File: HISTORY_R34.pdf Graphic file (type pdf)
<use HISTORY_R34.pdf, page 282>
Package pdftex.def Info: HISTORY_R34.pdf , page282 used on input line 22.
(pdftex.def)             Requested size: 597.78697pt x 773.60669pt.
File: HISTORY_R34.pdf Graphic file (type pdf)
<use HISTORY_R34.pdf, page 282>
Package pdftex.def Info: HISTORY_R34.pdf , page282 used on input line 22.
(pdftex.def)             Requested size: 597.78697pt x 773.60669pt.
 [326

 <./HISTORY_R34.pdf>]
<HISTORY_R34.pdf, id=4065, page=283, 614.295pt x 794.97pt>
File: HISTORY_R34.pdf Graphic file (type pdf)
<use HISTORY_R34.pdf, page 283>
Package pdftex.def Info: HISTORY_R34.pdf , page283 used on input line 22.
(pdftex.def)             Requested size: 597.78697pt x 773.60669pt.
File: HISTORY_R34.pdf Graphic file (type pdf)
<use HISTORY_R34.pdf, page 283>
Package pdftex.def Info: HISTORY_R34.pdf , page283 used on input line 22.
(pdftex.def)             Requested size: 597.78697pt x 773.60669pt.
File: HISTORY_R34.pdf Graphic file (type pdf)
<use HISTORY_R34.pdf, page 283>
Package pdftex.def Info: HISTORY_R34.pdf , page283 used on input line 22.
(pdftex.def)             Requested size: 597.78697pt x 773.60669pt.
 [327

 <./HISTORY_R34.pdf>]
<HISTORY_R34.pdf, id=4075, page=284, 614.295pt x 794.97pt>
File: HISTORY_R34.pdf Graphic file (type pdf)
<use HISTORY_R34.pdf, page 284>
Package pdftex.def Info: HISTORY_R34.pdf , page284 used on input line 22.
(pdftex.def)             Requested size: 597.78697pt x 773.60669pt.
File: HISTORY_R34.pdf Graphic file (type pdf)
<use HISTORY_R34.pdf, page 284>
Package pdftex.def Info: HISTORY_R34.pdf , page284 used on input line 22.
(pdftex.def)             Requested size: 597.78697pt x 773.60669pt.
File: HISTORY_R34.pdf Graphic file (type pdf)
<use HISTORY_R34.pdf, page 284>
Package pdftex.def Info: HISTORY_R34.pdf , page284 used on input line 22.
(pdftex.def)             Requested size: 597.78697pt x 773.60669pt.

[328

 <./HISTORY_R34.pdf>]
<HISTORY_R34.pdf, id=4085, page=285, 614.295pt x 794.97pt>
File: HISTORY_R34.pdf Graphic file (type pdf)
<use HISTORY_R34.pdf, page 285>
Package pdftex.def Info: HISTORY_R34.pdf , page285 used on input line 22.
(pdftex.def)             Requested size: 597.78697pt x 773.60669pt.
File: HISTORY_R34.pdf Graphic file (type pdf)
<use HISTORY_R34.pdf, page 285>
Package pdftex.def Info: HISTORY_R34.pdf , page285 used on input line 22.
(pdftex.def)             Requested size: 597.78697pt x 773.60669pt.
File: HISTORY_R34.pdf Graphic file (type pdf)
<use HISTORY_R34.pdf, page 285>
Package pdftex.def Info: HISTORY_R34.pdf , page285 used on input line 22.
(pdftex.def)             Requested size: 597.78697pt x 773.60669pt.
 [329

 <./HISTORY_R34.pdf>]
<HISTORY_R34.pdf, id=4095, page=286, 614.295pt x 794.97pt>
File: HISTORY_R34.pdf Graphic file (type pdf)
<use HISTORY_R34.pdf, page 286>
Package pdftex.def Info: HISTORY_R34.pdf , page286 used on input line 22.
(pdftex.def)             Requested size: 597.78697pt x 773.60669pt.
File: HISTORY_R34.pdf Graphic file (type pdf)
<use HISTORY_R34.pdf, page 286>
Package pdftex.def Info: HISTORY_R34.pdf , page286 used on input line 22.
(pdftex.def)             Requested size: 597.78697pt x 773.60669pt.
File: HISTORY_R34.pdf Graphic file (type pdf)
<use HISTORY_R34.pdf, page 286>
Package pdftex.def Info: HISTORY_R34.pdf , page286 used on input line 22.
(pdftex.def)             Requested size: 597.78697pt x 773.60669pt.
 [330

 <./HISTORY_R34.pdf>]
<HISTORY_R34.pdf, id=4105, page=287, 614.295pt x 794.97pt>
File: HISTORY_R34.pdf Graphic file (type pdf)
<use HISTORY_R34.pdf, page 287>
Package pdftex.def Info: HISTORY_R34.pdf , page287 used on input line 22.
(pdftex.def)             Requested size: 597.78697pt x 773.60669pt.
File: HISTORY_R34.pdf Graphic file (type pdf)
<use HISTORY_R34.pdf, page 287>
Package pdftex.def Info: HISTORY_R34.pdf , page287 used on input line 22.
(pdftex.def)             Requested size: 597.78697pt x 773.60669pt.
File: HISTORY_R34.pdf Graphic file (type pdf)
<use HISTORY_R34.pdf, page 287>
Package pdftex.def Info: HISTORY_R34.pdf , page287 used on input line 22.
(pdftex.def)             Requested size: 597.78697pt x 773.60669pt.

[331

 <./HISTORY_R34.pdf>]
<HISTORY_R34.pdf, id=4116, page=288, 614.295pt x 794.97pt>
File: HISTORY_R34.pdf Graphic file (type pdf)
<use HISTORY_R34.pdf, page 288>
Package pdftex.def Info: HISTORY_R34.pdf , page288 used on input line 22.
(pdftex.def)             Requested size: 597.78697pt x 773.60669pt.
File: HISTORY_R34.pdf Graphic file (type pdf)
<use HISTORY_R34.pdf, page 288>
Package pdftex.def Info: HISTORY_R34.pdf , page288 used on input line 22.
(pdftex.def)             Requested size: 597.78697pt x 773.60669pt.
File: HISTORY_R34.pdf Graphic file (type pdf)
<use HISTORY_R34.pdf, page 288>
Package pdftex.def Info: HISTORY_R34.pdf , page288 used on input line 22.
(pdftex.def)             Requested size: 597.78697pt x 773.60669pt.
 [332

 <./HISTORY_R34.pdf>]
<HISTORY_R34.pdf, id=4126, page=289, 614.295pt x 794.97pt>
File: HISTORY_R34.pdf Graphic file (type pdf)
<use HISTORY_R34.pdf, page 289>
Package pdftex.def Info: HISTORY_R34.pdf , page289 used on input line 22.
(pdftex.def)             Requested size: 597.78697pt x 773.60669pt.
File: HISTORY_R34.pdf Graphic file (type pdf)
<use HISTORY_R34.pdf, page 289>
Package pdftex.def Info: HISTORY_R34.pdf , page289 used on input line 22.
(pdftex.def)             Requested size: 597.78697pt x 773.60669pt.
File: HISTORY_R34.pdf Graphic file (type pdf)
<use HISTORY_R34.pdf, page 289>
Package pdftex.def Info: HISTORY_R34.pdf , page289 used on input line 22.
(pdftex.def)             Requested size: 597.78697pt x 773.60669pt.
 [333

 <./HISTORY_R34.pdf>]
<HISTORY_R34.pdf, id=4136, page=290, 614.295pt x 794.97pt>
File: HISTORY_R34.pdf Graphic file (type pdf)
<use HISTORY_R34.pdf, page 290>
Package pdftex.def Info: HISTORY_R34.pdf , page290 used on input line 22.
(pdftex.def)             Requested size: 597.78697pt x 773.60669pt.
File: HISTORY_R34.pdf Graphic file (type pdf)
<use HISTORY_R34.pdf, page 290>
Package pdftex.def Info: HISTORY_R34.pdf , page290 used on input line 22.
(pdftex.def)             Requested size: 597.78697pt x 773.60669pt.
File: HISTORY_R34.pdf Graphic file (type pdf)
<use HISTORY_R34.pdf, page 290>
Package pdftex.def Info: HISTORY_R34.pdf , page290 used on input line 22.
(pdftex.def)             Requested size: 597.78697pt x 773.60669pt.

[334

 <./HISTORY_R34.pdf>]
<HISTORY_R34.pdf, id=4146, page=291, 614.295pt x 794.97pt>
File: HISTORY_R34.pdf Graphic file (type pdf)
<use HISTORY_R34.pdf, page 291>
Package pdftex.def Info: HISTORY_R34.pdf , page291 used on input line 22.
(pdftex.def)             Requested size: 597.78697pt x 773.60669pt.
File: HISTORY_R34.pdf Graphic file (type pdf)
<use HISTORY_R34.pdf, page 291>
Package pdftex.def Info: HISTORY_R34.pdf , page291 used on input line 22.
(pdftex.def)             Requested size: 597.78697pt x 773.60669pt.
File: HISTORY_R34.pdf Graphic file (type pdf)
<use HISTORY_R34.pdf, page 291>
Package pdftex.def Info: HISTORY_R34.pdf , page291 used on input line 22.
(pdftex.def)             Requested size: 597.78697pt x 773.60669pt.
 [335

 <./HISTORY_R34.pdf>]
<HISTORY_R34.pdf, id=4156, page=292, 614.295pt x 794.97pt>
File: HISTORY_R34.pdf Graphic file (type pdf)
<use HISTORY_R34.pdf, page 292>
Package pdftex.def Info: HISTORY_R34.pdf , page292 used on input line 22.
(pdftex.def)             Requested size: 597.78697pt x 773.60669pt.
File: HISTORY_R34.pdf Graphic file (type pdf)
<use HISTORY_R34.pdf, page 292>
Package pdftex.def Info: HISTORY_R34.pdf , page292 used on input line 22.
(pdftex.def)             Requested size: 597.78697pt x 773.60669pt.
File: HISTORY_R34.pdf Graphic file (type pdf)
<use HISTORY_R34.pdf, page 292>
Package pdftex.def Info: HISTORY_R34.pdf , page292 used on input line 22.
(pdftex.def)             Requested size: 597.78697pt x 773.60669pt.
 [336

 <./HISTORY_R34.pdf>]
<HISTORY_R34.pdf, id=4166, page=293, 614.295pt x 794.97pt>
File: HISTORY_R34.pdf Graphic file (type pdf)
<use HISTORY_R34.pdf, page 293>
Package pdftex.def Info: HISTORY_R34.pdf , page293 used on input line 22.
(pdftex.def)             Requested size: 597.78697pt x 773.60669pt.
File: HISTORY_R34.pdf Graphic file (type pdf)
<use HISTORY_R34.pdf, page 293>
Package pdftex.def Info: HISTORY_R34.pdf , page293 used on input line 22.
(pdftex.def)             Requested size: 597.78697pt x 773.60669pt.
File: HISTORY_R34.pdf Graphic file (type pdf)
<use HISTORY_R34.pdf, page 293>
Package pdftex.def Info: HISTORY_R34.pdf , page293 used on input line 22.
(pdftex.def)             Requested size: 597.78697pt x 773.60669pt.

[337

 <./HISTORY_R34.pdf>]
<HISTORY_R34.pdf, id=4177, page=294, 614.295pt x 794.97pt>
File: HISTORY_R34.pdf Graphic file (type pdf)
<use HISTORY_R34.pdf, page 294>
Package pdftex.def Info: HISTORY_R34.pdf , page294 used on input line 22.
(pdftex.def)             Requested size: 597.78697pt x 773.60669pt.
File: HISTORY_R34.pdf Graphic file (type pdf)
<use HISTORY_R34.pdf, page 294>
Package pdftex.def Info: HISTORY_R34.pdf , page294 used on input line 22.
(pdftex.def)             Requested size: 597.78697pt x 773.60669pt.
File: HISTORY_R34.pdf Graphic file (type pdf)
<use HISTORY_R34.pdf, page 294>
Package pdftex.def Info: HISTORY_R34.pdf , page294 used on input line 22.
(pdftex.def)             Requested size: 597.78697pt x 773.60669pt.
 [338

 <./HISTORY_R34.pdf>]
<HISTORY_R34.pdf, id=4187, page=295, 614.295pt x 794.97pt>
File: HISTORY_R34.pdf Graphic file (type pdf)
<use HISTORY_R34.pdf, page 295>
Package pdftex.def Info: HISTORY_R34.pdf , page295 used on input line 22.
(pdftex.def)             Requested size: 597.78697pt x 773.60669pt.
File: HISTORY_R34.pdf Graphic file (type pdf)
<use HISTORY_R34.pdf, page 295>
Package pdftex.def Info: HISTORY_R34.pdf , page295 used on input line 22.
(pdftex.def)             Requested size: 597.78697pt x 773.60669pt.
File: HISTORY_R34.pdf Graphic file (type pdf)
<use HISTORY_R34.pdf, page 295>
Package pdftex.def Info: HISTORY_R34.pdf , page295 used on input line 22.
(pdftex.def)             Requested size: 597.78697pt x 773.60669pt.
 [339

 <./HISTORY_R34.pdf>]
<HISTORY_R34.pdf, id=4197, page=296, 614.295pt x 794.97pt>
File: HISTORY_R34.pdf Graphic file (type pdf)
<use HISTORY_R34.pdf, page 296>
Package pdftex.def Info: HISTORY_R34.pdf , page296 used on input line 22.
(pdftex.def)             Requested size: 597.78697pt x 773.60669pt.
File: HISTORY_R34.pdf Graphic file (type pdf)
<use HISTORY_R34.pdf, page 296>
Package pdftex.def Info: HISTORY_R34.pdf , page296 used on input line 22.
(pdftex.def)             Requested size: 597.78697pt x 773.60669pt.
File: HISTORY_R34.pdf Graphic file (type pdf)
<use HISTORY_R34.pdf, page 296>
Package pdftex.def Info: HISTORY_R34.pdf , page296 used on input line 22.
(pdftex.def)             Requested size: 597.78697pt x 773.60669pt.

[340

 <./HISTORY_R34.pdf>]
<HISTORY_R34.pdf, id=4207, page=297, 614.295pt x 794.97pt>
File: HISTORY_R34.pdf Graphic file (type pdf)
<use HISTORY_R34.pdf, page 297>
Package pdftex.def Info: HISTORY_R34.pdf , page297 used on input line 22.
(pdftex.def)             Requested size: 597.78697pt x 773.60669pt.
File: HISTORY_R34.pdf Graphic file (type pdf)
<use HISTORY_R34.pdf, page 297>
Package pdftex.def Info: HISTORY_R34.pdf , page297 used on input line 22.
(pdftex.def)             Requested size: 597.78697pt x 773.60669pt.
File: HISTORY_R34.pdf Graphic file (type pdf)
<use HISTORY_R34.pdf, page 297>
Package pdftex.def Info: HISTORY_R34.pdf , page297 used on input line 22.
(pdftex.def)             Requested size: 597.78697pt x 773.60669pt.
 [341

 <./HISTORY_R34.pdf>]
<HISTORY_R34.pdf, id=4217, page=298, 614.295pt x 794.97pt>
File: HISTORY_R34.pdf Graphic file (type pdf)
<use HISTORY_R34.pdf, page 298>
Package pdftex.def Info: HISTORY_R34.pdf , page298 used on input line 22.
(pdftex.def)             Requested size: 597.78697pt x 773.60669pt.
File: HISTORY_R34.pdf Graphic file (type pdf)
<use HISTORY_R34.pdf, page 298>
Package pdftex.def Info: HISTORY_R34.pdf , page298 used on input line 22.
(pdftex.def)             Requested size: 597.78697pt x 773.60669pt.
File: HISTORY_R34.pdf Graphic file (type pdf)
<use HISTORY_R34.pdf, page 298>
Package pdftex.def Info: HISTORY_R34.pdf , page298 used on input line 22.
(pdftex.def)             Requested size: 597.78697pt x 773.60669pt.
 [342

 <./HISTORY_R34.pdf>]
<HISTORY_R34.pdf, id=4227, page=299, 614.295pt x 794.97pt>
File: HISTORY_R34.pdf Graphic file (type pdf)
<use HISTORY_R34.pdf, page 299>
Package pdftex.def Info: HISTORY_R34.pdf , page299 used on input line 22.
(pdftex.def)             Requested size: 597.78697pt x 773.60669pt.
File: HISTORY_R34.pdf Graphic file (type pdf)
<use HISTORY_R34.pdf, page 299>
Package pdftex.def Info: HISTORY_R34.pdf , page299 used on input line 22.
(pdftex.def)             Requested size: 597.78697pt x 773.60669pt.
File: HISTORY_R34.pdf Graphic file (type pdf)
<use HISTORY_R34.pdf, page 299>
Package pdftex.def Info: HISTORY_R34.pdf , page299 used on input line 22.
(pdftex.def)             Requested size: 597.78697pt x 773.60669pt.

[343

 <./HISTORY_R34.pdf>]
<HISTORY_R34.pdf, id=4246, page=300, 614.295pt x 794.97pt>
File: HISTORY_R34.pdf Graphic file (type pdf)
<use HISTORY_R34.pdf, page 300>
Package pdftex.def Info: HISTORY_R34.pdf , page300 used on input line 22.
(pdftex.def)             Requested size: 597.78697pt x 773.60669pt.
File: HISTORY_R34.pdf Graphic file (type pdf)
<use HISTORY_R34.pdf, page 300>
Package pdftex.def Info: HISTORY_R34.pdf , page300 used on input line 22.
(pdftex.def)             Requested size: 597.78697pt x 773.60669pt.
File: HISTORY_R34.pdf Graphic file (type pdf)
<use HISTORY_R34.pdf, page 300>
Package pdftex.def Info: HISTORY_R34.pdf , page300 used on input line 22.
(pdftex.def)             Requested size: 597.78697pt x 773.60669pt.
 [344

 <./HISTORY_R34.pdf>]
<HISTORY_R34.pdf, id=4276, page=301, 614.295pt x 794.97pt>
File: HISTORY_R34.pdf Graphic file (type pdf)
<use HISTORY_R34.pdf, page 301>
Package pdftex.def Info: HISTORY_R34.pdf , page301 used on input line 22.
(pdftex.def)             Requested size: 597.78697pt x 773.60669pt.
File: HISTORY_R34.pdf Graphic file (type pdf)
<use HISTORY_R34.pdf, page 301>
Package pdftex.def Info: HISTORY_R34.pdf , page301 used on input line 22.
(pdftex.def)             Requested size: 597.78697pt x 773.60669pt.
File: HISTORY_R34.pdf Graphic file (type pdf)
<use HISTORY_R34.pdf, page 301>
Package pdftex.def Info: HISTORY_R34.pdf , page301 used on input line 22.
(pdftex.def)             Requested size: 597.78697pt x 773.60669pt.
 [345

 <./HISTORY_R34.pdf>]
<HISTORY_R34.pdf, id=4297, page=302, 614.295pt x 794.97pt>
File: HISTORY_R34.pdf Graphic file (type pdf)
<use HISTORY_R34.pdf, page 302>
Package pdftex.def Info: HISTORY_R34.pdf , page302 used on input line 22.
(pdftex.def)             Requested size: 597.78697pt x 773.60669pt.
File: HISTORY_R34.pdf Graphic file (type pdf)
<use HISTORY_R34.pdf, page 302>
Package pdftex.def Info: HISTORY_R34.pdf , page302 used on input line 22.
(pdftex.def)             Requested size: 597.78697pt x 773.60669pt.
File: HISTORY_R34.pdf Graphic file (type pdf)
<use HISTORY_R34.pdf, page 302>
Package pdftex.def Info: HISTORY_R34.pdf , page302 used on input line 22.
(pdftex.def)             Requested size: 597.78697pt x 773.60669pt.

[346

 <./HISTORY_R34.pdf>]
<HISTORY_R34.pdf, id=4306, page=303, 614.295pt x 794.97pt>
File: HISTORY_R34.pdf Graphic file (type pdf)
<use HISTORY_R34.pdf, page 303>
Package pdftex.def Info: HISTORY_R34.pdf , page303 used on input line 22.
(pdftex.def)             Requested size: 597.78697pt x 773.60669pt.
File: HISTORY_R34.pdf Graphic file (type pdf)
<use HISTORY_R34.pdf, page 303>
Package pdftex.def Info: HISTORY_R34.pdf , page303 used on input line 22.
(pdftex.def)             Requested size: 597.78697pt x 773.60669pt.
File: HISTORY_R34.pdf Graphic file (type pdf)
<use HISTORY_R34.pdf, page 303>
Package pdftex.def Info: HISTORY_R34.pdf , page303 used on input line 22.
(pdftex.def)             Requested size: 597.78697pt x 773.60669pt.
 [347

 <./HISTORY_R34.pdf>]
<HISTORY_R34.pdf, id=4316, page=304, 614.295pt x 794.97pt>
File: HISTORY_R34.pdf Graphic file (type pdf)
<use HISTORY_R34.pdf, page 304>
Package pdftex.def Info: HISTORY_R34.pdf , page304 used on input line 22.
(pdftex.def)             Requested size: 597.78697pt x 773.60669pt.
File: HISTORY_R34.pdf Graphic file (type pdf)
<use HISTORY_R34.pdf, page 304>
Package pdftex.def Info: HISTORY_R34.pdf , page304 used on input line 22.
(pdftex.def)             Requested size: 597.78697pt x 773.60669pt.
File: HISTORY_R34.pdf Graphic file (type pdf)
<use HISTORY_R34.pdf, page 304>
Package pdftex.def Info: HISTORY_R34.pdf , page304 used on input line 22.
(pdftex.def)             Requested size: 597.78697pt x 773.60669pt.
 [348

 <./HISTORY_R34.pdf>]
<HISTORY_R34.pdf, id=4329, page=305, 614.295pt x 794.97pt>
File: HISTORY_R34.pdf Graphic file (type pdf)
<use HISTORY_R34.pdf, page 305>
Package pdftex.def Info: HISTORY_R34.pdf , page305 used on input line 22.
(pdftex.def)             Requested size: 597.78697pt x 773.60669pt.
File: HISTORY_R34.pdf Graphic file (type pdf)
<use HISTORY_R34.pdf, page 305>
Package pdftex.def Info: HISTORY_R34.pdf , page305 used on input line 22.
(pdftex.def)             Requested size: 597.78697pt x 773.60669pt.
File: HISTORY_R34.pdf Graphic file (type pdf)
<use HISTORY_R34.pdf, page 305>
Package pdftex.def Info: HISTORY_R34.pdf , page305 used on input line 22.
(pdftex.def)             Requested size: 597.78697pt x 773.60669pt.

[349

 <./HISTORY_R34.pdf>] (./HISTORY_R38.aux)
 ***********
LaTeX2e <2023-11-01> patch level 1
L3 programming layer <2024-01-22>
 ***********
Package rerunfilecheck Info: File `HISTORY_R38.out' has not changed.
(rerunfilecheck)             Checksum: D41D8CD98F00B204E9800998ECF8427E;0.
 ) 
Here is how much of TeX's memory you used:
 11586 strings out of 476182
 197324 string characters out of 5795595
 1930975 words of memory out of 5000000
 33125 multiletter control sequences out of 15000+600000
 561572 words of font info for 48 fonts, out of 8000000 for 9000
 14 hyphenation exceptions out of 8191
 75i,17n,79p,448b,568s stack positions out of 10000i,1000n,20000p,200000b,200000s
</usr/share/texlive/texmf-dist/fonts/type1/public/amsfonts/cm/cmbx10.pfb></us
r/share/texlive/texmf-dist/fonts/type1/public/amsfonts/cm/cmex10.pfb></usr/shar
e/texlive/texmf-dist/fonts/type1/public/amsfonts/cmextra/cmex7.pfb></usr/share/
texlive/texmf-dist/fonts/type1/public/amsfonts/cm/cmmi10.pfb></usr/share/texliv
e/texmf-dist/fonts/type1/public/amsfonts/cm/cmmi5.pfb></usr/share/texlive/texmf
-dist/fonts/type1/public/amsfonts/cm/cmmi6.pfb></usr/share/texlive/texmf-dist/f
onts/type1/public/amsfonts/cm/cmmi8.pfb></usr/share/texlive/texmf-dist/fonts/ty
pe1/public/amsfonts/cm/cmr10.pfb></usr/share/texlive/texmf-dist/fonts/type1/pub
lic/amsfonts/cm/cmr12.pfb></usr/share/texlive/texmf-dist/fonts/type1/public/ams
fonts/cm/cmr5.pfb></usr/share/texlive/texmf-dist/fonts/type1/public/amsfonts/cm
/cmr6.pfb></usr/share/texlive/texmf-dist/fonts/type1/public/amsfonts/cm/cmss10.
pfb></usr/share/texlive/texmf-dist/fonts/type1/public/amsfonts/cm/cmsy10.pfb></
usr/share/texlive/texmf-dist/fonts/type1/public/amsfonts/cm/cmsy5.pfb></usr/sha
re/texlive/texmf-dist/fonts/type1/public/amsfonts/cm/cmsy6.pfb></usr/share/texl
ive/texmf-dist/fonts/type1/public/amsfonts/cm/cmsy8.pfb></usr/share/texlive/tex
mf-dist/fonts/type1/public/amsfonts/cm/cmtt10.pfb></usr/share/texlive/texmf-dis
t/fonts/type1/public/amsfonts/symbols/msbm10.pfb></usr/share/texlive/texmf-dist
/fonts/type1/urw/courier/ucrr8a.pfb></usr/share/texlive/texmf-dist/fonts/type1/
urw/times/utmr8a.pfb></usr/share/texlive/texmf-dist/fonts/type1/urw/times/utmri
8a.pfb>
Output written on HISTORY_R38.pdf (349 pages, 3178452 bytes).
PDF statistics:
 4457 PDF objects out of 5155 (max. 8388607)
 2205 compressed objects within 23 object streams
 350 named destinations out of 1000 (max. 500000)
 1816 words of extra memory for PDF output out of 10000 (max. 10000000)

