This is pdfTeX, Version 3.141592653-2.6-1.40.25 (TeX Live 2023/Debian) (preloaded format=pdflatex 2026.9.24)  24 SEP 2026 07:26
entering extended mode
 restricted \write18 enabled.
 %&-line parsing enabled.
**HISTORY_R32.tex
(./HISTORY_R32.tex
LaTeX2e <2023-11-01> patch level 1
L3 programming layer <2024-01-22>
(/usr/share/texlive/texmf-dist/tex/latex/base/article.cls
Document Class: article 2023/05/17 v1.4n Standard LaTeX document class
(/usr/share/texlive/texmf-dist/tex/latex/base/size12.clo
File: size12.clo 2023/05/17 v1.4n Standard LaTeX file (size option)
)
\c@part=\count187
\c@section=\count188
\c@subsection=\count189
\c@subsubsection=\count190
\c@paragraph=\count191
\c@subparagraph=\count192
\c@figure=\count193
\c@table=\count194
\abovecaptionskip=\skip48
\belowcaptionskip=\skip49
\bibindent=\dimen140
)
(/usr/share/texlive/texmf-dist/tex/latex/geometry/geometry.sty
Package: geometry 2020/01/02 v5.9 Page Geometry

(/usr/share/texlive/texmf-dist/tex/latex/graphics/keyval.sty
Package: keyval 2022/05/29 v1.15 key=value parser (DPC)
\KV@toks@=\toks17
)
(/usr/share/texlive/texmf-dist/tex/generic/iftex/ifvtex.sty
Package: ifvtex 2019/10/25 v1.7 ifvtex legacy package. Use iftex instead.

(/usr/share/texlive/texmf-dist/tex/generic/iftex/iftex.sty
Package: iftex 2022/02/03 v1.0f TeX engine tests
))
\Gm@cnth=\count195
\Gm@cntv=\count196
\c@Gm@tempcnt=\count197
\Gm@bindingoffset=\dimen141
\Gm@wd@mp=\dimen142
\Gm@odd@mp=\dimen143
\Gm@even@mp=\dimen144
\Gm@layoutwidth=\dimen145
\Gm@layoutheight=\dimen146
\Gm@layouthoffset=\dimen147
\Gm@layoutvoffset=\dimen148
\Gm@dimlist=\toks18
)
(/usr/share/texlive/texmf-dist/tex/latex/pdfpages/pdfpages.sty
Package: pdfpages 2024/01/21 v0.5y Insert pages of external PDF documents (AM)

(/usr/share/texlive/texmf-dist/tex/latex/base/ifthen.sty
Package: ifthen 2022/04/13 v1.1d Standard LaTeX ifthen package (DPC)
)
(/usr/share/texlive/texmf-dist/tex/latex/tools/calc.sty
Package: calc 2023/07/08 v4.3 Infix arithmetic (KKT,FJ)
\calc@Acount=\count198
\calc@Bcount=\count199
\calc@Adimen=\dimen149
\calc@Bdimen=\dimen150
\calc@Askip=\skip50
\calc@Bskip=\skip51
LaTeX Info: Redefining \setlength on input line 80.
LaTeX Info: Redefining \addtolength on input line 81.
\calc@Ccount=\count266
\calc@Cskip=\skip52
)
(/usr/share/texlive/texmf-dist/tex/latex/eso-pic/eso-pic.sty
Package: eso-pic 2023/05/03 v3.0c eso-pic (RN)
\ESO@tempdima=\dimen151
\ESO@tempdimb=\dimen152

(/usr/share/texlive/texmf-dist/tex/latex/xcolor/xcolor.sty
Package: xcolor 2023/11/15 v3.01 LaTeX color extensions (UK)

(/usr/share/texlive/texmf-dist/tex/latex/graphics-cfg/color.cfg
File: color.cfg 2016/01/02 v1.6 sample color configuration
)
Package xcolor Info: Driver file: pdftex.def on input line 274.

(/usr/share/texlive/texmf-dist/tex/latex/graphics-def/pdftex.def
File: pdftex.def 2022/09/22 v1.2b Graphics/color driver for pdftex
)
(/usr/share/texlive/texmf-dist/tex/latex/graphics/mathcolor.ltx)
Package xcolor Info: Model `cmy' substituted by `cmy0' on input line 1350.
Package xcolor Info: Model `hsb' substituted by `rgb' on input line 1354.
Package xcolor Info: Model `RGB' extended on input line 1366.
Package xcolor Info: Model `HTML' substituted by `rgb' on input line 1368.
Package xcolor Info: Model `Hsb' substituted by `hsb' on input line 1369.
Package xcolor Info: Model `tHsb' substituted by `hsb' on input line 1370.
Package xcolor Info: Model `HSB' substituted by `hsb' on input line 1371.
Package xcolor Info: Model `Gray' substituted by `gray' on input line 1372.
Package xcolor Info: Model `wave' substituted by `hsb' on input line 1373.
))
(/usr/share/texlive/texmf-dist/tex/latex/graphics/graphicx.sty
Package: graphicx 2021/09/16 v1.2d Enhanced LaTeX Graphics (DPC,SPQR)

(/usr/share/texlive/texmf-dist/tex/latex/graphics/graphics.sty
Package: graphics 2022/03/10 v1.4e Standard LaTeX Graphics (DPC,SPQR)

(/usr/share/texlive/texmf-dist/tex/latex/graphics/trig.sty
Package: trig 2021/08/11 v1.11 sin cos tan (DPC)
)
(/usr/share/texlive/texmf-dist/tex/latex/graphics-cfg/graphics.cfg
File: graphics.cfg 2016/06/04 v1.11 sample graphics configuration
)
Package graphics Info: Driver file: pdftex.def on input line 107.
)
\Gin@req@height=\dimen153
\Gin@req@width=\dimen154
)
\AM@pagewidth=\dimen155
\AM@pageheight=\dimen156
\AM@fboxrule=\dimen157

(/usr/share/texlive/texmf-dist/tex/latex/pdfpages/pppdftex.def
File: pppdftex.def 2024/01/21 v0.5y Pdfpages driver for pdfTeX (AM)
)
\pdfpages@includegraphics@status=\count267
\AM@pagebox=\box51
\AM@global@opts=\toks19
\AM@pagecnt=\count268
\AM@toc@title=\toks20
\AM@lof@heading=\toks21
\c@AM@survey=\count269
\AM@templatesizebox=\box52
)
(/usr/share/texlive/texmf-dist/tex/latex/hyperref/hyperref.sty
Package: hyperref 2024-01-20 v7.01h Hypertext links for LaTeX

(/usr/share/texlive/texmf-dist/tex/latex/kvsetkeys/kvsetkeys.sty
Package: kvsetkeys 2022-10-05 v1.19 Key value parser (HO)
)
(/usr/share/texlive/texmf-dist/tex/generic/kvdefinekeys/kvdefinekeys.sty
Package: kvdefinekeys 2019-12-19 v1.6 Define keys (HO)
)
(/usr/share/texlive/texmf-dist/tex/generic/pdfescape/pdfescape.sty
Package: pdfescape 2019/12/09 v1.15 Implements pdfTeX's escape features (HO)

(/usr/share/texlive/texmf-dist/tex/generic/ltxcmds/ltxcmds.sty
Package: ltxcmds 2023-12-04 v1.26 LaTeX kernel commands for general use (HO)
)
(/usr/share/texlive/texmf-dist/tex/generic/pdftexcmds/pdftexcmds.sty
Package: pdftexcmds 2020-06-27 v0.33 Utility functions of pdfTeX for LuaTeX (HO
)

(/usr/share/texlive/texmf-dist/tex/generic/infwarerr/infwarerr.sty
Package: infwarerr 2019/12/03 v1.5 Providing info/warning/error messages (HO)
)
Package pdftexcmds Info: \pdf@primitive is available.
Package pdftexcmds Info: \pdf@ifprimitive is available.
Package pdftexcmds Info: \pdfdraftmode found.
))
(/usr/share/texlive/texmf-dist/tex/latex/hycolor/hycolor.sty
Package: hycolor 2020-01-27 v1.10 Color options for hyperref/bookmark (HO)
)
(/usr/share/texlive/texmf-dist/tex/latex/auxhook/auxhook.sty
Package: auxhook 2019-12-17 v1.6 Hooks for auxiliary files (HO)
)
(/usr/share/texlive/texmf-dist/tex/latex/hyperref/nameref.sty
Package: nameref 2023-11-26 v2.56 Cross-referencing by name of section

(/usr/share/texlive/texmf-dist/tex/latex/refcount/refcount.sty
Package: refcount 2019/12/15 v3.6 Data extraction from label references (HO)
)
(/usr/share/texlive/texmf-dist/tex/generic/gettitlestring/gettitlestring.sty
Package: gettitlestring 2019/12/15 v1.6 Cleanup title references (HO)

(/usr/share/texlive/texmf-dist/tex/latex/kvoptions/kvoptions.sty
Package: kvoptions 2022-06-15 v3.15 Key value format for package options (HO)
))
\c@section@level=\count270
)
(/usr/share/texlive/texmf-dist/tex/latex/etoolbox/etoolbox.sty
Package: etoolbox 2020/10/05 v2.5k e-TeX tools for LaTeX (JAW)
\etb@tempcnta=\count271
)
\@linkdim=\dimen158
\Hy@linkcounter=\count272
\Hy@pagecounter=\count273

(/usr/share/texlive/texmf-dist/tex/latex/hyperref/pd1enc.def
File: pd1enc.def 2024-01-20 v7.01h Hyperref: PDFDocEncoding definition (HO)
Now handling font encoding PD1 ...
... no UTF-8 mapping file for font encoding PD1
)
(/usr/share/texlive/texmf-dist/tex/generic/intcalc/intcalc.sty
Package: intcalc 2019/12/15 v1.3 Expandable calculations with integers (HO)
)
\Hy@SavedSpaceFactor=\count274

(/usr/share/texlive/texmf-dist/tex/latex/hyperref/puenc.def
File: puenc.def 2024-01-20 v7.01h Hyperref: PDF Unicode definition (HO)
Now handling font encoding PU ...
... no UTF-8 mapping file for font encoding PU
)
Package hyperref Info: Hyper figures OFF on input line 4179.
Package hyperref Info: Link nesting OFF on input line 4184.
Package hyperref Info: Hyper index ON on input line 4187.
Package hyperref Info: Plain pages OFF on input line 4194.
Package hyperref Info: Backreferencing OFF on input line 4199.
Package hyperref Info: Implicit mode ON; LaTeX internals redefined.
Package hyperref Info: Bookmarks ON on input line 4446.
\c@Hy@tempcnt=\count275

(/usr/share/texlive/texmf-dist/tex/latex/url/url.sty
\Urlmuskip=\muskip16
Package: url 2013/09/16  ver 3.4  Verb mode for urls, etc.
)
LaTeX Info: Redefining \url on input line 4784.
\XeTeXLinkMargin=\dimen159

(/usr/share/texlive/texmf-dist/tex/generic/bitset/bitset.sty
Package: bitset 2019/12/09 v1.3 Handle bit-vector datatype (HO)

(/usr/share/texlive/texmf-dist/tex/generic/bigintcalc/bigintcalc.sty
Package: bigintcalc 2019/12/15 v1.5 Expandable calculations on big integers (HO
)
))
\Fld@menulength=\count276
\Field@Width=\dimen160
\Fld@charsize=\dimen161
Package hyperref Info: Hyper figures OFF on input line 6063.
Package hyperref Info: Link nesting OFF on input line 6068.
Package hyperref Info: Hyper index ON on input line 6071.
Package hyperref Info: backreferencing OFF on input line 6078.
Package hyperref Info: Link coloring OFF on input line 6083.
Package hyperref Info: Link coloring with OCG OFF on input line 6088.
Package hyperref Info: PDF/A mode OFF on input line 6093.

(/usr/share/texlive/texmf-dist/tex/latex/base/atbegshi-ltx.sty
Package: atbegshi-ltx 2021/01/10 v1.0c Emulation of the original atbegshi
package with kernel methods
)
\Hy@abspage=\count277
\c@Item=\count278
\c@Hfootnote=\count279
)
Package hyperref Info: Driver (autodetected): hpdftex.

(/usr/share/texlive/texmf-dist/tex/latex/hyperref/hpdftex.def
File: hpdftex.def 2024-01-20 v7.01h Hyperref driver for pdfTeX

(/usr/share/texlive/texmf-dist/tex/latex/base/atveryend-ltx.sty
Package: atveryend-ltx 2020/08/19 v1.0a Emulation of the original atveryend pac
kage
with kernel methods
)
\Fld@listcount=\count280
\c@bookmark@seq@number=\count281

(/usr/share/texlive/texmf-dist/tex/latex/rerunfilecheck/rerunfilecheck.sty
Package: rerunfilecheck 2022-07-10 v1.10 Rerun checks for auxiliary files (HO)

(/usr/share/texlive/texmf-dist/tex/generic/uniquecounter/uniquecounter.sty
Package: uniquecounter 2019/12/15 v1.4 Provide unlimited unique counter (HO)
)
Package uniquecounter Info: New unique counter `rerunfilecheck' on input line 2
85.
)
\Hy@SectionHShift=\skip53
)
(/usr/share/texlive/texmf-dist/tex/latex/l3backend/l3backend-pdftex.def
File: l3backend-pdftex.def 2024-01-04 L3 backend support: PDF output (pdfTeX)
\l__color_backend_stack_int=\count282
\l__pdf_internal_box=\box53
)
(./HISTORY_R32.aux)
\openout1 = `HISTORY_R32.aux'.

LaTeX Font Info:    Checking defaults for OML/cmm/m/it on input line 3.
LaTeX Font Info:    ... okay on input line 3.
LaTeX Font Info:    Checking defaults for OMS/cmsy/m/n on input line 3.
LaTeX Font Info:    ... okay on input line 3.
LaTeX Font Info:    Checking defaults for OT1/cmr/m/n on input line 3.
LaTeX Font Info:    ... okay on input line 3.
LaTeX Font Info:    Checking defaults for T1/cmr/m/n on input line 3.
LaTeX Font Info:    ... okay on input line 3.
LaTeX Font Info:    Checking defaults for TS1/cmr/m/n on input line 3.
LaTeX Font Info:    ... okay on input line 3.
LaTeX Font Info:    Checking defaults for OMX/cmex/m/n on input line 3.
LaTeX Font Info:    ... okay on input line 3.
LaTeX Font Info:    Checking defaults for U/cmr/m/n on input line 3.
LaTeX Font Info:    ... okay on input line 3.
LaTeX Font Info:    Checking defaults for PD1/pdf/m/n on input line 3.
LaTeX Font Info:    ... okay on input line 3.
LaTeX Font Info:    Checking defaults for PU/pdf/m/n on input line 3.
LaTeX Font Info:    ... okay on input line 3.

*geometry* driver: auto-detecting
*geometry* detected driver: pdftex
*geometry* verbose mode - [ preamble ] result:
* driver: pdftex
* paper: <default>
* layout: <same size as paper>
* layoutoffset:(h,v)=(0.0pt,0.0pt)
* modes: 
* h-part:(L,W,R)=(72.26999pt, 469.75502pt, 72.26999pt)
* v-part:(T,H,B)=(72.26999pt, 650.43001pt, 72.26999pt)
* \paperwidth=614.295pt
* \paperheight=794.96999pt
* \textwidth=469.75502pt
* \textheight=650.43001pt
* \oddsidemargin=0.0pt
* \evensidemargin=0.0pt
* \topmargin=-37.0pt
* \headheight=12.0pt
* \headsep=25.0pt
* \topskip=12.0pt
* \footskip=30.0pt
* \marginparwidth=44.0pt
* \marginparsep=10.0pt
* \columnsep=10.0pt
* \skip\footins=10.8pt plus 4.0pt minus 2.0pt
* \hoffset=0.0pt
* \voffset=0.0pt
* \mag=1000
* \@twocolumnfalse
* \@twosidefalse
* \@mparswitchfalse
* \@reversemarginfalse
* (1in=72.27pt=25.4mm, 1cm=28.453pt)

(/usr/share/texlive/texmf-dist/tex/context/base/mkii/supp-pdf.mkii
[Loading MPS to PDF converter (version 2006.09.02).]
\scratchcounter=\count283
\scratchdimen=\dimen162
\scratchbox=\box54
\nofMPsegments=\count284
\nofMParguments=\count285
\everyMPshowfont=\toks22
\MPscratchCnt=\count286
\MPscratchDim=\dimen163
\MPnumerator=\count287
\makeMPintoPDFobject=\count288
\everyMPtoPDFconversion=\toks23
) (/usr/share/texlive/texmf-dist/tex/latex/epstopdf-pkg/epstopdf-base.sty
Package: epstopdf-base 2020-01-24 v2.11 Base part for package epstopdf
Package epstopdf-base Info: Redefining graphics rule for `.eps' on input line 4
85.

(/usr/share/texlive/texmf-dist/tex/latex/latexconfig/epstopdf-sys.cfg
File: epstopdf-sys.cfg 2010/07/13 v1.3 Configuration of (r)epstopdf for TeX Liv
e
))
(/usr/share/texlive/texmf-dist/tex/latex/pdflscape/pdflscape.sty
Package: pdflscape 2022-10-27 v0.13 Display of landscape pages in PDF

(/usr/share/texlive/texmf-dist/tex/latex/pdflscape/pdflscape-nometadata.sty
Package: pdflscape-nometadata 2022-10-28 v0.13 Display of landscape pages in PD
F (HO)

(/usr/share/texlive/texmf-dist/tex/latex/graphics/lscape.sty
Package: lscape 2020/05/28 v3.02 Landscape Pages (DPC)
)
Package pdflscape Info: Auto-detected driver: pdftex on input line 81.
))
Package hyperref Info: Link coloring OFF on input line 3.

(./HISTORY_R32.out) (./HISTORY_R32.out)
\@outlinefile=\write3
\openout3 = `HISTORY_R32.out'.

 [1

{/var/lib/texmf/fonts/map/pdftex/updmap/pdftex.map}]
<ECTA_R30.pdf, id=11, 487.8225pt x 704.6325pt>
File: ECTA_R30.pdf Graphic file (type pdf)
<use ECTA_R30.pdf>
Package pdftex.def Info: ECTA_R30.pdf  used on input line 7.
(pdftex.def)             Requested size: 487.8213pt x 704.6308pt.
File: ECTA_R30.pdf Graphic file (type pdf)
<use ECTA_R30.pdf>
Package pdftex.def Info: ECTA_R30.pdf  used on input line 7.
(pdftex.def)             Requested size: 487.8213pt x 704.6308pt.
<ECTA_R30.pdf, id=14, page=1, 487.8225pt x 704.6325pt>
File: ECTA_R30.pdf Graphic file (type pdf)
<use ECTA_R30.pdf, page 1>
Package pdftex.def Info: ECTA_R30.pdf , page1 used on input line 7.
(pdftex.def)             Requested size: 487.8213pt x 704.6308pt.
File: ECTA_R30.pdf Graphic file (type pdf)
<use ECTA_R30.pdf, page 1>
Package pdftex.def Info: ECTA_R30.pdf , page1 used on input line 7.
(pdftex.def)             Requested size: 550.85338pt x 795.67714pt.
File: ECTA_R30.pdf Graphic file (type pdf)
<use ECTA_R30.pdf, page 1>
Package pdftex.def Info: ECTA_R30.pdf , page1 used on input line 7.
(pdftex.def)             Requested size: 550.85338pt x 795.67714pt.
File: ECTA_R30.pdf Graphic file (type pdf)
<use ECTA_R30.pdf, page 1>
Package pdftex.def Info: ECTA_R30.pdf , page1 used on input line 7.
(pdftex.def)             Requested size: 550.85338pt x 795.67714pt.
File: ECTA_R30.pdf Graphic file (type pdf)
<use ECTA_R30.pdf, page 1>
Package pdftex.def Info: ECTA_R30.pdf , page1 used on input line 7.
(pdftex.def)             Requested size: 550.85338pt x 795.67714pt.
 [2


 <./ECTA_R30.pdf>]
<ECTA_R30.pdf, id=26, page=2, 487.8225pt x 704.6325pt>
File: ECTA_R30.pdf Graphic file (type pdf)
<use ECTA_R30.pdf, page 2>
Package pdftex.def Info: ECTA_R30.pdf , page2 used on input line 7.
(pdftex.def)             Requested size: 550.85338pt x 795.67714pt.
File: ECTA_R30.pdf Graphic file (type pdf)
<use ECTA_R30.pdf, page 2>
Package pdftex.def Info: ECTA_R30.pdf , page2 used on input line 7.
(pdftex.def)             Requested size: 550.85338pt x 795.67714pt.
File: ECTA_R30.pdf Graphic file (type pdf)
<use ECTA_R30.pdf, page 2>
Package pdftex.def Info: ECTA_R30.pdf , page2 used on input line 7.
(pdftex.def)             Requested size: 550.85338pt x 795.67714pt.
 [3

 <./ECTA_R30.pdf>]
<ECTA_R30.pdf, id=67, page=3, 487.8225pt x 704.6325pt>
File: ECTA_R30.pdf Graphic file (type pdf)
<use ECTA_R30.pdf, page 3>
Package pdftex.def Info: ECTA_R30.pdf , page3 used on input line 7.
(pdftex.def)             Requested size: 550.85338pt x 795.67714pt.
File: ECTA_R30.pdf Graphic file (type pdf)
<use ECTA_R30.pdf, page 3>
Package pdftex.def Info: ECTA_R30.pdf , page3 used on input line 7.
(pdftex.def)             Requested size: 550.85338pt x 795.67714pt.
File: ECTA_R30.pdf Graphic file (type pdf)
<use ECTA_R30.pdf, page 3>
Package pdftex.def Info: ECTA_R30.pdf , page3 used on input line 7.
(pdftex.def)             Requested size: 550.85338pt x 795.67714pt.
 [4

 <./ECTA_R30.pdf>]
<ECTA_R30.pdf, id=96, page=4, 487.8225pt x 704.6325pt>
File: ECTA_R30.pdf Graphic file (type pdf)
<use ECTA_R30.pdf, page 4>
Package pdftex.def Info: ECTA_R30.pdf , page4 used on input line 7.
(pdftex.def)             Requested size: 550.85338pt x 795.67714pt.
File: ECTA_R30.pdf Graphic file (type pdf)
<use ECTA_R30.pdf, page 4>
Package pdftex.def Info: ECTA_R30.pdf , page4 used on input line 7.
(pdftex.def)             Requested size: 550.85338pt x 795.67714pt.
File: ECTA_R30.pdf Graphic file (type pdf)
<use ECTA_R30.pdf, page 4>
Package pdftex.def Info: ECTA_R30.pdf , page4 used on input line 7.
(pdftex.def)             Requested size: 550.85338pt x 795.67714pt.

[5

 <./ECTA_R30.pdf>]
<ECTA_R30.pdf, id=113, page=5, 487.8225pt x 704.6325pt>
File: ECTA_R30.pdf Graphic file (type pdf)
<use ECTA_R30.pdf, page 5>
Package pdftex.def Info: ECTA_R30.pdf , page5 used on input line 7.
(pdftex.def)             Requested size: 550.85338pt x 795.67714pt.
File: ECTA_R30.pdf Graphic file (type pdf)
<use ECTA_R30.pdf, page 5>
Package pdftex.def Info: ECTA_R30.pdf , page5 used on input line 7.
(pdftex.def)             Requested size: 550.85338pt x 795.67714pt.
File: ECTA_R30.pdf Graphic file (type pdf)
<use ECTA_R30.pdf, page 5>
Package pdftex.def Info: ECTA_R30.pdf , page5 used on input line 7.
(pdftex.def)             Requested size: 550.85338pt x 795.67714pt.
 [6

 <./ECTA_R30.pdf>]
<ECTA_R30.pdf, id=118, page=6, 487.8225pt x 704.6325pt>
File: ECTA_R30.pdf Graphic file (type pdf)
<use ECTA_R30.pdf, page 6>
Package pdftex.def Info: ECTA_R30.pdf , page6 used on input line 7.
(pdftex.def)             Requested size: 550.85338pt x 795.67714pt.
File: ECTA_R30.pdf Graphic file (type pdf)
<use ECTA_R30.pdf, page 6>
Package pdftex.def Info: ECTA_R30.pdf , page6 used on input line 7.
(pdftex.def)             Requested size: 550.85338pt x 795.67714pt.
File: ECTA_R30.pdf Graphic file (type pdf)
<use ECTA_R30.pdf, page 6>
Package pdftex.def Info: ECTA_R30.pdf , page6 used on input line 7.
(pdftex.def)             Requested size: 550.85338pt x 795.67714pt.
 [7

 <./ECTA_R30.pdf>]
<ECTA_R30.pdf, id=124, page=7, 487.8225pt x 704.6325pt>
File: ECTA_R30.pdf Graphic file (type pdf)
<use ECTA_R30.pdf, page 7>
Package pdftex.def Info: ECTA_R30.pdf , page7 used on input line 7.
(pdftex.def)             Requested size: 550.85338pt x 795.67714pt.
File: ECTA_R30.pdf Graphic file (type pdf)
<use ECTA_R30.pdf, page 7>
Package pdftex.def Info: ECTA_R30.pdf , page7 used on input line 7.
(pdftex.def)             Requested size: 550.85338pt x 795.67714pt.
File: ECTA_R30.pdf Graphic file (type pdf)
<use ECTA_R30.pdf, page 7>
Package pdftex.def Info: ECTA_R30.pdf , page7 used on input line 7.
(pdftex.def)             Requested size: 550.85338pt x 795.67714pt.
 [8

 <./ECTA_R30.pdf>]
<ECTA_R30.pdf, id=129, page=8, 487.8225pt x 704.6325pt>
File: ECTA_R30.pdf Graphic file (type pdf)
<use ECTA_R30.pdf, page 8>
Package pdftex.def Info: ECTA_R30.pdf , page8 used on input line 7.
(pdftex.def)             Requested size: 550.85338pt x 795.67714pt.
File: ECTA_R30.pdf Graphic file (type pdf)
<use ECTA_R30.pdf, page 8>
Package pdftex.def Info: ECTA_R30.pdf , page8 used on input line 7.
(pdftex.def)             Requested size: 550.85338pt x 795.67714pt.
File: ECTA_R30.pdf Graphic file (type pdf)
<use ECTA_R30.pdf, page 8>
Package pdftex.def Info: ECTA_R30.pdf , page8 used on input line 7.
(pdftex.def)             Requested size: 550.85338pt x 795.67714pt.
 [9

 <./ECTA_R30.pdf>]
<ECTA_R30.pdf, id=134, page=9, 487.8225pt x 704.6325pt>
File: ECTA_R30.pdf Graphic file (type pdf)
<use ECTA_R30.pdf, page 9>
Package pdftex.def Info: ECTA_R30.pdf , page9 used on input line 7.
(pdftex.def)             Requested size: 550.85338pt x 795.67714pt.
File: ECTA_R30.pdf Graphic file (type pdf)
<use ECTA_R30.pdf, page 9>
Package pdftex.def Info: ECTA_R30.pdf , page9 used on input line 7.
(pdftex.def)             Requested size: 550.85338pt x 795.67714pt.
File: ECTA_R30.pdf Graphic file (type pdf)
<use ECTA_R30.pdf, page 9>
Package pdftex.def Info: ECTA_R30.pdf , page9 used on input line 7.
(pdftex.def)             Requested size: 550.85338pt x 795.67714pt.
 [10

 <./ECTA_R30.pdf>]
<ECTA_R30.pdf, id=145, page=10, 487.8225pt x 704.6325pt>
File: ECTA_R30.pdf Graphic file (type pdf)
<use ECTA_R30.pdf, page 10>
Package pdftex.def Info: ECTA_R30.pdf , page10 used on input line 7.
(pdftex.def)             Requested size: 550.85338pt x 795.67714pt.
File: ECTA_R30.pdf Graphic file (type pdf)
<use ECTA_R30.pdf, page 10>
Package pdftex.def Info: ECTA_R30.pdf , page10 used on input line 7.
(pdftex.def)             Requested size: 550.85338pt x 795.67714pt.
File: ECTA_R30.pdf Graphic file (type pdf)
<use ECTA_R30.pdf, page 10>
Package pdftex.def Info: ECTA_R30.pdf , page10 used on input line 7.
(pdftex.def)             Requested size: 550.85338pt x 795.67714pt.
 [11

 <./ECTA_R30.pdf>]
<ECTA_R30.pdf, id=162, page=11, 487.8225pt x 704.6325pt>
File: ECTA_R30.pdf Graphic file (type pdf)
<use ECTA_R30.pdf, page 11>
Package pdftex.def Info: ECTA_R30.pdf , page11 used on input line 7.
(pdftex.def)             Requested size: 550.85338pt x 795.67714pt.
File: ECTA_R30.pdf Graphic file (type pdf)
<use ECTA_R30.pdf, page 11>
Package pdftex.def Info: ECTA_R30.pdf , page11 used on input line 7.
(pdftex.def)             Requested size: 550.85338pt x 795.67714pt.
File: ECTA_R30.pdf Graphic file (type pdf)
<use ECTA_R30.pdf, page 11>
Package pdftex.def Info: ECTA_R30.pdf , page11 used on input line 7.
(pdftex.def)             Requested size: 550.85338pt x 795.67714pt.
 [12

 <./ECTA_R30.pdf>]
<ECTA_R30.pdf, id=167, page=12, 487.8225pt x 704.6325pt>
File: ECTA_R30.pdf Graphic file (type pdf)
<use ECTA_R30.pdf, page 12>
Package pdftex.def Info: ECTA_R30.pdf , page12 used on input line 7.
(pdftex.def)             Requested size: 550.85338pt x 795.67714pt.
File: ECTA_R30.pdf Graphic file (type pdf)
<use ECTA_R30.pdf, page 12>
Package pdftex.def Info: ECTA_R30.pdf , page12 used on input line 7.
(pdftex.def)             Requested size: 550.85338pt x 795.67714pt.
File: ECTA_R30.pdf Graphic file (type pdf)
<use ECTA_R30.pdf, page 12>
Package pdftex.def Info: ECTA_R30.pdf , page12 used on input line 7.
(pdftex.def)             Requested size: 550.85338pt x 795.67714pt.
 [13

 <./ECTA_R30.pdf>]
<ECTA_R30.pdf, id=179, page=13, 487.8225pt x 704.6325pt>
File: ECTA_R30.pdf Graphic file (type pdf)
<use ECTA_R30.pdf, page 13>
Package pdftex.def Info: ECTA_R30.pdf , page13 used on input line 7.
(pdftex.def)             Requested size: 550.85338pt x 795.67714pt.
File: ECTA_R30.pdf Graphic file (type pdf)
<use ECTA_R30.pdf, page 13>
Package pdftex.def Info: ECTA_R30.pdf , page13 used on input line 7.
(pdftex.def)             Requested size: 550.85338pt x 795.67714pt.
File: ECTA_R30.pdf Graphic file (type pdf)
<use ECTA_R30.pdf, page 13>
Package pdftex.def Info: ECTA_R30.pdf , page13 used on input line 7.
(pdftex.def)             Requested size: 550.85338pt x 795.67714pt.
 [14

 <./ECTA_R30.pdf>]
<SUPP_R30.pdf, id=184, 487.8225pt x 704.6325pt>
File: SUPP_R30.pdf Graphic file (type pdf)
<use SUPP_R30.pdf>
Package pdftex.def Info: SUPP_R30.pdf  used on input line 8.
(pdftex.def)             Requested size: 487.8213pt x 704.6308pt.
File: SUPP_R30.pdf Graphic file (type pdf)
<use SUPP_R30.pdf>
Package pdftex.def Info: SUPP_R30.pdf  used on input line 8.
(pdftex.def)             Requested size: 487.8213pt x 704.6308pt.
<SUPP_R30.pdf, id=187, page=1, 487.8225pt x 704.6325pt>
File: SUPP_R30.pdf Graphic file (type pdf)
<use SUPP_R30.pdf, page 1>
Package pdftex.def Info: SUPP_R30.pdf , page1 used on input line 8.
(pdftex.def)             Requested size: 487.8213pt x 704.6308pt.
File: SUPP_R30.pdf Graphic file (type pdf)
<use SUPP_R30.pdf, page 1>
Package pdftex.def Info: SUPP_R30.pdf , page1 used on input line 8.
(pdftex.def)             Requested size: 550.85338pt x 795.67714pt.
File: SUPP_R30.pdf Graphic file (type pdf)
<use SUPP_R30.pdf, page 1>
Package pdftex.def Info: SUPP_R30.pdf , page1 used on input line 8.
(pdftex.def)             Requested size: 550.85338pt x 795.67714pt.
File: SUPP_R30.pdf Graphic file (type pdf)
<use SUPP_R30.pdf, page 1>
Package pdftex.def Info: SUPP_R30.pdf , page1 used on input line 8.
(pdftex.def)             Requested size: 550.85338pt x 795.67714pt.
File: SUPP_R30.pdf Graphic file (type pdf)
<use SUPP_R30.pdf, page 1>
Package pdftex.def Info: SUPP_R30.pdf , page1 used on input line 8.
(pdftex.def)             Requested size: 550.85338pt x 795.67714pt.
 [15

 <./SUPP_R30.pdf>]
<SUPP_R30.pdf, id=232, page=2, 487.8225pt x 704.6325pt>
File: SUPP_R30.pdf Graphic file (type pdf)
<use SUPP_R30.pdf, page 2>
Package pdftex.def Info: SUPP_R30.pdf , page2 used on input line 8.
(pdftex.def)             Requested size: 550.85338pt x 795.67714pt.
File: SUPP_R30.pdf Graphic file (type pdf)
<use SUPP_R30.pdf, page 2>
Package pdftex.def Info: SUPP_R30.pdf , page2 used on input line 8.
(pdftex.def)             Requested size: 550.85338pt x 795.67714pt.
File: SUPP_R30.pdf Graphic file (type pdf)
<use SUPP_R30.pdf, page 2>
Package pdftex.def Info: SUPP_R30.pdf , page2 used on input line 8.
(pdftex.def)             Requested size: 550.85338pt x 795.67714pt.

[16

 <./SUPP_R30.pdf>]
<SUPP_R30.pdf, id=245, page=3, 487.8225pt x 704.6325pt>
File: SUPP_R30.pdf Graphic file (type pdf)
<use SUPP_R30.pdf, page 3>
Package pdftex.def Info: SUPP_R30.pdf , page3 used on input line 8.
(pdftex.def)             Requested size: 550.85338pt x 795.67714pt.
File: SUPP_R30.pdf Graphic file (type pdf)
<use SUPP_R30.pdf, page 3>
Package pdftex.def Info: SUPP_R30.pdf , page3 used on input line 8.
(pdftex.def)             Requested size: 550.85338pt x 795.67714pt.
File: SUPP_R30.pdf Graphic file (type pdf)
<use SUPP_R30.pdf, page 3>
Package pdftex.def Info: SUPP_R30.pdf , page3 used on input line 8.
(pdftex.def)             Requested size: 550.85338pt x 795.67714pt.
 [17

 <./SUPP_R30.pdf>]
<SUPP_R30.pdf, id=250, page=4, 487.8225pt x 704.6325pt>
File: SUPP_R30.pdf Graphic file (type pdf)
<use SUPP_R30.pdf, page 4>
Package pdftex.def Info: SUPP_R30.pdf , page4 used on input line 8.
(pdftex.def)             Requested size: 550.85338pt x 795.67714pt.
File: SUPP_R30.pdf Graphic file (type pdf)
<use SUPP_R30.pdf, page 4>
Package pdftex.def Info: SUPP_R30.pdf , page4 used on input line 8.
(pdftex.def)             Requested size: 550.85338pt x 795.67714pt.
File: SUPP_R30.pdf Graphic file (type pdf)
<use SUPP_R30.pdf, page 4>
Package pdftex.def Info: SUPP_R30.pdf , page4 used on input line 8.
(pdftex.def)             Requested size: 550.85338pt x 795.67714pt.
 [18

 <./SUPP_R30.pdf>]
<SUPP_R30.pdf, id=255, page=5, 487.8225pt x 704.6325pt>
File: SUPP_R30.pdf Graphic file (type pdf)
<use SUPP_R30.pdf, page 5>
Package pdftex.def Info: SUPP_R30.pdf , page5 used on input line 8.
(pdftex.def)             Requested size: 550.85338pt x 795.67714pt.
File: SUPP_R30.pdf Graphic file (type pdf)
<use SUPP_R30.pdf, page 5>
Package pdftex.def Info: SUPP_R30.pdf , page5 used on input line 8.
(pdftex.def)             Requested size: 550.85338pt x 795.67714pt.
File: SUPP_R30.pdf Graphic file (type pdf)
<use SUPP_R30.pdf, page 5>
Package pdftex.def Info: SUPP_R30.pdf , page5 used on input line 8.
(pdftex.def)             Requested size: 550.85338pt x 795.67714pt.
 [19

 <./SUPP_R30.pdf>]
<SUPP_R30.pdf, id=261, page=6, 487.8225pt x 704.6325pt>
File: SUPP_R30.pdf Graphic file (type pdf)
<use SUPP_R30.pdf, page 6>
Package pdftex.def Info: SUPP_R30.pdf , page6 used on input line 8.
(pdftex.def)             Requested size: 550.85338pt x 795.67714pt.
File: SUPP_R30.pdf Graphic file (type pdf)
<use SUPP_R30.pdf, page 6>
Package pdftex.def Info: SUPP_R30.pdf , page6 used on input line 8.
(pdftex.def)             Requested size: 550.85338pt x 795.67714pt.
File: SUPP_R30.pdf Graphic file (type pdf)
<use SUPP_R30.pdf, page 6>
Package pdftex.def Info: SUPP_R30.pdf , page6 used on input line 8.
(pdftex.def)             Requested size: 550.85338pt x 795.67714pt.
 [20

 <./SUPP_R30.pdf>]
<RESPONSE_R30.pdf, id=274, 487.8225pt x 704.6325pt>
File: RESPONSE_R30.pdf Graphic file (type pdf)
<use RESPONSE_R30.pdf>
Package pdftex.def Info: RESPONSE_R30.pdf  used on input line 9.
(pdftex.def)             Requested size: 487.8213pt x 704.6308pt.
File: RESPONSE_R30.pdf Graphic file (type pdf)
<use RESPONSE_R30.pdf>
Package pdftex.def Info: RESPONSE_R30.pdf  used on input line 9.
(pdftex.def)             Requested size: 487.8213pt x 704.6308pt.
<RESPONSE_R30.pdf, id=277, page=1, 487.8225pt x 704.6325pt>
File: RESPONSE_R30.pdf Graphic file (type pdf)
<use RESPONSE_R30.pdf, page 1>
Package pdftex.def Info: RESPONSE_R30.pdf , page1 used on input line 9.
(pdftex.def)             Requested size: 487.8213pt x 704.6308pt.
File: RESPONSE_R30.pdf Graphic file (type pdf)
<use RESPONSE_R30.pdf, page 1>
Package pdftex.def Info: RESPONSE_R30.pdf , page1 used on input line 9.
(pdftex.def)             Requested size: 550.85338pt x 795.67714pt.
File: RESPONSE_R30.pdf Graphic file (type pdf)
<use RESPONSE_R30.pdf, page 1>
Package pdftex.def Info: RESPONSE_R30.pdf , page1 used on input line 9.
(pdftex.def)             Requested size: 550.85338pt x 795.67714pt.
File: RESPONSE_R30.pdf Graphic file (type pdf)
<use RESPONSE_R30.pdf, page 1>
Package pdftex.def Info: RESPONSE_R30.pdf , page1 used on input line 9.
(pdftex.def)             Requested size: 550.85338pt x 795.67714pt.
File: RESPONSE_R30.pdf Graphic file (type pdf)
<use RESPONSE_R30.pdf, page 1>
Package pdftex.def Info: RESPONSE_R30.pdf , page1 used on input line 9.
(pdftex.def)             Requested size: 550.85338pt x 795.67714pt.
 [21

 <./RESPONSE_R30.pdf>]
<RESPONSE_R30.pdf, id=291, page=2, 487.8225pt x 704.6325pt>
File: RESPONSE_R30.pdf Graphic file (type pdf)
<use RESPONSE_R30.pdf, page 2>
Package pdftex.def Info: RESPONSE_R30.pdf , page2 used on input line 9.
(pdftex.def)             Requested size: 550.85338pt x 795.67714pt.
File: RESPONSE_R30.pdf Graphic file (type pdf)
<use RESPONSE_R30.pdf, page 2>
Package pdftex.def Info: RESPONSE_R30.pdf , page2 used on input line 9.
(pdftex.def)             Requested size: 550.85338pt x 795.67714pt.
File: RESPONSE_R30.pdf Graphic file (type pdf)
<use RESPONSE_R30.pdf, page 2>
Package pdftex.def Info: RESPONSE_R30.pdf , page2 used on input line 9.
(pdftex.def)             Requested size: 550.85338pt x 795.67714pt.
 [22

 <./RESPONSE_R30.pdf>]
<RESPONSE_R30.pdf, id=296, page=3, 487.8225pt x 704.6325pt>
File: RESPONSE_R30.pdf Graphic file (type pdf)
<use RESPONSE_R30.pdf, page 3>
Package pdftex.def Info: RESPONSE_R30.pdf , page3 used on input line 9.
(pdftex.def)             Requested size: 550.85338pt x 795.67714pt.
File: RESPONSE_R30.pdf Graphic file (type pdf)
<use RESPONSE_R30.pdf, page 3>
Package pdftex.def Info: RESPONSE_R30.pdf , page3 used on input line 9.
(pdftex.def)             Requested size: 550.85338pt x 795.67714pt.
File: RESPONSE_R30.pdf Graphic file (type pdf)
<use RESPONSE_R30.pdf, page 3>
Package pdftex.def Info: RESPONSE_R30.pdf , page3 used on input line 9.
(pdftex.def)             Requested size: 550.85338pt x 795.67714pt.
 [23

 <./RESPONSE_R30.pdf>]
<RESPONSE_R30.pdf, id=301, page=4, 487.8225pt x 704.6325pt>
File: RESPONSE_R30.pdf Graphic file (type pdf)
<use RESPONSE_R30.pdf, page 4>
Package pdftex.def Info: RESPONSE_R30.pdf , page4 used on input line 9.
(pdftex.def)             Requested size: 550.85338pt x 795.67714pt.
File: RESPONSE_R30.pdf Graphic file (type pdf)
<use RESPONSE_R30.pdf, page 4>
Package pdftex.def Info: RESPONSE_R30.pdf , page4 used on input line 9.
(pdftex.def)             Requested size: 550.85338pt x 795.67714pt.
File: RESPONSE_R30.pdf Graphic file (type pdf)
<use RESPONSE_R30.pdf, page 4>
Package pdftex.def Info: RESPONSE_R30.pdf , page4 used on input line 9.
(pdftex.def)             Requested size: 550.85338pt x 795.67714pt.
 [24

 <./RESPONSE_R30.pdf>]
<RESPONSE_R30.pdf, id=306, page=5, 487.8225pt x 704.6325pt>
File: RESPONSE_R30.pdf Graphic file (type pdf)
<use RESPONSE_R30.pdf, page 5>
Package pdftex.def Info: RESPONSE_R30.pdf , page5 used on input line 9.
(pdftex.def)             Requested size: 550.85338pt x 795.67714pt.
File: RESPONSE_R30.pdf Graphic file (type pdf)
<use RESPONSE_R30.pdf, page 5>
Package pdftex.def Info: RESPONSE_R30.pdf , page5 used on input line 9.
(pdftex.def)             Requested size: 550.85338pt x 795.67714pt.
File: RESPONSE_R30.pdf Graphic file (type pdf)
<use RESPONSE_R30.pdf, page 5>
Package pdftex.def Info: RESPONSE_R30.pdf , page5 used on input line 9.
(pdftex.def)             Requested size: 550.85338pt x 795.67714pt.
 [25

 <./RESPONSE_R30.pdf>]
<RESPONSE_R30.pdf, id=312, page=6, 487.8225pt x 704.6325pt>
File: RESPONSE_R30.pdf Graphic file (type pdf)
<use RESPONSE_R30.pdf, page 6>
Package pdftex.def Info: RESPONSE_R30.pdf , page6 used on input line 9.
(pdftex.def)             Requested size: 550.85338pt x 795.67714pt.
File: RESPONSE_R30.pdf Graphic file (type pdf)
<use RESPONSE_R30.pdf, page 6>
Package pdftex.def Info: RESPONSE_R30.pdf , page6 used on input line 9.
(pdftex.def)             Requested size: 550.85338pt x 795.67714pt.
File: RESPONSE_R30.pdf Graphic file (type pdf)
<use RESPONSE_R30.pdf, page 6>
Package pdftex.def Info: RESPONSE_R30.pdf , page6 used on input line 9.
(pdftex.def)             Requested size: 550.85338pt x 795.67714pt.
 [26

 <./RESPONSE_R30.pdf>]
<RESPONSE_R30.pdf, id=317, page=7, 487.8225pt x 704.6325pt>
File: RESPONSE_R30.pdf Graphic file (type pdf)
<use RESPONSE_R30.pdf, page 7>
Package pdftex.def Info: RESPONSE_R30.pdf , page7 used on input line 9.
(pdftex.def)             Requested size: 550.85338pt x 795.67714pt.
File: RESPONSE_R30.pdf Graphic file (type pdf)
<use RESPONSE_R30.pdf, page 7>
Package pdftex.def Info: RESPONSE_R30.pdf , page7 used on input line 9.
(pdftex.def)             Requested size: 550.85338pt x 795.67714pt.
File: RESPONSE_R30.pdf Graphic file (type pdf)
<use RESPONSE_R30.pdf, page 7>
Package pdftex.def Info: RESPONSE_R30.pdf , page7 used on input line 9.
(pdftex.def)             Requested size: 550.85338pt x 795.67714pt.
 [27

 <./RESPONSE_R30.pdf>]
<RESPONSE_R30.pdf, id=322, page=8, 487.8225pt x 704.6325pt>
File: RESPONSE_R30.pdf Graphic file (type pdf)
<use RESPONSE_R30.pdf, page 8>
Package pdftex.def Info: RESPONSE_R30.pdf , page8 used on input line 9.
(pdftex.def)             Requested size: 550.85338pt x 795.67714pt.
File: RESPONSE_R30.pdf Graphic file (type pdf)
<use RESPONSE_R30.pdf, page 8>
Package pdftex.def Info: RESPONSE_R30.pdf , page8 used on input line 9.
(pdftex.def)             Requested size: 550.85338pt x 795.67714pt.
File: RESPONSE_R30.pdf Graphic file (type pdf)
<use RESPONSE_R30.pdf, page 8>
Package pdftex.def Info: RESPONSE_R30.pdf , page8 used on input line 9.
(pdftex.def)             Requested size: 550.85338pt x 795.67714pt.
 [28

 <./RESPONSE_R30.pdf>]
<COMPUTATION_R30.pdf, id=327, 487.8225pt x 704.6325pt>
File: COMPUTATION_R30.pdf Graphic file (type pdf)
<use COMPUTATION_R30.pdf>
Package pdftex.def Info: COMPUTATION_R30.pdf  used on input line 10.
(pdftex.def)             Requested size: 487.8213pt x 704.6308pt.
File: COMPUTATION_R30.pdf Graphic file (type pdf)
<use COMPUTATION_R30.pdf>
Package pdftex.def Info: COMPUTATION_R30.pdf  used on input line 10.
(pdftex.def)             Requested size: 487.8213pt x 704.6308pt.
<COMPUTATION_R30.pdf, id=330, page=1, 487.8225pt x 704.6325pt>
File: COMPUTATION_R30.pdf Graphic file (type pdf)
<use COMPUTATION_R30.pdf, page 1>
Package pdftex.def Info: COMPUTATION_R30.pdf , page1 used on input line 10.
(pdftex.def)             Requested size: 487.8213pt x 704.6308pt.
File: COMPUTATION_R30.pdf Graphic file (type pdf)
<use COMPUTATION_R30.pdf, page 1>
Package pdftex.def Info: COMPUTATION_R30.pdf , page1 used on input line 10.
(pdftex.def)             Requested size: 550.85338pt x 795.67714pt.
File: COMPUTATION_R30.pdf Graphic file (type pdf)
<use COMPUTATION_R30.pdf, page 1>
Package pdftex.def Info: COMPUTATION_R30.pdf , page1 used on input line 10.
(pdftex.def)             Requested size: 550.85338pt x 795.67714pt.
File: COMPUTATION_R30.pdf Graphic file (type pdf)
<use COMPUTATION_R30.pdf, page 1>
Package pdftex.def Info: COMPUTATION_R30.pdf , page1 used on input line 10.
(pdftex.def)             Requested size: 550.85338pt x 795.67714pt.
File: COMPUTATION_R30.pdf Graphic file (type pdf)
<use COMPUTATION_R30.pdf, page 1>
Package pdftex.def Info: COMPUTATION_R30.pdf , page1 used on input line 10.
(pdftex.def)             Requested size: 550.85338pt x 795.67714pt.
 [29

 <./COMPUTATION_R30.pdf>]
<COMPUTATION_R30.pdf, id=361, page=2, 487.8225pt x 704.6325pt>
File: COMPUTATION_R30.pdf Graphic file (type pdf)
<use COMPUTATION_R30.pdf, page 2>
Package pdftex.def Info: COMPUTATION_R30.pdf , page2 used on input line 10.
(pdftex.def)             Requested size: 550.85338pt x 795.67714pt.
File: COMPUTATION_R30.pdf Graphic file (type pdf)
<use COMPUTATION_R30.pdf, page 2>
Package pdftex.def Info: COMPUTATION_R30.pdf , page2 used on input line 10.
(pdftex.def)             Requested size: 550.85338pt x 795.67714pt.
File: COMPUTATION_R30.pdf Graphic file (type pdf)
<use COMPUTATION_R30.pdf, page 2>
Package pdftex.def Info: COMPUTATION_R30.pdf , page2 used on input line 10.
(pdftex.def)             Requested size: 550.85338pt x 795.67714pt.
 [30

 <./COMPUTATION_R30.pdf>]
<COMPUTATION_R30.pdf, id=382, page=3, 487.8225pt x 704.6325pt>
File: COMPUTATION_R30.pdf Graphic file (type pdf)
<use COMPUTATION_R30.pdf, page 3>
Package pdftex.def Info: COMPUTATION_R30.pdf , page3 used on input line 10.
(pdftex.def)             Requested size: 550.85338pt x 795.67714pt.
File: COMPUTATION_R30.pdf Graphic file (type pdf)
<use COMPUTATION_R30.pdf, page 3>
Package pdftex.def Info: COMPUTATION_R30.pdf , page3 used on input line 10.
(pdftex.def)             Requested size: 550.85338pt x 795.67714pt.
File: COMPUTATION_R30.pdf Graphic file (type pdf)
<use COMPUTATION_R30.pdf, page 3>
Package pdftex.def Info: COMPUTATION_R30.pdf , page3 used on input line 10.
(pdftex.def)             Requested size: 550.85338pt x 795.67714pt.
 [31

 <./COMPUTATION_R30.pdf>]
<COMPUTATION_R30.pdf, id=388, page=4, 487.8225pt x 704.6325pt>
File: COMPUTATION_R30.pdf Graphic file (type pdf)
<use COMPUTATION_R30.pdf, page 4>
Package pdftex.def Info: COMPUTATION_R30.pdf , page4 used on input line 10.
(pdftex.def)             Requested size: 550.85338pt x 795.67714pt.
File: COMPUTATION_R30.pdf Graphic file (type pdf)
<use COMPUTATION_R30.pdf, page 4>
Package pdftex.def Info: COMPUTATION_R30.pdf , page4 used on input line 10.
(pdftex.def)             Requested size: 550.85338pt x 795.67714pt.
File: COMPUTATION_R30.pdf Graphic file (type pdf)
<use COMPUTATION_R30.pdf, page 4>
Package pdftex.def Info: COMPUTATION_R30.pdf , page4 used on input line 10.
(pdftex.def)             Requested size: 550.85338pt x 795.67714pt.
 [32

 <./COMPUTATION_R30.pdf>]
<COMPUTATION_R30.pdf, id=393, page=5, 487.8225pt x 704.6325pt>
File: COMPUTATION_R30.pdf Graphic file (type pdf)
<use COMPUTATION_R30.pdf, page 5>
Package pdftex.def Info: COMPUTATION_R30.pdf , page5 used on input line 10.
(pdftex.def)             Requested size: 550.85338pt x 795.67714pt.
File: COMPUTATION_R30.pdf Graphic file (type pdf)
<use COMPUTATION_R30.pdf, page 5>
Package pdftex.def Info: COMPUTATION_R30.pdf , page5 used on input line 10.
(pdftex.def)             Requested size: 550.85338pt x 795.67714pt.
File: COMPUTATION_R30.pdf Graphic file (type pdf)
<use COMPUTATION_R30.pdf, page 5>
Package pdftex.def Info: COMPUTATION_R30.pdf , page5 used on input line 10.
(pdftex.def)             Requested size: 550.85338pt x 795.67714pt.
 [33

 <./COMPUTATION_R30.pdf>]
<HISTORY_R30.pdf, id=398, 614.295pt x 794.97pt>
File: HISTORY_R30.pdf Graphic file (type pdf)
<use HISTORY_R30.pdf>
Package pdftex.def Info: HISTORY_R30.pdf  used on input line 11.
(pdftex.def)             Requested size: 614.29349pt x 794.96806pt.
File: HISTORY_R30.pdf Graphic file (type pdf)
<use HISTORY_R30.pdf>
Package pdftex.def Info: HISTORY_R30.pdf  used on input line 11.
(pdftex.def)             Requested size: 614.29349pt x 794.96806pt.
<HISTORY_R30.pdf, id=401, page=1, 614.295pt x 794.97pt>
File: HISTORY_R30.pdf Graphic file (type pdf)
<use HISTORY_R30.pdf, page 1>
Package pdftex.def Info: HISTORY_R30.pdf , page1 used on input line 11.
(pdftex.def)             Requested size: 614.29349pt x 794.96806pt.
File: HISTORY_R30.pdf Graphic file (type pdf)
<use HISTORY_R30.pdf, page 1>
Package pdftex.def Info: HISTORY_R30.pdf , page1 used on input line 11.
(pdftex.def)             Requested size: 614.58406pt x 795.3441pt.
File: HISTORY_R30.pdf Graphic file (type pdf)
<use HISTORY_R30.pdf, page 1>
Package pdftex.def Info: HISTORY_R30.pdf , page1 used on input line 11.
(pdftex.def)             Requested size: 614.58406pt x 795.3441pt.
File: HISTORY_R30.pdf Graphic file (type pdf)
<use HISTORY_R30.pdf, page 1>
Package pdftex.def Info: HISTORY_R30.pdf , page1 used on input line 11.
(pdftex.def)             Requested size: 614.58406pt x 795.3441pt.
File: HISTORY_R30.pdf Graphic file (type pdf)
<use HISTORY_R30.pdf, page 1>
Package pdftex.def Info: HISTORY_R30.pdf , page1 used on input line 11.
(pdftex.def)             Requested size: 614.58406pt x 795.3441pt.
 [34

 <./HISTORY_R30.pdf>]
<HISTORY_R30.pdf, id=425, page=2, 614.295pt x 794.97pt>
File: HISTORY_R30.pdf Graphic file (type pdf)
<use HISTORY_R30.pdf, page 2>
Package pdftex.def Info: HISTORY_R30.pdf , page2 used on input line 11.
(pdftex.def)             Requested size: 614.58406pt x 795.3441pt.
File: HISTORY_R30.pdf Graphic file (type pdf)
<use HISTORY_R30.pdf, page 2>
Package pdftex.def Info: HISTORY_R30.pdf , page2 used on input line 11.
(pdftex.def)             Requested size: 614.58406pt x 795.3441pt.
File: HISTORY_R30.pdf Graphic file (type pdf)
<use HISTORY_R30.pdf, page 2>
Package pdftex.def Info: HISTORY_R30.pdf , page2 used on input line 11.
(pdftex.def)             Requested size: 614.58406pt x 795.3441pt.
 [35

 <./HISTORY_R30.pdf>]
<HISTORY_R30.pdf, id=453, page=3, 614.295pt x 794.97pt>
File: HISTORY_R30.pdf Graphic file (type pdf)
<use HISTORY_R30.pdf, page 3>
Package pdftex.def Info: HISTORY_R30.pdf , page3 used on input line 11.
(pdftex.def)             Requested size: 614.58406pt x 795.3441pt.
File: HISTORY_R30.pdf Graphic file (type pdf)
<use HISTORY_R30.pdf, page 3>
Package pdftex.def Info: HISTORY_R30.pdf , page3 used on input line 11.
(pdftex.def)             Requested size: 614.58406pt x 795.3441pt.
File: HISTORY_R30.pdf Graphic file (type pdf)
<use HISTORY_R30.pdf, page 3>
Package pdftex.def Info: HISTORY_R30.pdf , page3 used on input line 11.
(pdftex.def)             Requested size: 614.58406pt x 795.3441pt.
 [36

 <./HISTORY_R30.pdf>]
<HISTORY_R30.pdf, id=466, page=4, 614.295pt x 794.97pt>
File: HISTORY_R30.pdf Graphic file (type pdf)
<use HISTORY_R30.pdf, page 4>
Package pdftex.def Info: HISTORY_R30.pdf , page4 used on input line 11.
(pdftex.def)             Requested size: 614.58406pt x 795.3441pt.
File: HISTORY_R30.pdf Graphic file (type pdf)
<use HISTORY_R30.pdf, page 4>
Package pdftex.def Info: HISTORY_R30.pdf , page4 used on input line 11.
(pdftex.def)             Requested size: 614.58406pt x 795.3441pt.
File: HISTORY_R30.pdf Graphic file (type pdf)
<use HISTORY_R30.pdf, page 4>
Package pdftex.def Info: HISTORY_R30.pdf , page4 used on input line 11.
(pdftex.def)             Requested size: 614.58406pt x 795.3441pt.
 [37

 <./HISTORY_R30.pdf>]
<HISTORY_R30.pdf, id=516, page=5, 614.295pt x 794.97pt>
File: HISTORY_R30.pdf Graphic file (type pdf)
<use HISTORY_R30.pdf, page 5>
Package pdftex.def Info: HISTORY_R30.pdf , page5 used on input line 11.
(pdftex.def)             Requested size: 614.58406pt x 795.3441pt.
File: HISTORY_R30.pdf Graphic file (type pdf)
<use HISTORY_R30.pdf, page 5>
Package pdftex.def Info: HISTORY_R30.pdf , page5 used on input line 11.
(pdftex.def)             Requested size: 614.58406pt x 795.3441pt.
File: HISTORY_R30.pdf Graphic file (type pdf)
<use HISTORY_R30.pdf, page 5>
Package pdftex.def Info: HISTORY_R30.pdf , page5 used on input line 11.
(pdftex.def)             Requested size: 614.58406pt x 795.3441pt.
 [38

 <./HISTORY_R30.pdf>]
<HISTORY_R30.pdf, id=522, page=6, 614.295pt x 794.97pt>
File: HISTORY_R30.pdf Graphic file (type pdf)
<use HISTORY_R30.pdf, page 6>
Package pdftex.def Info: HISTORY_R30.pdf , page6 used on input line 11.
(pdftex.def)             Requested size: 614.58406pt x 795.3441pt.
File: HISTORY_R30.pdf Graphic file (type pdf)
<use HISTORY_R30.pdf, page 6>
Package pdftex.def Info: HISTORY_R30.pdf , page6 used on input line 11.
(pdftex.def)             Requested size: 614.58406pt x 795.3441pt.
File: HISTORY_R30.pdf Graphic file (type pdf)
<use HISTORY_R30.pdf, page 6>
Package pdftex.def Info: HISTORY_R30.pdf , page6 used on input line 11.
(pdftex.def)             Requested size: 614.58406pt x 795.3441pt.
 [39

 <./HISTORY_R30.pdf>]
<HISTORY_R30.pdf, id=542, page=7, 614.295pt x 794.97pt>
File: HISTORY_R30.pdf Graphic file (type pdf)
<use HISTORY_R30.pdf, page 7>
Package pdftex.def Info: HISTORY_R30.pdf , page7 used on input line 11.
(pdftex.def)             Requested size: 614.58406pt x 795.3441pt.
File: HISTORY_R30.pdf Graphic file (type pdf)
<use HISTORY_R30.pdf, page 7>
Package pdftex.def Info: HISTORY_R30.pdf , page7 used on input line 11.
(pdftex.def)             Requested size: 614.58406pt x 795.3441pt.
File: HISTORY_R30.pdf Graphic file (type pdf)
<use HISTORY_R30.pdf, page 7>
Package pdftex.def Info: HISTORY_R30.pdf , page7 used on input line 11.
(pdftex.def)             Requested size: 614.58406pt x 795.3441pt.
 [40

 <./HISTORY_R30.pdf>]
<HISTORY_R30.pdf, id=548, page=8, 614.295pt x 794.97pt>
File: HISTORY_R30.pdf Graphic file (type pdf)
<use HISTORY_R30.pdf, page 8>
Package pdftex.def Info: HISTORY_R30.pdf , page8 used on input line 11.
(pdftex.def)             Requested size: 614.58406pt x 795.3441pt.
File: HISTORY_R30.pdf Graphic file (type pdf)
<use HISTORY_R30.pdf, page 8>
Package pdftex.def Info: HISTORY_R30.pdf , page8 used on input line 11.
(pdftex.def)             Requested size: 614.58406pt x 795.3441pt.
File: HISTORY_R30.pdf Graphic file (type pdf)
<use HISTORY_R30.pdf, page 8>
Package pdftex.def Info: HISTORY_R30.pdf , page8 used on input line 11.
(pdftex.def)             Requested size: 614.58406pt x 795.3441pt.
 [41

 <./HISTORY_R30.pdf>]
<HISTORY_R30.pdf, id=554, page=9, 614.295pt x 794.97pt>
File: HISTORY_R30.pdf Graphic file (type pdf)
<use HISTORY_R30.pdf, page 9>
Package pdftex.def Info: HISTORY_R30.pdf , page9 used on input line 11.
(pdftex.def)             Requested size: 614.58406pt x 795.3441pt.
File: HISTORY_R30.pdf Graphic file (type pdf)
<use HISTORY_R30.pdf, page 9>
Package pdftex.def Info: HISTORY_R30.pdf , page9 used on input line 11.
(pdftex.def)             Requested size: 614.58406pt x 795.3441pt.
File: HISTORY_R30.pdf Graphic file (type pdf)
<use HISTORY_R30.pdf, page 9>
Package pdftex.def Info: HISTORY_R30.pdf , page9 used on input line 11.
(pdftex.def)             Requested size: 614.58406pt x 795.3441pt.
 [42

 <./HISTORY_R30.pdf>]
<HISTORY_R30.pdf, id=560, page=10, 614.295pt x 794.97pt>
File: HISTORY_R30.pdf Graphic file (type pdf)
<use HISTORY_R30.pdf, page 10>
Package pdftex.def Info: HISTORY_R30.pdf , page10 used on input line 11.
(pdftex.def)             Requested size: 614.58406pt x 795.3441pt.
File: HISTORY_R30.pdf Graphic file (type pdf)
<use HISTORY_R30.pdf, page 10>
Package pdftex.def Info: HISTORY_R30.pdf , page10 used on input line 11.
(pdftex.def)             Requested size: 614.58406pt x 795.3441pt.
File: HISTORY_R30.pdf Graphic file (type pdf)
<use HISTORY_R30.pdf, page 10>
Package pdftex.def Info: HISTORY_R30.pdf , page10 used on input line 11.
(pdftex.def)             Requested size: 614.58406pt x 795.3441pt.
 [43

 <./HISTORY_R30.pdf>]
<HISTORY_R30.pdf, id=574, page=11, 614.295pt x 794.97pt>
File: HISTORY_R30.pdf Graphic file (type pdf)
<use HISTORY_R30.pdf, page 11>
Package pdftex.def Info: HISTORY_R30.pdf , page11 used on input line 11.
(pdftex.def)             Requested size: 614.58406pt x 795.3441pt.
File: HISTORY_R30.pdf Graphic file (type pdf)
<use HISTORY_R30.pdf, page 11>
Package pdftex.def Info: HISTORY_R30.pdf , page11 used on input line 11.
(pdftex.def)             Requested size: 614.58406pt x 795.3441pt.
File: HISTORY_R30.pdf Graphic file (type pdf)
<use HISTORY_R30.pdf, page 11>
Package pdftex.def Info: HISTORY_R30.pdf , page11 used on input line 11.
(pdftex.def)             Requested size: 614.58406pt x 795.3441pt.
 [44

 <./HISTORY_R30.pdf>]
<HISTORY_R30.pdf, id=580, page=12, 614.295pt x 794.97pt>
File: HISTORY_R30.pdf Graphic file (type pdf)
<use HISTORY_R30.pdf, page 12>
Package pdftex.def Info: HISTORY_R30.pdf , page12 used on input line 11.
(pdftex.def)             Requested size: 614.58406pt x 795.3441pt.
File: HISTORY_R30.pdf Graphic file (type pdf)
<use HISTORY_R30.pdf, page 12>
Package pdftex.def Info: HISTORY_R30.pdf , page12 used on input line 11.
(pdftex.def)             Requested size: 614.58406pt x 795.3441pt.
File: HISTORY_R30.pdf Graphic file (type pdf)
<use HISTORY_R30.pdf, page 12>
Package pdftex.def Info: HISTORY_R30.pdf , page12 used on input line 11.
(pdftex.def)             Requested size: 614.58406pt x 795.3441pt.
 [45

 <./HISTORY_R30.pdf>]
<HISTORY_R30.pdf, id=621, page=13, 614.295pt x 794.97pt>
File: HISTORY_R30.pdf Graphic file (type pdf)
<use HISTORY_R30.pdf, page 13>
Package pdftex.def Info: HISTORY_R30.pdf , page13 used on input line 11.
(pdftex.def)             Requested size: 614.58406pt x 795.3441pt.
File: HISTORY_R30.pdf Graphic file (type pdf)
<use HISTORY_R30.pdf, page 13>
Package pdftex.def Info: HISTORY_R30.pdf , page13 used on input line 11.
(pdftex.def)             Requested size: 614.58406pt x 795.3441pt.
File: HISTORY_R30.pdf Graphic file (type pdf)
<use HISTORY_R30.pdf, page 13>
Package pdftex.def Info: HISTORY_R30.pdf , page13 used on input line 11.
(pdftex.def)             Requested size: 614.58406pt x 795.3441pt.
 [46

 <./HISTORY_R30.pdf>]
<HISTORY_R30.pdf, id=634, page=14, 614.295pt x 794.97pt>
File: HISTORY_R30.pdf Graphic file (type pdf)
<use HISTORY_R30.pdf, page 14>
Package pdftex.def Info: HISTORY_R30.pdf , page14 used on input line 11.
(pdftex.def)             Requested size: 614.58406pt x 795.3441pt.
File: HISTORY_R30.pdf Graphic file (type pdf)
<use HISTORY_R30.pdf, page 14>
Package pdftex.def Info: HISTORY_R30.pdf , page14 used on input line 11.
(pdftex.def)             Requested size: 614.58406pt x 795.3441pt.
File: HISTORY_R30.pdf Graphic file (type pdf)
<use HISTORY_R30.pdf, page 14>
Package pdftex.def Info: HISTORY_R30.pdf , page14 used on input line 11.
(pdftex.def)             Requested size: 614.58406pt x 795.3441pt.

[47

 <./HISTORY_R30.pdf>]
<HISTORY_R30.pdf, id=647, page=15, 614.295pt x 794.97pt>
File: HISTORY_R30.pdf Graphic file (type pdf)
<use HISTORY_R30.pdf, page 15>
Package pdftex.def Info: HISTORY_R30.pdf , page15 used on input line 11.
(pdftex.def)             Requested size: 614.58406pt x 795.3441pt.
File: HISTORY_R30.pdf Graphic file (type pdf)
<use HISTORY_R30.pdf, page 15>
Package pdftex.def Info: HISTORY_R30.pdf , page15 used on input line 11.
(pdftex.def)             Requested size: 614.58406pt x 795.3441pt.
File: HISTORY_R30.pdf Graphic file (type pdf)
<use HISTORY_R30.pdf, page 15>
Package pdftex.def Info: HISTORY_R30.pdf , page15 used on input line 11.
(pdftex.def)             Requested size: 614.58406pt x 795.3441pt.
 [48

 <./HISTORY_R30.pdf>]
<HISTORY_R30.pdf, id=653, page=16, 614.295pt x 794.97pt>
File: HISTORY_R30.pdf Graphic file (type pdf)
<use HISTORY_R30.pdf, page 16>
Package pdftex.def Info: HISTORY_R30.pdf , page16 used on input line 11.
(pdftex.def)             Requested size: 614.58406pt x 795.3441pt.
File: HISTORY_R30.pdf Graphic file (type pdf)
<use HISTORY_R30.pdf, page 16>
Package pdftex.def Info: HISTORY_R30.pdf , page16 used on input line 11.
(pdftex.def)             Requested size: 614.58406pt x 795.3441pt.
File: HISTORY_R30.pdf Graphic file (type pdf)
<use HISTORY_R30.pdf, page 16>
Package pdftex.def Info: HISTORY_R30.pdf , page16 used on input line 11.
(pdftex.def)             Requested size: 614.58406pt x 795.3441pt.
 [49

 <./HISTORY_R30.pdf>]
<HISTORY_R30.pdf, id=660, page=17, 614.295pt x 794.97pt>
File: HISTORY_R30.pdf Graphic file (type pdf)
<use HISTORY_R30.pdf, page 17>
Package pdftex.def Info: HISTORY_R30.pdf , page17 used on input line 11.
(pdftex.def)             Requested size: 614.58406pt x 795.3441pt.
File: HISTORY_R30.pdf Graphic file (type pdf)
<use HISTORY_R30.pdf, page 17>
Package pdftex.def Info: HISTORY_R30.pdf , page17 used on input line 11.
(pdftex.def)             Requested size: 614.58406pt x 795.3441pt.
File: HISTORY_R30.pdf Graphic file (type pdf)
<use HISTORY_R30.pdf, page 17>
Package pdftex.def Info: HISTORY_R30.pdf , page17 used on input line 11.
(pdftex.def)             Requested size: 614.58406pt x 795.3441pt.

[50

 <./HISTORY_R30.pdf>]
<HISTORY_R30.pdf, id=666, page=18, 614.295pt x 794.97pt>
File: HISTORY_R30.pdf Graphic file (type pdf)
<use HISTORY_R30.pdf, page 18>
Package pdftex.def Info: HISTORY_R30.pdf , page18 used on input line 11.
(pdftex.def)             Requested size: 614.58406pt x 795.3441pt.
File: HISTORY_R30.pdf Graphic file (type pdf)
<use HISTORY_R30.pdf, page 18>
Package pdftex.def Info: HISTORY_R30.pdf , page18 used on input line 11.
(pdftex.def)             Requested size: 614.58406pt x 795.3441pt.
File: HISTORY_R30.pdf Graphic file (type pdf)
<use HISTORY_R30.pdf, page 18>
Package pdftex.def Info: HISTORY_R30.pdf , page18 used on input line 11.
(pdftex.def)             Requested size: 614.58406pt x 795.3441pt.
 [51

 <./HISTORY_R30.pdf>]
<HISTORY_R30.pdf, id=672, page=19, 614.295pt x 794.97pt>
File: HISTORY_R30.pdf Graphic file (type pdf)
<use HISTORY_R30.pdf, page 19>
Package pdftex.def Info: HISTORY_R30.pdf , page19 used on input line 11.
(pdftex.def)             Requested size: 614.58406pt x 795.3441pt.
File: HISTORY_R30.pdf Graphic file (type pdf)
<use HISTORY_R30.pdf, page 19>
Package pdftex.def Info: HISTORY_R30.pdf , page19 used on input line 11.
(pdftex.def)             Requested size: 614.58406pt x 795.3441pt.
File: HISTORY_R30.pdf Graphic file (type pdf)
<use HISTORY_R30.pdf, page 19>
Package pdftex.def Info: HISTORY_R30.pdf , page19 used on input line 11.
(pdftex.def)             Requested size: 614.58406pt x 795.3441pt.
 [52

 <./HISTORY_R30.pdf>]
<HISTORY_R30.pdf, id=678, page=20, 614.295pt x 794.97pt>
File: HISTORY_R30.pdf Graphic file (type pdf)
<use HISTORY_R30.pdf, page 20>
Package pdftex.def Info: HISTORY_R30.pdf , page20 used on input line 11.
(pdftex.def)             Requested size: 614.58406pt x 795.3441pt.
File: HISTORY_R30.pdf Graphic file (type pdf)
<use HISTORY_R30.pdf, page 20>
Package pdftex.def Info: HISTORY_R30.pdf , page20 used on input line 11.
(pdftex.def)             Requested size: 614.58406pt x 795.3441pt.
File: HISTORY_R30.pdf Graphic file (type pdf)
<use HISTORY_R30.pdf, page 20>
Package pdftex.def Info: HISTORY_R30.pdf , page20 used on input line 11.
(pdftex.def)             Requested size: 614.58406pt x 795.3441pt.

[53

 <./HISTORY_R30.pdf>]
<HISTORY_R30.pdf, id=685, page=21, 614.295pt x 794.97pt>
File: HISTORY_R30.pdf Graphic file (type pdf)
<use HISTORY_R30.pdf, page 21>
Package pdftex.def Info: HISTORY_R30.pdf , page21 used on input line 11.
(pdftex.def)             Requested size: 614.58406pt x 795.3441pt.
File: HISTORY_R30.pdf Graphic file (type pdf)
<use HISTORY_R30.pdf, page 21>
Package pdftex.def Info: HISTORY_R30.pdf , page21 used on input line 11.
(pdftex.def)             Requested size: 614.58406pt x 795.3441pt.
File: HISTORY_R30.pdf Graphic file (type pdf)
<use HISTORY_R30.pdf, page 21>
Package pdftex.def Info: HISTORY_R30.pdf , page21 used on input line 11.
(pdftex.def)             Requested size: 614.58406pt x 795.3441pt.
 [54

 <./HISTORY_R30.pdf>]
<HISTORY_R30.pdf, id=691, page=22, 614.295pt x 794.97pt>
File: HISTORY_R30.pdf Graphic file (type pdf)
<use HISTORY_R30.pdf, page 22>
Package pdftex.def Info: HISTORY_R30.pdf , page22 used on input line 11.
(pdftex.def)             Requested size: 614.58406pt x 795.3441pt.
File: HISTORY_R30.pdf Graphic file (type pdf)
<use HISTORY_R30.pdf, page 22>
Package pdftex.def Info: HISTORY_R30.pdf , page22 used on input line 11.
(pdftex.def)             Requested size: 614.58406pt x 795.3441pt.
File: HISTORY_R30.pdf Graphic file (type pdf)
<use HISTORY_R30.pdf, page 22>
Package pdftex.def Info: HISTORY_R30.pdf , page22 used on input line 11.
(pdftex.def)             Requested size: 614.58406pt x 795.3441pt.
 [55

 <./HISTORY_R30.pdf>]
<HISTORY_R30.pdf, id=698, page=23, 614.295pt x 794.97pt>
File: HISTORY_R30.pdf Graphic file (type pdf)
<use HISTORY_R30.pdf, page 23>
Package pdftex.def Info: HISTORY_R30.pdf , page23 used on input line 11.
(pdftex.def)             Requested size: 614.58406pt x 795.3441pt.
File: HISTORY_R30.pdf Graphic file (type pdf)
<use HISTORY_R30.pdf, page 23>
Package pdftex.def Info: HISTORY_R30.pdf , page23 used on input line 11.
(pdftex.def)             Requested size: 614.58406pt x 795.3441pt.
File: HISTORY_R30.pdf Graphic file (type pdf)
<use HISTORY_R30.pdf, page 23>
Package pdftex.def Info: HISTORY_R30.pdf , page23 used on input line 11.
(pdftex.def)             Requested size: 614.58406pt x 795.3441pt.

[56

 <./HISTORY_R30.pdf>]
<HISTORY_R30.pdf, id=704, page=24, 614.295pt x 794.97pt>
File: HISTORY_R30.pdf Graphic file (type pdf)
<use HISTORY_R30.pdf, page 24>
Package pdftex.def Info: HISTORY_R30.pdf , page24 used on input line 11.
(pdftex.def)             Requested size: 614.58406pt x 795.3441pt.
File: HISTORY_R30.pdf Graphic file (type pdf)
<use HISTORY_R30.pdf, page 24>
Package pdftex.def Info: HISTORY_R30.pdf , page24 used on input line 11.
(pdftex.def)             Requested size: 614.58406pt x 795.3441pt.
File: HISTORY_R30.pdf Graphic file (type pdf)
<use HISTORY_R30.pdf, page 24>
Package pdftex.def Info: HISTORY_R30.pdf , page24 used on input line 11.
(pdftex.def)             Requested size: 614.58406pt x 795.3441pt.
 [57

 <./HISTORY_R30.pdf>]
<HISTORY_R30.pdf, id=710, page=25, 614.295pt x 794.97pt>
File: HISTORY_R30.pdf Graphic file (type pdf)
<use HISTORY_R30.pdf, page 25>
Package pdftex.def Info: HISTORY_R30.pdf , page25 used on input line 11.
(pdftex.def)             Requested size: 614.58406pt x 795.3441pt.
File: HISTORY_R30.pdf Graphic file (type pdf)
<use HISTORY_R30.pdf, page 25>
Package pdftex.def Info: HISTORY_R30.pdf , page25 used on input line 11.
(pdftex.def)             Requested size: 614.58406pt x 795.3441pt.
File: HISTORY_R30.pdf Graphic file (type pdf)
<use HISTORY_R30.pdf, page 25>
Package pdftex.def Info: HISTORY_R30.pdf , page25 used on input line 11.
(pdftex.def)             Requested size: 614.58406pt x 795.3441pt.
 [58

 <./HISTORY_R30.pdf>]
<HISTORY_R30.pdf, id=716, page=26, 614.295pt x 794.97pt>
File: HISTORY_R30.pdf Graphic file (type pdf)
<use HISTORY_R30.pdf, page 26>
Package pdftex.def Info: HISTORY_R30.pdf , page26 used on input line 11.
(pdftex.def)             Requested size: 614.58406pt x 795.3441pt.
File: HISTORY_R30.pdf Graphic file (type pdf)
<use HISTORY_R30.pdf, page 26>
Package pdftex.def Info: HISTORY_R30.pdf , page26 used on input line 11.
(pdftex.def)             Requested size: 614.58406pt x 795.3441pt.
File: HISTORY_R30.pdf Graphic file (type pdf)
<use HISTORY_R30.pdf, page 26>
Package pdftex.def Info: HISTORY_R30.pdf , page26 used on input line 11.
(pdftex.def)             Requested size: 614.58406pt x 795.3441pt.

[59

 <./HISTORY_R30.pdf>]
<HISTORY_R30.pdf, id=722, page=27, 614.295pt x 794.97pt>
File: HISTORY_R30.pdf Graphic file (type pdf)
<use HISTORY_R30.pdf, page 27>
Package pdftex.def Info: HISTORY_R30.pdf , page27 used on input line 11.
(pdftex.def)             Requested size: 614.58406pt x 795.3441pt.
File: HISTORY_R30.pdf Graphic file (type pdf)
<use HISTORY_R30.pdf, page 27>
Package pdftex.def Info: HISTORY_R30.pdf , page27 used on input line 11.
(pdftex.def)             Requested size: 614.58406pt x 795.3441pt.
File: HISTORY_R30.pdf Graphic file (type pdf)
<use HISTORY_R30.pdf, page 27>
Package pdftex.def Info: HISTORY_R30.pdf , page27 used on input line 11.
(pdftex.def)             Requested size: 614.58406pt x 795.3441pt.
 [60

 <./HISTORY_R30.pdf>]
<HISTORY_R30.pdf, id=752, page=28, 614.295pt x 794.97pt>
File: HISTORY_R30.pdf Graphic file (type pdf)
<use HISTORY_R30.pdf, page 28>
Package pdftex.def Info: HISTORY_R30.pdf , page28 used on input line 11.
(pdftex.def)             Requested size: 614.58406pt x 795.3441pt.
File: HISTORY_R30.pdf Graphic file (type pdf)
<use HISTORY_R30.pdf, page 28>
Package pdftex.def Info: HISTORY_R30.pdf , page28 used on input line 11.
(pdftex.def)             Requested size: 614.58406pt x 795.3441pt.
File: HISTORY_R30.pdf Graphic file (type pdf)
<use HISTORY_R30.pdf, page 28>
Package pdftex.def Info: HISTORY_R30.pdf , page28 used on input line 11.
(pdftex.def)             Requested size: 614.58406pt x 795.3441pt.
 [61

 <./HISTORY_R30.pdf>]
<HISTORY_R30.pdf, id=767, page=29, 614.295pt x 794.97pt>
File: HISTORY_R30.pdf Graphic file (type pdf)
<use HISTORY_R30.pdf, page 29>
Package pdftex.def Info: HISTORY_R30.pdf , page29 used on input line 11.
(pdftex.def)             Requested size: 614.58406pt x 795.3441pt.
File: HISTORY_R30.pdf Graphic file (type pdf)
<use HISTORY_R30.pdf, page 29>
Package pdftex.def Info: HISTORY_R30.pdf , page29 used on input line 11.
(pdftex.def)             Requested size: 614.58406pt x 795.3441pt.
File: HISTORY_R30.pdf Graphic file (type pdf)
<use HISTORY_R30.pdf, page 29>
Package pdftex.def Info: HISTORY_R30.pdf , page29 used on input line 11.
(pdftex.def)             Requested size: 614.58406pt x 795.3441pt.

[62

 <./HISTORY_R30.pdf>]
<HISTORY_R30.pdf, id=785, page=30, 614.295pt x 794.97pt>
File: HISTORY_R30.pdf Graphic file (type pdf)
<use HISTORY_R30.pdf, page 30>
Package pdftex.def Info: HISTORY_R30.pdf , page30 used on input line 11.
(pdftex.def)             Requested size: 614.58406pt x 795.3441pt.
File: HISTORY_R30.pdf Graphic file (type pdf)
<use HISTORY_R30.pdf, page 30>
Package pdftex.def Info: HISTORY_R30.pdf , page30 used on input line 11.
(pdftex.def)             Requested size: 614.58406pt x 795.3441pt.
File: HISTORY_R30.pdf Graphic file (type pdf)
<use HISTORY_R30.pdf, page 30>
Package pdftex.def Info: HISTORY_R30.pdf , page30 used on input line 11.
(pdftex.def)             Requested size: 614.58406pt x 795.3441pt.
 [63

 <./HISTORY_R30.pdf>]
<HISTORY_R30.pdf, id=791, page=31, 614.295pt x 794.97pt>
File: HISTORY_R30.pdf Graphic file (type pdf)
<use HISTORY_R30.pdf, page 31>
Package pdftex.def Info: HISTORY_R30.pdf , page31 used on input line 11.
(pdftex.def)             Requested size: 614.58406pt x 795.3441pt.
File: HISTORY_R30.pdf Graphic file (type pdf)
<use HISTORY_R30.pdf, page 31>
Package pdftex.def Info: HISTORY_R30.pdf , page31 used on input line 11.
(pdftex.def)             Requested size: 614.58406pt x 795.3441pt.
File: HISTORY_R30.pdf Graphic file (type pdf)
<use HISTORY_R30.pdf, page 31>
Package pdftex.def Info: HISTORY_R30.pdf , page31 used on input line 11.
(pdftex.def)             Requested size: 614.58406pt x 795.3441pt.
 [64

 <./HISTORY_R30.pdf>]
<HISTORY_R30.pdf, id=797, page=32, 614.295pt x 794.97pt>
File: HISTORY_R30.pdf Graphic file (type pdf)
<use HISTORY_R30.pdf, page 32>
Package pdftex.def Info: HISTORY_R30.pdf , page32 used on input line 11.
(pdftex.def)             Requested size: 614.58406pt x 795.3441pt.
File: HISTORY_R30.pdf Graphic file (type pdf)
<use HISTORY_R30.pdf, page 32>
Package pdftex.def Info: HISTORY_R30.pdf , page32 used on input line 11.
(pdftex.def)             Requested size: 614.58406pt x 795.3441pt.
File: HISTORY_R30.pdf Graphic file (type pdf)
<use HISTORY_R30.pdf, page 32>
Package pdftex.def Info: HISTORY_R30.pdf , page32 used on input line 11.
(pdftex.def)             Requested size: 614.58406pt x 795.3441pt.

[65

 <./HISTORY_R30.pdf>]
<HISTORY_R30.pdf, id=820, page=33, 614.295pt x 794.97pt>
File: HISTORY_R30.pdf Graphic file (type pdf)
<use HISTORY_R30.pdf, page 33>
Package pdftex.def Info: HISTORY_R30.pdf , page33 used on input line 11.
(pdftex.def)             Requested size: 614.58406pt x 795.3441pt.
File: HISTORY_R30.pdf Graphic file (type pdf)
<use HISTORY_R30.pdf, page 33>
Package pdftex.def Info: HISTORY_R30.pdf , page33 used on input line 11.
(pdftex.def)             Requested size: 614.58406pt x 795.3441pt.
File: HISTORY_R30.pdf Graphic file (type pdf)
<use HISTORY_R30.pdf, page 33>
Package pdftex.def Info: HISTORY_R30.pdf , page33 used on input line 11.
(pdftex.def)             Requested size: 614.58406pt x 795.3441pt.
 [66

 <./HISTORY_R30.pdf>]
<HISTORY_R30.pdf, id=826, page=34, 614.295pt x 794.97pt>
File: HISTORY_R30.pdf Graphic file (type pdf)
<use HISTORY_R30.pdf, page 34>
Package pdftex.def Info: HISTORY_R30.pdf , page34 used on input line 11.
(pdftex.def)             Requested size: 614.58406pt x 795.3441pt.
File: HISTORY_R30.pdf Graphic file (type pdf)
<use HISTORY_R30.pdf, page 34>
Package pdftex.def Info: HISTORY_R30.pdf , page34 used on input line 11.
(pdftex.def)             Requested size: 614.58406pt x 795.3441pt.
File: HISTORY_R30.pdf Graphic file (type pdf)
<use HISTORY_R30.pdf, page 34>
Package pdftex.def Info: HISTORY_R30.pdf , page34 used on input line 11.
(pdftex.def)             Requested size: 614.58406pt x 795.3441pt.
 [67

 <./HISTORY_R30.pdf>]
<HISTORY_R30.pdf, id=833, page=35, 614.295pt x 794.97pt>
File: HISTORY_R30.pdf Graphic file (type pdf)
<use HISTORY_R30.pdf, page 35>
Package pdftex.def Info: HISTORY_R30.pdf , page35 used on input line 11.
(pdftex.def)             Requested size: 614.58406pt x 795.3441pt.
File: HISTORY_R30.pdf Graphic file (type pdf)
<use HISTORY_R30.pdf, page 35>
Package pdftex.def Info: HISTORY_R30.pdf , page35 used on input line 11.
(pdftex.def)             Requested size: 614.58406pt x 795.3441pt.
File: HISTORY_R30.pdf Graphic file (type pdf)
<use HISTORY_R30.pdf, page 35>
Package pdftex.def Info: HISTORY_R30.pdf , page35 used on input line 11.
(pdftex.def)             Requested size: 614.58406pt x 795.3441pt.

[68

 <./HISTORY_R30.pdf>]
<HISTORY_R30.pdf, id=839, page=36, 614.295pt x 794.97pt>
File: HISTORY_R30.pdf Graphic file (type pdf)
<use HISTORY_R30.pdf, page 36>
Package pdftex.def Info: HISTORY_R30.pdf , page36 used on input line 11.
(pdftex.def)             Requested size: 614.58406pt x 795.3441pt.
File: HISTORY_R30.pdf Graphic file (type pdf)
<use HISTORY_R30.pdf, page 36>
Package pdftex.def Info: HISTORY_R30.pdf , page36 used on input line 11.
(pdftex.def)             Requested size: 614.58406pt x 795.3441pt.
File: HISTORY_R30.pdf Graphic file (type pdf)
<use HISTORY_R30.pdf, page 36>
Package pdftex.def Info: HISTORY_R30.pdf , page36 used on input line 11.
(pdftex.def)             Requested size: 614.58406pt x 795.3441pt.
 [69

 <./HISTORY_R30.pdf>]
<HISTORY_R30.pdf, id=845, page=37, 614.295pt x 794.97pt>
File: HISTORY_R30.pdf Graphic file (type pdf)
<use HISTORY_R30.pdf, page 37>
Package pdftex.def Info: HISTORY_R30.pdf , page37 used on input line 11.
(pdftex.def)             Requested size: 614.58406pt x 795.3441pt.
File: HISTORY_R30.pdf Graphic file (type pdf)
<use HISTORY_R30.pdf, page 37>
Package pdftex.def Info: HISTORY_R30.pdf , page37 used on input line 11.
(pdftex.def)             Requested size: 614.58406pt x 795.3441pt.
File: HISTORY_R30.pdf Graphic file (type pdf)
<use HISTORY_R30.pdf, page 37>
Package pdftex.def Info: HISTORY_R30.pdf , page37 used on input line 11.
(pdftex.def)             Requested size: 614.58406pt x 795.3441pt.
 [70

 <./HISTORY_R30.pdf>]
<HISTORY_R30.pdf, id=851, page=38, 614.295pt x 794.97pt>
File: HISTORY_R30.pdf Graphic file (type pdf)
<use HISTORY_R30.pdf, page 38>
Package pdftex.def Info: HISTORY_R30.pdf , page38 used on input line 11.
(pdftex.def)             Requested size: 614.58406pt x 795.3441pt.
File: HISTORY_R30.pdf Graphic file (type pdf)
<use HISTORY_R30.pdf, page 38>
Package pdftex.def Info: HISTORY_R30.pdf , page38 used on input line 11.
(pdftex.def)             Requested size: 614.58406pt x 795.3441pt.
File: HISTORY_R30.pdf Graphic file (type pdf)
<use HISTORY_R30.pdf, page 38>
Package pdftex.def Info: HISTORY_R30.pdf , page38 used on input line 11.
(pdftex.def)             Requested size: 614.58406pt x 795.3441pt.

[71

 <./HISTORY_R30.pdf>]
<HISTORY_R30.pdf, id=858, page=39, 614.295pt x 794.97pt>
File: HISTORY_R30.pdf Graphic file (type pdf)
<use HISTORY_R30.pdf, page 39>
Package pdftex.def Info: HISTORY_R30.pdf , page39 used on input line 11.
(pdftex.def)             Requested size: 614.58406pt x 795.3441pt.
File: HISTORY_R30.pdf Graphic file (type pdf)
<use HISTORY_R30.pdf, page 39>
Package pdftex.def Info: HISTORY_R30.pdf , page39 used on input line 11.
(pdftex.def)             Requested size: 614.58406pt x 795.3441pt.
File: HISTORY_R30.pdf Graphic file (type pdf)
<use HISTORY_R30.pdf, page 39>
Package pdftex.def Info: HISTORY_R30.pdf , page39 used on input line 11.
(pdftex.def)             Requested size: 614.58406pt x 795.3441pt.
 [72

 <./HISTORY_R30.pdf>]
<HISTORY_R30.pdf, id=864, page=40, 614.295pt x 794.97pt>
File: HISTORY_R30.pdf Graphic file (type pdf)
<use HISTORY_R30.pdf, page 40>
Package pdftex.def Info: HISTORY_R30.pdf , page40 used on input line 11.
(pdftex.def)             Requested size: 614.58406pt x 795.3441pt.
File: HISTORY_R30.pdf Graphic file (type pdf)
<use HISTORY_R30.pdf, page 40>
Package pdftex.def Info: HISTORY_R30.pdf , page40 used on input line 11.
(pdftex.def)             Requested size: 614.58406pt x 795.3441pt.
File: HISTORY_R30.pdf Graphic file (type pdf)
<use HISTORY_R30.pdf, page 40>
Package pdftex.def Info: HISTORY_R30.pdf , page40 used on input line 11.
(pdftex.def)             Requested size: 614.58406pt x 795.3441pt.
 [73

 <./HISTORY_R30.pdf>]
<HISTORY_R30.pdf, id=871, page=41, 614.295pt x 794.97pt>
File: HISTORY_R30.pdf Graphic file (type pdf)
<use HISTORY_R30.pdf, page 41>
Package pdftex.def Info: HISTORY_R30.pdf , page41 used on input line 11.
(pdftex.def)             Requested size: 614.58406pt x 795.3441pt.
File: HISTORY_R30.pdf Graphic file (type pdf)
<use HISTORY_R30.pdf, page 41>
Package pdftex.def Info: HISTORY_R30.pdf , page41 used on input line 11.
(pdftex.def)             Requested size: 614.58406pt x 795.3441pt.
File: HISTORY_R30.pdf Graphic file (type pdf)
<use HISTORY_R30.pdf, page 41>
Package pdftex.def Info: HISTORY_R30.pdf , page41 used on input line 11.
(pdftex.def)             Requested size: 614.58406pt x 795.3441pt.

[74

 <./HISTORY_R30.pdf>]
<HISTORY_R30.pdf, id=877, page=42, 614.295pt x 794.97pt>
File: HISTORY_R30.pdf Graphic file (type pdf)
<use HISTORY_R30.pdf, page 42>
Package pdftex.def Info: HISTORY_R30.pdf , page42 used on input line 11.
(pdftex.def)             Requested size: 614.58406pt x 795.3441pt.
File: HISTORY_R30.pdf Graphic file (type pdf)
<use HISTORY_R30.pdf, page 42>
Package pdftex.def Info: HISTORY_R30.pdf , page42 used on input line 11.
(pdftex.def)             Requested size: 614.58406pt x 795.3441pt.
File: HISTORY_R30.pdf Graphic file (type pdf)
<use HISTORY_R30.pdf, page 42>
Package pdftex.def Info: HISTORY_R30.pdf , page42 used on input line 11.
(pdftex.def)             Requested size: 614.58406pt x 795.3441pt.
 [75

 <./HISTORY_R30.pdf>]
<HISTORY_R30.pdf, id=883, page=43, 614.295pt x 794.97pt>
File: HISTORY_R30.pdf Graphic file (type pdf)
<use HISTORY_R30.pdf, page 43>
Package pdftex.def Info: HISTORY_R30.pdf , page43 used on input line 11.
(pdftex.def)             Requested size: 614.58406pt x 795.3441pt.
File: HISTORY_R30.pdf Graphic file (type pdf)
<use HISTORY_R30.pdf, page 43>
Package pdftex.def Info: HISTORY_R30.pdf , page43 used on input line 11.
(pdftex.def)             Requested size: 614.58406pt x 795.3441pt.
File: HISTORY_R30.pdf Graphic file (type pdf)
<use HISTORY_R30.pdf, page 43>
Package pdftex.def Info: HISTORY_R30.pdf , page43 used on input line 11.
(pdftex.def)             Requested size: 614.58406pt x 795.3441pt.
 [76

 <./HISTORY_R30.pdf>]
<HISTORY_R30.pdf, id=889, page=44, 614.295pt x 794.97pt>
File: HISTORY_R30.pdf Graphic file (type pdf)
<use HISTORY_R30.pdf, page 44>
Package pdftex.def Info: HISTORY_R30.pdf , page44 used on input line 11.
(pdftex.def)             Requested size: 614.58406pt x 795.3441pt.
File: HISTORY_R30.pdf Graphic file (type pdf)
<use HISTORY_R30.pdf, page 44>
Package pdftex.def Info: HISTORY_R30.pdf , page44 used on input line 11.
(pdftex.def)             Requested size: 614.58406pt x 795.3441pt.
File: HISTORY_R30.pdf Graphic file (type pdf)
<use HISTORY_R30.pdf, page 44>
Package pdftex.def Info: HISTORY_R30.pdf , page44 used on input line 11.
(pdftex.def)             Requested size: 614.58406pt x 795.3441pt.

[77

 <./HISTORY_R30.pdf>]
<HISTORY_R30.pdf, id=895, page=45, 614.295pt x 794.97pt>
File: HISTORY_R30.pdf Graphic file (type pdf)
<use HISTORY_R30.pdf, page 45>
Package pdftex.def Info: HISTORY_R30.pdf , page45 used on input line 11.
(pdftex.def)             Requested size: 614.58406pt x 795.3441pt.
File: HISTORY_R30.pdf Graphic file (type pdf)
<use HISTORY_R30.pdf, page 45>
Package pdftex.def Info: HISTORY_R30.pdf , page45 used on input line 11.
(pdftex.def)             Requested size: 614.58406pt x 795.3441pt.
File: HISTORY_R30.pdf Graphic file (type pdf)
<use HISTORY_R30.pdf, page 45>
Package pdftex.def Info: HISTORY_R30.pdf , page45 used on input line 11.
(pdftex.def)             Requested size: 614.58406pt x 795.3441pt.
 [78

 <./HISTORY_R30.pdf>]
<HISTORY_R30.pdf, id=901, page=46, 614.295pt x 794.97pt>
File: HISTORY_R30.pdf Graphic file (type pdf)
<use HISTORY_R30.pdf, page 46>
Package pdftex.def Info: HISTORY_R30.pdf , page46 used on input line 11.
(pdftex.def)             Requested size: 614.58406pt x 795.3441pt.
File: HISTORY_R30.pdf Graphic file (type pdf)
<use HISTORY_R30.pdf, page 46>
Package pdftex.def Info: HISTORY_R30.pdf , page46 used on input line 11.
(pdftex.def)             Requested size: 614.58406pt x 795.3441pt.
File: HISTORY_R30.pdf Graphic file (type pdf)
<use HISTORY_R30.pdf, page 46>
Package pdftex.def Info: HISTORY_R30.pdf , page46 used on input line 11.
(pdftex.def)             Requested size: 614.58406pt x 795.3441pt.
 [79

 <./HISTORY_R30.pdf>]
<HISTORY_R30.pdf, id=908, page=47, 614.295pt x 794.97pt>
File: HISTORY_R30.pdf Graphic file (type pdf)
<use HISTORY_R30.pdf, page 47>
Package pdftex.def Info: HISTORY_R30.pdf , page47 used on input line 11.
(pdftex.def)             Requested size: 614.58406pt x 795.3441pt.
File: HISTORY_R30.pdf Graphic file (type pdf)
<use HISTORY_R30.pdf, page 47>
Package pdftex.def Info: HISTORY_R30.pdf , page47 used on input line 11.
(pdftex.def)             Requested size: 614.58406pt x 795.3441pt.
File: HISTORY_R30.pdf Graphic file (type pdf)
<use HISTORY_R30.pdf, page 47>
Package pdftex.def Info: HISTORY_R30.pdf , page47 used on input line 11.
(pdftex.def)             Requested size: 614.58406pt x 795.3441pt.

[80

 <./HISTORY_R30.pdf>]
<HISTORY_R30.pdf, id=914, page=48, 614.295pt x 794.97pt>
File: HISTORY_R30.pdf Graphic file (type pdf)
<use HISTORY_R30.pdf, page 48>
Package pdftex.def Info: HISTORY_R30.pdf , page48 used on input line 11.
(pdftex.def)             Requested size: 614.58406pt x 795.3441pt.
File: HISTORY_R30.pdf Graphic file (type pdf)
<use HISTORY_R30.pdf, page 48>
Package pdftex.def Info: HISTORY_R30.pdf , page48 used on input line 11.
(pdftex.def)             Requested size: 614.58406pt x 795.3441pt.
File: HISTORY_R30.pdf Graphic file (type pdf)
<use HISTORY_R30.pdf, page 48>
Package pdftex.def Info: HISTORY_R30.pdf , page48 used on input line 11.
(pdftex.def)             Requested size: 614.58406pt x 795.3441pt.
 [81

 <./HISTORY_R30.pdf>]
<HISTORY_R30.pdf, id=920, page=49, 614.295pt x 794.97pt>
File: HISTORY_R30.pdf Graphic file (type pdf)
<use HISTORY_R30.pdf, page 49>
Package pdftex.def Info: HISTORY_R30.pdf , page49 used on input line 11.
(pdftex.def)             Requested size: 614.58406pt x 795.3441pt.
File: HISTORY_R30.pdf Graphic file (type pdf)
<use HISTORY_R30.pdf, page 49>
Package pdftex.def Info: HISTORY_R30.pdf , page49 used on input line 11.
(pdftex.def)             Requested size: 614.58406pt x 795.3441pt.
File: HISTORY_R30.pdf Graphic file (type pdf)
<use HISTORY_R30.pdf, page 49>
Package pdftex.def Info: HISTORY_R30.pdf , page49 used on input line 11.
(pdftex.def)             Requested size: 614.58406pt x 795.3441pt.
 [82

 <./HISTORY_R30.pdf>]
<HISTORY_R30.pdf, id=926, page=50, 614.295pt x 794.97pt>
File: HISTORY_R30.pdf Graphic file (type pdf)
<use HISTORY_R30.pdf, page 50>
Package pdftex.def Info: HISTORY_R30.pdf , page50 used on input line 11.
(pdftex.def)             Requested size: 614.58406pt x 795.3441pt.
File: HISTORY_R30.pdf Graphic file (type pdf)
<use HISTORY_R30.pdf, page 50>
Package pdftex.def Info: HISTORY_R30.pdf , page50 used on input line 11.
(pdftex.def)             Requested size: 614.58406pt x 795.3441pt.
File: HISTORY_R30.pdf Graphic file (type pdf)
<use HISTORY_R30.pdf, page 50>
Package pdftex.def Info: HISTORY_R30.pdf , page50 used on input line 11.
(pdftex.def)             Requested size: 614.58406pt x 795.3441pt.

[83

 <./HISTORY_R30.pdf>]
<HISTORY_R30.pdf, id=932, page=51, 614.295pt x 794.97pt>
File: HISTORY_R30.pdf Graphic file (type pdf)
<use HISTORY_R30.pdf, page 51>
Package pdftex.def Info: HISTORY_R30.pdf , page51 used on input line 11.
(pdftex.def)             Requested size: 614.58406pt x 795.3441pt.
File: HISTORY_R30.pdf Graphic file (type pdf)
<use HISTORY_R30.pdf, page 51>
Package pdftex.def Info: HISTORY_R30.pdf , page51 used on input line 11.
(pdftex.def)             Requested size: 614.58406pt x 795.3441pt.
File: HISTORY_R30.pdf Graphic file (type pdf)
<use HISTORY_R30.pdf, page 51>
Package pdftex.def Info: HISTORY_R30.pdf , page51 used on input line 11.
(pdftex.def)             Requested size: 614.58406pt x 795.3441pt.
 [84

 <./HISTORY_R30.pdf>]
<HISTORY_R30.pdf, id=938, page=52, 614.295pt x 794.97pt>
File: HISTORY_R30.pdf Graphic file (type pdf)
<use HISTORY_R30.pdf, page 52>
Package pdftex.def Info: HISTORY_R30.pdf , page52 used on input line 11.
(pdftex.def)             Requested size: 614.58406pt x 795.3441pt.
File: HISTORY_R30.pdf Graphic file (type pdf)
<use HISTORY_R30.pdf, page 52>
Package pdftex.def Info: HISTORY_R30.pdf , page52 used on input line 11.
(pdftex.def)             Requested size: 614.58406pt x 795.3441pt.
File: HISTORY_R30.pdf Graphic file (type pdf)
<use HISTORY_R30.pdf, page 52>
Package pdftex.def Info: HISTORY_R30.pdf , page52 used on input line 11.
(pdftex.def)             Requested size: 614.58406pt x 795.3441pt.
 [85

 <./HISTORY_R30.pdf>]
<HISTORY_R30.pdf, id=945, page=53, 614.295pt x 794.97pt>
File: HISTORY_R30.pdf Graphic file (type pdf)
<use HISTORY_R30.pdf, page 53>
Package pdftex.def Info: HISTORY_R30.pdf , page53 used on input line 11.
(pdftex.def)             Requested size: 614.58406pt x 795.3441pt.
File: HISTORY_R30.pdf Graphic file (type pdf)
<use HISTORY_R30.pdf, page 53>
Package pdftex.def Info: HISTORY_R30.pdf , page53 used on input line 11.
(pdftex.def)             Requested size: 614.58406pt x 795.3441pt.
File: HISTORY_R30.pdf Graphic file (type pdf)
<use HISTORY_R30.pdf, page 53>
Package pdftex.def Info: HISTORY_R30.pdf , page53 used on input line 11.
(pdftex.def)             Requested size: 614.58406pt x 795.3441pt.

[86

 <./HISTORY_R30.pdf>]
<HISTORY_R30.pdf, id=976, page=54, 614.295pt x 794.97pt>
File: HISTORY_R30.pdf Graphic file (type pdf)
<use HISTORY_R30.pdf, page 54>
Package pdftex.def Info: HISTORY_R30.pdf , page54 used on input line 11.
(pdftex.def)             Requested size: 614.58406pt x 795.3441pt.
File: HISTORY_R30.pdf Graphic file (type pdf)
<use HISTORY_R30.pdf, page 54>
Package pdftex.def Info: HISTORY_R30.pdf , page54 used on input line 11.
(pdftex.def)             Requested size: 614.58406pt x 795.3441pt.
File: HISTORY_R30.pdf Graphic file (type pdf)
<use HISTORY_R30.pdf, page 54>
Package pdftex.def Info: HISTORY_R30.pdf , page54 used on input line 11.
(pdftex.def)             Requested size: 614.58406pt x 795.3441pt.
 [87

 <./HISTORY_R30.pdf>]
<HISTORY_R30.pdf, id=982, page=55, 614.295pt x 794.97pt>
File: HISTORY_R30.pdf Graphic file (type pdf)
<use HISTORY_R30.pdf, page 55>
Package pdftex.def Info: HISTORY_R30.pdf , page55 used on input line 11.
(pdftex.def)             Requested size: 614.58406pt x 795.3441pt.
File: HISTORY_R30.pdf Graphic file (type pdf)
<use HISTORY_R30.pdf, page 55>
Package pdftex.def Info: HISTORY_R30.pdf , page55 used on input line 11.
(pdftex.def)             Requested size: 614.58406pt x 795.3441pt.
File: HISTORY_R30.pdf Graphic file (type pdf)
<use HISTORY_R30.pdf, page 55>
Package pdftex.def Info: HISTORY_R30.pdf , page55 used on input line 11.
(pdftex.def)             Requested size: 614.58406pt x 795.3441pt.
 [88

 <./HISTORY_R30.pdf>]
<HISTORY_R30.pdf, id=988, page=56, 614.295pt x 794.97pt>
File: HISTORY_R30.pdf Graphic file (type pdf)
<use HISTORY_R30.pdf, page 56>
Package pdftex.def Info: HISTORY_R30.pdf , page56 used on input line 11.
(pdftex.def)             Requested size: 614.58406pt x 795.3441pt.
File: HISTORY_R30.pdf Graphic file (type pdf)
<use HISTORY_R30.pdf, page 56>
Package pdftex.def Info: HISTORY_R30.pdf , page56 used on input line 11.
(pdftex.def)             Requested size: 614.58406pt x 795.3441pt.
File: HISTORY_R30.pdf Graphic file (type pdf)
<use HISTORY_R30.pdf, page 56>
Package pdftex.def Info: HISTORY_R30.pdf , page56 used on input line 11.
(pdftex.def)             Requested size: 614.58406pt x 795.3441pt.

[89

 <./HISTORY_R30.pdf>]
<HISTORY_R30.pdf, id=994, page=57, 614.295pt x 794.97pt>
File: HISTORY_R30.pdf Graphic file (type pdf)
<use HISTORY_R30.pdf, page 57>
Package pdftex.def Info: HISTORY_R30.pdf , page57 used on input line 11.
(pdftex.def)             Requested size: 614.58406pt x 795.3441pt.
File: HISTORY_R30.pdf Graphic file (type pdf)
<use HISTORY_R30.pdf, page 57>
Package pdftex.def Info: HISTORY_R30.pdf , page57 used on input line 11.
(pdftex.def)             Requested size: 614.58406pt x 795.3441pt.
File: HISTORY_R30.pdf Graphic file (type pdf)
<use HISTORY_R30.pdf, page 57>
Package pdftex.def Info: HISTORY_R30.pdf , page57 used on input line 11.
(pdftex.def)             Requested size: 614.58406pt x 795.3441pt.
 [90

 <./HISTORY_R30.pdf>]
<HISTORY_R30.pdf, id=1000, page=58, 614.295pt x 794.97pt>
File: HISTORY_R30.pdf Graphic file (type pdf)
<use HISTORY_R30.pdf, page 58>
Package pdftex.def Info: HISTORY_R30.pdf , page58 used on input line 11.
(pdftex.def)             Requested size: 614.58406pt x 795.3441pt.
File: HISTORY_R30.pdf Graphic file (type pdf)
<use HISTORY_R30.pdf, page 58>
Package pdftex.def Info: HISTORY_R30.pdf , page58 used on input line 11.
(pdftex.def)             Requested size: 614.58406pt x 795.3441pt.
File: HISTORY_R30.pdf Graphic file (type pdf)
<use HISTORY_R30.pdf, page 58>
Package pdftex.def Info: HISTORY_R30.pdf , page58 used on input line 11.
(pdftex.def)             Requested size: 614.58406pt x 795.3441pt.
 [91

 <./HISTORY_R30.pdf>]
<HISTORY_R30.pdf, id=1007, page=59, 614.295pt x 794.97pt>
File: HISTORY_R30.pdf Graphic file (type pdf)
<use HISTORY_R30.pdf, page 59>
Package pdftex.def Info: HISTORY_R30.pdf , page59 used on input line 11.
(pdftex.def)             Requested size: 614.58406pt x 795.3441pt.
File: HISTORY_R30.pdf Graphic file (type pdf)
<use HISTORY_R30.pdf, page 59>
Package pdftex.def Info: HISTORY_R30.pdf , page59 used on input line 11.
(pdftex.def)             Requested size: 614.58406pt x 795.3441pt.
File: HISTORY_R30.pdf Graphic file (type pdf)
<use HISTORY_R30.pdf, page 59>
Package pdftex.def Info: HISTORY_R30.pdf , page59 used on input line 11.
(pdftex.def)             Requested size: 614.58406pt x 795.3441pt.

[92

 <./HISTORY_R30.pdf>]
<HISTORY_R30.pdf, id=1013, page=60, 614.295pt x 794.97pt>
File: HISTORY_R30.pdf Graphic file (type pdf)
<use HISTORY_R30.pdf, page 60>
Package pdftex.def Info: HISTORY_R30.pdf , page60 used on input line 11.
(pdftex.def)             Requested size: 614.58406pt x 795.3441pt.
File: HISTORY_R30.pdf Graphic file (type pdf)
<use HISTORY_R30.pdf, page 60>
Package pdftex.def Info: HISTORY_R30.pdf , page60 used on input line 11.
(pdftex.def)             Requested size: 614.58406pt x 795.3441pt.
File: HISTORY_R30.pdf Graphic file (type pdf)
<use HISTORY_R30.pdf, page 60>
Package pdftex.def Info: HISTORY_R30.pdf , page60 used on input line 11.
(pdftex.def)             Requested size: 614.58406pt x 795.3441pt.
 [93

 <./HISTORY_R30.pdf>]
<HISTORY_R30.pdf, id=1019, page=61, 614.295pt x 794.97pt>
File: HISTORY_R30.pdf Graphic file (type pdf)
<use HISTORY_R30.pdf, page 61>
Package pdftex.def Info: HISTORY_R30.pdf , page61 used on input line 11.
(pdftex.def)             Requested size: 614.58406pt x 795.3441pt.
File: HISTORY_R30.pdf Graphic file (type pdf)
<use HISTORY_R30.pdf, page 61>
Package pdftex.def Info: HISTORY_R30.pdf , page61 used on input line 11.
(pdftex.def)             Requested size: 614.58406pt x 795.3441pt.
File: HISTORY_R30.pdf Graphic file (type pdf)
<use HISTORY_R30.pdf, page 61>
Package pdftex.def Info: HISTORY_R30.pdf , page61 used on input line 11.
(pdftex.def)             Requested size: 614.58406pt x 795.3441pt.
 [94

 <./HISTORY_R30.pdf>]
<HISTORY_R30.pdf, id=1025, page=62, 614.295pt x 794.97pt>
File: HISTORY_R30.pdf Graphic file (type pdf)
<use HISTORY_R30.pdf, page 62>
Package pdftex.def Info: HISTORY_R30.pdf , page62 used on input line 11.
(pdftex.def)             Requested size: 614.58406pt x 795.3441pt.
File: HISTORY_R30.pdf Graphic file (type pdf)
<use HISTORY_R30.pdf, page 62>
Package pdftex.def Info: HISTORY_R30.pdf , page62 used on input line 11.
(pdftex.def)             Requested size: 614.58406pt x 795.3441pt.
File: HISTORY_R30.pdf Graphic file (type pdf)
<use HISTORY_R30.pdf, page 62>
Package pdftex.def Info: HISTORY_R30.pdf , page62 used on input line 11.
(pdftex.def)             Requested size: 614.58406pt x 795.3441pt.

[95

 <./HISTORY_R30.pdf>]
<HISTORY_R30.pdf, id=1031, page=63, 614.295pt x 794.97pt>
File: HISTORY_R30.pdf Graphic file (type pdf)
<use HISTORY_R30.pdf, page 63>
Package pdftex.def Info: HISTORY_R30.pdf , page63 used on input line 11.
(pdftex.def)             Requested size: 614.58406pt x 795.3441pt.
File: HISTORY_R30.pdf Graphic file (type pdf)
<use HISTORY_R30.pdf, page 63>
Package pdftex.def Info: HISTORY_R30.pdf , page63 used on input line 11.
(pdftex.def)             Requested size: 614.58406pt x 795.3441pt.
File: HISTORY_R30.pdf Graphic file (type pdf)
<use HISTORY_R30.pdf, page 63>
Package pdftex.def Info: HISTORY_R30.pdf , page63 used on input line 11.
(pdftex.def)             Requested size: 614.58406pt x 795.3441pt.
 [96

 <./HISTORY_R30.pdf>]
<HISTORY_R30.pdf, id=1037, page=64, 614.295pt x 794.97pt>
File: HISTORY_R30.pdf Graphic file (type pdf)
<use HISTORY_R30.pdf, page 64>
Package pdftex.def Info: HISTORY_R30.pdf , page64 used on input line 11.
(pdftex.def)             Requested size: 614.58406pt x 795.3441pt.
File: HISTORY_R30.pdf Graphic file (type pdf)
<use HISTORY_R30.pdf, page 64>
Package pdftex.def Info: HISTORY_R30.pdf , page64 used on input line 11.
(pdftex.def)             Requested size: 614.58406pt x 795.3441pt.
File: HISTORY_R30.pdf Graphic file (type pdf)
<use HISTORY_R30.pdf, page 64>
Package pdftex.def Info: HISTORY_R30.pdf , page64 used on input line 11.
(pdftex.def)             Requested size: 614.58406pt x 795.3441pt.
 [97

 <./HISTORY_R30.pdf>]
<HISTORY_R30.pdf, id=1044, page=65, 614.295pt x 794.97pt>
File: HISTORY_R30.pdf Graphic file (type pdf)
<use HISTORY_R30.pdf, page 65>
Package pdftex.def Info: HISTORY_R30.pdf , page65 used on input line 11.
(pdftex.def)             Requested size: 614.58406pt x 795.3441pt.
File: HISTORY_R30.pdf Graphic file (type pdf)
<use HISTORY_R30.pdf, page 65>
Package pdftex.def Info: HISTORY_R30.pdf , page65 used on input line 11.
(pdftex.def)             Requested size: 614.58406pt x 795.3441pt.
File: HISTORY_R30.pdf Graphic file (type pdf)
<use HISTORY_R30.pdf, page 65>
Package pdftex.def Info: HISTORY_R30.pdf , page65 used on input line 11.
(pdftex.def)             Requested size: 614.58406pt x 795.3441pt.

[98

 <./HISTORY_R30.pdf>]
<HISTORY_R30.pdf, id=1062, page=66, 614.295pt x 794.97pt>
File: HISTORY_R30.pdf Graphic file (type pdf)
<use HISTORY_R30.pdf, page 66>
Package pdftex.def Info: HISTORY_R30.pdf , page66 used on input line 11.
(pdftex.def)             Requested size: 614.58406pt x 795.3441pt.
File: HISTORY_R30.pdf Graphic file (type pdf)
<use HISTORY_R30.pdf, page 66>
Package pdftex.def Info: HISTORY_R30.pdf , page66 used on input line 11.
(pdftex.def)             Requested size: 614.58406pt x 795.3441pt.
File: HISTORY_R30.pdf Graphic file (type pdf)
<use HISTORY_R30.pdf, page 66>
Package pdftex.def Info: HISTORY_R30.pdf , page66 used on input line 11.
(pdftex.def)             Requested size: 614.58406pt x 795.3441pt.
 [99

 <./HISTORY_R30.pdf>]
<HISTORY_R30.pdf, id=1105, page=67, 614.295pt x 794.97pt>
File: HISTORY_R30.pdf Graphic file (type pdf)
<use HISTORY_R30.pdf, page 67>
Package pdftex.def Info: HISTORY_R30.pdf , page67 used on input line 11.
(pdftex.def)             Requested size: 614.58406pt x 795.3441pt.
File: HISTORY_R30.pdf Graphic file (type pdf)
<use HISTORY_R30.pdf, page 67>
Package pdftex.def Info: HISTORY_R30.pdf , page67 used on input line 11.
(pdftex.def)             Requested size: 614.58406pt x 795.3441pt.
File: HISTORY_R30.pdf Graphic file (type pdf)
<use HISTORY_R30.pdf, page 67>
Package pdftex.def Info: HISTORY_R30.pdf , page67 used on input line 11.
(pdftex.def)             Requested size: 614.58406pt x 795.3441pt.
 [100

 <./HISTORY_R30.pdf>]
<HISTORY_R30.pdf, id=1154, page=68, 614.295pt x 794.97pt>
File: HISTORY_R30.pdf Graphic file (type pdf)
<use HISTORY_R30.pdf, page 68>
Package pdftex.def Info: HISTORY_R30.pdf , page68 used on input line 11.
(pdftex.def)             Requested size: 614.58406pt x 795.3441pt.
File: HISTORY_R30.pdf Graphic file (type pdf)
<use HISTORY_R30.pdf, page 68>
Package pdftex.def Info: HISTORY_R30.pdf , page68 used on input line 11.
(pdftex.def)             Requested size: 614.58406pt x 795.3441pt.
File: HISTORY_R30.pdf Graphic file (type pdf)
<use HISTORY_R30.pdf, page 68>
Package pdftex.def Info: HISTORY_R30.pdf , page68 used on input line 11.
(pdftex.def)             Requested size: 614.58406pt x 795.3441pt.

[101

 <./HISTORY_R30.pdf>]
<HISTORY_R30.pdf, id=1168, page=69, 614.295pt x 794.97pt>
File: HISTORY_R30.pdf Graphic file (type pdf)
<use HISTORY_R30.pdf, page 69>
Package pdftex.def Info: HISTORY_R30.pdf , page69 used on input line 11.
(pdftex.def)             Requested size: 614.58406pt x 795.3441pt.
File: HISTORY_R30.pdf Graphic file (type pdf)
<use HISTORY_R30.pdf, page 69>
Package pdftex.def Info: HISTORY_R30.pdf , page69 used on input line 11.
(pdftex.def)             Requested size: 614.58406pt x 795.3441pt.
File: HISTORY_R30.pdf Graphic file (type pdf)
<use HISTORY_R30.pdf, page 69>
Package pdftex.def Info: HISTORY_R30.pdf , page69 used on input line 11.
(pdftex.def)             Requested size: 614.58406pt x 795.3441pt.
 [102

 <./HISTORY_R30.pdf>]
<HISTORY_R30.pdf, id=1175, page=70, 614.295pt x 794.97pt>
File: HISTORY_R30.pdf Graphic file (type pdf)
<use HISTORY_R30.pdf, page 70>
Package pdftex.def Info: HISTORY_R30.pdf , page70 used on input line 11.
(pdftex.def)             Requested size: 614.58406pt x 795.3441pt.
File: HISTORY_R30.pdf Graphic file (type pdf)
<use HISTORY_R30.pdf, page 70>
Package pdftex.def Info: HISTORY_R30.pdf , page70 used on input line 11.
(pdftex.def)             Requested size: 614.58406pt x 795.3441pt.
File: HISTORY_R30.pdf Graphic file (type pdf)
<use HISTORY_R30.pdf, page 70>
Package pdftex.def Info: HISTORY_R30.pdf , page70 used on input line 11.
(pdftex.def)             Requested size: 614.58406pt x 795.3441pt.
 [103

 <./HISTORY_R30.pdf>]
<HISTORY_R30.pdf, id=1183, page=71, 614.295pt x 794.97pt>
File: HISTORY_R30.pdf Graphic file (type pdf)
<use HISTORY_R30.pdf, page 71>
Package pdftex.def Info: HISTORY_R30.pdf , page71 used on input line 11.
(pdftex.def)             Requested size: 614.58406pt x 795.3441pt.
File: HISTORY_R30.pdf Graphic file (type pdf)
<use HISTORY_R30.pdf, page 71>
Package pdftex.def Info: HISTORY_R30.pdf , page71 used on input line 11.
(pdftex.def)             Requested size: 614.58406pt x 795.3441pt.
File: HISTORY_R30.pdf Graphic file (type pdf)
<use HISTORY_R30.pdf, page 71>
Package pdftex.def Info: HISTORY_R30.pdf , page71 used on input line 11.
(pdftex.def)             Requested size: 614.58406pt x 795.3441pt.

[104

 <./HISTORY_R30.pdf>]
<HISTORY_R30.pdf, id=1190, page=72, 614.295pt x 794.97pt>
File: HISTORY_R30.pdf Graphic file (type pdf)
<use HISTORY_R30.pdf, page 72>
Package pdftex.def Info: HISTORY_R30.pdf , page72 used on input line 11.
(pdftex.def)             Requested size: 614.58406pt x 795.3441pt.
File: HISTORY_R30.pdf Graphic file (type pdf)
<use HISTORY_R30.pdf, page 72>
Package pdftex.def Info: HISTORY_R30.pdf , page72 used on input line 11.
(pdftex.def)             Requested size: 614.58406pt x 795.3441pt.
File: HISTORY_R30.pdf Graphic file (type pdf)
<use HISTORY_R30.pdf, page 72>
Package pdftex.def Info: HISTORY_R30.pdf , page72 used on input line 11.
(pdftex.def)             Requested size: 614.58406pt x 795.3441pt.
 [105

 <./HISTORY_R30.pdf>]
<HISTORY_R30.pdf, id=1197, page=73, 614.295pt x 794.97pt>
File: HISTORY_R30.pdf Graphic file (type pdf)
<use HISTORY_R30.pdf, page 73>
Package pdftex.def Info: HISTORY_R30.pdf , page73 used on input line 11.
(pdftex.def)             Requested size: 614.58406pt x 795.3441pt.
File: HISTORY_R30.pdf Graphic file (type pdf)
<use HISTORY_R30.pdf, page 73>
Package pdftex.def Info: HISTORY_R30.pdf , page73 used on input line 11.
(pdftex.def)             Requested size: 614.58406pt x 795.3441pt.
File: HISTORY_R30.pdf Graphic file (type pdf)
<use HISTORY_R30.pdf, page 73>
Package pdftex.def Info: HISTORY_R30.pdf , page73 used on input line 11.
(pdftex.def)             Requested size: 614.58406pt x 795.3441pt.
 [106

 <./HISTORY_R30.pdf>]
<HISTORY_R30.pdf, id=1204, page=74, 614.295pt x 794.97pt>
File: HISTORY_R30.pdf Graphic file (type pdf)
<use HISTORY_R30.pdf, page 74>
Package pdftex.def Info: HISTORY_R30.pdf , page74 used on input line 11.
(pdftex.def)             Requested size: 614.58406pt x 795.3441pt.
File: HISTORY_R30.pdf Graphic file (type pdf)
<use HISTORY_R30.pdf, page 74>
Package pdftex.def Info: HISTORY_R30.pdf , page74 used on input line 11.
(pdftex.def)             Requested size: 614.58406pt x 795.3441pt.
File: HISTORY_R30.pdf Graphic file (type pdf)
<use HISTORY_R30.pdf, page 74>
Package pdftex.def Info: HISTORY_R30.pdf , page74 used on input line 11.
(pdftex.def)             Requested size: 614.58406pt x 795.3441pt.

[107

 <./HISTORY_R30.pdf>]
<HISTORY_R30.pdf, id=1219, page=75, 614.295pt x 794.97pt>
File: HISTORY_R30.pdf Graphic file (type pdf)
<use HISTORY_R30.pdf, page 75>
Package pdftex.def Info: HISTORY_R30.pdf , page75 used on input line 11.
(pdftex.def)             Requested size: 614.58406pt x 795.3441pt.
File: HISTORY_R30.pdf Graphic file (type pdf)
<use HISTORY_R30.pdf, page 75>
Package pdftex.def Info: HISTORY_R30.pdf , page75 used on input line 11.
(pdftex.def)             Requested size: 614.58406pt x 795.3441pt.
File: HISTORY_R30.pdf Graphic file (type pdf)
<use HISTORY_R30.pdf, page 75>
Package pdftex.def Info: HISTORY_R30.pdf , page75 used on input line 11.
(pdftex.def)             Requested size: 614.58406pt x 795.3441pt.
 [108

 <./HISTORY_R30.pdf>]
<HISTORY_R30.pdf, id=1226, page=76, 614.295pt x 794.97pt>
File: HISTORY_R30.pdf Graphic file (type pdf)
<use HISTORY_R30.pdf, page 76>
Package pdftex.def Info: HISTORY_R30.pdf , page76 used on input line 11.
(pdftex.def)             Requested size: 614.58406pt x 795.3441pt.
File: HISTORY_R30.pdf Graphic file (type pdf)
<use HISTORY_R30.pdf, page 76>
Package pdftex.def Info: HISTORY_R30.pdf , page76 used on input line 11.
(pdftex.def)             Requested size: 614.58406pt x 795.3441pt.
File: HISTORY_R30.pdf Graphic file (type pdf)
<use HISTORY_R30.pdf, page 76>
Package pdftex.def Info: HISTORY_R30.pdf , page76 used on input line 11.
(pdftex.def)             Requested size: 614.58406pt x 795.3441pt.
 [109

 <./HISTORY_R30.pdf>]
<HISTORY_R30.pdf, id=1241, page=77, 614.295pt x 794.97pt>
File: HISTORY_R30.pdf Graphic file (type pdf)
<use HISTORY_R30.pdf, page 77>
Package pdftex.def Info: HISTORY_R30.pdf , page77 used on input line 11.
(pdftex.def)             Requested size: 614.58406pt x 795.3441pt.
File: HISTORY_R30.pdf Graphic file (type pdf)
<use HISTORY_R30.pdf, page 77>
Package pdftex.def Info: HISTORY_R30.pdf , page77 used on input line 11.
(pdftex.def)             Requested size: 614.58406pt x 795.3441pt.
File: HISTORY_R30.pdf Graphic file (type pdf)
<use HISTORY_R30.pdf, page 77>
Package pdftex.def Info: HISTORY_R30.pdf , page77 used on input line 11.
(pdftex.def)             Requested size: 614.58406pt x 795.3441pt.

[110

 <./HISTORY_R30.pdf>]
<HISTORY_R30.pdf, id=1248, page=78, 614.295pt x 794.97pt>
File: HISTORY_R30.pdf Graphic file (type pdf)
<use HISTORY_R30.pdf, page 78>
Package pdftex.def Info: HISTORY_R30.pdf , page78 used on input line 11.
(pdftex.def)             Requested size: 614.58406pt x 795.3441pt.
File: HISTORY_R30.pdf Graphic file (type pdf)
<use HISTORY_R30.pdf, page 78>
Package pdftex.def Info: HISTORY_R30.pdf , page78 used on input line 11.
(pdftex.def)             Requested size: 614.58406pt x 795.3441pt.
File: HISTORY_R30.pdf Graphic file (type pdf)
<use HISTORY_R30.pdf, page 78>
Package pdftex.def Info: HISTORY_R30.pdf , page78 used on input line 11.
(pdftex.def)             Requested size: 614.58406pt x 795.3441pt.
 [111

 <./HISTORY_R30.pdf>]
<HISTORY_R30.pdf, id=1255, page=79, 614.295pt x 794.97pt>
File: HISTORY_R30.pdf Graphic file (type pdf)
<use HISTORY_R30.pdf, page 79>
Package pdftex.def Info: HISTORY_R30.pdf , page79 used on input line 11.
(pdftex.def)             Requested size: 614.58406pt x 795.3441pt.
File: HISTORY_R30.pdf Graphic file (type pdf)
<use HISTORY_R30.pdf, page 79>
Package pdftex.def Info: HISTORY_R30.pdf , page79 used on input line 11.
(pdftex.def)             Requested size: 614.58406pt x 795.3441pt.
File: HISTORY_R30.pdf Graphic file (type pdf)
<use HISTORY_R30.pdf, page 79>
Package pdftex.def Info: HISTORY_R30.pdf , page79 used on input line 11.
(pdftex.def)             Requested size: 614.58406pt x 795.3441pt.
 [112

 <./HISTORY_R30.pdf>]
<HISTORY_R30.pdf, id=1262, page=80, 614.295pt x 794.97pt>
File: HISTORY_R30.pdf Graphic file (type pdf)
<use HISTORY_R30.pdf, page 80>
Package pdftex.def Info: HISTORY_R30.pdf , page80 used on input line 11.
(pdftex.def)             Requested size: 614.58406pt x 795.3441pt.
File: HISTORY_R30.pdf Graphic file (type pdf)
<use HISTORY_R30.pdf, page 80>
Package pdftex.def Info: HISTORY_R30.pdf , page80 used on input line 11.
(pdftex.def)             Requested size: 614.58406pt x 795.3441pt.
File: HISTORY_R30.pdf Graphic file (type pdf)
<use HISTORY_R30.pdf, page 80>
Package pdftex.def Info: HISTORY_R30.pdf , page80 used on input line 11.
(pdftex.def)             Requested size: 614.58406pt x 795.3441pt.

[113

 <./HISTORY_R30.pdf>]
<HISTORY_R30.pdf, id=1269, page=81, 614.295pt x 794.97pt>
File: HISTORY_R30.pdf Graphic file (type pdf)
<use HISTORY_R30.pdf, page 81>
Package pdftex.def Info: HISTORY_R30.pdf , page81 used on input line 11.
(pdftex.def)             Requested size: 614.58406pt x 795.3441pt.
File: HISTORY_R30.pdf Graphic file (type pdf)
<use HISTORY_R30.pdf, page 81>
Package pdftex.def Info: HISTORY_R30.pdf , page81 used on input line 11.
(pdftex.def)             Requested size: 614.58406pt x 795.3441pt.
File: HISTORY_R30.pdf Graphic file (type pdf)
<use HISTORY_R30.pdf, page 81>
Package pdftex.def Info: HISTORY_R30.pdf , page81 used on input line 11.
(pdftex.def)             Requested size: 614.58406pt x 795.3441pt.
 [114

 <./HISTORY_R30.pdf>]
<HISTORY_R30.pdf, id=1293, page=82, 614.295pt x 794.97pt>
File: HISTORY_R30.pdf Graphic file (type pdf)
<use HISTORY_R30.pdf, page 82>
Package pdftex.def Info: HISTORY_R30.pdf , page82 used on input line 11.
(pdftex.def)             Requested size: 614.58406pt x 795.3441pt.
File: HISTORY_R30.pdf Graphic file (type pdf)
<use HISTORY_R30.pdf, page 82>
Package pdftex.def Info: HISTORY_R30.pdf , page82 used on input line 11.
(pdftex.def)             Requested size: 614.58406pt x 795.3441pt.
File: HISTORY_R30.pdf Graphic file (type pdf)
<use HISTORY_R30.pdf, page 82>
Package pdftex.def Info: HISTORY_R30.pdf , page82 used on input line 11.
(pdftex.def)             Requested size: 614.58406pt x 795.3441pt.
 [115

 <./HISTORY_R30.pdf>]
<HISTORY_R30.pdf, id=1301, page=83, 614.295pt x 794.97pt>
File: HISTORY_R30.pdf Graphic file (type pdf)
<use HISTORY_R30.pdf, page 83>
Package pdftex.def Info: HISTORY_R30.pdf , page83 used on input line 11.
(pdftex.def)             Requested size: 614.58406pt x 795.3441pt.
File: HISTORY_R30.pdf Graphic file (type pdf)
<use HISTORY_R30.pdf, page 83>
Package pdftex.def Info: HISTORY_R30.pdf , page83 used on input line 11.
(pdftex.def)             Requested size: 614.58406pt x 795.3441pt.
File: HISTORY_R30.pdf Graphic file (type pdf)
<use HISTORY_R30.pdf, page 83>
Package pdftex.def Info: HISTORY_R30.pdf , page83 used on input line 11.
(pdftex.def)             Requested size: 614.58406pt x 795.3441pt.

[116

 <./HISTORY_R30.pdf>]
<HISTORY_R30.pdf, id=1316, page=84, 614.295pt x 794.97pt>
File: HISTORY_R30.pdf Graphic file (type pdf)
<use HISTORY_R30.pdf, page 84>
Package pdftex.def Info: HISTORY_R30.pdf , page84 used on input line 11.
(pdftex.def)             Requested size: 614.58406pt x 795.3441pt.
File: HISTORY_R30.pdf Graphic file (type pdf)
<use HISTORY_R30.pdf, page 84>
Package pdftex.def Info: HISTORY_R30.pdf , page84 used on input line 11.
(pdftex.def)             Requested size: 614.58406pt x 795.3441pt.
File: HISTORY_R30.pdf Graphic file (type pdf)
<use HISTORY_R30.pdf, page 84>
Package pdftex.def Info: HISTORY_R30.pdf , page84 used on input line 11.
(pdftex.def)             Requested size: 614.58406pt x 795.3441pt.
 [117

 <./HISTORY_R30.pdf>]
<HISTORY_R30.pdf, id=1343, page=85, 614.295pt x 794.97pt>
File: HISTORY_R30.pdf Graphic file (type pdf)
<use HISTORY_R30.pdf, page 85>
Package pdftex.def Info: HISTORY_R30.pdf , page85 used on input line 11.
(pdftex.def)             Requested size: 614.58406pt x 795.3441pt.
File: HISTORY_R30.pdf Graphic file (type pdf)
<use HISTORY_R30.pdf, page 85>
Package pdftex.def Info: HISTORY_R30.pdf , page85 used on input line 11.
(pdftex.def)             Requested size: 614.58406pt x 795.3441pt.
File: HISTORY_R30.pdf Graphic file (type pdf)
<use HISTORY_R30.pdf, page 85>
Package pdftex.def Info: HISTORY_R30.pdf , page85 used on input line 11.
(pdftex.def)             Requested size: 614.58406pt x 795.3441pt.
 [118

 <./HISTORY_R30.pdf>]
<HISTORY_R30.pdf, id=1350, page=86, 614.295pt x 794.97pt>
File: HISTORY_R30.pdf Graphic file (type pdf)
<use HISTORY_R30.pdf, page 86>
Package pdftex.def Info: HISTORY_R30.pdf , page86 used on input line 11.
(pdftex.def)             Requested size: 614.58406pt x 795.3441pt.
File: HISTORY_R30.pdf Graphic file (type pdf)
<use HISTORY_R30.pdf, page 86>
Package pdftex.def Info: HISTORY_R30.pdf , page86 used on input line 11.
(pdftex.def)             Requested size: 614.58406pt x 795.3441pt.
File: HISTORY_R30.pdf Graphic file (type pdf)
<use HISTORY_R30.pdf, page 86>
Package pdftex.def Info: HISTORY_R30.pdf , page86 used on input line 11.
(pdftex.def)             Requested size: 614.58406pt x 795.3441pt.

[119

 <./HISTORY_R30.pdf>]
<HISTORY_R30.pdf, id=1357, page=87, 614.295pt x 794.97pt>
File: HISTORY_R30.pdf Graphic file (type pdf)
<use HISTORY_R30.pdf, page 87>
Package pdftex.def Info: HISTORY_R30.pdf , page87 used on input line 11.
(pdftex.def)             Requested size: 614.58406pt x 795.3441pt.
File: HISTORY_R30.pdf Graphic file (type pdf)
<use HISTORY_R30.pdf, page 87>
Package pdftex.def Info: HISTORY_R30.pdf , page87 used on input line 11.
(pdftex.def)             Requested size: 614.58406pt x 795.3441pt.
File: HISTORY_R30.pdf Graphic file (type pdf)
<use HISTORY_R30.pdf, page 87>
Package pdftex.def Info: HISTORY_R30.pdf , page87 used on input line 11.
(pdftex.def)             Requested size: 614.58406pt x 795.3441pt.
 [120

 <./HISTORY_R30.pdf>]
<HISTORY_R30.pdf, id=1364, page=88, 614.295pt x 794.97pt>
File: HISTORY_R30.pdf Graphic file (type pdf)
<use HISTORY_R30.pdf, page 88>
Package pdftex.def Info: HISTORY_R30.pdf , page88 used on input line 11.
(pdftex.def)             Requested size: 614.58406pt x 795.3441pt.
File: HISTORY_R30.pdf Graphic file (type pdf)
<use HISTORY_R30.pdf, page 88>
Package pdftex.def Info: HISTORY_R30.pdf , page88 used on input line 11.
(pdftex.def)             Requested size: 614.58406pt x 795.3441pt.
File: HISTORY_R30.pdf Graphic file (type pdf)
<use HISTORY_R30.pdf, page 88>
Package pdftex.def Info: HISTORY_R30.pdf , page88 used on input line 11.
(pdftex.def)             Requested size: 614.58406pt x 795.3441pt.
 [121

 <./HISTORY_R30.pdf>]
<HISTORY_R30.pdf, id=1410, page=89, 614.295pt x 794.97pt>
File: HISTORY_R30.pdf Graphic file (type pdf)
<use HISTORY_R30.pdf, page 89>
Package pdftex.def Info: HISTORY_R30.pdf , page89 used on input line 11.
(pdftex.def)             Requested size: 614.58406pt x 795.3441pt.
File: HISTORY_R30.pdf Graphic file (type pdf)
<use HISTORY_R30.pdf, page 89>
Package pdftex.def Info: HISTORY_R30.pdf , page89 used on input line 11.
(pdftex.def)             Requested size: 614.58406pt x 795.3441pt.
File: HISTORY_R30.pdf Graphic file (type pdf)
<use HISTORY_R30.pdf, page 89>
Package pdftex.def Info: HISTORY_R30.pdf , page89 used on input line 11.
(pdftex.def)             Requested size: 614.58406pt x 795.3441pt.

[122

 <./HISTORY_R30.pdf>]
<HISTORY_R30.pdf, id=1428, page=90, 614.295pt x 794.97pt>
File: HISTORY_R30.pdf Graphic file (type pdf)
<use HISTORY_R30.pdf, page 90>
Package pdftex.def Info: HISTORY_R30.pdf , page90 used on input line 11.
(pdftex.def)             Requested size: 614.58406pt x 795.3441pt.
File: HISTORY_R30.pdf Graphic file (type pdf)
<use HISTORY_R30.pdf, page 90>
Package pdftex.def Info: HISTORY_R30.pdf , page90 used on input line 11.
(pdftex.def)             Requested size: 614.58406pt x 795.3441pt.
File: HISTORY_R30.pdf Graphic file (type pdf)
<use HISTORY_R30.pdf, page 90>
Package pdftex.def Info: HISTORY_R30.pdf , page90 used on input line 11.
(pdftex.def)             Requested size: 614.58406pt x 795.3441pt.
 [123

 <./HISTORY_R30.pdf>]
<HISTORY_R30.pdf, id=1455, page=91, 614.295pt x 794.97pt>
File: HISTORY_R30.pdf Graphic file (type pdf)
<use HISTORY_R30.pdf, page 91>
Package pdftex.def Info: HISTORY_R30.pdf , page91 used on input line 11.
(pdftex.def)             Requested size: 614.58406pt x 795.3441pt.
File: HISTORY_R30.pdf Graphic file (type pdf)
<use HISTORY_R30.pdf, page 91>
Package pdftex.def Info: HISTORY_R30.pdf , page91 used on input line 11.
(pdftex.def)             Requested size: 614.58406pt x 795.3441pt.
File: HISTORY_R30.pdf Graphic file (type pdf)
<use HISTORY_R30.pdf, page 91>
Package pdftex.def Info: HISTORY_R30.pdf , page91 used on input line 11.
(pdftex.def)             Requested size: 614.58406pt x 795.3441pt.
 [124

 <./HISTORY_R30.pdf>]
<HISTORY_R30.pdf, id=1463, page=92, 614.295pt x 794.97pt>
File: HISTORY_R30.pdf Graphic file (type pdf)
<use HISTORY_R30.pdf, page 92>
Package pdftex.def Info: HISTORY_R30.pdf , page92 used on input line 11.
(pdftex.def)             Requested size: 614.58406pt x 795.3441pt.
File: HISTORY_R30.pdf Graphic file (type pdf)
<use HISTORY_R30.pdf, page 92>
Package pdftex.def Info: HISTORY_R30.pdf , page92 used on input line 11.
(pdftex.def)             Requested size: 614.58406pt x 795.3441pt.
File: HISTORY_R30.pdf Graphic file (type pdf)
<use HISTORY_R30.pdf, page 92>
Package pdftex.def Info: HISTORY_R30.pdf , page92 used on input line 11.
(pdftex.def)             Requested size: 614.58406pt x 795.3441pt.

[125

 <./HISTORY_R30.pdf>]
<HISTORY_R30.pdf, id=1471, page=93, 614.295pt x 794.97pt>
File: HISTORY_R30.pdf Graphic file (type pdf)
<use HISTORY_R30.pdf, page 93>
Package pdftex.def Info: HISTORY_R30.pdf , page93 used on input line 11.
(pdftex.def)             Requested size: 614.58406pt x 795.3441pt.
File: HISTORY_R30.pdf Graphic file (type pdf)
<use HISTORY_R30.pdf, page 93>
Package pdftex.def Info: HISTORY_R30.pdf , page93 used on input line 11.
(pdftex.def)             Requested size: 614.58406pt x 795.3441pt.
File: HISTORY_R30.pdf Graphic file (type pdf)
<use HISTORY_R30.pdf, page 93>
Package pdftex.def Info: HISTORY_R30.pdf , page93 used on input line 11.
(pdftex.def)             Requested size: 614.58406pt x 795.3441pt.
 [126

 <./HISTORY_R30.pdf>]
<HISTORY_R30.pdf, id=1479, page=94, 614.295pt x 794.97pt>
File: HISTORY_R30.pdf Graphic file (type pdf)
<use HISTORY_R30.pdf, page 94>
Package pdftex.def Info: HISTORY_R30.pdf , page94 used on input line 11.
(pdftex.def)             Requested size: 614.58406pt x 795.3441pt.
File: HISTORY_R30.pdf Graphic file (type pdf)
<use HISTORY_R30.pdf, page 94>
Package pdftex.def Info: HISTORY_R30.pdf , page94 used on input line 11.
(pdftex.def)             Requested size: 614.58406pt x 795.3441pt.
File: HISTORY_R30.pdf Graphic file (type pdf)
<use HISTORY_R30.pdf, page 94>
Package pdftex.def Info: HISTORY_R30.pdf , page94 used on input line 11.
(pdftex.def)             Requested size: 614.58406pt x 795.3441pt.
 [127

 <./HISTORY_R30.pdf>]
<HISTORY_R30.pdf, id=1495, page=95, 614.295pt x 794.97pt>
File: HISTORY_R30.pdf Graphic file (type pdf)
<use HISTORY_R30.pdf, page 95>
Package pdftex.def Info: HISTORY_R30.pdf , page95 used on input line 11.
(pdftex.def)             Requested size: 614.58406pt x 795.3441pt.
File: HISTORY_R30.pdf Graphic file (type pdf)
<use HISTORY_R30.pdf, page 95>
Package pdftex.def Info: HISTORY_R30.pdf , page95 used on input line 11.
(pdftex.def)             Requested size: 614.58406pt x 795.3441pt.
File: HISTORY_R30.pdf Graphic file (type pdf)
<use HISTORY_R30.pdf, page 95>
Package pdftex.def Info: HISTORY_R30.pdf , page95 used on input line 11.
(pdftex.def)             Requested size: 614.58406pt x 795.3441pt.

[128

 <./HISTORY_R30.pdf>]
<HISTORY_R30.pdf, id=1517, page=96, 614.295pt x 794.97pt>
File: HISTORY_R30.pdf Graphic file (type pdf)
<use HISTORY_R30.pdf, page 96>
Package pdftex.def Info: HISTORY_R30.pdf , page96 used on input line 11.
(pdftex.def)             Requested size: 614.58406pt x 795.3441pt.
File: HISTORY_R30.pdf Graphic file (type pdf)
<use HISTORY_R30.pdf, page 96>
Package pdftex.def Info: HISTORY_R30.pdf , page96 used on input line 11.
(pdftex.def)             Requested size: 614.58406pt x 795.3441pt.
File: HISTORY_R30.pdf Graphic file (type pdf)
<use HISTORY_R30.pdf, page 96>
Package pdftex.def Info: HISTORY_R30.pdf , page96 used on input line 11.
(pdftex.def)             Requested size: 614.58406pt x 795.3441pt.
 [129

 <./HISTORY_R30.pdf>]
<HISTORY_R30.pdf, id=1525, page=97, 614.295pt x 794.97pt>
File: HISTORY_R30.pdf Graphic file (type pdf)
<use HISTORY_R30.pdf, page 97>
Package pdftex.def Info: HISTORY_R30.pdf , page97 used on input line 11.
(pdftex.def)             Requested size: 614.58406pt x 795.3441pt.
File: HISTORY_R30.pdf Graphic file (type pdf)
<use HISTORY_R30.pdf, page 97>
Package pdftex.def Info: HISTORY_R30.pdf , page97 used on input line 11.
(pdftex.def)             Requested size: 614.58406pt x 795.3441pt.
File: HISTORY_R30.pdf Graphic file (type pdf)
<use HISTORY_R30.pdf, page 97>
Package pdftex.def Info: HISTORY_R30.pdf , page97 used on input line 11.
(pdftex.def)             Requested size: 614.58406pt x 795.3441pt.
 [130

 <./HISTORY_R30.pdf>]
<HISTORY_R30.pdf, id=1533, page=98, 614.295pt x 794.97pt>
File: HISTORY_R30.pdf Graphic file (type pdf)
<use HISTORY_R30.pdf, page 98>
Package pdftex.def Info: HISTORY_R30.pdf , page98 used on input line 11.
(pdftex.def)             Requested size: 614.58406pt x 795.3441pt.
File: HISTORY_R30.pdf Graphic file (type pdf)
<use HISTORY_R30.pdf, page 98>
Package pdftex.def Info: HISTORY_R30.pdf , page98 used on input line 11.
(pdftex.def)             Requested size: 614.58406pt x 795.3441pt.
File: HISTORY_R30.pdf Graphic file (type pdf)
<use HISTORY_R30.pdf, page 98>
Package pdftex.def Info: HISTORY_R30.pdf , page98 used on input line 11.
(pdftex.def)             Requested size: 614.58406pt x 795.3441pt.

[131

 <./HISTORY_R30.pdf>]
<HISTORY_R30.pdf, id=1541, page=99, 614.295pt x 794.97pt>
File: HISTORY_R30.pdf Graphic file (type pdf)
<use HISTORY_R30.pdf, page 99>
Package pdftex.def Info: HISTORY_R30.pdf , page99 used on input line 11.
(pdftex.def)             Requested size: 614.58406pt x 795.3441pt.
File: HISTORY_R30.pdf Graphic file (type pdf)
<use HISTORY_R30.pdf, page 99>
Package pdftex.def Info: HISTORY_R30.pdf , page99 used on input line 11.
(pdftex.def)             Requested size: 614.58406pt x 795.3441pt.
File: HISTORY_R30.pdf Graphic file (type pdf)
<use HISTORY_R30.pdf, page 99>
Package pdftex.def Info: HISTORY_R30.pdf , page99 used on input line 11.
(pdftex.def)             Requested size: 614.58406pt x 795.3441pt.
 [132

 <./HISTORY_R30.pdf>]
<HISTORY_R30.pdf, id=1549, page=100, 614.295pt x 794.97pt>
File: HISTORY_R30.pdf Graphic file (type pdf)
<use HISTORY_R30.pdf, page 100>
Package pdftex.def Info: HISTORY_R30.pdf , page100 used on input line 11.
(pdftex.def)             Requested size: 614.58406pt x 795.3441pt.
File: HISTORY_R30.pdf Graphic file (type pdf)
<use HISTORY_R30.pdf, page 100>
Package pdftex.def Info: HISTORY_R30.pdf , page100 used on input line 11.
(pdftex.def)             Requested size: 614.58406pt x 795.3441pt.
File: HISTORY_R30.pdf Graphic file (type pdf)
<use HISTORY_R30.pdf, page 100>
Package pdftex.def Info: HISTORY_R30.pdf , page100 used on input line 11.
(pdftex.def)             Requested size: 614.58406pt x 795.3441pt.
 [133

 <./HISTORY_R30.pdf>]
<HISTORY_R30.pdf, id=1565, page=101, 614.295pt x 794.97pt>
File: HISTORY_R30.pdf Graphic file (type pdf)
<use HISTORY_R30.pdf, page 101>
Package pdftex.def Info: HISTORY_R30.pdf , page101 used on input line 11.
(pdftex.def)             Requested size: 614.58406pt x 795.3441pt.
File: HISTORY_R30.pdf Graphic file (type pdf)
<use HISTORY_R30.pdf, page 101>
Package pdftex.def Info: HISTORY_R30.pdf , page101 used on input line 11.
(pdftex.def)             Requested size: 614.58406pt x 795.3441pt.
File: HISTORY_R30.pdf Graphic file (type pdf)
<use HISTORY_R30.pdf, page 101>
Package pdftex.def Info: HISTORY_R30.pdf , page101 used on input line 11.
(pdftex.def)             Requested size: 614.58406pt x 795.3441pt.

[134

 <./HISTORY_R30.pdf>]
<HISTORY_R30.pdf, id=1573, page=102, 614.295pt x 794.97pt>
File: HISTORY_R30.pdf Graphic file (type pdf)
<use HISTORY_R30.pdf, page 102>
Package pdftex.def Info: HISTORY_R30.pdf , page102 used on input line 11.
(pdftex.def)             Requested size: 614.58406pt x 795.3441pt.
File: HISTORY_R30.pdf Graphic file (type pdf)
<use HISTORY_R30.pdf, page 102>
Package pdftex.def Info: HISTORY_R30.pdf , page102 used on input line 11.
(pdftex.def)             Requested size: 614.58406pt x 795.3441pt.
File: HISTORY_R30.pdf Graphic file (type pdf)
<use HISTORY_R30.pdf, page 102>
Package pdftex.def Info: HISTORY_R30.pdf , page102 used on input line 11.
(pdftex.def)             Requested size: 614.58406pt x 795.3441pt.
 [135

 <./HISTORY_R30.pdf>]
<HISTORY_R30.pdf, id=1581, page=103, 614.295pt x 794.97pt>
File: HISTORY_R30.pdf Graphic file (type pdf)
<use HISTORY_R30.pdf, page 103>
Package pdftex.def Info: HISTORY_R30.pdf , page103 used on input line 11.
(pdftex.def)             Requested size: 614.58406pt x 795.3441pt.
File: HISTORY_R30.pdf Graphic file (type pdf)
<use HISTORY_R30.pdf, page 103>
Package pdftex.def Info: HISTORY_R30.pdf , page103 used on input line 11.
(pdftex.def)             Requested size: 614.58406pt x 795.3441pt.
File: HISTORY_R30.pdf Graphic file (type pdf)
<use HISTORY_R30.pdf, page 103>
Package pdftex.def Info: HISTORY_R30.pdf , page103 used on input line 11.
(pdftex.def)             Requested size: 614.58406pt x 795.3441pt.
 [136

 <./HISTORY_R30.pdf>]
<HISTORY_R30.pdf, id=1590, page=104, 614.295pt x 794.97pt>
File: HISTORY_R30.pdf Graphic file (type pdf)
<use HISTORY_R30.pdf, page 104>
Package pdftex.def Info: HISTORY_R30.pdf , page104 used on input line 11.
(pdftex.def)             Requested size: 614.58406pt x 795.3441pt.
File: HISTORY_R30.pdf Graphic file (type pdf)
<use HISTORY_R30.pdf, page 104>
Package pdftex.def Info: HISTORY_R30.pdf , page104 used on input line 11.
(pdftex.def)             Requested size: 614.58406pt x 795.3441pt.
File: HISTORY_R30.pdf Graphic file (type pdf)
<use HISTORY_R30.pdf, page 104>
Package pdftex.def Info: HISTORY_R30.pdf , page104 used on input line 11.
(pdftex.def)             Requested size: 614.58406pt x 795.3441pt.

[137

 <./HISTORY_R30.pdf>]
<HISTORY_R30.pdf, id=1598, page=105, 614.295pt x 794.97pt>
File: HISTORY_R30.pdf Graphic file (type pdf)
<use HISTORY_R30.pdf, page 105>
Package pdftex.def Info: HISTORY_R30.pdf , page105 used on input line 11.
(pdftex.def)             Requested size: 614.58406pt x 795.3441pt.
File: HISTORY_R30.pdf Graphic file (type pdf)
<use HISTORY_R30.pdf, page 105>
Package pdftex.def Info: HISTORY_R30.pdf , page105 used on input line 11.
(pdftex.def)             Requested size: 614.58406pt x 795.3441pt.
File: HISTORY_R30.pdf Graphic file (type pdf)
<use HISTORY_R30.pdf, page 105>
Package pdftex.def Info: HISTORY_R30.pdf , page105 used on input line 11.
(pdftex.def)             Requested size: 614.58406pt x 795.3441pt.
 [138

 <./HISTORY_R30.pdf>]
<HISTORY_R30.pdf, id=1606, page=106, 614.295pt x 794.97pt>
File: HISTORY_R30.pdf Graphic file (type pdf)
<use HISTORY_R30.pdf, page 106>
Package pdftex.def Info: HISTORY_R30.pdf , page106 used on input line 11.
(pdftex.def)             Requested size: 614.58406pt x 795.3441pt.
File: HISTORY_R30.pdf Graphic file (type pdf)
<use HISTORY_R30.pdf, page 106>
Package pdftex.def Info: HISTORY_R30.pdf , page106 used on input line 11.
(pdftex.def)             Requested size: 614.58406pt x 795.3441pt.
File: HISTORY_R30.pdf Graphic file (type pdf)
<use HISTORY_R30.pdf, page 106>
Package pdftex.def Info: HISTORY_R30.pdf , page106 used on input line 11.
(pdftex.def)             Requested size: 614.58406pt x 795.3441pt.
 [139

 <./HISTORY_R30.pdf>]
<HISTORY_R30.pdf, id=1615, page=107, 614.295pt x 794.97pt>
File: HISTORY_R30.pdf Graphic file (type pdf)
<use HISTORY_R30.pdf, page 107>
Package pdftex.def Info: HISTORY_R30.pdf , page107 used on input line 11.
(pdftex.def)             Requested size: 614.58406pt x 795.3441pt.
File: HISTORY_R30.pdf Graphic file (type pdf)
<use HISTORY_R30.pdf, page 107>
Package pdftex.def Info: HISTORY_R30.pdf , page107 used on input line 11.
(pdftex.def)             Requested size: 614.58406pt x 795.3441pt.
File: HISTORY_R30.pdf Graphic file (type pdf)
<use HISTORY_R30.pdf, page 107>
Package pdftex.def Info: HISTORY_R30.pdf , page107 used on input line 11.
(pdftex.def)             Requested size: 614.58406pt x 795.3441pt.

[140

 <./HISTORY_R30.pdf>]
<HISTORY_R30.pdf, id=1623, page=108, 614.295pt x 794.97pt>
File: HISTORY_R30.pdf Graphic file (type pdf)
<use HISTORY_R30.pdf, page 108>
Package pdftex.def Info: HISTORY_R30.pdf , page108 used on input line 11.
(pdftex.def)             Requested size: 614.58406pt x 795.3441pt.
File: HISTORY_R30.pdf Graphic file (type pdf)
<use HISTORY_R30.pdf, page 108>
Package pdftex.def Info: HISTORY_R30.pdf , page108 used on input line 11.
(pdftex.def)             Requested size: 614.58406pt x 795.3441pt.
File: HISTORY_R30.pdf Graphic file (type pdf)
<use HISTORY_R30.pdf, page 108>
Package pdftex.def Info: HISTORY_R30.pdf , page108 used on input line 11.
(pdftex.def)             Requested size: 614.58406pt x 795.3441pt.
 [141

 <./HISTORY_R30.pdf>]
<HISTORY_R30.pdf, id=1631, page=109, 614.295pt x 794.97pt>
File: HISTORY_R30.pdf Graphic file (type pdf)
<use HISTORY_R30.pdf, page 109>
Package pdftex.def Info: HISTORY_R30.pdf , page109 used on input line 11.
(pdftex.def)             Requested size: 614.58406pt x 795.3441pt.
File: HISTORY_R30.pdf Graphic file (type pdf)
<use HISTORY_R30.pdf, page 109>
Package pdftex.def Info: HISTORY_R30.pdf , page109 used on input line 11.
(pdftex.def)             Requested size: 614.58406pt x 795.3441pt.
File: HISTORY_R30.pdf Graphic file (type pdf)
<use HISTORY_R30.pdf, page 109>
Package pdftex.def Info: HISTORY_R30.pdf , page109 used on input line 11.
(pdftex.def)             Requested size: 614.58406pt x 795.3441pt.
 [142

 <./HISTORY_R30.pdf>]
<HISTORY_R30.pdf, id=1639, page=110, 614.295pt x 794.97pt>
File: HISTORY_R30.pdf Graphic file (type pdf)
<use HISTORY_R30.pdf, page 110>
Package pdftex.def Info: HISTORY_R30.pdf , page110 used on input line 11.
(pdftex.def)             Requested size: 614.58406pt x 795.3441pt.
File: HISTORY_R30.pdf Graphic file (type pdf)
<use HISTORY_R30.pdf, page 110>
Package pdftex.def Info: HISTORY_R30.pdf , page110 used on input line 11.
(pdftex.def)             Requested size: 614.58406pt x 795.3441pt.
File: HISTORY_R30.pdf Graphic file (type pdf)
<use HISTORY_R30.pdf, page 110>
Package pdftex.def Info: HISTORY_R30.pdf , page110 used on input line 11.
(pdftex.def)             Requested size: 614.58406pt x 795.3441pt.

[143

 <./HISTORY_R30.pdf>]
<HISTORY_R30.pdf, id=1654, page=111, 614.295pt x 794.97pt>
File: HISTORY_R30.pdf Graphic file (type pdf)
<use HISTORY_R30.pdf, page 111>
Package pdftex.def Info: HISTORY_R30.pdf , page111 used on input line 11.
(pdftex.def)             Requested size: 614.58406pt x 795.3441pt.
File: HISTORY_R30.pdf Graphic file (type pdf)
<use HISTORY_R30.pdf, page 111>
Package pdftex.def Info: HISTORY_R30.pdf , page111 used on input line 11.
(pdftex.def)             Requested size: 614.58406pt x 795.3441pt.
File: HISTORY_R30.pdf Graphic file (type pdf)
<use HISTORY_R30.pdf, page 111>
Package pdftex.def Info: HISTORY_R30.pdf , page111 used on input line 11.
(pdftex.def)             Requested size: 614.58406pt x 795.3441pt.
 [144

 <./HISTORY_R30.pdf>]
<HISTORY_R30.pdf, id=1662, page=112, 614.295pt x 794.97pt>
File: HISTORY_R30.pdf Graphic file (type pdf)
<use HISTORY_R30.pdf, page 112>
Package pdftex.def Info: HISTORY_R30.pdf , page112 used on input line 11.
(pdftex.def)             Requested size: 614.58406pt x 795.3441pt.
File: HISTORY_R30.pdf Graphic file (type pdf)
<use HISTORY_R30.pdf, page 112>
Package pdftex.def Info: HISTORY_R30.pdf , page112 used on input line 11.
(pdftex.def)             Requested size: 614.58406pt x 795.3441pt.
File: HISTORY_R30.pdf Graphic file (type pdf)
<use HISTORY_R30.pdf, page 112>
Package pdftex.def Info: HISTORY_R30.pdf , page112 used on input line 11.
(pdftex.def)             Requested size: 614.58406pt x 795.3441pt.
 [145

 <./HISTORY_R30.pdf>]
<HISTORY_R30.pdf, id=1678, page=113, 614.295pt x 794.97pt>
File: HISTORY_R30.pdf Graphic file (type pdf)
<use HISTORY_R30.pdf, page 113>
Package pdftex.def Info: HISTORY_R30.pdf , page113 used on input line 11.
(pdftex.def)             Requested size: 614.58406pt x 795.3441pt.
File: HISTORY_R30.pdf Graphic file (type pdf)
<use HISTORY_R30.pdf, page 113>
Package pdftex.def Info: HISTORY_R30.pdf , page113 used on input line 11.
(pdftex.def)             Requested size: 614.58406pt x 795.3441pt.
File: HISTORY_R30.pdf Graphic file (type pdf)
<use HISTORY_R30.pdf, page 113>
Package pdftex.def Info: HISTORY_R30.pdf , page113 used on input line 11.
(pdftex.def)             Requested size: 614.58406pt x 795.3441pt.

[146

 <./HISTORY_R30.pdf>]
<HISTORY_R30.pdf, id=1686, page=114, 614.295pt x 794.97pt>
File: HISTORY_R30.pdf Graphic file (type pdf)
<use HISTORY_R30.pdf, page 114>
Package pdftex.def Info: HISTORY_R30.pdf , page114 used on input line 11.
(pdftex.def)             Requested size: 614.58406pt x 795.3441pt.
File: HISTORY_R30.pdf Graphic file (type pdf)
<use HISTORY_R30.pdf, page 114>
Package pdftex.def Info: HISTORY_R30.pdf , page114 used on input line 11.
(pdftex.def)             Requested size: 614.58406pt x 795.3441pt.
File: HISTORY_R30.pdf Graphic file (type pdf)
<use HISTORY_R30.pdf, page 114>
Package pdftex.def Info: HISTORY_R30.pdf , page114 used on input line 11.
(pdftex.def)             Requested size: 614.58406pt x 795.3441pt.
 [147

 <./HISTORY_R30.pdf>]
<HISTORY_R30.pdf, id=1694, page=115, 614.295pt x 794.97pt>
File: HISTORY_R30.pdf Graphic file (type pdf)
<use HISTORY_R30.pdf, page 115>
Package pdftex.def Info: HISTORY_R30.pdf , page115 used on input line 11.
(pdftex.def)             Requested size: 614.58406pt x 795.3441pt.
File: HISTORY_R30.pdf Graphic file (type pdf)
<use HISTORY_R30.pdf, page 115>
Package pdftex.def Info: HISTORY_R30.pdf , page115 used on input line 11.
(pdftex.def)             Requested size: 614.58406pt x 795.3441pt.
File: HISTORY_R30.pdf Graphic file (type pdf)
<use HISTORY_R30.pdf, page 115>
Package pdftex.def Info: HISTORY_R30.pdf , page115 used on input line 11.
(pdftex.def)             Requested size: 614.58406pt x 795.3441pt.
 [148

 <./HISTORY_R30.pdf>]
<HISTORY_R30.pdf, id=1702, page=116, 614.295pt x 794.97pt>
File: HISTORY_R30.pdf Graphic file (type pdf)
<use HISTORY_R30.pdf, page 116>
Package pdftex.def Info: HISTORY_R30.pdf , page116 used on input line 11.
(pdftex.def)             Requested size: 614.58406pt x 795.3441pt.
File: HISTORY_R30.pdf Graphic file (type pdf)
<use HISTORY_R30.pdf, page 116>
Package pdftex.def Info: HISTORY_R30.pdf , page116 used on input line 11.
(pdftex.def)             Requested size: 614.58406pt x 795.3441pt.
File: HISTORY_R30.pdf Graphic file (type pdf)
<use HISTORY_R30.pdf, page 116>
Package pdftex.def Info: HISTORY_R30.pdf , page116 used on input line 11.
(pdftex.def)             Requested size: 614.58406pt x 795.3441pt.

[149

 <./HISTORY_R30.pdf>]
<HISTORY_R30.pdf, id=1710, page=117, 614.295pt x 794.97pt>
File: HISTORY_R30.pdf Graphic file (type pdf)
<use HISTORY_R30.pdf, page 117>
Package pdftex.def Info: HISTORY_R30.pdf , page117 used on input line 11.
(pdftex.def)             Requested size: 614.58406pt x 795.3441pt.
File: HISTORY_R30.pdf Graphic file (type pdf)
<use HISTORY_R30.pdf, page 117>
Package pdftex.def Info: HISTORY_R30.pdf , page117 used on input line 11.
(pdftex.def)             Requested size: 614.58406pt x 795.3441pt.
File: HISTORY_R30.pdf Graphic file (type pdf)
<use HISTORY_R30.pdf, page 117>
Package pdftex.def Info: HISTORY_R30.pdf , page117 used on input line 11.
(pdftex.def)             Requested size: 614.58406pt x 795.3441pt.
 [150

 <./HISTORY_R30.pdf>]
<HISTORY_R30.pdf, id=1718, page=118, 614.295pt x 794.97pt>
File: HISTORY_R30.pdf Graphic file (type pdf)
<use HISTORY_R30.pdf, page 118>
Package pdftex.def Info: HISTORY_R30.pdf , page118 used on input line 11.
(pdftex.def)             Requested size: 614.58406pt x 795.3441pt.
File: HISTORY_R30.pdf Graphic file (type pdf)
<use HISTORY_R30.pdf, page 118>
Package pdftex.def Info: HISTORY_R30.pdf , page118 used on input line 11.
(pdftex.def)             Requested size: 614.58406pt x 795.3441pt.
File: HISTORY_R30.pdf Graphic file (type pdf)
<use HISTORY_R30.pdf, page 118>
Package pdftex.def Info: HISTORY_R30.pdf , page118 used on input line 11.
(pdftex.def)             Requested size: 614.58406pt x 795.3441pt.
 [151

 <./HISTORY_R30.pdf>]
<HISTORY_R30.pdf, id=1734, page=119, 614.295pt x 794.97pt>
File: HISTORY_R30.pdf Graphic file (type pdf)
<use HISTORY_R30.pdf, page 119>
Package pdftex.def Info: HISTORY_R30.pdf , page119 used on input line 11.
(pdftex.def)             Requested size: 614.58406pt x 795.3441pt.
File: HISTORY_R30.pdf Graphic file (type pdf)
<use HISTORY_R30.pdf, page 119>
Package pdftex.def Info: HISTORY_R30.pdf , page119 used on input line 11.
(pdftex.def)             Requested size: 614.58406pt x 795.3441pt.
File: HISTORY_R30.pdf Graphic file (type pdf)
<use HISTORY_R30.pdf, page 119>
Package pdftex.def Info: HISTORY_R30.pdf , page119 used on input line 11.
(pdftex.def)             Requested size: 614.58406pt x 795.3441pt.

[152

 <./HISTORY_R30.pdf>]
<HISTORY_R30.pdf, id=1742, page=120, 614.295pt x 794.97pt>
File: HISTORY_R30.pdf Graphic file (type pdf)
<use HISTORY_R30.pdf, page 120>
Package pdftex.def Info: HISTORY_R30.pdf , page120 used on input line 11.
(pdftex.def)             Requested size: 614.58406pt x 795.3441pt.
File: HISTORY_R30.pdf Graphic file (type pdf)
<use HISTORY_R30.pdf, page 120>
Package pdftex.def Info: HISTORY_R30.pdf , page120 used on input line 11.
(pdftex.def)             Requested size: 614.58406pt x 795.3441pt.
File: HISTORY_R30.pdf Graphic file (type pdf)
<use HISTORY_R30.pdf, page 120>
Package pdftex.def Info: HISTORY_R30.pdf , page120 used on input line 11.
(pdftex.def)             Requested size: 614.58406pt x 795.3441pt.
 [153

 <./HISTORY_R30.pdf>]
<HISTORY_R30.pdf, id=1750, page=121, 614.295pt x 794.97pt>
File: HISTORY_R30.pdf Graphic file (type pdf)
<use HISTORY_R30.pdf, page 121>
Package pdftex.def Info: HISTORY_R30.pdf , page121 used on input line 11.
(pdftex.def)             Requested size: 614.58406pt x 795.3441pt.
File: HISTORY_R30.pdf Graphic file (type pdf)
<use HISTORY_R30.pdf, page 121>
Package pdftex.def Info: HISTORY_R30.pdf , page121 used on input line 11.
(pdftex.def)             Requested size: 614.58406pt x 795.3441pt.
File: HISTORY_R30.pdf Graphic file (type pdf)
<use HISTORY_R30.pdf, page 121>
Package pdftex.def Info: HISTORY_R30.pdf , page121 used on input line 11.
(pdftex.def)             Requested size: 614.58406pt x 795.3441pt.
 [154

 <./HISTORY_R30.pdf>]
<HISTORY_R30.pdf, id=1758, page=122, 614.295pt x 794.97pt>
File: HISTORY_R30.pdf Graphic file (type pdf)
<use HISTORY_R30.pdf, page 122>
Package pdftex.def Info: HISTORY_R30.pdf , page122 used on input line 11.
(pdftex.def)             Requested size: 614.58406pt x 795.3441pt.
File: HISTORY_R30.pdf Graphic file (type pdf)
<use HISTORY_R30.pdf, page 122>
Package pdftex.def Info: HISTORY_R30.pdf , page122 used on input line 11.
(pdftex.def)             Requested size: 614.58406pt x 795.3441pt.
File: HISTORY_R30.pdf Graphic file (type pdf)
<use HISTORY_R30.pdf, page 122>
Package pdftex.def Info: HISTORY_R30.pdf , page122 used on input line 11.
(pdftex.def)             Requested size: 614.58406pt x 795.3441pt.

[155

 <./HISTORY_R30.pdf>]
<HISTORY_R30.pdf, id=1766, page=123, 614.295pt x 794.97pt>
File: HISTORY_R30.pdf Graphic file (type pdf)
<use HISTORY_R30.pdf, page 123>
Package pdftex.def Info: HISTORY_R30.pdf , page123 used on input line 11.
(pdftex.def)             Requested size: 614.58406pt x 795.3441pt.
File: HISTORY_R30.pdf Graphic file (type pdf)
<use HISTORY_R30.pdf, page 123>
Package pdftex.def Info: HISTORY_R30.pdf , page123 used on input line 11.
(pdftex.def)             Requested size: 614.58406pt x 795.3441pt.
File: HISTORY_R30.pdf Graphic file (type pdf)
<use HISTORY_R30.pdf, page 123>
Package pdftex.def Info: HISTORY_R30.pdf , page123 used on input line 11.
(pdftex.def)             Requested size: 614.58406pt x 795.3441pt.
 [156

 <./HISTORY_R30.pdf>]
<HISTORY_R30.pdf, id=1774, page=124, 614.295pt x 794.97pt>
File: HISTORY_R30.pdf Graphic file (type pdf)
<use HISTORY_R30.pdf, page 124>
Package pdftex.def Info: HISTORY_R30.pdf , page124 used on input line 11.
(pdftex.def)             Requested size: 614.58406pt x 795.3441pt.
File: HISTORY_R30.pdf Graphic file (type pdf)
<use HISTORY_R30.pdf, page 124>
Package pdftex.def Info: HISTORY_R30.pdf , page124 used on input line 11.
(pdftex.def)             Requested size: 614.58406pt x 795.3441pt.
File: HISTORY_R30.pdf Graphic file (type pdf)
<use HISTORY_R30.pdf, page 124>
Package pdftex.def Info: HISTORY_R30.pdf , page124 used on input line 11.
(pdftex.def)             Requested size: 614.58406pt x 795.3441pt.
 [157

 <./HISTORY_R30.pdf>]
<HISTORY_R30.pdf, id=1783, page=125, 614.295pt x 794.97pt>
File: HISTORY_R30.pdf Graphic file (type pdf)
<use HISTORY_R30.pdf, page 125>
Package pdftex.def Info: HISTORY_R30.pdf , page125 used on input line 11.
(pdftex.def)             Requested size: 614.58406pt x 795.3441pt.
File: HISTORY_R30.pdf Graphic file (type pdf)
<use HISTORY_R30.pdf, page 125>
Package pdftex.def Info: HISTORY_R30.pdf , page125 used on input line 11.
(pdftex.def)             Requested size: 614.58406pt x 795.3441pt.
File: HISTORY_R30.pdf Graphic file (type pdf)
<use HISTORY_R30.pdf, page 125>
Package pdftex.def Info: HISTORY_R30.pdf , page125 used on input line 11.
(pdftex.def)             Requested size: 614.58406pt x 795.3441pt.

[158

 <./HISTORY_R30.pdf>]
<HISTORY_R30.pdf, id=1791, page=126, 614.295pt x 794.97pt>
File: HISTORY_R30.pdf Graphic file (type pdf)
<use HISTORY_R30.pdf, page 126>
Package pdftex.def Info: HISTORY_R30.pdf , page126 used on input line 11.
(pdftex.def)             Requested size: 614.58406pt x 795.3441pt.
File: HISTORY_R30.pdf Graphic file (type pdf)
<use HISTORY_R30.pdf, page 126>
Package pdftex.def Info: HISTORY_R30.pdf , page126 used on input line 11.
(pdftex.def)             Requested size: 614.58406pt x 795.3441pt.
File: HISTORY_R30.pdf Graphic file (type pdf)
<use HISTORY_R30.pdf, page 126>
Package pdftex.def Info: HISTORY_R30.pdf , page126 used on input line 11.
(pdftex.def)             Requested size: 614.58406pt x 795.3441pt.
 [159

 <./HISTORY_R30.pdf>]
<HISTORY_R30.pdf, id=1799, page=127, 614.295pt x 794.97pt>
File: HISTORY_R30.pdf Graphic file (type pdf)
<use HISTORY_R30.pdf, page 127>
Package pdftex.def Info: HISTORY_R30.pdf , page127 used on input line 11.
(pdftex.def)             Requested size: 614.58406pt x 795.3441pt.
File: HISTORY_R30.pdf Graphic file (type pdf)
<use HISTORY_R30.pdf, page 127>
Package pdftex.def Info: HISTORY_R30.pdf , page127 used on input line 11.
(pdftex.def)             Requested size: 614.58406pt x 795.3441pt.
File: HISTORY_R30.pdf Graphic file (type pdf)
<use HISTORY_R30.pdf, page 127>
Package pdftex.def Info: HISTORY_R30.pdf , page127 used on input line 11.
(pdftex.def)             Requested size: 614.58406pt x 795.3441pt.
 [160

 <./HISTORY_R30.pdf>]
<HISTORY_R30.pdf, id=1807, page=128, 614.295pt x 794.97pt>
File: HISTORY_R30.pdf Graphic file (type pdf)
<use HISTORY_R30.pdf, page 128>
Package pdftex.def Info: HISTORY_R30.pdf , page128 used on input line 11.
(pdftex.def)             Requested size: 614.58406pt x 795.3441pt.
File: HISTORY_R30.pdf Graphic file (type pdf)
<use HISTORY_R30.pdf, page 128>
Package pdftex.def Info: HISTORY_R30.pdf , page128 used on input line 11.
(pdftex.def)             Requested size: 614.58406pt x 795.3441pt.
File: HISTORY_R30.pdf Graphic file (type pdf)
<use HISTORY_R30.pdf, page 128>
Package pdftex.def Info: HISTORY_R30.pdf , page128 used on input line 11.
(pdftex.def)             Requested size: 614.58406pt x 795.3441pt.

[161

 <./HISTORY_R30.pdf>]
<HISTORY_R30.pdf, id=1815, page=129, 614.295pt x 794.97pt>
File: HISTORY_R30.pdf Graphic file (type pdf)
<use HISTORY_R30.pdf, page 129>
Package pdftex.def Info: HISTORY_R30.pdf , page129 used on input line 11.
(pdftex.def)             Requested size: 614.58406pt x 795.3441pt.
File: HISTORY_R30.pdf Graphic file (type pdf)
<use HISTORY_R30.pdf, page 129>
Package pdftex.def Info: HISTORY_R30.pdf , page129 used on input line 11.
(pdftex.def)             Requested size: 614.58406pt x 795.3441pt.
File: HISTORY_R30.pdf Graphic file (type pdf)
<use HISTORY_R30.pdf, page 129>
Package pdftex.def Info: HISTORY_R30.pdf , page129 used on input line 11.
(pdftex.def)             Requested size: 614.58406pt x 795.3441pt.
 [162

 <./HISTORY_R30.pdf>]
<HISTORY_R30.pdf, id=1823, page=130, 614.295pt x 794.97pt>
File: HISTORY_R30.pdf Graphic file (type pdf)
<use HISTORY_R30.pdf, page 130>
Package pdftex.def Info: HISTORY_R30.pdf , page130 used on input line 11.
(pdftex.def)             Requested size: 614.58406pt x 795.3441pt.
File: HISTORY_R30.pdf Graphic file (type pdf)
<use HISTORY_R30.pdf, page 130>
Package pdftex.def Info: HISTORY_R30.pdf , page130 used on input line 11.
(pdftex.def)             Requested size: 614.58406pt x 795.3441pt.
File: HISTORY_R30.pdf Graphic file (type pdf)
<use HISTORY_R30.pdf, page 130>
Package pdftex.def Info: HISTORY_R30.pdf , page130 used on input line 11.
(pdftex.def)             Requested size: 614.58406pt x 795.3441pt.
 [163

 <./HISTORY_R30.pdf>]
<HISTORY_R30.pdf, id=1832, page=131, 614.295pt x 794.97pt>
File: HISTORY_R30.pdf Graphic file (type pdf)
<use HISTORY_R30.pdf, page 131>
Package pdftex.def Info: HISTORY_R30.pdf , page131 used on input line 11.
(pdftex.def)             Requested size: 614.58406pt x 795.3441pt.
File: HISTORY_R30.pdf Graphic file (type pdf)
<use HISTORY_R30.pdf, page 131>
Package pdftex.def Info: HISTORY_R30.pdf , page131 used on input line 11.
(pdftex.def)             Requested size: 614.58406pt x 795.3441pt.
File: HISTORY_R30.pdf Graphic file (type pdf)
<use HISTORY_R30.pdf, page 131>
Package pdftex.def Info: HISTORY_R30.pdf , page131 used on input line 11.
(pdftex.def)             Requested size: 614.58406pt x 795.3441pt.

[164

 <./HISTORY_R30.pdf>]
<HISTORY_R30.pdf, id=1840, page=132, 614.295pt x 794.97pt>
File: HISTORY_R30.pdf Graphic file (type pdf)
<use HISTORY_R30.pdf, page 132>
Package pdftex.def Info: HISTORY_R30.pdf , page132 used on input line 11.
(pdftex.def)             Requested size: 614.58406pt x 795.3441pt.
File: HISTORY_R30.pdf Graphic file (type pdf)
<use HISTORY_R30.pdf, page 132>
Package pdftex.def Info: HISTORY_R30.pdf , page132 used on input line 11.
(pdftex.def)             Requested size: 614.58406pt x 795.3441pt.
File: HISTORY_R30.pdf Graphic file (type pdf)
<use HISTORY_R30.pdf, page 132>
Package pdftex.def Info: HISTORY_R30.pdf , page132 used on input line 11.
(pdftex.def)             Requested size: 614.58406pt x 795.3441pt.
 [165

 <./HISTORY_R30.pdf>]
<HISTORY_R30.pdf, id=1849, page=133, 614.295pt x 794.97pt>
File: HISTORY_R30.pdf Graphic file (type pdf)
<use HISTORY_R30.pdf, page 133>
Package pdftex.def Info: HISTORY_R30.pdf , page133 used on input line 11.
(pdftex.def)             Requested size: 614.58406pt x 795.3441pt.
File: HISTORY_R30.pdf Graphic file (type pdf)
<use HISTORY_R30.pdf, page 133>
Package pdftex.def Info: HISTORY_R30.pdf , page133 used on input line 11.
(pdftex.def)             Requested size: 614.58406pt x 795.3441pt.
File: HISTORY_R30.pdf Graphic file (type pdf)
<use HISTORY_R30.pdf, page 133>
Package pdftex.def Info: HISTORY_R30.pdf , page133 used on input line 11.
(pdftex.def)             Requested size: 614.58406pt x 795.3441pt.
 [166

 <./HISTORY_R30.pdf>]
<HISTORY_R30.pdf, id=1857, page=134, 614.295pt x 794.97pt>
File: HISTORY_R30.pdf Graphic file (type pdf)
<use HISTORY_R30.pdf, page 134>
Package pdftex.def Info: HISTORY_R30.pdf , page134 used on input line 11.
(pdftex.def)             Requested size: 614.58406pt x 795.3441pt.
File: HISTORY_R30.pdf Graphic file (type pdf)
<use HISTORY_R30.pdf, page 134>
Package pdftex.def Info: HISTORY_R30.pdf , page134 used on input line 11.
(pdftex.def)             Requested size: 614.58406pt x 795.3441pt.
File: HISTORY_R30.pdf Graphic file (type pdf)
<use HISTORY_R30.pdf, page 134>
Package pdftex.def Info: HISTORY_R30.pdf , page134 used on input line 11.
(pdftex.def)             Requested size: 614.58406pt x 795.3441pt.

[167

 <./HISTORY_R30.pdf>]
<HISTORY_R30.pdf, id=1872, page=135, 614.295pt x 794.97pt>
File: HISTORY_R30.pdf Graphic file (type pdf)
<use HISTORY_R30.pdf, page 135>
Package pdftex.def Info: HISTORY_R30.pdf , page135 used on input line 11.
(pdftex.def)             Requested size: 614.58406pt x 795.3441pt.
File: HISTORY_R30.pdf Graphic file (type pdf)
<use HISTORY_R30.pdf, page 135>
Package pdftex.def Info: HISTORY_R30.pdf , page135 used on input line 11.
(pdftex.def)             Requested size: 614.58406pt x 795.3441pt.
File: HISTORY_R30.pdf Graphic file (type pdf)
<use HISTORY_R30.pdf, page 135>
Package pdftex.def Info: HISTORY_R30.pdf , page135 used on input line 11.
(pdftex.def)             Requested size: 614.58406pt x 795.3441pt.
 [168

 <./HISTORY_R30.pdf>]
<HISTORY_R30.pdf, id=1880, page=136, 614.295pt x 794.97pt>
File: HISTORY_R30.pdf Graphic file (type pdf)
<use HISTORY_R30.pdf, page 136>
Package pdftex.def Info: HISTORY_R30.pdf , page136 used on input line 11.
(pdftex.def)             Requested size: 614.58406pt x 795.3441pt.
File: HISTORY_R30.pdf Graphic file (type pdf)
<use HISTORY_R30.pdf, page 136>
Package pdftex.def Info: HISTORY_R30.pdf , page136 used on input line 11.
(pdftex.def)             Requested size: 614.58406pt x 795.3441pt.
File: HISTORY_R30.pdf Graphic file (type pdf)
<use HISTORY_R30.pdf, page 136>
Package pdftex.def Info: HISTORY_R30.pdf , page136 used on input line 11.
(pdftex.def)             Requested size: 614.58406pt x 795.3441pt.
 [169

 <./HISTORY_R30.pdf>]
<HISTORY_R30.pdf, id=1889, page=137, 614.295pt x 794.97pt>
File: HISTORY_R30.pdf Graphic file (type pdf)
<use HISTORY_R30.pdf, page 137>
Package pdftex.def Info: HISTORY_R30.pdf , page137 used on input line 11.
(pdftex.def)             Requested size: 614.58406pt x 795.3441pt.
File: HISTORY_R30.pdf Graphic file (type pdf)
<use HISTORY_R30.pdf, page 137>
Package pdftex.def Info: HISTORY_R30.pdf , page137 used on input line 11.
(pdftex.def)             Requested size: 614.58406pt x 795.3441pt.
File: HISTORY_R30.pdf Graphic file (type pdf)
<use HISTORY_R30.pdf, page 137>
Package pdftex.def Info: HISTORY_R30.pdf , page137 used on input line 11.
(pdftex.def)             Requested size: 614.58406pt x 795.3441pt.

[170

 <./HISTORY_R30.pdf>]
<HISTORY_R30.pdf, id=1897, page=138, 614.295pt x 794.97pt>
File: HISTORY_R30.pdf Graphic file (type pdf)
<use HISTORY_R30.pdf, page 138>
Package pdftex.def Info: HISTORY_R30.pdf , page138 used on input line 11.
(pdftex.def)             Requested size: 614.58406pt x 795.3441pt.
File: HISTORY_R30.pdf Graphic file (type pdf)
<use HISTORY_R30.pdf, page 138>
Package pdftex.def Info: HISTORY_R30.pdf , page138 used on input line 11.
(pdftex.def)             Requested size: 614.58406pt x 795.3441pt.
File: HISTORY_R30.pdf Graphic file (type pdf)
<use HISTORY_R30.pdf, page 138>
Package pdftex.def Info: HISTORY_R30.pdf , page138 used on input line 11.
(pdftex.def)             Requested size: 614.58406pt x 795.3441pt.
 [171

 <./HISTORY_R30.pdf>]
<HISTORY_R30.pdf, id=1905, page=139, 614.295pt x 794.97pt>
File: HISTORY_R30.pdf Graphic file (type pdf)
<use HISTORY_R30.pdf, page 139>
Package pdftex.def Info: HISTORY_R30.pdf , page139 used on input line 11.
(pdftex.def)             Requested size: 614.58406pt x 795.3441pt.
File: HISTORY_R30.pdf Graphic file (type pdf)
<use HISTORY_R30.pdf, page 139>
Package pdftex.def Info: HISTORY_R30.pdf , page139 used on input line 11.
(pdftex.def)             Requested size: 614.58406pt x 795.3441pt.
File: HISTORY_R30.pdf Graphic file (type pdf)
<use HISTORY_R30.pdf, page 139>
Package pdftex.def Info: HISTORY_R30.pdf , page139 used on input line 11.
(pdftex.def)             Requested size: 614.58406pt x 795.3441pt.
 [172

 <./HISTORY_R30.pdf>]
<HISTORY_R30.pdf, id=1913, page=140, 614.295pt x 794.97pt>
File: HISTORY_R30.pdf Graphic file (type pdf)
<use HISTORY_R30.pdf, page 140>
Package pdftex.def Info: HISTORY_R30.pdf , page140 used on input line 11.
(pdftex.def)             Requested size: 614.58406pt x 795.3441pt.
File: HISTORY_R30.pdf Graphic file (type pdf)
<use HISTORY_R30.pdf, page 140>
Package pdftex.def Info: HISTORY_R30.pdf , page140 used on input line 11.
(pdftex.def)             Requested size: 614.58406pt x 795.3441pt.
File: HISTORY_R30.pdf Graphic file (type pdf)
<use HISTORY_R30.pdf, page 140>
Package pdftex.def Info: HISTORY_R30.pdf , page140 used on input line 11.
(pdftex.def)             Requested size: 614.58406pt x 795.3441pt.

[173

 <./HISTORY_R30.pdf>]
<HISTORY_R30.pdf, id=1921, page=141, 614.295pt x 794.97pt>
File: HISTORY_R30.pdf Graphic file (type pdf)
<use HISTORY_R30.pdf, page 141>
Package pdftex.def Info: HISTORY_R30.pdf , page141 used on input line 11.
(pdftex.def)             Requested size: 614.58406pt x 795.3441pt.
File: HISTORY_R30.pdf Graphic file (type pdf)
<use HISTORY_R30.pdf, page 141>
Package pdftex.def Info: HISTORY_R30.pdf , page141 used on input line 11.
(pdftex.def)             Requested size: 614.58406pt x 795.3441pt.
File: HISTORY_R30.pdf Graphic file (type pdf)
<use HISTORY_R30.pdf, page 141>
Package pdftex.def Info: HISTORY_R30.pdf , page141 used on input line 11.
(pdftex.def)             Requested size: 614.58406pt x 795.3441pt.
 [174

 <./HISTORY_R30.pdf>]
<HISTORY_R30.pdf, id=1929, page=142, 614.295pt x 794.97pt>
File: HISTORY_R30.pdf Graphic file (type pdf)
<use HISTORY_R30.pdf, page 142>
Package pdftex.def Info: HISTORY_R30.pdf , page142 used on input line 11.
(pdftex.def)             Requested size: 614.58406pt x 795.3441pt.
File: HISTORY_R30.pdf Graphic file (type pdf)
<use HISTORY_R30.pdf, page 142>
Package pdftex.def Info: HISTORY_R30.pdf , page142 used on input line 11.
(pdftex.def)             Requested size: 614.58406pt x 795.3441pt.
File: HISTORY_R30.pdf Graphic file (type pdf)
<use HISTORY_R30.pdf, page 142>
Package pdftex.def Info: HISTORY_R30.pdf , page142 used on input line 11.
(pdftex.def)             Requested size: 614.58406pt x 795.3441pt.
 [175

 <./HISTORY_R30.pdf>]
<HISTORY_R30.pdf, id=1938, page=143, 614.295pt x 794.97pt>
File: HISTORY_R30.pdf Graphic file (type pdf)
<use HISTORY_R30.pdf, page 143>
Package pdftex.def Info: HISTORY_R30.pdf , page143 used on input line 11.
(pdftex.def)             Requested size: 614.58406pt x 795.3441pt.
File: HISTORY_R30.pdf Graphic file (type pdf)
<use HISTORY_R30.pdf, page 143>
Package pdftex.def Info: HISTORY_R30.pdf , page143 used on input line 11.
(pdftex.def)             Requested size: 614.58406pt x 795.3441pt.
File: HISTORY_R30.pdf Graphic file (type pdf)
<use HISTORY_R30.pdf, page 143>
Package pdftex.def Info: HISTORY_R30.pdf , page143 used on input line 11.
(pdftex.def)             Requested size: 614.58406pt x 795.3441pt.

[176

 <./HISTORY_R30.pdf>]
<HISTORY_R30.pdf, id=1946, page=144, 614.295pt x 794.97pt>
File: HISTORY_R30.pdf Graphic file (type pdf)
<use HISTORY_R30.pdf, page 144>
Package pdftex.def Info: HISTORY_R30.pdf , page144 used on input line 11.
(pdftex.def)             Requested size: 614.58406pt x 795.3441pt.
File: HISTORY_R30.pdf Graphic file (type pdf)
<use HISTORY_R30.pdf, page 144>
Package pdftex.def Info: HISTORY_R30.pdf , page144 used on input line 11.
(pdftex.def)             Requested size: 614.58406pt x 795.3441pt.
File: HISTORY_R30.pdf Graphic file (type pdf)
<use HISTORY_R30.pdf, page 144>
Package pdftex.def Info: HISTORY_R30.pdf , page144 used on input line 11.
(pdftex.def)             Requested size: 614.58406pt x 795.3441pt.
 [177

 <./HISTORY_R30.pdf>]
<HISTORY_R30.pdf, id=1954, page=145, 614.295pt x 794.97pt>
File: HISTORY_R30.pdf Graphic file (type pdf)
<use HISTORY_R30.pdf, page 145>
Package pdftex.def Info: HISTORY_R30.pdf , page145 used on input line 11.
(pdftex.def)             Requested size: 614.58406pt x 795.3441pt.
File: HISTORY_R30.pdf Graphic file (type pdf)
<use HISTORY_R30.pdf, page 145>
Package pdftex.def Info: HISTORY_R30.pdf , page145 used on input line 11.
(pdftex.def)             Requested size: 614.58406pt x 795.3441pt.
File: HISTORY_R30.pdf Graphic file (type pdf)
<use HISTORY_R30.pdf, page 145>
Package pdftex.def Info: HISTORY_R30.pdf , page145 used on input line 11.
(pdftex.def)             Requested size: 614.58406pt x 795.3441pt.
 [178

 <./HISTORY_R30.pdf>]
<HISTORY_R30.pdf, id=1962, page=146, 614.295pt x 794.97pt>
File: HISTORY_R30.pdf Graphic file (type pdf)
<use HISTORY_R30.pdf, page 146>
Package pdftex.def Info: HISTORY_R30.pdf , page146 used on input line 11.
(pdftex.def)             Requested size: 614.58406pt x 795.3441pt.
File: HISTORY_R30.pdf Graphic file (type pdf)
<use HISTORY_R30.pdf, page 146>
Package pdftex.def Info: HISTORY_R30.pdf , page146 used on input line 11.
(pdftex.def)             Requested size: 614.58406pt x 795.3441pt.
File: HISTORY_R30.pdf Graphic file (type pdf)
<use HISTORY_R30.pdf, page 146>
Package pdftex.def Info: HISTORY_R30.pdf , page146 used on input line 11.
(pdftex.def)             Requested size: 614.58406pt x 795.3441pt.

[179

 <./HISTORY_R30.pdf>]
<HISTORY_R30.pdf, id=1970, page=147, 614.295pt x 794.97pt>
File: HISTORY_R30.pdf Graphic file (type pdf)
<use HISTORY_R30.pdf, page 147>
Package pdftex.def Info: HISTORY_R30.pdf , page147 used on input line 11.
(pdftex.def)             Requested size: 614.58406pt x 795.3441pt.
File: HISTORY_R30.pdf Graphic file (type pdf)
<use HISTORY_R30.pdf, page 147>
Package pdftex.def Info: HISTORY_R30.pdf , page147 used on input line 11.
(pdftex.def)             Requested size: 614.58406pt x 795.3441pt.
File: HISTORY_R30.pdf Graphic file (type pdf)
<use HISTORY_R30.pdf, page 147>
Package pdftex.def Info: HISTORY_R30.pdf , page147 used on input line 11.
(pdftex.def)             Requested size: 614.58406pt x 795.3441pt.
 [180

 <./HISTORY_R30.pdf>]
<HISTORY_R30.pdf, id=1985, page=148, 614.295pt x 794.97pt>
File: HISTORY_R30.pdf Graphic file (type pdf)
<use HISTORY_R30.pdf, page 148>
Package pdftex.def Info: HISTORY_R30.pdf , page148 used on input line 11.
(pdftex.def)             Requested size: 614.58406pt x 795.3441pt.
File: HISTORY_R30.pdf Graphic file (type pdf)
<use HISTORY_R30.pdf, page 148>
Package pdftex.def Info: HISTORY_R30.pdf , page148 used on input line 11.
(pdftex.def)             Requested size: 614.58406pt x 795.3441pt.
File: HISTORY_R30.pdf Graphic file (type pdf)
<use HISTORY_R30.pdf, page 148>
Package pdftex.def Info: HISTORY_R30.pdf , page148 used on input line 11.
(pdftex.def)             Requested size: 614.58406pt x 795.3441pt.
 [181

 <./HISTORY_R30.pdf>]
<HISTORY_R30.pdf, id=1994, page=149, 614.295pt x 794.97pt>
File: HISTORY_R30.pdf Graphic file (type pdf)
<use HISTORY_R30.pdf, page 149>
Package pdftex.def Info: HISTORY_R30.pdf , page149 used on input line 11.
(pdftex.def)             Requested size: 614.58406pt x 795.3441pt.
File: HISTORY_R30.pdf Graphic file (type pdf)
<use HISTORY_R30.pdf, page 149>
Package pdftex.def Info: HISTORY_R30.pdf , page149 used on input line 11.
(pdftex.def)             Requested size: 614.58406pt x 795.3441pt.
File: HISTORY_R30.pdf Graphic file (type pdf)
<use HISTORY_R30.pdf, page 149>
Package pdftex.def Info: HISTORY_R30.pdf , page149 used on input line 11.
(pdftex.def)             Requested size: 614.58406pt x 795.3441pt.

[182

 <./HISTORY_R30.pdf>]
<HISTORY_R30.pdf, id=2002, page=150, 614.295pt x 794.97pt>
File: HISTORY_R30.pdf Graphic file (type pdf)
<use HISTORY_R30.pdf, page 150>
Package pdftex.def Info: HISTORY_R30.pdf , page150 used on input line 11.
(pdftex.def)             Requested size: 614.58406pt x 795.3441pt.
File: HISTORY_R30.pdf Graphic file (type pdf)
<use HISTORY_R30.pdf, page 150>
Package pdftex.def Info: HISTORY_R30.pdf , page150 used on input line 11.
(pdftex.def)             Requested size: 614.58406pt x 795.3441pt.
File: HISTORY_R30.pdf Graphic file (type pdf)
<use HISTORY_R30.pdf, page 150>
Package pdftex.def Info: HISTORY_R30.pdf , page150 used on input line 11.
(pdftex.def)             Requested size: 614.58406pt x 795.3441pt.
 [183

 <./HISTORY_R30.pdf>]
<HISTORY_R30.pdf, id=2010, page=151, 614.295pt x 794.97pt>
File: HISTORY_R30.pdf Graphic file (type pdf)
<use HISTORY_R30.pdf, page 151>
Package pdftex.def Info: HISTORY_R30.pdf , page151 used on input line 11.
(pdftex.def)             Requested size: 614.58406pt x 795.3441pt.
File: HISTORY_R30.pdf Graphic file (type pdf)
<use HISTORY_R30.pdf, page 151>
Package pdftex.def Info: HISTORY_R30.pdf , page151 used on input line 11.
(pdftex.def)             Requested size: 614.58406pt x 795.3441pt.
File: HISTORY_R30.pdf Graphic file (type pdf)
<use HISTORY_R30.pdf, page 151>
Package pdftex.def Info: HISTORY_R30.pdf , page151 used on input line 11.
(pdftex.def)             Requested size: 614.58406pt x 795.3441pt.
 [184

 <./HISTORY_R30.pdf>]
<HISTORY_R30.pdf, id=2018, page=152, 614.295pt x 794.97pt>
File: HISTORY_R30.pdf Graphic file (type pdf)
<use HISTORY_R30.pdf, page 152>
Package pdftex.def Info: HISTORY_R30.pdf , page152 used on input line 11.
(pdftex.def)             Requested size: 614.58406pt x 795.3441pt.
File: HISTORY_R30.pdf Graphic file (type pdf)
<use HISTORY_R30.pdf, page 152>
Package pdftex.def Info: HISTORY_R30.pdf , page152 used on input line 11.
(pdftex.def)             Requested size: 614.58406pt x 795.3441pt.
File: HISTORY_R30.pdf Graphic file (type pdf)
<use HISTORY_R30.pdf, page 152>
Package pdftex.def Info: HISTORY_R30.pdf , page152 used on input line 11.
(pdftex.def)             Requested size: 614.58406pt x 795.3441pt.

[185

 <./HISTORY_R30.pdf>]
<HISTORY_R30.pdf, id=2026, page=153, 614.295pt x 794.97pt>
File: HISTORY_R30.pdf Graphic file (type pdf)
<use HISTORY_R30.pdf, page 153>
Package pdftex.def Info: HISTORY_R30.pdf , page153 used on input line 11.
(pdftex.def)             Requested size: 614.58406pt x 795.3441pt.
File: HISTORY_R30.pdf Graphic file (type pdf)
<use HISTORY_R30.pdf, page 153>
Package pdftex.def Info: HISTORY_R30.pdf , page153 used on input line 11.
(pdftex.def)             Requested size: 614.58406pt x 795.3441pt.
File: HISTORY_R30.pdf Graphic file (type pdf)
<use HISTORY_R30.pdf, page 153>
Package pdftex.def Info: HISTORY_R30.pdf , page153 used on input line 11.
(pdftex.def)             Requested size: 614.58406pt x 795.3441pt.
 [186

 <./HISTORY_R30.pdf>]
<HISTORY_R30.pdf, id=2034, page=154, 614.295pt x 794.97pt>
File: HISTORY_R30.pdf Graphic file (type pdf)
<use HISTORY_R30.pdf, page 154>
Package pdftex.def Info: HISTORY_R30.pdf , page154 used on input line 11.
(pdftex.def)             Requested size: 614.58406pt x 795.3441pt.
File: HISTORY_R30.pdf Graphic file (type pdf)
<use HISTORY_R30.pdf, page 154>
Package pdftex.def Info: HISTORY_R30.pdf , page154 used on input line 11.
(pdftex.def)             Requested size: 614.58406pt x 795.3441pt.
File: HISTORY_R30.pdf Graphic file (type pdf)
<use HISTORY_R30.pdf, page 154>
Package pdftex.def Info: HISTORY_R30.pdf , page154 used on input line 11.
(pdftex.def)             Requested size: 614.58406pt x 795.3441pt.
 [187

 <./HISTORY_R30.pdf>]
<HISTORY_R30.pdf, id=2048, page=155, 614.295pt x 794.97pt>
File: HISTORY_R30.pdf Graphic file (type pdf)
<use HISTORY_R30.pdf, page 155>
Package pdftex.def Info: HISTORY_R30.pdf , page155 used on input line 11.
(pdftex.def)             Requested size: 614.58406pt x 795.3441pt.
File: HISTORY_R30.pdf Graphic file (type pdf)
<use HISTORY_R30.pdf, page 155>
Package pdftex.def Info: HISTORY_R30.pdf , page155 used on input line 11.
(pdftex.def)             Requested size: 614.58406pt x 795.3441pt.
File: HISTORY_R30.pdf Graphic file (type pdf)
<use HISTORY_R30.pdf, page 155>
Package pdftex.def Info: HISTORY_R30.pdf , page155 used on input line 11.
(pdftex.def)             Requested size: 614.58406pt x 795.3441pt.

[188

 <./HISTORY_R30.pdf>]
<HISTORY_R30.pdf, id=2056, page=156, 614.295pt x 794.97pt>
File: HISTORY_R30.pdf Graphic file (type pdf)
<use HISTORY_R30.pdf, page 156>
Package pdftex.def Info: HISTORY_R30.pdf , page156 used on input line 11.
(pdftex.def)             Requested size: 614.58406pt x 795.3441pt.
File: HISTORY_R30.pdf Graphic file (type pdf)
<use HISTORY_R30.pdf, page 156>
Package pdftex.def Info: HISTORY_R30.pdf , page156 used on input line 11.
(pdftex.def)             Requested size: 614.58406pt x 795.3441pt.
File: HISTORY_R30.pdf Graphic file (type pdf)
<use HISTORY_R30.pdf, page 156>
Package pdftex.def Info: HISTORY_R30.pdf , page156 used on input line 11.
(pdftex.def)             Requested size: 614.58406pt x 795.3441pt.
 [189

 <./HISTORY_R30.pdf>]
<HISTORY_R30.pdf, id=2064, page=157, 614.295pt x 794.97pt>
File: HISTORY_R30.pdf Graphic file (type pdf)
<use HISTORY_R30.pdf, page 157>
Package pdftex.def Info: HISTORY_R30.pdf , page157 used on input line 11.
(pdftex.def)             Requested size: 614.58406pt x 795.3441pt.
File: HISTORY_R30.pdf Graphic file (type pdf)
<use HISTORY_R30.pdf, page 157>
Package pdftex.def Info: HISTORY_R30.pdf , page157 used on input line 11.
(pdftex.def)             Requested size: 614.58406pt x 795.3441pt.
File: HISTORY_R30.pdf Graphic file (type pdf)
<use HISTORY_R30.pdf, page 157>
Package pdftex.def Info: HISTORY_R30.pdf , page157 used on input line 11.
(pdftex.def)             Requested size: 614.58406pt x 795.3441pt.
 [190

 <./HISTORY_R30.pdf>]
<HISTORY_R30.pdf, id=2072, page=158, 614.295pt x 794.97pt>
File: HISTORY_R30.pdf Graphic file (type pdf)
<use HISTORY_R30.pdf, page 158>
Package pdftex.def Info: HISTORY_R30.pdf , page158 used on input line 11.
(pdftex.def)             Requested size: 614.58406pt x 795.3441pt.
File: HISTORY_R30.pdf Graphic file (type pdf)
<use HISTORY_R30.pdf, page 158>
Package pdftex.def Info: HISTORY_R30.pdf , page158 used on input line 11.
(pdftex.def)             Requested size: 614.58406pt x 795.3441pt.
File: HISTORY_R30.pdf Graphic file (type pdf)
<use HISTORY_R30.pdf, page 158>
Package pdftex.def Info: HISTORY_R30.pdf , page158 used on input line 11.
(pdftex.def)             Requested size: 614.58406pt x 795.3441pt.

[191

 <./HISTORY_R30.pdf>]
<HISTORY_R30.pdf, id=2080, page=159, 614.295pt x 794.97pt>
File: HISTORY_R30.pdf Graphic file (type pdf)
<use HISTORY_R30.pdf, page 159>
Package pdftex.def Info: HISTORY_R30.pdf , page159 used on input line 11.
(pdftex.def)             Requested size: 614.58406pt x 795.3441pt.
File: HISTORY_R30.pdf Graphic file (type pdf)
<use HISTORY_R30.pdf, page 159>
Package pdftex.def Info: HISTORY_R30.pdf , page159 used on input line 11.
(pdftex.def)             Requested size: 614.58406pt x 795.3441pt.
File: HISTORY_R30.pdf Graphic file (type pdf)
<use HISTORY_R30.pdf, page 159>
Package pdftex.def Info: HISTORY_R30.pdf , page159 used on input line 11.
(pdftex.def)             Requested size: 614.58406pt x 795.3441pt.
 [192

 <./HISTORY_R30.pdf>]
<HISTORY_R30.pdf, id=2088, page=160, 614.295pt x 794.97pt>
File: HISTORY_R30.pdf Graphic file (type pdf)
<use HISTORY_R30.pdf, page 160>
Package pdftex.def Info: HISTORY_R30.pdf , page160 used on input line 11.
(pdftex.def)             Requested size: 614.58406pt x 795.3441pt.
File: HISTORY_R30.pdf Graphic file (type pdf)
<use HISTORY_R30.pdf, page 160>
Package pdftex.def Info: HISTORY_R30.pdf , page160 used on input line 11.
(pdftex.def)             Requested size: 614.58406pt x 795.3441pt.
File: HISTORY_R30.pdf Graphic file (type pdf)
<use HISTORY_R30.pdf, page 160>
Package pdftex.def Info: HISTORY_R30.pdf , page160 used on input line 11.
(pdftex.def)             Requested size: 614.58406pt x 795.3441pt.
 [193

 <./HISTORY_R30.pdf>]
<HISTORY_R30.pdf, id=2098, page=161, 614.295pt x 794.97pt>
File: HISTORY_R30.pdf Graphic file (type pdf)
<use HISTORY_R30.pdf, page 161>
Package pdftex.def Info: HISTORY_R30.pdf , page161 used on input line 11.
(pdftex.def)             Requested size: 614.58406pt x 795.3441pt.
File: HISTORY_R30.pdf Graphic file (type pdf)
<use HISTORY_R30.pdf, page 161>
Package pdftex.def Info: HISTORY_R30.pdf , page161 used on input line 11.
(pdftex.def)             Requested size: 614.58406pt x 795.3441pt.
File: HISTORY_R30.pdf Graphic file (type pdf)
<use HISTORY_R30.pdf, page 161>
Package pdftex.def Info: HISTORY_R30.pdf , page161 used on input line 11.
(pdftex.def)             Requested size: 614.58406pt x 795.3441pt.

[194

 <./HISTORY_R30.pdf>]
<HISTORY_R30.pdf, id=2106, page=162, 614.295pt x 794.97pt>
File: HISTORY_R30.pdf Graphic file (type pdf)
<use HISTORY_R30.pdf, page 162>
Package pdftex.def Info: HISTORY_R30.pdf , page162 used on input line 11.
(pdftex.def)             Requested size: 614.58406pt x 795.3441pt.
File: HISTORY_R30.pdf Graphic file (type pdf)
<use HISTORY_R30.pdf, page 162>
Package pdftex.def Info: HISTORY_R30.pdf , page162 used on input line 11.
(pdftex.def)             Requested size: 614.58406pt x 795.3441pt.
File: HISTORY_R30.pdf Graphic file (type pdf)
<use HISTORY_R30.pdf, page 162>
Package pdftex.def Info: HISTORY_R30.pdf , page162 used on input line 11.
(pdftex.def)             Requested size: 614.58406pt x 795.3441pt.
 [195

 <./HISTORY_R30.pdf>]
<HISTORY_R30.pdf, id=2121, page=163, 614.295pt x 794.97pt>
File: HISTORY_R30.pdf Graphic file (type pdf)
<use HISTORY_R30.pdf, page 163>
Package pdftex.def Info: HISTORY_R30.pdf , page163 used on input line 11.
(pdftex.def)             Requested size: 614.58406pt x 795.3441pt.
File: HISTORY_R30.pdf Graphic file (type pdf)
<use HISTORY_R30.pdf, page 163>
Package pdftex.def Info: HISTORY_R30.pdf , page163 used on input line 11.
(pdftex.def)             Requested size: 614.58406pt x 795.3441pt.
File: HISTORY_R30.pdf Graphic file (type pdf)
<use HISTORY_R30.pdf, page 163>
Package pdftex.def Info: HISTORY_R30.pdf , page163 used on input line 11.
(pdftex.def)             Requested size: 614.58406pt x 795.3441pt.
 [196

 <./HISTORY_R30.pdf>]
<HISTORY_R30.pdf, id=2129, page=164, 614.295pt x 794.97pt>
File: HISTORY_R30.pdf Graphic file (type pdf)
<use HISTORY_R30.pdf, page 164>
Package pdftex.def Info: HISTORY_R30.pdf , page164 used on input line 11.
(pdftex.def)             Requested size: 614.58406pt x 795.3441pt.
File: HISTORY_R30.pdf Graphic file (type pdf)
<use HISTORY_R30.pdf, page 164>
Package pdftex.def Info: HISTORY_R30.pdf , page164 used on input line 11.
(pdftex.def)             Requested size: 614.58406pt x 795.3441pt.
File: HISTORY_R30.pdf Graphic file (type pdf)
<use HISTORY_R30.pdf, page 164>
Package pdftex.def Info: HISTORY_R30.pdf , page164 used on input line 11.
(pdftex.def)             Requested size: 614.58406pt x 795.3441pt.

[197

 <./HISTORY_R30.pdf>]
<HISTORY_R30.pdf, id=2137, page=165, 614.295pt x 794.97pt>
File: HISTORY_R30.pdf Graphic file (type pdf)
<use HISTORY_R30.pdf, page 165>
Package pdftex.def Info: HISTORY_R30.pdf , page165 used on input line 11.
(pdftex.def)             Requested size: 614.58406pt x 795.3441pt.
File: HISTORY_R30.pdf Graphic file (type pdf)
<use HISTORY_R30.pdf, page 165>
Package pdftex.def Info: HISTORY_R30.pdf , page165 used on input line 11.
(pdftex.def)             Requested size: 614.58406pt x 795.3441pt.
File: HISTORY_R30.pdf Graphic file (type pdf)
<use HISTORY_R30.pdf, page 165>
Package pdftex.def Info: HISTORY_R30.pdf , page165 used on input line 11.
(pdftex.def)             Requested size: 614.58406pt x 795.3441pt.
 [198

 <./HISTORY_R30.pdf>]
<HISTORY_R30.pdf, id=2145, page=166, 614.295pt x 794.97pt>
File: HISTORY_R30.pdf Graphic file (type pdf)
<use HISTORY_R30.pdf, page 166>
Package pdftex.def Info: HISTORY_R30.pdf , page166 used on input line 11.
(pdftex.def)             Requested size: 614.58406pt x 795.3441pt.
File: HISTORY_R30.pdf Graphic file (type pdf)
<use HISTORY_R30.pdf, page 166>
Package pdftex.def Info: HISTORY_R30.pdf , page166 used on input line 11.
(pdftex.def)             Requested size: 614.58406pt x 795.3441pt.
File: HISTORY_R30.pdf Graphic file (type pdf)
<use HISTORY_R30.pdf, page 166>
Package pdftex.def Info: HISTORY_R30.pdf , page166 used on input line 11.
(pdftex.def)             Requested size: 614.58406pt x 795.3441pt.
 [199

 <./HISTORY_R30.pdf>]
<HISTORY_R30.pdf, id=2154, page=167, 614.295pt x 794.97pt>
File: HISTORY_R30.pdf Graphic file (type pdf)
<use HISTORY_R30.pdf, page 167>
Package pdftex.def Info: HISTORY_R30.pdf , page167 used on input line 11.
(pdftex.def)             Requested size: 614.58406pt x 795.3441pt.
File: HISTORY_R30.pdf Graphic file (type pdf)
<use HISTORY_R30.pdf, page 167>
Package pdftex.def Info: HISTORY_R30.pdf , page167 used on input line 11.
(pdftex.def)             Requested size: 614.58406pt x 795.3441pt.
File: HISTORY_R30.pdf Graphic file (type pdf)
<use HISTORY_R30.pdf, page 167>
Package pdftex.def Info: HISTORY_R30.pdf , page167 used on input line 11.
(pdftex.def)             Requested size: 614.58406pt x 795.3441pt.

[200

 <./HISTORY_R30.pdf>]
<HISTORY_R30.pdf, id=2162, page=168, 614.295pt x 794.97pt>
File: HISTORY_R30.pdf Graphic file (type pdf)
<use HISTORY_R30.pdf, page 168>
Package pdftex.def Info: HISTORY_R30.pdf , page168 used on input line 11.
(pdftex.def)             Requested size: 614.58406pt x 795.3441pt.
File: HISTORY_R30.pdf Graphic file (type pdf)
<use HISTORY_R30.pdf, page 168>
Package pdftex.def Info: HISTORY_R30.pdf , page168 used on input line 11.
(pdftex.def)             Requested size: 614.58406pt x 795.3441pt.
File: HISTORY_R30.pdf Graphic file (type pdf)
<use HISTORY_R30.pdf, page 168>
Package pdftex.def Info: HISTORY_R30.pdf , page168 used on input line 11.
(pdftex.def)             Requested size: 614.58406pt x 795.3441pt.
 [201

 <./HISTORY_R30.pdf>]
<HISTORY_R30.pdf, id=2170, page=169, 614.295pt x 794.97pt>
File: HISTORY_R30.pdf Graphic file (type pdf)
<use HISTORY_R30.pdf, page 169>
Package pdftex.def Info: HISTORY_R30.pdf , page169 used on input line 11.
(pdftex.def)             Requested size: 614.58406pt x 795.3441pt.
File: HISTORY_R30.pdf Graphic file (type pdf)
<use HISTORY_R30.pdf, page 169>
Package pdftex.def Info: HISTORY_R30.pdf , page169 used on input line 11.
(pdftex.def)             Requested size: 614.58406pt x 795.3441pt.
File: HISTORY_R30.pdf Graphic file (type pdf)
<use HISTORY_R30.pdf, page 169>
Package pdftex.def Info: HISTORY_R30.pdf , page169 used on input line 11.
(pdftex.def)             Requested size: 614.58406pt x 795.3441pt.
 [202

 <./HISTORY_R30.pdf>]
<HISTORY_R30.pdf, id=2178, page=170, 614.295pt x 794.97pt>
File: HISTORY_R30.pdf Graphic file (type pdf)
<use HISTORY_R30.pdf, page 170>
Package pdftex.def Info: HISTORY_R30.pdf , page170 used on input line 11.
(pdftex.def)             Requested size: 614.58406pt x 795.3441pt.
File: HISTORY_R30.pdf Graphic file (type pdf)
<use HISTORY_R30.pdf, page 170>
Package pdftex.def Info: HISTORY_R30.pdf , page170 used on input line 11.
(pdftex.def)             Requested size: 614.58406pt x 795.3441pt.
File: HISTORY_R30.pdf Graphic file (type pdf)
<use HISTORY_R30.pdf, page 170>
Package pdftex.def Info: HISTORY_R30.pdf , page170 used on input line 11.
(pdftex.def)             Requested size: 614.58406pt x 795.3441pt.

[203

 <./HISTORY_R30.pdf>]
<HISTORY_R30.pdf, id=2186, page=171, 614.295pt x 794.97pt>
File: HISTORY_R30.pdf Graphic file (type pdf)
<use HISTORY_R30.pdf, page 171>
Package pdftex.def Info: HISTORY_R30.pdf , page171 used on input line 11.
(pdftex.def)             Requested size: 614.58406pt x 795.3441pt.
File: HISTORY_R30.pdf Graphic file (type pdf)
<use HISTORY_R30.pdf, page 171>
Package pdftex.def Info: HISTORY_R30.pdf , page171 used on input line 11.
(pdftex.def)             Requested size: 614.58406pt x 795.3441pt.
File: HISTORY_R30.pdf Graphic file (type pdf)
<use HISTORY_R30.pdf, page 171>
Package pdftex.def Info: HISTORY_R30.pdf , page171 used on input line 11.
(pdftex.def)             Requested size: 614.58406pt x 795.3441pt.
 [204

 <./HISTORY_R30.pdf>]
<HISTORY_R30.pdf, id=2194, page=172, 614.295pt x 794.97pt>
File: HISTORY_R30.pdf Graphic file (type pdf)
<use HISTORY_R30.pdf, page 172>
Package pdftex.def Info: HISTORY_R30.pdf , page172 used on input line 11.
(pdftex.def)             Requested size: 614.58406pt x 795.3441pt.
File: HISTORY_R30.pdf Graphic file (type pdf)
<use HISTORY_R30.pdf, page 172>
Package pdftex.def Info: HISTORY_R30.pdf , page172 used on input line 11.
(pdftex.def)             Requested size: 614.58406pt x 795.3441pt.
File: HISTORY_R30.pdf Graphic file (type pdf)
<use HISTORY_R30.pdf, page 172>
Package pdftex.def Info: HISTORY_R30.pdf , page172 used on input line 11.
(pdftex.def)             Requested size: 614.58406pt x 795.3441pt.
 [205

 <./HISTORY_R30.pdf>]
<HISTORY_R30.pdf, id=2203, page=173, 614.295pt x 794.97pt>
File: HISTORY_R30.pdf Graphic file (type pdf)
<use HISTORY_R30.pdf, page 173>
Package pdftex.def Info: HISTORY_R30.pdf , page173 used on input line 11.
(pdftex.def)             Requested size: 614.58406pt x 795.3441pt.
File: HISTORY_R30.pdf Graphic file (type pdf)
<use HISTORY_R30.pdf, page 173>
Package pdftex.def Info: HISTORY_R30.pdf , page173 used on input line 11.
(pdftex.def)             Requested size: 614.58406pt x 795.3441pt.
File: HISTORY_R30.pdf Graphic file (type pdf)
<use HISTORY_R30.pdf, page 173>
Package pdftex.def Info: HISTORY_R30.pdf , page173 used on input line 11.
(pdftex.def)             Requested size: 614.58406pt x 795.3441pt.

[206

 <./HISTORY_R30.pdf>]
<HISTORY_R30.pdf, id=2211, page=174, 614.295pt x 794.97pt>
File: HISTORY_R30.pdf Graphic file (type pdf)
<use HISTORY_R30.pdf, page 174>
Package pdftex.def Info: HISTORY_R30.pdf , page174 used on input line 11.
(pdftex.def)             Requested size: 614.58406pt x 795.3441pt.
File: HISTORY_R30.pdf Graphic file (type pdf)
<use HISTORY_R30.pdf, page 174>
Package pdftex.def Info: HISTORY_R30.pdf , page174 used on input line 11.
(pdftex.def)             Requested size: 614.58406pt x 795.3441pt.
File: HISTORY_R30.pdf Graphic file (type pdf)
<use HISTORY_R30.pdf, page 174>
Package pdftex.def Info: HISTORY_R30.pdf , page174 used on input line 11.
(pdftex.def)             Requested size: 614.58406pt x 795.3441pt.
 [207

 <./HISTORY_R30.pdf>]
<HISTORY_R30.pdf, id=2219, page=175, 614.295pt x 794.97pt>
File: HISTORY_R30.pdf Graphic file (type pdf)
<use HISTORY_R30.pdf, page 175>
Package pdftex.def Info: HISTORY_R30.pdf , page175 used on input line 11.
(pdftex.def)             Requested size: 614.58406pt x 795.3441pt.
File: HISTORY_R30.pdf Graphic file (type pdf)
<use HISTORY_R30.pdf, page 175>
Package pdftex.def Info: HISTORY_R30.pdf , page175 used on input line 11.
(pdftex.def)             Requested size: 614.58406pt x 795.3441pt.
File: HISTORY_R30.pdf Graphic file (type pdf)
<use HISTORY_R30.pdf, page 175>
Package pdftex.def Info: HISTORY_R30.pdf , page175 used on input line 11.
(pdftex.def)             Requested size: 614.58406pt x 795.3441pt.
 [208

 <./HISTORY_R30.pdf>]
<HISTORY_R30.pdf, id=2227, page=176, 614.295pt x 794.97pt>
File: HISTORY_R30.pdf Graphic file (type pdf)
<use HISTORY_R30.pdf, page 176>
Package pdftex.def Info: HISTORY_R30.pdf , page176 used on input line 11.
(pdftex.def)             Requested size: 614.58406pt x 795.3441pt.
File: HISTORY_R30.pdf Graphic file (type pdf)
<use HISTORY_R30.pdf, page 176>
Package pdftex.def Info: HISTORY_R30.pdf , page176 used on input line 11.
(pdftex.def)             Requested size: 614.58406pt x 795.3441pt.
File: HISTORY_R30.pdf Graphic file (type pdf)
<use HISTORY_R30.pdf, page 176>
Package pdftex.def Info: HISTORY_R30.pdf , page176 used on input line 11.
(pdftex.def)             Requested size: 614.58406pt x 795.3441pt.

[209

 <./HISTORY_R30.pdf>]
<HISTORY_R30.pdf, id=2235, page=177, 614.295pt x 794.97pt>
File: HISTORY_R30.pdf Graphic file (type pdf)
<use HISTORY_R30.pdf, page 177>
Package pdftex.def Info: HISTORY_R30.pdf , page177 used on input line 11.
(pdftex.def)             Requested size: 614.58406pt x 795.3441pt.
File: HISTORY_R30.pdf Graphic file (type pdf)
<use HISTORY_R30.pdf, page 177>
Package pdftex.def Info: HISTORY_R30.pdf , page177 used on input line 11.
(pdftex.def)             Requested size: 614.58406pt x 795.3441pt.
File: HISTORY_R30.pdf Graphic file (type pdf)
<use HISTORY_R30.pdf, page 177>
Package pdftex.def Info: HISTORY_R30.pdf , page177 used on input line 11.
(pdftex.def)             Requested size: 614.58406pt x 795.3441pt.
 [210

 <./HISTORY_R30.pdf>]
<HISTORY_R30.pdf, id=2243, page=178, 614.295pt x 794.97pt>
File: HISTORY_R30.pdf Graphic file (type pdf)
<use HISTORY_R30.pdf, page 178>
Package pdftex.def Info: HISTORY_R30.pdf , page178 used on input line 11.
(pdftex.def)             Requested size: 614.58406pt x 795.3441pt.
File: HISTORY_R30.pdf Graphic file (type pdf)
<use HISTORY_R30.pdf, page 178>
Package pdftex.def Info: HISTORY_R30.pdf , page178 used on input line 11.
(pdftex.def)             Requested size: 614.58406pt x 795.3441pt.
File: HISTORY_R30.pdf Graphic file (type pdf)
<use HISTORY_R30.pdf, page 178>
Package pdftex.def Info: HISTORY_R30.pdf , page178 used on input line 11.
(pdftex.def)             Requested size: 614.58406pt x 795.3441pt.
 [211

 <./HISTORY_R30.pdf>]
<HISTORY_R30.pdf, id=2252, page=179, 614.295pt x 794.97pt>
File: HISTORY_R30.pdf Graphic file (type pdf)
<use HISTORY_R30.pdf, page 179>
Package pdftex.def Info: HISTORY_R30.pdf , page179 used on input line 11.
(pdftex.def)             Requested size: 614.58406pt x 795.3441pt.
File: HISTORY_R30.pdf Graphic file (type pdf)
<use HISTORY_R30.pdf, page 179>
Package pdftex.def Info: HISTORY_R30.pdf , page179 used on input line 11.
(pdftex.def)             Requested size: 614.58406pt x 795.3441pt.
File: HISTORY_R30.pdf Graphic file (type pdf)
<use HISTORY_R30.pdf, page 179>
Package pdftex.def Info: HISTORY_R30.pdf , page179 used on input line 11.
(pdftex.def)             Requested size: 614.58406pt x 795.3441pt.

[212

 <./HISTORY_R30.pdf>]
<HISTORY_R30.pdf, id=2260, page=180, 614.295pt x 794.97pt>
File: HISTORY_R30.pdf Graphic file (type pdf)
<use HISTORY_R30.pdf, page 180>
Package pdftex.def Info: HISTORY_R30.pdf , page180 used on input line 11.
(pdftex.def)             Requested size: 614.58406pt x 795.3441pt.
File: HISTORY_R30.pdf Graphic file (type pdf)
<use HISTORY_R30.pdf, page 180>
Package pdftex.def Info: HISTORY_R30.pdf , page180 used on input line 11.
(pdftex.def)             Requested size: 614.58406pt x 795.3441pt.
File: HISTORY_R30.pdf Graphic file (type pdf)
<use HISTORY_R30.pdf, page 180>
Package pdftex.def Info: HISTORY_R30.pdf , page180 used on input line 11.
(pdftex.def)             Requested size: 614.58406pt x 795.3441pt.
 [213

 <./HISTORY_R30.pdf>]
<HISTORY_R30.pdf, id=2268, page=181, 614.295pt x 794.97pt>
File: HISTORY_R30.pdf Graphic file (type pdf)
<use HISTORY_R30.pdf, page 181>
Package pdftex.def Info: HISTORY_R30.pdf , page181 used on input line 11.
(pdftex.def)             Requested size: 614.58406pt x 795.3441pt.
File: HISTORY_R30.pdf Graphic file (type pdf)
<use HISTORY_R30.pdf, page 181>
Package pdftex.def Info: HISTORY_R30.pdf , page181 used on input line 11.
(pdftex.def)             Requested size: 614.58406pt x 795.3441pt.
File: HISTORY_R30.pdf Graphic file (type pdf)
<use HISTORY_R30.pdf, page 181>
Package pdftex.def Info: HISTORY_R30.pdf , page181 used on input line 11.
(pdftex.def)             Requested size: 614.58406pt x 795.3441pt.
 [214

 <./HISTORY_R30.pdf>]
<HISTORY_R30.pdf, id=2275, page=182, 614.295pt x 794.97pt>
File: HISTORY_R30.pdf Graphic file (type pdf)
<use HISTORY_R30.pdf, page 182>
Package pdftex.def Info: HISTORY_R30.pdf , page182 used on input line 11.
(pdftex.def)             Requested size: 614.58406pt x 795.3441pt.
File: HISTORY_R30.pdf Graphic file (type pdf)
<use HISTORY_R30.pdf, page 182>
Package pdftex.def Info: HISTORY_R30.pdf , page182 used on input line 11.
(pdftex.def)             Requested size: 614.58406pt x 795.3441pt.
File: HISTORY_R30.pdf Graphic file (type pdf)
<use HISTORY_R30.pdf, page 182>
Package pdftex.def Info: HISTORY_R30.pdf , page182 used on input line 11.
(pdftex.def)             Requested size: 614.58406pt x 795.3441pt.

[215

 <./HISTORY_R30.pdf>]
<HISTORY_R30.pdf, id=2296, page=183, 614.295pt x 794.97pt>
File: HISTORY_R30.pdf Graphic file (type pdf)
<use HISTORY_R30.pdf, page 183>
Package pdftex.def Info: HISTORY_R30.pdf , page183 used on input line 11.
(pdftex.def)             Requested size: 614.58406pt x 795.3441pt.
File: HISTORY_R30.pdf Graphic file (type pdf)
<use HISTORY_R30.pdf, page 183>
Package pdftex.def Info: HISTORY_R30.pdf , page183 used on input line 11.
(pdftex.def)             Requested size: 614.58406pt x 795.3441pt.
File: HISTORY_R30.pdf Graphic file (type pdf)
<use HISTORY_R30.pdf, page 183>
Package pdftex.def Info: HISTORY_R30.pdf , page183 used on input line 11.
(pdftex.def)             Requested size: 614.58406pt x 795.3441pt.
 [216

 <./HISTORY_R30.pdf>]
<HISTORY_R30.pdf, id=2304, page=184, 614.295pt x 794.97pt>
File: HISTORY_R30.pdf Graphic file (type pdf)
<use HISTORY_R30.pdf, page 184>
Package pdftex.def Info: HISTORY_R30.pdf , page184 used on input line 11.
(pdftex.def)             Requested size: 614.58406pt x 795.3441pt.
File: HISTORY_R30.pdf Graphic file (type pdf)
<use HISTORY_R30.pdf, page 184>
Package pdftex.def Info: HISTORY_R30.pdf , page184 used on input line 11.
(pdftex.def)             Requested size: 614.58406pt x 795.3441pt.
File: HISTORY_R30.pdf Graphic file (type pdf)
<use HISTORY_R30.pdf, page 184>
Package pdftex.def Info: HISTORY_R30.pdf , page184 used on input line 11.
(pdftex.def)             Requested size: 614.58406pt x 795.3441pt.
 [217

 <./HISTORY_R30.pdf>]
<HISTORY_R30.pdf, id=2313, page=185, 614.295pt x 794.97pt>
File: HISTORY_R30.pdf Graphic file (type pdf)
<use HISTORY_R30.pdf, page 185>
Package pdftex.def Info: HISTORY_R30.pdf , page185 used on input line 11.
(pdftex.def)             Requested size: 614.58406pt x 795.3441pt.
File: HISTORY_R30.pdf Graphic file (type pdf)
<use HISTORY_R30.pdf, page 185>
Package pdftex.def Info: HISTORY_R30.pdf , page185 used on input line 11.
(pdftex.def)             Requested size: 614.58406pt x 795.3441pt.
File: HISTORY_R30.pdf Graphic file (type pdf)
<use HISTORY_R30.pdf, page 185>
Package pdftex.def Info: HISTORY_R30.pdf , page185 used on input line 11.
(pdftex.def)             Requested size: 614.58406pt x 795.3441pt.

[218

 <./HISTORY_R30.pdf>]
<HISTORY_R30.pdf, id=2342, page=186, 614.295pt x 794.97pt>
File: HISTORY_R30.pdf Graphic file (type pdf)
<use HISTORY_R30.pdf, page 186>
Package pdftex.def Info: HISTORY_R30.pdf , page186 used on input line 11.
(pdftex.def)             Requested size: 614.58406pt x 795.3441pt.
File: HISTORY_R30.pdf Graphic file (type pdf)
<use HISTORY_R30.pdf, page 186>
Package pdftex.def Info: HISTORY_R30.pdf , page186 used on input line 11.
(pdftex.def)             Requested size: 614.58406pt x 795.3441pt.
File: HISTORY_R30.pdf Graphic file (type pdf)
<use HISTORY_R30.pdf, page 186>
Package pdftex.def Info: HISTORY_R30.pdf , page186 used on input line 11.
(pdftex.def)             Requested size: 614.58406pt x 795.3441pt.
 [219

 <./HISTORY_R30.pdf>]
<HISTORY_R30.pdf, id=2350, page=187, 614.295pt x 794.97pt>
File: HISTORY_R30.pdf Graphic file (type pdf)
<use HISTORY_R30.pdf, page 187>
Package pdftex.def Info: HISTORY_R30.pdf , page187 used on input line 11.
(pdftex.def)             Requested size: 614.58406pt x 795.3441pt.
File: HISTORY_R30.pdf Graphic file (type pdf)
<use HISTORY_R30.pdf, page 187>
Package pdftex.def Info: HISTORY_R30.pdf , page187 used on input line 11.
(pdftex.def)             Requested size: 614.58406pt x 795.3441pt.
File: HISTORY_R30.pdf Graphic file (type pdf)
<use HISTORY_R30.pdf, page 187>
Package pdftex.def Info: HISTORY_R30.pdf , page187 used on input line 11.
(pdftex.def)             Requested size: 614.58406pt x 795.3441pt.
 [220

 <./HISTORY_R30.pdf>]
<HISTORY_R30.pdf, id=2358, page=188, 614.295pt x 794.97pt>
File: HISTORY_R30.pdf Graphic file (type pdf)
<use HISTORY_R30.pdf, page 188>
Package pdftex.def Info: HISTORY_R30.pdf , page188 used on input line 11.
(pdftex.def)             Requested size: 614.58406pt x 795.3441pt.
File: HISTORY_R30.pdf Graphic file (type pdf)
<use HISTORY_R30.pdf, page 188>
Package pdftex.def Info: HISTORY_R30.pdf , page188 used on input line 11.
(pdftex.def)             Requested size: 614.58406pt x 795.3441pt.
File: HISTORY_R30.pdf Graphic file (type pdf)
<use HISTORY_R30.pdf, page 188>
Package pdftex.def Info: HISTORY_R30.pdf , page188 used on input line 11.
(pdftex.def)             Requested size: 614.58406pt x 795.3441pt.

[221

 <./HISTORY_R30.pdf>]
<HISTORY_R30.pdf, id=2366, page=189, 614.295pt x 794.97pt>
File: HISTORY_R30.pdf Graphic file (type pdf)
<use HISTORY_R30.pdf, page 189>
Package pdftex.def Info: HISTORY_R30.pdf , page189 used on input line 11.
(pdftex.def)             Requested size: 614.58406pt x 795.3441pt.
File: HISTORY_R30.pdf Graphic file (type pdf)
<use HISTORY_R30.pdf, page 189>
Package pdftex.def Info: HISTORY_R30.pdf , page189 used on input line 11.
(pdftex.def)             Requested size: 614.58406pt x 795.3441pt.
File: HISTORY_R30.pdf Graphic file (type pdf)
<use HISTORY_R30.pdf, page 189>
Package pdftex.def Info: HISTORY_R30.pdf , page189 used on input line 11.
(pdftex.def)             Requested size: 614.58406pt x 795.3441pt.
 [222

 <./HISTORY_R30.pdf>]
<HISTORY_R30.pdf, id=2386, page=190, 614.295pt x 794.97pt>
File: HISTORY_R30.pdf Graphic file (type pdf)
<use HISTORY_R30.pdf, page 190>
Package pdftex.def Info: HISTORY_R30.pdf , page190 used on input line 11.
(pdftex.def)             Requested size: 614.58406pt x 795.3441pt.
File: HISTORY_R30.pdf Graphic file (type pdf)
<use HISTORY_R30.pdf, page 190>
Package pdftex.def Info: HISTORY_R30.pdf , page190 used on input line 11.
(pdftex.def)             Requested size: 614.58406pt x 795.3441pt.
File: HISTORY_R30.pdf Graphic file (type pdf)
<use HISTORY_R30.pdf, page 190>
Package pdftex.def Info: HISTORY_R30.pdf , page190 used on input line 11.
(pdftex.def)             Requested size: 614.58406pt x 795.3441pt.
 [223

 <./HISTORY_R30.pdf>]
<HISTORY_R30.pdf, id=2395, page=191, 614.295pt x 794.97pt>
File: HISTORY_R30.pdf Graphic file (type pdf)
<use HISTORY_R30.pdf, page 191>
Package pdftex.def Info: HISTORY_R30.pdf , page191 used on input line 11.
(pdftex.def)             Requested size: 614.58406pt x 795.3441pt.
File: HISTORY_R30.pdf Graphic file (type pdf)
<use HISTORY_R30.pdf, page 191>
Package pdftex.def Info: HISTORY_R30.pdf , page191 used on input line 11.
(pdftex.def)             Requested size: 614.58406pt x 795.3441pt.
File: HISTORY_R30.pdf Graphic file (type pdf)
<use HISTORY_R30.pdf, page 191>
Package pdftex.def Info: HISTORY_R30.pdf , page191 used on input line 11.
(pdftex.def)             Requested size: 614.58406pt x 795.3441pt.

[224

 <./HISTORY_R30.pdf>]
<HISTORY_R30.pdf, id=2403, page=192, 614.295pt x 794.97pt>
File: HISTORY_R30.pdf Graphic file (type pdf)
<use HISTORY_R30.pdf, page 192>
Package pdftex.def Info: HISTORY_R30.pdf , page192 used on input line 11.
(pdftex.def)             Requested size: 614.58406pt x 795.3441pt.
File: HISTORY_R30.pdf Graphic file (type pdf)
<use HISTORY_R30.pdf, page 192>
Package pdftex.def Info: HISTORY_R30.pdf , page192 used on input line 11.
(pdftex.def)             Requested size: 614.58406pt x 795.3441pt.
File: HISTORY_R30.pdf Graphic file (type pdf)
<use HISTORY_R30.pdf, page 192>
Package pdftex.def Info: HISTORY_R30.pdf , page192 used on input line 11.
(pdftex.def)             Requested size: 614.58406pt x 795.3441pt.
 [225

 <./HISTORY_R30.pdf>]
<HISTORY_R30.pdf, id=2411, page=193, 614.295pt x 794.97pt>
File: HISTORY_R30.pdf Graphic file (type pdf)
<use HISTORY_R30.pdf, page 193>
Package pdftex.def Info: HISTORY_R30.pdf , page193 used on input line 11.
(pdftex.def)             Requested size: 614.58406pt x 795.3441pt.
File: HISTORY_R30.pdf Graphic file (type pdf)
<use HISTORY_R30.pdf, page 193>
Package pdftex.def Info: HISTORY_R30.pdf , page193 used on input line 11.
(pdftex.def)             Requested size: 614.58406pt x 795.3441pt.
File: HISTORY_R30.pdf Graphic file (type pdf)
<use HISTORY_R30.pdf, page 193>
Package pdftex.def Info: HISTORY_R30.pdf , page193 used on input line 11.
(pdftex.def)             Requested size: 614.58406pt x 795.3441pt.
 [226

 <./HISTORY_R30.pdf>]
<HISTORY_R30.pdf, id=2419, page=194, 614.295pt x 794.97pt>
File: HISTORY_R30.pdf Graphic file (type pdf)
<use HISTORY_R30.pdf, page 194>
Package pdftex.def Info: HISTORY_R30.pdf , page194 used on input line 11.
(pdftex.def)             Requested size: 614.58406pt x 795.3441pt.
File: HISTORY_R30.pdf Graphic file (type pdf)
<use HISTORY_R30.pdf, page 194>
Package pdftex.def Info: HISTORY_R30.pdf , page194 used on input line 11.
(pdftex.def)             Requested size: 614.58406pt x 795.3441pt.
File: HISTORY_R30.pdf Graphic file (type pdf)
<use HISTORY_R30.pdf, page 194>
Package pdftex.def Info: HISTORY_R30.pdf , page194 used on input line 11.
(pdftex.def)             Requested size: 614.58406pt x 795.3441pt.

[227

 <./HISTORY_R30.pdf>]
<HISTORY_R30.pdf, id=2427, page=195, 614.295pt x 794.97pt>
File: HISTORY_R30.pdf Graphic file (type pdf)
<use HISTORY_R30.pdf, page 195>
Package pdftex.def Info: HISTORY_R30.pdf , page195 used on input line 11.
(pdftex.def)             Requested size: 614.58406pt x 795.3441pt.
File: HISTORY_R30.pdf Graphic file (type pdf)
<use HISTORY_R30.pdf, page 195>
Package pdftex.def Info: HISTORY_R30.pdf , page195 used on input line 11.
(pdftex.def)             Requested size: 614.58406pt x 795.3441pt.
File: HISTORY_R30.pdf Graphic file (type pdf)
<use HISTORY_R30.pdf, page 195>
Package pdftex.def Info: HISTORY_R30.pdf , page195 used on input line 11.
(pdftex.def)             Requested size: 614.58406pt x 795.3441pt.
 [228

 <./HISTORY_R30.pdf>]
<HISTORY_R30.pdf, id=2439, page=196, 614.295pt x 794.97pt>
File: HISTORY_R30.pdf Graphic file (type pdf)
<use HISTORY_R30.pdf, page 196>
Package pdftex.def Info: HISTORY_R30.pdf , page196 used on input line 11.
(pdftex.def)             Requested size: 614.58406pt x 795.3441pt.
File: HISTORY_R30.pdf Graphic file (type pdf)
<use HISTORY_R30.pdf, page 196>
Package pdftex.def Info: HISTORY_R30.pdf , page196 used on input line 11.
(pdftex.def)             Requested size: 614.58406pt x 795.3441pt.
File: HISTORY_R30.pdf Graphic file (type pdf)
<use HISTORY_R30.pdf, page 196>
Package pdftex.def Info: HISTORY_R30.pdf , page196 used on input line 11.
(pdftex.def)             Requested size: 614.58406pt x 795.3441pt.
 [229

 <./HISTORY_R30.pdf>]
<HISTORY_R30.pdf, id=2448, page=197, 614.295pt x 794.97pt>
File: HISTORY_R30.pdf Graphic file (type pdf)
<use HISTORY_R30.pdf, page 197>
Package pdftex.def Info: HISTORY_R30.pdf , page197 used on input line 11.
(pdftex.def)             Requested size: 614.58406pt x 795.3441pt.
File: HISTORY_R30.pdf Graphic file (type pdf)
<use HISTORY_R30.pdf, page 197>
Package pdftex.def Info: HISTORY_R30.pdf , page197 used on input line 11.
(pdftex.def)             Requested size: 614.58406pt x 795.3441pt.
File: HISTORY_R30.pdf Graphic file (type pdf)
<use HISTORY_R30.pdf, page 197>
Package pdftex.def Info: HISTORY_R30.pdf , page197 used on input line 11.
(pdftex.def)             Requested size: 614.58406pt x 795.3441pt.

[230

 <./HISTORY_R30.pdf>]
<HISTORY_R30.pdf, id=2456, page=198, 614.295pt x 794.97pt>
File: HISTORY_R30.pdf Graphic file (type pdf)
<use HISTORY_R30.pdf, page 198>
Package pdftex.def Info: HISTORY_R30.pdf , page198 used on input line 11.
(pdftex.def)             Requested size: 614.58406pt x 795.3441pt.
File: HISTORY_R30.pdf Graphic file (type pdf)
<use HISTORY_R30.pdf, page 198>
Package pdftex.def Info: HISTORY_R30.pdf , page198 used on input line 11.
(pdftex.def)             Requested size: 614.58406pt x 795.3441pt.
File: HISTORY_R30.pdf Graphic file (type pdf)
<use HISTORY_R30.pdf, page 198>
Package pdftex.def Info: HISTORY_R30.pdf , page198 used on input line 11.
(pdftex.def)             Requested size: 614.58406pt x 795.3441pt.
 [231

 <./HISTORY_R30.pdf>]
<HISTORY_R30.pdf, id=2464, page=199, 614.295pt x 794.97pt>
File: HISTORY_R30.pdf Graphic file (type pdf)
<use HISTORY_R30.pdf, page 199>
Package pdftex.def Info: HISTORY_R30.pdf , page199 used on input line 11.
(pdftex.def)             Requested size: 614.58406pt x 795.3441pt.
File: HISTORY_R30.pdf Graphic file (type pdf)
<use HISTORY_R30.pdf, page 199>
Package pdftex.def Info: HISTORY_R30.pdf , page199 used on input line 11.
(pdftex.def)             Requested size: 614.58406pt x 795.3441pt.
File: HISTORY_R30.pdf Graphic file (type pdf)
<use HISTORY_R30.pdf, page 199>
Package pdftex.def Info: HISTORY_R30.pdf , page199 used on input line 11.
(pdftex.def)             Requested size: 614.58406pt x 795.3441pt.
 [232

 <./HISTORY_R30.pdf>]
<HISTORY_R30.pdf, id=2472, page=200, 614.295pt x 794.97pt>
File: HISTORY_R30.pdf Graphic file (type pdf)
<use HISTORY_R30.pdf, page 200>
Package pdftex.def Info: HISTORY_R30.pdf , page200 used on input line 11.
(pdftex.def)             Requested size: 614.58406pt x 795.3441pt.
File: HISTORY_R30.pdf Graphic file (type pdf)
<use HISTORY_R30.pdf, page 200>
Package pdftex.def Info: HISTORY_R30.pdf , page200 used on input line 11.
(pdftex.def)             Requested size: 614.58406pt x 795.3441pt.
File: HISTORY_R30.pdf Graphic file (type pdf)
<use HISTORY_R30.pdf, page 200>
Package pdftex.def Info: HISTORY_R30.pdf , page200 used on input line 11.
(pdftex.def)             Requested size: 614.58406pt x 795.3441pt.

[233

 <./HISTORY_R30.pdf>]
<HISTORY_R30.pdf, id=2480, page=201, 614.295pt x 794.97pt>
File: HISTORY_R30.pdf Graphic file (type pdf)
<use HISTORY_R30.pdf, page 201>
Package pdftex.def Info: HISTORY_R30.pdf , page201 used on input line 11.
(pdftex.def)             Requested size: 614.58406pt x 795.3441pt.
File: HISTORY_R30.pdf Graphic file (type pdf)
<use HISTORY_R30.pdf, page 201>
Package pdftex.def Info: HISTORY_R30.pdf , page201 used on input line 11.
(pdftex.def)             Requested size: 614.58406pt x 795.3441pt.
File: HISTORY_R30.pdf Graphic file (type pdf)
<use HISTORY_R30.pdf, page 201>
Package pdftex.def Info: HISTORY_R30.pdf , page201 used on input line 11.
(pdftex.def)             Requested size: 614.58406pt x 795.3441pt.
 [234

 <./HISTORY_R30.pdf>]
<HISTORY_R30.pdf, id=2488, page=202, 614.295pt x 794.97pt>
File: HISTORY_R30.pdf Graphic file (type pdf)
<use HISTORY_R30.pdf, page 202>
Package pdftex.def Info: HISTORY_R30.pdf , page202 used on input line 11.
(pdftex.def)             Requested size: 614.58406pt x 795.3441pt.
File: HISTORY_R30.pdf Graphic file (type pdf)
<use HISTORY_R30.pdf, page 202>
Package pdftex.def Info: HISTORY_R30.pdf , page202 used on input line 11.
(pdftex.def)             Requested size: 614.58406pt x 795.3441pt.
File: HISTORY_R30.pdf Graphic file (type pdf)
<use HISTORY_R30.pdf, page 202>
Package pdftex.def Info: HISTORY_R30.pdf , page202 used on input line 11.
(pdftex.def)             Requested size: 614.58406pt x 795.3441pt.
 [235

 <./HISTORY_R30.pdf>]
<HISTORY_R30.pdf, id=2505, page=203, 614.295pt x 794.97pt>
File: HISTORY_R30.pdf Graphic file (type pdf)
<use HISTORY_R30.pdf, page 203>
Package pdftex.def Info: HISTORY_R30.pdf , page203 used on input line 11.
(pdftex.def)             Requested size: 614.58406pt x 795.3441pt.
File: HISTORY_R30.pdf Graphic file (type pdf)
<use HISTORY_R30.pdf, page 203>
Package pdftex.def Info: HISTORY_R30.pdf , page203 used on input line 11.
(pdftex.def)             Requested size: 614.58406pt x 795.3441pt.
File: HISTORY_R30.pdf Graphic file (type pdf)
<use HISTORY_R30.pdf, page 203>
Package pdftex.def Info: HISTORY_R30.pdf , page203 used on input line 11.
(pdftex.def)             Requested size: 614.58406pt x 795.3441pt.

[236

 <./HISTORY_R30.pdf>]
<HISTORY_R30.pdf, id=2513, page=204, 614.295pt x 794.97pt>
File: HISTORY_R30.pdf Graphic file (type pdf)
<use HISTORY_R30.pdf, page 204>
Package pdftex.def Info: HISTORY_R30.pdf , page204 used on input line 11.
(pdftex.def)             Requested size: 614.58406pt x 795.3441pt.
File: HISTORY_R30.pdf Graphic file (type pdf)
<use HISTORY_R30.pdf, page 204>
Package pdftex.def Info: HISTORY_R30.pdf , page204 used on input line 11.
(pdftex.def)             Requested size: 614.58406pt x 795.3441pt.
File: HISTORY_R30.pdf Graphic file (type pdf)
<use HISTORY_R30.pdf, page 204>
Package pdftex.def Info: HISTORY_R30.pdf , page204 used on input line 11.
(pdftex.def)             Requested size: 614.58406pt x 795.3441pt.
 [237

 <./HISTORY_R30.pdf>]
<HISTORY_R30.pdf, id=2521, page=205, 614.295pt x 794.97pt>
File: HISTORY_R30.pdf Graphic file (type pdf)
<use HISTORY_R30.pdf, page 205>
Package pdftex.def Info: HISTORY_R30.pdf , page205 used on input line 11.
(pdftex.def)             Requested size: 614.58406pt x 795.3441pt.
File: HISTORY_R30.pdf Graphic file (type pdf)
<use HISTORY_R30.pdf, page 205>
Package pdftex.def Info: HISTORY_R30.pdf , page205 used on input line 11.
(pdftex.def)             Requested size: 614.58406pt x 795.3441pt.
File: HISTORY_R30.pdf Graphic file (type pdf)
<use HISTORY_R30.pdf, page 205>
Package pdftex.def Info: HISTORY_R30.pdf , page205 used on input line 11.
(pdftex.def)             Requested size: 614.58406pt x 795.3441pt.
 [238

 <./HISTORY_R30.pdf>]
<HISTORY_R30.pdf, id=2529, page=206, 614.295pt x 794.97pt>
File: HISTORY_R30.pdf Graphic file (type pdf)
<use HISTORY_R30.pdf, page 206>
Package pdftex.def Info: HISTORY_R30.pdf , page206 used on input line 11.
(pdftex.def)             Requested size: 614.58406pt x 795.3441pt.
File: HISTORY_R30.pdf Graphic file (type pdf)
<use HISTORY_R30.pdf, page 206>
Package pdftex.def Info: HISTORY_R30.pdf , page206 used on input line 11.
(pdftex.def)             Requested size: 614.58406pt x 795.3441pt.
File: HISTORY_R30.pdf Graphic file (type pdf)
<use HISTORY_R30.pdf, page 206>
Package pdftex.def Info: HISTORY_R30.pdf , page206 used on input line 11.
(pdftex.def)             Requested size: 614.58406pt x 795.3441pt.

[239

 <./HISTORY_R30.pdf>]
<HISTORY_R30.pdf, id=2537, page=207, 614.295pt x 794.97pt>
File: HISTORY_R30.pdf Graphic file (type pdf)
<use HISTORY_R30.pdf, page 207>
Package pdftex.def Info: HISTORY_R30.pdf , page207 used on input line 11.
(pdftex.def)             Requested size: 614.58406pt x 795.3441pt.
File: HISTORY_R30.pdf Graphic file (type pdf)
<use HISTORY_R30.pdf, page 207>
Package pdftex.def Info: HISTORY_R30.pdf , page207 used on input line 11.
(pdftex.def)             Requested size: 614.58406pt x 795.3441pt.
File: HISTORY_R30.pdf Graphic file (type pdf)
<use HISTORY_R30.pdf, page 207>
Package pdftex.def Info: HISTORY_R30.pdf , page207 used on input line 11.
(pdftex.def)             Requested size: 614.58406pt x 795.3441pt.
 [240

 <./HISTORY_R30.pdf>]
<HISTORY_R30.pdf, id=2545, page=208, 614.295pt x 794.97pt>
File: HISTORY_R30.pdf Graphic file (type pdf)
<use HISTORY_R30.pdf, page 208>
Package pdftex.def Info: HISTORY_R30.pdf , page208 used on input line 11.
(pdftex.def)             Requested size: 614.58406pt x 795.3441pt.
File: HISTORY_R30.pdf Graphic file (type pdf)
<use HISTORY_R30.pdf, page 208>
Package pdftex.def Info: HISTORY_R30.pdf , page208 used on input line 11.
(pdftex.def)             Requested size: 614.58406pt x 795.3441pt.
File: HISTORY_R30.pdf Graphic file (type pdf)
<use HISTORY_R30.pdf, page 208>
Package pdftex.def Info: HISTORY_R30.pdf , page208 used on input line 11.
(pdftex.def)             Requested size: 614.58406pt x 795.3441pt.
 [241

 <./HISTORY_R30.pdf>]
<HISTORY_R30.pdf, id=2554, page=209, 614.295pt x 794.97pt>
File: HISTORY_R30.pdf Graphic file (type pdf)
<use HISTORY_R30.pdf, page 209>
Package pdftex.def Info: HISTORY_R30.pdf , page209 used on input line 11.
(pdftex.def)             Requested size: 614.58406pt x 795.3441pt.
File: HISTORY_R30.pdf Graphic file (type pdf)
<use HISTORY_R30.pdf, page 209>
Package pdftex.def Info: HISTORY_R30.pdf , page209 used on input line 11.
(pdftex.def)             Requested size: 614.58406pt x 795.3441pt.
File: HISTORY_R30.pdf Graphic file (type pdf)
<use HISTORY_R30.pdf, page 209>
Package pdftex.def Info: HISTORY_R30.pdf , page209 used on input line 11.
(pdftex.def)             Requested size: 614.58406pt x 795.3441pt.

[242

 <./HISTORY_R30.pdf>]
<HISTORY_R30.pdf, id=2562, page=210, 614.295pt x 794.97pt>
File: HISTORY_R30.pdf Graphic file (type pdf)
<use HISTORY_R30.pdf, page 210>
Package pdftex.def Info: HISTORY_R30.pdf , page210 used on input line 11.
(pdftex.def)             Requested size: 614.58406pt x 795.3441pt.
File: HISTORY_R30.pdf Graphic file (type pdf)
<use HISTORY_R30.pdf, page 210>
Package pdftex.def Info: HISTORY_R30.pdf , page210 used on input line 11.
(pdftex.def)             Requested size: 614.58406pt x 795.3441pt.
File: HISTORY_R30.pdf Graphic file (type pdf)
<use HISTORY_R30.pdf, page 210>
Package pdftex.def Info: HISTORY_R30.pdf , page210 used on input line 11.
(pdftex.def)             Requested size: 614.58406pt x 795.3441pt.
 [243

 <./HISTORY_R30.pdf>]
<HISTORY_R30.pdf, id=2570, page=211, 614.295pt x 794.97pt>
File: HISTORY_R30.pdf Graphic file (type pdf)
<use HISTORY_R30.pdf, page 211>
Package pdftex.def Info: HISTORY_R30.pdf , page211 used on input line 11.
(pdftex.def)             Requested size: 614.58406pt x 795.3441pt.
File: HISTORY_R30.pdf Graphic file (type pdf)
<use HISTORY_R30.pdf, page 211>
Package pdftex.def Info: HISTORY_R30.pdf , page211 used on input line 11.
(pdftex.def)             Requested size: 614.58406pt x 795.3441pt.
File: HISTORY_R30.pdf Graphic file (type pdf)
<use HISTORY_R30.pdf, page 211>
Package pdftex.def Info: HISTORY_R30.pdf , page211 used on input line 11.
(pdftex.def)             Requested size: 614.58406pt x 795.3441pt.
 [244

 <./HISTORY_R30.pdf>]
<HISTORY_R30.pdf, id=2579, page=212, 614.295pt x 794.97pt>
File: HISTORY_R30.pdf Graphic file (type pdf)
<use HISTORY_R30.pdf, page 212>
Package pdftex.def Info: HISTORY_R30.pdf , page212 used on input line 11.
(pdftex.def)             Requested size: 614.58406pt x 795.3441pt.
File: HISTORY_R30.pdf Graphic file (type pdf)
<use HISTORY_R30.pdf, page 212>
Package pdftex.def Info: HISTORY_R30.pdf , page212 used on input line 11.
(pdftex.def)             Requested size: 614.58406pt x 795.3441pt.
File: HISTORY_R30.pdf Graphic file (type pdf)
<use HISTORY_R30.pdf, page 212>
Package pdftex.def Info: HISTORY_R30.pdf , page212 used on input line 11.
(pdftex.def)             Requested size: 614.58406pt x 795.3441pt.

[245

 <./HISTORY_R30.pdf>]
<HISTORY_R30.pdf, id=2591, page=213, 614.295pt x 794.97pt>
File: HISTORY_R30.pdf Graphic file (type pdf)
<use HISTORY_R30.pdf, page 213>
Package pdftex.def Info: HISTORY_R30.pdf , page213 used on input line 11.
(pdftex.def)             Requested size: 614.58406pt x 795.3441pt.
File: HISTORY_R30.pdf Graphic file (type pdf)
<use HISTORY_R30.pdf, page 213>
Package pdftex.def Info: HISTORY_R30.pdf , page213 used on input line 11.
(pdftex.def)             Requested size: 614.58406pt x 795.3441pt.
File: HISTORY_R30.pdf Graphic file (type pdf)
<use HISTORY_R30.pdf, page 213>
Package pdftex.def Info: HISTORY_R30.pdf , page213 used on input line 11.
(pdftex.def)             Requested size: 614.58406pt x 795.3441pt.
 [246

 <./HISTORY_R30.pdf>]
<HISTORY_R30.pdf, id=2599, page=214, 614.295pt x 794.97pt>
File: HISTORY_R30.pdf Graphic file (type pdf)
<use HISTORY_R30.pdf, page 214>
Package pdftex.def Info: HISTORY_R30.pdf , page214 used on input line 11.
(pdftex.def)             Requested size: 614.58406pt x 795.3441pt.
File: HISTORY_R30.pdf Graphic file (type pdf)
<use HISTORY_R30.pdf, page 214>
Package pdftex.def Info: HISTORY_R30.pdf , page214 used on input line 11.
(pdftex.def)             Requested size: 614.58406pt x 795.3441pt.
File: HISTORY_R30.pdf Graphic file (type pdf)
<use HISTORY_R30.pdf, page 214>
Package pdftex.def Info: HISTORY_R30.pdf , page214 used on input line 11.
(pdftex.def)             Requested size: 614.58406pt x 795.3441pt.
 [247

 <./HISTORY_R30.pdf>]
<HISTORY_R30.pdf, id=2608, page=215, 614.295pt x 794.97pt>
File: HISTORY_R30.pdf Graphic file (type pdf)
<use HISTORY_R30.pdf, page 215>
Package pdftex.def Info: HISTORY_R30.pdf , page215 used on input line 11.
(pdftex.def)             Requested size: 614.58406pt x 795.3441pt.
File: HISTORY_R30.pdf Graphic file (type pdf)
<use HISTORY_R30.pdf, page 215>
Package pdftex.def Info: HISTORY_R30.pdf , page215 used on input line 11.
(pdftex.def)             Requested size: 614.58406pt x 795.3441pt.
File: HISTORY_R30.pdf Graphic file (type pdf)
<use HISTORY_R30.pdf, page 215>
Package pdftex.def Info: HISTORY_R30.pdf , page215 used on input line 11.
(pdftex.def)             Requested size: 614.58406pt x 795.3441pt.

[248

 <./HISTORY_R30.pdf>]
<HISTORY_R30.pdf, id=2616, page=216, 614.295pt x 794.97pt>
File: HISTORY_R30.pdf Graphic file (type pdf)
<use HISTORY_R30.pdf, page 216>
Package pdftex.def Info: HISTORY_R30.pdf , page216 used on input line 11.
(pdftex.def)             Requested size: 614.58406pt x 795.3441pt.
File: HISTORY_R30.pdf Graphic file (type pdf)
<use HISTORY_R30.pdf, page 216>
Package pdftex.def Info: HISTORY_R30.pdf , page216 used on input line 11.
(pdftex.def)             Requested size: 614.58406pt x 795.3441pt.
File: HISTORY_R30.pdf Graphic file (type pdf)
<use HISTORY_R30.pdf, page 216>
Package pdftex.def Info: HISTORY_R30.pdf , page216 used on input line 11.
(pdftex.def)             Requested size: 614.58406pt x 795.3441pt.
 [249

 <./HISTORY_R30.pdf>]
<HISTORY_R30.pdf, id=2624, page=217, 614.295pt x 794.97pt>
File: HISTORY_R30.pdf Graphic file (type pdf)
<use HISTORY_R30.pdf, page 217>
Package pdftex.def Info: HISTORY_R30.pdf , page217 used on input line 11.
(pdftex.def)             Requested size: 614.58406pt x 795.3441pt.
File: HISTORY_R30.pdf Graphic file (type pdf)
<use HISTORY_R30.pdf, page 217>
Package pdftex.def Info: HISTORY_R30.pdf , page217 used on input line 11.
(pdftex.def)             Requested size: 614.58406pt x 795.3441pt.
File: HISTORY_R30.pdf Graphic file (type pdf)
<use HISTORY_R30.pdf, page 217>
Package pdftex.def Info: HISTORY_R30.pdf , page217 used on input line 11.
(pdftex.def)             Requested size: 614.58406pt x 795.3441pt.
 [250

 <./HISTORY_R30.pdf>]
<HISTORY_R30.pdf, id=2632, page=218, 614.295pt x 794.97pt>
File: HISTORY_R30.pdf Graphic file (type pdf)
<use HISTORY_R30.pdf, page 218>
Package pdftex.def Info: HISTORY_R30.pdf , page218 used on input line 11.
(pdftex.def)             Requested size: 614.58406pt x 795.3441pt.
File: HISTORY_R30.pdf Graphic file (type pdf)
<use HISTORY_R30.pdf, page 218>
Package pdftex.def Info: HISTORY_R30.pdf , page218 used on input line 11.
(pdftex.def)             Requested size: 614.58406pt x 795.3441pt.
File: HISTORY_R30.pdf Graphic file (type pdf)
<use HISTORY_R30.pdf, page 218>
Package pdftex.def Info: HISTORY_R30.pdf , page218 used on input line 11.
(pdftex.def)             Requested size: 614.58406pt x 795.3441pt.

[251

 <./HISTORY_R30.pdf>]
<HISTORY_R30.pdf, id=2644, page=219, 614.295pt x 794.97pt>
File: HISTORY_R30.pdf Graphic file (type pdf)
<use HISTORY_R30.pdf, page 219>
Package pdftex.def Info: HISTORY_R30.pdf , page219 used on input line 11.
(pdftex.def)             Requested size: 614.58406pt x 795.3441pt.
File: HISTORY_R30.pdf Graphic file (type pdf)
<use HISTORY_R30.pdf, page 219>
Package pdftex.def Info: HISTORY_R30.pdf , page219 used on input line 11.
(pdftex.def)             Requested size: 614.58406pt x 795.3441pt.
File: HISTORY_R30.pdf Graphic file (type pdf)
<use HISTORY_R30.pdf, page 219>
Package pdftex.def Info: HISTORY_R30.pdf , page219 used on input line 11.
(pdftex.def)             Requested size: 614.58406pt x 795.3441pt.
 [252

 <./HISTORY_R30.pdf>]
<HISTORY_R30.pdf, id=2656, page=220, 614.295pt x 794.97pt>
File: HISTORY_R30.pdf Graphic file (type pdf)
<use HISTORY_R30.pdf, page 220>
Package pdftex.def Info: HISTORY_R30.pdf , page220 used on input line 11.
(pdftex.def)             Requested size: 614.58406pt x 795.3441pt.
File: HISTORY_R30.pdf Graphic file (type pdf)
<use HISTORY_R30.pdf, page 220>
Package pdftex.def Info: HISTORY_R30.pdf , page220 used on input line 11.
(pdftex.def)             Requested size: 614.58406pt x 795.3441pt.
File: HISTORY_R30.pdf Graphic file (type pdf)
<use HISTORY_R30.pdf, page 220>
Package pdftex.def Info: HISTORY_R30.pdf , page220 used on input line 11.
(pdftex.def)             Requested size: 614.58406pt x 795.3441pt.
 [253

 <./HISTORY_R30.pdf>]
<HISTORY_R30.pdf, id=2669, page=221, 614.295pt x 794.97pt>
File: HISTORY_R30.pdf Graphic file (type pdf)
<use HISTORY_R30.pdf, page 221>
Package pdftex.def Info: HISTORY_R30.pdf , page221 used on input line 11.
(pdftex.def)             Requested size: 614.58406pt x 795.3441pt.
File: HISTORY_R30.pdf Graphic file (type pdf)
<use HISTORY_R30.pdf, page 221>
Package pdftex.def Info: HISTORY_R30.pdf , page221 used on input line 11.
(pdftex.def)             Requested size: 614.58406pt x 795.3441pt.
File: HISTORY_R30.pdf Graphic file (type pdf)
<use HISTORY_R30.pdf, page 221>
Package pdftex.def Info: HISTORY_R30.pdf , page221 used on input line 11.
(pdftex.def)             Requested size: 614.58406pt x 795.3441pt.

[254

 <./HISTORY_R30.pdf>]
<HISTORY_R30.pdf, id=2677, page=222, 614.295pt x 794.97pt>
File: HISTORY_R30.pdf Graphic file (type pdf)
<use HISTORY_R30.pdf, page 222>
Package pdftex.def Info: HISTORY_R30.pdf , page222 used on input line 11.
(pdftex.def)             Requested size: 614.58406pt x 795.3441pt.
File: HISTORY_R30.pdf Graphic file (type pdf)
<use HISTORY_R30.pdf, page 222>
Package pdftex.def Info: HISTORY_R30.pdf , page222 used on input line 11.
(pdftex.def)             Requested size: 614.58406pt x 795.3441pt.
File: HISTORY_R30.pdf Graphic file (type pdf)
<use HISTORY_R30.pdf, page 222>
Package pdftex.def Info: HISTORY_R30.pdf , page222 used on input line 11.
(pdftex.def)             Requested size: 614.58406pt x 795.3441pt.
 [255

 <./HISTORY_R30.pdf>]
<HISTORY_R30.pdf, id=2685, page=223, 614.295pt x 794.97pt>
File: HISTORY_R30.pdf Graphic file (type pdf)
<use HISTORY_R30.pdf, page 223>
Package pdftex.def Info: HISTORY_R30.pdf , page223 used on input line 11.
(pdftex.def)             Requested size: 614.58406pt x 795.3441pt.
File: HISTORY_R30.pdf Graphic file (type pdf)
<use HISTORY_R30.pdf, page 223>
Package pdftex.def Info: HISTORY_R30.pdf , page223 used on input line 11.
(pdftex.def)             Requested size: 614.58406pt x 795.3441pt.
File: HISTORY_R30.pdf Graphic file (type pdf)
<use HISTORY_R30.pdf, page 223>
Package pdftex.def Info: HISTORY_R30.pdf , page223 used on input line 11.
(pdftex.def)             Requested size: 614.58406pt x 795.3441pt.
 [256

 <./HISTORY_R30.pdf>]
<HISTORY_R30.pdf, id=2693, page=224, 614.295pt x 794.97pt>
File: HISTORY_R30.pdf Graphic file (type pdf)
<use HISTORY_R30.pdf, page 224>
Package pdftex.def Info: HISTORY_R30.pdf , page224 used on input line 11.
(pdftex.def)             Requested size: 614.58406pt x 795.3441pt.
File: HISTORY_R30.pdf Graphic file (type pdf)
<use HISTORY_R30.pdf, page 224>
Package pdftex.def Info: HISTORY_R30.pdf , page224 used on input line 11.
(pdftex.def)             Requested size: 614.58406pt x 795.3441pt.
File: HISTORY_R30.pdf Graphic file (type pdf)
<use HISTORY_R30.pdf, page 224>
Package pdftex.def Info: HISTORY_R30.pdf , page224 used on input line 11.
(pdftex.def)             Requested size: 614.58406pt x 795.3441pt.

[257

 <./HISTORY_R30.pdf>]
<HISTORY_R30.pdf, id=2701, page=225, 614.295pt x 794.97pt>
File: HISTORY_R30.pdf Graphic file (type pdf)
<use HISTORY_R30.pdf, page 225>
Package pdftex.def Info: HISTORY_R30.pdf , page225 used on input line 11.
(pdftex.def)             Requested size: 614.58406pt x 795.3441pt.
File: HISTORY_R30.pdf Graphic file (type pdf)
<use HISTORY_R30.pdf, page 225>
Package pdftex.def Info: HISTORY_R30.pdf , page225 used on input line 11.
(pdftex.def)             Requested size: 614.58406pt x 795.3441pt.
File: HISTORY_R30.pdf Graphic file (type pdf)
<use HISTORY_R30.pdf, page 225>
Package pdftex.def Info: HISTORY_R30.pdf , page225 used on input line 11.
(pdftex.def)             Requested size: 614.58406pt x 795.3441pt.
 [258

 <./HISTORY_R30.pdf>]
<HISTORY_R30.pdf, id=2709, page=226, 614.295pt x 794.97pt>
File: HISTORY_R30.pdf Graphic file (type pdf)
<use HISTORY_R30.pdf, page 226>
Package pdftex.def Info: HISTORY_R30.pdf , page226 used on input line 11.
(pdftex.def)             Requested size: 614.58406pt x 795.3441pt.
File: HISTORY_R30.pdf Graphic file (type pdf)
<use HISTORY_R30.pdf, page 226>
Package pdftex.def Info: HISTORY_R30.pdf , page226 used on input line 11.
(pdftex.def)             Requested size: 614.58406pt x 795.3441pt.
File: HISTORY_R30.pdf Graphic file (type pdf)
<use HISTORY_R30.pdf, page 226>
Package pdftex.def Info: HISTORY_R30.pdf , page226 used on input line 11.
(pdftex.def)             Requested size: 614.58406pt x 795.3441pt.
 [259

 <./HISTORY_R30.pdf>]
<HISTORY_R30.pdf, id=2718, page=227, 614.295pt x 794.97pt>
File: HISTORY_R30.pdf Graphic file (type pdf)
<use HISTORY_R30.pdf, page 227>
Package pdftex.def Info: HISTORY_R30.pdf , page227 used on input line 11.
(pdftex.def)             Requested size: 614.58406pt x 795.3441pt.
File: HISTORY_R30.pdf Graphic file (type pdf)
<use HISTORY_R30.pdf, page 227>
Package pdftex.def Info: HISTORY_R30.pdf , page227 used on input line 11.
(pdftex.def)             Requested size: 614.58406pt x 795.3441pt.
File: HISTORY_R30.pdf Graphic file (type pdf)
<use HISTORY_R30.pdf, page 227>
Package pdftex.def Info: HISTORY_R30.pdf , page227 used on input line 11.
(pdftex.def)             Requested size: 614.58406pt x 795.3441pt.

[260

 <./HISTORY_R30.pdf>]
<HISTORY_R30.pdf, id=2726, page=228, 614.295pt x 794.97pt>
File: HISTORY_R30.pdf Graphic file (type pdf)
<use HISTORY_R30.pdf, page 228>
Package pdftex.def Info: HISTORY_R30.pdf , page228 used on input line 11.
(pdftex.def)             Requested size: 614.58406pt x 795.3441pt.
File: HISTORY_R30.pdf Graphic file (type pdf)
<use HISTORY_R30.pdf, page 228>
Package pdftex.def Info: HISTORY_R30.pdf , page228 used on input line 11.
(pdftex.def)             Requested size: 614.58406pt x 795.3441pt.
File: HISTORY_R30.pdf Graphic file (type pdf)
<use HISTORY_R30.pdf, page 228>
Package pdftex.def Info: HISTORY_R30.pdf , page228 used on input line 11.
(pdftex.def)             Requested size: 614.58406pt x 795.3441pt.
 [261

 <./HISTORY_R30.pdf>]
<HISTORY_R30.pdf, id=2734, page=229, 614.295pt x 794.97pt>
File: HISTORY_R30.pdf Graphic file (type pdf)
<use HISTORY_R30.pdf, page 229>
Package pdftex.def Info: HISTORY_R30.pdf , page229 used on input line 11.
(pdftex.def)             Requested size: 614.58406pt x 795.3441pt.
File: HISTORY_R30.pdf Graphic file (type pdf)
<use HISTORY_R30.pdf, page 229>
Package pdftex.def Info: HISTORY_R30.pdf , page229 used on input line 11.
(pdftex.def)             Requested size: 614.58406pt x 795.3441pt.
File: HISTORY_R30.pdf Graphic file (type pdf)
<use HISTORY_R30.pdf, page 229>
Package pdftex.def Info: HISTORY_R30.pdf , page229 used on input line 11.
(pdftex.def)             Requested size: 614.58406pt x 795.3441pt.
 [262

 <./HISTORY_R30.pdf>]
<HISTORY_R30.pdf, id=2742, page=230, 614.295pt x 794.97pt>
File: HISTORY_R30.pdf Graphic file (type pdf)
<use HISTORY_R30.pdf, page 230>
Package pdftex.def Info: HISTORY_R30.pdf , page230 used on input line 11.
(pdftex.def)             Requested size: 614.58406pt x 795.3441pt.
File: HISTORY_R30.pdf Graphic file (type pdf)
<use HISTORY_R30.pdf, page 230>
Package pdftex.def Info: HISTORY_R30.pdf , page230 used on input line 11.
(pdftex.def)             Requested size: 614.58406pt x 795.3441pt.
File: HISTORY_R30.pdf Graphic file (type pdf)
<use HISTORY_R30.pdf, page 230>
Package pdftex.def Info: HISTORY_R30.pdf , page230 used on input line 11.
(pdftex.def)             Requested size: 614.58406pt x 795.3441pt.

[263

 <./HISTORY_R30.pdf>]
<HISTORY_R30.pdf, id=2750, page=231, 614.295pt x 794.97pt>
File: HISTORY_R30.pdf Graphic file (type pdf)
<use HISTORY_R30.pdf, page 231>
Package pdftex.def Info: HISTORY_R30.pdf , page231 used on input line 11.
(pdftex.def)             Requested size: 614.58406pt x 795.3441pt.
File: HISTORY_R30.pdf Graphic file (type pdf)
<use HISTORY_R30.pdf, page 231>
Package pdftex.def Info: HISTORY_R30.pdf , page231 used on input line 11.
(pdftex.def)             Requested size: 614.58406pt x 795.3441pt.
File: HISTORY_R30.pdf Graphic file (type pdf)
<use HISTORY_R30.pdf, page 231>
Package pdftex.def Info: HISTORY_R30.pdf , page231 used on input line 11.
(pdftex.def)             Requested size: 614.58406pt x 795.3441pt.
 [264

 <./HISTORY_R30.pdf>]
<HISTORY_R30.pdf, id=2758, page=232, 614.295pt x 794.97pt>
File: HISTORY_R30.pdf Graphic file (type pdf)
<use HISTORY_R30.pdf, page 232>
Package pdftex.def Info: HISTORY_R30.pdf , page232 used on input line 11.
(pdftex.def)             Requested size: 614.58406pt x 795.3441pt.
File: HISTORY_R30.pdf Graphic file (type pdf)
<use HISTORY_R30.pdf, page 232>
Package pdftex.def Info: HISTORY_R30.pdf , page232 used on input line 11.
(pdftex.def)             Requested size: 614.58406pt x 795.3441pt.
File: HISTORY_R30.pdf Graphic file (type pdf)
<use HISTORY_R30.pdf, page 232>
Package pdftex.def Info: HISTORY_R30.pdf , page232 used on input line 11.
(pdftex.def)             Requested size: 614.58406pt x 795.3441pt.
 [265

 <./HISTORY_R30.pdf>]
<HISTORY_R30.pdf, id=2767, page=233, 614.295pt x 794.97pt>
File: HISTORY_R30.pdf Graphic file (type pdf)
<use HISTORY_R30.pdf, page 233>
Package pdftex.def Info: HISTORY_R30.pdf , page233 used on input line 11.
(pdftex.def)             Requested size: 614.58406pt x 795.3441pt.
File: HISTORY_R30.pdf Graphic file (type pdf)
<use HISTORY_R30.pdf, page 233>
Package pdftex.def Info: HISTORY_R30.pdf , page233 used on input line 11.
(pdftex.def)             Requested size: 614.58406pt x 795.3441pt.
File: HISTORY_R30.pdf Graphic file (type pdf)
<use HISTORY_R30.pdf, page 233>
Package pdftex.def Info: HISTORY_R30.pdf , page233 used on input line 11.
(pdftex.def)             Requested size: 614.58406pt x 795.3441pt.

[266

 <./HISTORY_R30.pdf>]
<HISTORY_R30.pdf, id=2775, page=234, 614.295pt x 794.97pt>
File: HISTORY_R30.pdf Graphic file (type pdf)
<use HISTORY_R30.pdf, page 234>
Package pdftex.def Info: HISTORY_R30.pdf , page234 used on input line 11.
(pdftex.def)             Requested size: 614.58406pt x 795.3441pt.
File: HISTORY_R30.pdf Graphic file (type pdf)
<use HISTORY_R30.pdf, page 234>
Package pdftex.def Info: HISTORY_R30.pdf , page234 used on input line 11.
(pdftex.def)             Requested size: 614.58406pt x 795.3441pt.
File: HISTORY_R30.pdf Graphic file (type pdf)
<use HISTORY_R30.pdf, page 234>
Package pdftex.def Info: HISTORY_R30.pdf , page234 used on input line 11.
(pdftex.def)             Requested size: 614.58406pt x 795.3441pt.
 [267

 <./HISTORY_R30.pdf>]
<HISTORY_R30.pdf, id=2783, page=235, 614.295pt x 794.97pt>
File: HISTORY_R30.pdf Graphic file (type pdf)
<use HISTORY_R30.pdf, page 235>
Package pdftex.def Info: HISTORY_R30.pdf , page235 used on input line 11.
(pdftex.def)             Requested size: 614.58406pt x 795.3441pt.
File: HISTORY_R30.pdf Graphic file (type pdf)
<use HISTORY_R30.pdf, page 235>
Package pdftex.def Info: HISTORY_R30.pdf , page235 used on input line 11.
(pdftex.def)             Requested size: 614.58406pt x 795.3441pt.
File: HISTORY_R30.pdf Graphic file (type pdf)
<use HISTORY_R30.pdf, page 235>
Package pdftex.def Info: HISTORY_R30.pdf , page235 used on input line 11.
(pdftex.def)             Requested size: 614.58406pt x 795.3441pt.
 [268

 <./HISTORY_R30.pdf>]
<HISTORY_R30.pdf, id=2791, page=236, 614.295pt x 794.97pt>
File: HISTORY_R30.pdf Graphic file (type pdf)
<use HISTORY_R30.pdf, page 236>
Package pdftex.def Info: HISTORY_R30.pdf , page236 used on input line 11.
(pdftex.def)             Requested size: 614.58406pt x 795.3441pt.
File: HISTORY_R30.pdf Graphic file (type pdf)
<use HISTORY_R30.pdf, page 236>
Package pdftex.def Info: HISTORY_R30.pdf , page236 used on input line 11.
(pdftex.def)             Requested size: 614.58406pt x 795.3441pt.
File: HISTORY_R30.pdf Graphic file (type pdf)
<use HISTORY_R30.pdf, page 236>
Package pdftex.def Info: HISTORY_R30.pdf , page236 used on input line 11.
(pdftex.def)             Requested size: 614.58406pt x 795.3441pt.

[269

 <./HISTORY_R30.pdf>]
<HISTORY_R30.pdf, id=2799, page=237, 614.295pt x 794.97pt>
File: HISTORY_R30.pdf Graphic file (type pdf)
<use HISTORY_R30.pdf, page 237>
Package pdftex.def Info: HISTORY_R30.pdf , page237 used on input line 11.
(pdftex.def)             Requested size: 614.58406pt x 795.3441pt.
File: HISTORY_R30.pdf Graphic file (type pdf)
<use HISTORY_R30.pdf, page 237>
Package pdftex.def Info: HISTORY_R30.pdf , page237 used on input line 11.
(pdftex.def)             Requested size: 614.58406pt x 795.3441pt.
File: HISTORY_R30.pdf Graphic file (type pdf)
<use HISTORY_R30.pdf, page 237>
Package pdftex.def Info: HISTORY_R30.pdf , page237 used on input line 11.
(pdftex.def)             Requested size: 614.58406pt x 795.3441pt.
 [270

 <./HISTORY_R30.pdf>]
<HISTORY_R30.pdf, id=2807, page=238, 614.295pt x 794.97pt>
File: HISTORY_R30.pdf Graphic file (type pdf)
<use HISTORY_R30.pdf, page 238>
Package pdftex.def Info: HISTORY_R30.pdf , page238 used on input line 11.
(pdftex.def)             Requested size: 614.58406pt x 795.3441pt.
File: HISTORY_R30.pdf Graphic file (type pdf)
<use HISTORY_R30.pdf, page 238>
Package pdftex.def Info: HISTORY_R30.pdf , page238 used on input line 11.
(pdftex.def)             Requested size: 614.58406pt x 795.3441pt.
File: HISTORY_R30.pdf Graphic file (type pdf)
<use HISTORY_R30.pdf, page 238>
Package pdftex.def Info: HISTORY_R30.pdf , page238 used on input line 11.
(pdftex.def)             Requested size: 614.58406pt x 795.3441pt.
 [271

 <./HISTORY_R30.pdf>]
<HISTORY_R30.pdf, id=2816, page=239, 614.295pt x 794.97pt>
File: HISTORY_R30.pdf Graphic file (type pdf)
<use HISTORY_R30.pdf, page 239>
Package pdftex.def Info: HISTORY_R30.pdf , page239 used on input line 11.
(pdftex.def)             Requested size: 614.58406pt x 795.3441pt.
File: HISTORY_R30.pdf Graphic file (type pdf)
<use HISTORY_R30.pdf, page 239>
Package pdftex.def Info: HISTORY_R30.pdf , page239 used on input line 11.
(pdftex.def)             Requested size: 614.58406pt x 795.3441pt.
File: HISTORY_R30.pdf Graphic file (type pdf)
<use HISTORY_R30.pdf, page 239>
Package pdftex.def Info: HISTORY_R30.pdf , page239 used on input line 11.
(pdftex.def)             Requested size: 614.58406pt x 795.3441pt.

[272

 <./HISTORY_R30.pdf>]
<HISTORY_R30.pdf, id=2833, page=240, 614.295pt x 794.97pt>
File: HISTORY_R30.pdf Graphic file (type pdf)
<use HISTORY_R30.pdf, page 240>
Package pdftex.def Info: HISTORY_R30.pdf , page240 used on input line 11.
(pdftex.def)             Requested size: 614.58406pt x 795.3441pt.
File: HISTORY_R30.pdf Graphic file (type pdf)
<use HISTORY_R30.pdf, page 240>
Package pdftex.def Info: HISTORY_R30.pdf , page240 used on input line 11.
(pdftex.def)             Requested size: 614.58406pt x 795.3441pt.
File: HISTORY_R30.pdf Graphic file (type pdf)
<use HISTORY_R30.pdf, page 240>
Package pdftex.def Info: HISTORY_R30.pdf , page240 used on input line 11.
(pdftex.def)             Requested size: 614.58406pt x 795.3441pt.
 [273

 <./HISTORY_R30.pdf>]
<HISTORY_R30.pdf, id=2861, page=241, 614.295pt x 794.97pt>
File: HISTORY_R30.pdf Graphic file (type pdf)
<use HISTORY_R30.pdf, page 241>
Package pdftex.def Info: HISTORY_R30.pdf , page241 used on input line 11.
(pdftex.def)             Requested size: 614.58406pt x 795.3441pt.
File: HISTORY_R30.pdf Graphic file (type pdf)
<use HISTORY_R30.pdf, page 241>
Package pdftex.def Info: HISTORY_R30.pdf , page241 used on input line 11.
(pdftex.def)             Requested size: 614.58406pt x 795.3441pt.
File: HISTORY_R30.pdf Graphic file (type pdf)
<use HISTORY_R30.pdf, page 241>
Package pdftex.def Info: HISTORY_R30.pdf , page241 used on input line 11.
(pdftex.def)             Requested size: 614.58406pt x 795.3441pt.
 [274

 <./HISTORY_R30.pdf>]
<HISTORY_R30.pdf, id=2880, page=242, 614.295pt x 794.97pt>
File: HISTORY_R30.pdf Graphic file (type pdf)
<use HISTORY_R30.pdf, page 242>
Package pdftex.def Info: HISTORY_R30.pdf , page242 used on input line 11.
(pdftex.def)             Requested size: 614.58406pt x 795.3441pt.
File: HISTORY_R30.pdf Graphic file (type pdf)
<use HISTORY_R30.pdf, page 242>
Package pdftex.def Info: HISTORY_R30.pdf , page242 used on input line 11.
(pdftex.def)             Requested size: 614.58406pt x 795.3441pt.
File: HISTORY_R30.pdf Graphic file (type pdf)
<use HISTORY_R30.pdf, page 242>
Package pdftex.def Info: HISTORY_R30.pdf , page242 used on input line 11.
(pdftex.def)             Requested size: 614.58406pt x 795.3441pt.

[275

 <./HISTORY_R30.pdf>]
<HISTORY_R30.pdf, id=2887, page=243, 614.295pt x 794.97pt>
File: HISTORY_R30.pdf Graphic file (type pdf)
<use HISTORY_R30.pdf, page 243>
Package pdftex.def Info: HISTORY_R30.pdf , page243 used on input line 11.
(pdftex.def)             Requested size: 614.58406pt x 795.3441pt.
File: HISTORY_R30.pdf Graphic file (type pdf)
<use HISTORY_R30.pdf, page 243>
Package pdftex.def Info: HISTORY_R30.pdf , page243 used on input line 11.
(pdftex.def)             Requested size: 614.58406pt x 795.3441pt.
File: HISTORY_R30.pdf Graphic file (type pdf)
<use HISTORY_R30.pdf, page 243>
Package pdftex.def Info: HISTORY_R30.pdf , page243 used on input line 11.
(pdftex.def)             Requested size: 614.58406pt x 795.3441pt.
 [276

 <./HISTORY_R30.pdf>]
<HISTORY_R30.pdf, id=2894, page=244, 614.295pt x 794.97pt>
File: HISTORY_R30.pdf Graphic file (type pdf)
<use HISTORY_R30.pdf, page 244>
Package pdftex.def Info: HISTORY_R30.pdf , page244 used on input line 11.
(pdftex.def)             Requested size: 614.58406pt x 795.3441pt.
File: HISTORY_R30.pdf Graphic file (type pdf)
<use HISTORY_R30.pdf, page 244>
Package pdftex.def Info: HISTORY_R30.pdf , page244 used on input line 11.
(pdftex.def)             Requested size: 614.58406pt x 795.3441pt.
File: HISTORY_R30.pdf Graphic file (type pdf)
<use HISTORY_R30.pdf, page 244>
Package pdftex.def Info: HISTORY_R30.pdf , page244 used on input line 11.
(pdftex.def)             Requested size: 614.58406pt x 795.3441pt.
 [277

 <./HISTORY_R30.pdf>]
<HISTORY_R30.pdf, id=2906, page=245, 614.295pt x 794.97pt>
File: HISTORY_R30.pdf Graphic file (type pdf)
<use HISTORY_R30.pdf, page 245>
Package pdftex.def Info: HISTORY_R30.pdf , page245 used on input line 11.
(pdftex.def)             Requested size: 614.58406pt x 795.3441pt.
File: HISTORY_R30.pdf Graphic file (type pdf)
<use HISTORY_R30.pdf, page 245>
Package pdftex.def Info: HISTORY_R30.pdf , page245 used on input line 11.
(pdftex.def)             Requested size: 614.58406pt x 795.3441pt.
File: HISTORY_R30.pdf Graphic file (type pdf)
<use HISTORY_R30.pdf, page 245>
Package pdftex.def Info: HISTORY_R30.pdf , page245 used on input line 11.
(pdftex.def)             Requested size: 614.58406pt x 795.3441pt.

[278

 <./HISTORY_R30.pdf>] (./HISTORY_R32.aux)
 ***********
LaTeX2e <2023-11-01> patch level 1
L3 programming layer <2024-01-22>
 ***********
Package rerunfilecheck Info: File `HISTORY_R32.out' has not changed.
(rerunfilecheck)             Checksum: D41D8CD98F00B204E9800998ECF8427E;0.
 ) 
Here is how much of TeX's memory you used:
 11256 strings out of 476106
 188837 string characters out of 5793933
 1925975 words of memory out of 5000000
 32885 multiletter control sequences out of 15000+600000
 558964 words of font info for 39 fonts, out of 8000000 for 9000
 59 hyphenation exceptions out of 8191
 75i,17n,79p,576b,568s stack positions out of 10000i,1000n,20000p,200000b,200000s
</usr/share/texlive/texmf-dist/fonts/type1/public/amsfonts/cm/cmbx10.pfb></us
r/share/texlive/texmf-dist/fonts/type1/public/amsfonts/cm/cmex10.pfb></usr/shar
e/texlive/texmf-dist/fonts/type1/public/amsfonts/cm/cmmi10.pfb></usr/share/texl
ive/texmf-dist/fonts/type1/public/amsfonts/cm/cmmi5.pfb></usr/share/texlive/tex
mf-dist/fonts/type1/public/amsfonts/cm/cmmi6.pfb></usr/share/texlive/texmf-dist
/fonts/type1/public/amsfonts/cm/cmmi8.pfb></usr/share/texlive/texmf-dist/fonts/
type1/public/amsfonts/cm/cmr10.pfb></usr/share/texlive/texmf-dist/fonts/type1/p
ublic/amsfonts/cm/cmr12.pfb></usr/share/texlive/texmf-dist/fonts/type1/public/a
msfonts/cm/cmr17.pfb></usr/share/texlive/texmf-dist/fonts/type1/public/amsfonts
/cm/cmr5.pfb></usr/share/texlive/texmf-dist/fonts/type1/public/amsfonts/cm/cmr6
.pfb></usr/share/texlive/texmf-dist/fonts/type1/public/amsfonts/cm/cmr8.pfb></u
sr/share/texlive/texmf-dist/fonts/type1/public/amsfonts/cm/cmsy10.pfb></usr/sha
re/texlive/texmf-dist/fonts/type1/public/amsfonts/cm/cmsy5.pfb></usr/share/texl
ive/texmf-dist/fonts/type1/public/amsfonts/cm/cmsy6.pfb></usr/share/texlive/tex
mf-dist/fonts/type1/public/amsfonts/cm/cmsy8.pfb></usr/share/texlive/texmf-dist
/fonts/type1/public/amsfonts/cm/cmtt12.pfb></usr/share/texlive/texmf-dist/fonts
/type1/public/amsfonts/symbols/msbm10.pfb></usr/share/texlive/texmf-dist/fonts/
type1/urw/courier/ucrr8a.pfb></usr/share/texlive/texmf-dist/fonts/type1/urw/tim
es/utmr8a.pfb></usr/share/texlive/texmf-dist/fonts/type1/urw/times/utmri8a.pfb>

Output written on HISTORY_R32.pdf (278 pages, 2199901 bytes).
PDF statistics:
 3012 PDF objects out of 3580 (max. 8388607)
 1614 compressed objects within 17 object streams
 279 named destinations out of 1000 (max. 500000)
 1461 words of extra memory for PDF output out of 10000 (max. 10000000)

