case,method,grid_or_nodes,cumulative_seconds,lower,upper,width
T16-401,highs-ds,16,0.6104891519999995,3.7105215908116143,3.7147147618919365,0.0041931710803219165
T16-401,highs-ds,64,1.4104856609999956,3.7135947262048283,3.7146312045526453,0.0010364783478170024
T16-401,highs-ds,256,4.680443338999993,3.7143517092489686,3.71460968137027,0.00025797212130081214
T16-401,highs-ipm,16,0.6115498350000053,3.7105278144411384,3.7147147618919365,0.004186947450798107
T16-401,highs-ipm,64,1.4629235209999933,3.713595118735179,3.7146312045526453,0.001036085817466201
T16-401,highs-ipm,256,5.559432000000001,3.714351733838388,3.71460968137027,0.00025794753188174233
T16-503,highs-ds,16,0.6037148460000026,3.836970318016608,3.844385688229933,0.007415370213324978
T16-503,highs-ds,64,1.4015459999999962,3.842444797668321,3.844302721985765,0.0018579243174438342
T16-503,highs-ds,256,4.644271289000002,3.8438171095131044,3.844281584599814,0.0004644750867094507
T16-503,highs-ipm,16,0.6055223930000011,3.836983677927682,3.844385688229933,0.007402010302251015
T16-503,highs-ipm,64,1.4422264210000009,3.8424456290450584,3.844302721985765,0.0018570929407066027
T16-503,highs-ipm,256,6.217077085,3.843817161417955,3.844281584599814,0.00046442318185884644
T16-607,highs-ds,16,0.5991341259999956,4.172304827189334,4.175818666479994,0.0035138392906600025
T16-607,highs-ds,64,1.3772479309999994,4.174783771821687,4.175659940910395,0.0008761690887081105
T16-607,highs-ipm,16,0.6008739239999983,4.172313914245825,4.175818666479994,0.003504752234169616
T16-607,highs-ipm,64,1.4275241379999954,4.174784346372501,4.175659940910395,0.0008755945378947846
T32-401,highs-ds,16,0.8079439540000095,4.42253008992872,4.42672200637747,0.004191916448750138
T32-401,highs-ds,64,2.397054419,4.425602051787879,4.426638449038179,0.0010363972502991925
T32-401,highs-ds,256,8.873361810000006,4.426358958843223,4.426616925855804,0.0002579670125804257
T32-401,highs-ipm,16,0.8288616359999992,4.42253505892646,4.42672200637747,0.004186947451010003
T32-401,highs-ipm,64,2.542237279999995,4.425602363220155,4.426638449038179,0.001036085818023811
T32-401,highs-ipm,256,9.898997551000008,4.426358978321956,4.426616925855804,0.000257947533847186
T32-503,highs-ds,16,0.8129751460000136,4.57520622613738,4.582633322390348,0.007427096252968374
T32-503,highs-ds,64,2.4607077410000215,4.580689248204734,4.582551537351684,0.00186228914695005
T32-503,highs-ds,256,9.14941295700001,4.582065046461949,4.582530701374693,0.0004656549127442141
T32-503,highs-ipm,16,0.8147183890000065,4.575210789728211,4.582633322390348,0.007422532662136353
T32-503,highs-ipm,64,2.500293522000021,4.580689533985087,4.582551537351684,0.0018620033665971035
T32-503,highs-ipm,256,9.762817589999997,4.5820650643323395,4.582530701374693,0.00046563704235316267
T32-607,highs-ds,16,0.8036862550000023,4.882578728313777,4.886091474752139,0.0035127464383622785
T32-607,highs-ds,64,2.3749727750000034,4.885056424820867,4.885933028803184,0.0008766039823170233
T32-607,highs-ipm,16,0.8029047210000044,4.882582621982617,4.886091474752139,0.0035088527695222
T32-607,highs-ipm,64,2.460667050000012,4.885056668162263,4.885933028803184,0.0008763606409215982
T4-401,highs-ds,16,0.45355194799999765,1.4548976072708084,1.4581984422508294,0.0033008349800210074
T4-401,highs-ds,64,0.659626019000001,1.4572702238705477,1.4580930365402323,0.0008228126696845406
T4-401,highs-ipm,16,0.44933954500000084,1.4548976072708084,1.4581984422508294,0.0033008349800210074
T4-401,highs-ipm,64,0.6629429600000094,1.4572702238705477,1.4580930365402323,0.0008228126696845406
T4-503,highs-ds,16,0.4562190780000037,1.7331489165178595,1.7399174928840093,0.006768576366149946
T4-503,highs-ds,64,0.6636101960000076,1.7381347271027148,1.7398336189067096,0.001698891803994885
T4-503,highs-ds,256,1.4702986340000024,1.7393871888970103,1.7398123626646522,0.0004251737676419262
T4-503,highs-ipm,16,0.4455171499999864,1.7331489165178595,1.7399174928840093,0.006768576366149946
T4-503,highs-ipm,64,0.6569777579999965,1.7381347271027148,1.7398336189067096,0.001698891803994885
T4-503,highs-ipm,256,1.538626146999988,1.7393871888970096,1.7398123626646522,0.00042517376764263673
T4-607,highs-ds,16,0.44666138799999544,1.9600799027451228,1.9632972778686666,0.003217375123543704
T4-607,highs-ds,64,0.6438325329999941,1.9623130851505555,1.9631061627518775,0.0007930776013219606
T4-607,highs-ipm,16,0.44920219300000497,1.960148602692856,1.9632972778686666,0.0031486751758105246
T4-607,highs-ipm,64,0.6519174210000074,1.9623139371830454,1.9631061627518775,0.0007922255688320654
base-401,highs-ds,16,0.4997284839999878,2.539741010848371,2.5436659614803827,0.003924950632011577
base-401,highs-ds,64,0.9106113799999918,2.5426130356330656,2.5435841710400418,0.0009711354069761501
base-401,highs-ipm,16,0.5080332240000018,2.539741010848371,2.5436659614803827,0.003924950632011577
base-401,highs-ipm,64,0.9367056620000085,2.5426130356330656,2.5435841710400418,0.0009711354069761501
base-503,highs-ds,16,0.49181377500001133,2.687368147113649,2.6943124147057165,0.006944267592067609
base-503,highs-ds,64,0.8896353750000117,2.6924997571630396,2.694237683769526,0.001737926606486661
base-503,highs-ds,256,2.485286961,2.6937839614188688,2.6942186694387558,0.0004347080198869365
base-503,highs-ipm,16,0.5062211669999925,2.6873864804331107,2.6943124147057165,0.006925934272605771
base-503,highs-ipm,64,0.922138591999996,2.692500428131292,2.694237683769526,0.0017372556382341468
base-503,highs-ipm,256,2.69457362899999,2.693784033323285,2.6942186694387558,0.0004346361154708974
base-607,highs-ds,16,0.49365964499999393,3.0842316277563033,3.0875388089406304,0.003307181184327042
base-607,highs-ds,64,0.8888345740000005,3.086552914823693,3.0873476938238413,0.0007947790001485713
base-607,highs-ipm,16,0.4921139200000084,3.0843901337647606,3.0875388089406304,0.0031486751758700174
base-607,highs-ipm,64,0.8880810120000007,3.0865589471662793,3.0873476938238413,0.0007887466575620918
beta50-401,highs-ds,16,0.5124935160000064,0.8518916472603392,0.8549021563453442,0.0030105090850049906
beta50-401,highs-ds,64,0.9237464619999969,0.8539972020297807,0.8547535597244905,0.0007563576947098826
beta50-401,highs-ipm,16,0.5002243590000148,0.8518916472603392,0.8549021563453442,0.0030105090850049906
beta50-401,highs-ipm,64,0.9304780280000102,0.8539972020297807,0.8547535597244905,0.0007563576947098826
beta50-503,highs-ds,16,0.5076696170000048,0.9955019265869319,1.0017518077772345,0.0062498811903026145
beta50-503,highs-ds,64,0.9072505219999982,0.9999972525706002,1.001570819282496,0.0015735667118956102
beta50-503,highs-ds,256,2.47574168700001,1.001130529954406,1.0015246300041045,0.0003941000496985888
beta50-503,highs-ipm,16,0.5062982359999921,0.995502324714501,1.0017518077772345,0.006249483062733658
beta50-503,highs-ipm,64,0.961021508000016,0.9999972776000663,1.001570819282496,0.0015735416824296435
beta50-503,highs-ipm,256,2.800757505000007,1.001130531521111,1.0015246300041045,0.00039409848299368965
beta50-607,highs-ds,16,0.49342178899999567,1.1528382895113967,1.1560094764568725,0.0031711869454758355
beta50-607,highs-ds,64,0.8855947890000095,1.1550281974178431,1.1558183613400834,0.0007901639222401995
beta50-607,highs-ipm,16,0.4907315149999931,1.1528608012810118,1.1560094764568725,0.00314867517586065
beta50-607,highs-ipm,64,0.8853795259999799,1.1550296033225287,1.1558183613400834,0.0007887580175547298
beta97-401,highs-ds,16,0.5016149440000106,3.254890738762335,3.259299207767999,0.004408469005664159
beta97-401,highs-ds,64,0.9173462260000065,3.2581566928969248,3.259243188216967,0.001086495320042031
beta97-401,highs-ds,256,2.621501864999999,3.2589586066808853,3.2592289191982586,0.00027031251737370625
beta97-401,highs-ipm,16,0.5147827769999935,3.254890738762335,3.259299207767999,0.004408469005664159
beta97-401,highs-ipm,64,0.9600092029999985,3.2581566928969248,3.259243188216967,0.001086495320042031
beta97-401,highs-ipm,256,2.997621774999999,3.2589586066808853,3.2592289191982586,0.00027031251737370625
beta97-503,highs-ds,16,0.5107068019999872,3.3388664471997567,3.3460331982074,0.007166751007643458
beta97-503,highs-ds,64,0.9200745599999891,3.344195686194515,3.345986053329237,0.0017903671347216307
beta97-503,highs-ds,256,2.55577550000001,3.345526797343437,3.3459741965114804,0.0004473991680431253
beta97-503,highs-ipm,16,0.4991650260000142,3.3388964969866146,3.3460331982074,0.007136701220785514
beta97-503,highs-ipm,64,0.9211235170000123,3.3441975697247077,3.345986053329237,0.0017884836045289948
beta97-503,highs-ipm,256,2.7171779860000242,3.345526868107991,3.3459741965114804,0.00044732840348948443
beta97-607,highs-ds,16,0.4922894020000115,3.8627024917273483,3.8660631332706874,0.0033606415433390545
beta97-607,highs-ds,64,0.88296154599999,3.8650740874685763,3.8658720181538984,0.0007979306853223672
beta97-607,highs-ipm,16,0.4921837629999857,3.8629144580948207,3.8660631332706874,0.0031486751758668468
beta97-607,highs-ipm,64,0.8973074839999811,3.865083271496333,3.8658720181538984,0.000788746657565515
beta99-401,highs-ds,16,0.501541589000027,3.501104846913714,3.5056872135873323,0.004582366673618158
beta99-401,highs-ds,64,0.920154862000004,3.504511869584012,3.5056399790715753,0.001128109487563468
beta99-401,highs-ds,256,2.6598925440000016,3.5053474013036516,3.505628032954467,0.00028063165081535624
beta99-401,highs-ipm,16,0.4999033910000037,3.501104846913714,3.5056872135873323,0.004582366673618158
beta99-401,highs-ipm,64,0.9492698849999783,3.504511869584012,3.5056399790715753,0.001128109487563468
beta99-401,highs-ipm,256,3.112646529999978,3.5053474013036516,3.505628032954467,0.00028063165081536947
beta99-503,highs-ds,16,0.5066914759999861,3.558591228997978,3.56582894611541,0.007237717117431662
beta99-503,highs-ds,64,0.9118658049999908,3.563983403782283,3.565790247064087,0.0018068432818042022
beta99-503,highs-ds,256,2.5314205739999807,3.565329161965074,3.56578058709066,0.0004514251255855557
beta99-503,highs-ipm,16,0.5015771399999949,3.558625617734173,3.56582894611541,0.007203328381236884
beta99-503,highs-ipm,64,0.9180289829999992,3.5639855590875977,3.565790247064087,0.0018046879764893513
beta99-503,highs-ipm,256,2.767149962000019,3.565329243596987,3.565780587090665,0.00045134349367800976
beta99-607,highs-ds,16,0.49147771799999873,4.128280707255385,4.131673378275459,0.0033926710200738322
beta99-607,highs-ds,64,0.8881194029999904,4.130682511228949,4.13148226315867,0.0007997519297203977
beta99-607,highs-ipm,16,0.5042253800000083,4.128524703099615,4.131673378275459,0.003148675175844529
beta99-607,highs-ipm,64,0.9033273530000088,4.130693516501085,4.13148226315867,0.0007887466575847496
eps02-401,highs-ds,16,0.49720521800000483,2.556512157011235,2.560437107643204,0.0039249506319690725
eps02-401,highs-ds,64,0.9079568519999839,2.5594332560601294,2.5604043914670873,0.0009711354069579915
eps02-401,highs-ipm,16,0.5105473030000098,2.556512157011235,2.560437107643204,0.0039249506319690725
eps02-401,highs-ipm,64,0.9350940540000181,2.5594332560601294,2.5604043914670873,0.0009711354069579915
eps02-503,highs-ds,16,0.5023755510000001,2.7045237888826015,2.7114680564746854,0.006944267592083853
eps02-503,highs-ds,64,0.9045906900000205,2.7096997589451153,2.711438164100158,0.001738405155043189
eps02-503,highs-ds,256,2.498866157000009,2.710995850347984,2.7114305583678577,0.00043470801987401456
eps02-503,highs-ipm,16,0.4969403439999951,2.7045421222020747,2.7114680564746854,0.00692593427261093
eps02-503,highs-ipm,64,0.9079273570000055,2.7097009084619685,2.711438164100158,0.0017372556381898858
eps02-503,highs-ipm,256,2.697919602000013,2.710995922252405,2.7114305583678577,0.00043463611545288083
eps02-607,highs-ds,16,0.4911517339999989,3.109705659835868,3.113012841020145,0.003307181184276739
eps02-607,highs-ds,64,0.8829343549999749,3.112137750682809,3.1129363949734126,0.0007986442906037607
eps02-607,highs-ipm,16,0.5097559459999843,3.109864165844334,3.113012841020145,0.003148675175811188
eps02-607,highs-ipm,64,0.9021260089999998,3.1121476483159047,3.1129363949734126,0.0007887466575078362
eps15-401,highs-ds,16,0.49815254600000003,2.4838371903054917,2.487762140937657,0.0039249506321657095
eps15-401,highs-ds,64,0.9071170879999784,2.4865456342095196,2.4875167696165974,0.000971135407077745
eps15-401,highs-ipm,16,0.5028237819999788,2.4838371903054917,2.487762140937657,0.0039249506321657095
eps15-401,highs-ipm,64,0.931225564999977,2.4865456342095196,2.4875167696165974,0.000971135407077745
eps15-503,highs-ds,16,0.5025186320000046,2.630182674550473,2.637126942142698,0.006944267592225044
eps15-503,highs-ds,64,0.9017187739999883,2.6351648227274658,2.6369027493340433,0.0017379266065778763
eps15-503,highs-ds,256,2.491682602999987,2.6364110283362345,2.6368457063418016,0.00043467800556706534
eps15-503,highs-ipm,16,0.4982619449999959,2.6302010078698976,2.637126942142698,0.006925934272800153
eps15-503,highs-ipm,64,0.9139042920000122,2.6351654936957045,2.6369027493340433,0.0017372556383390048
eps15-503,highs-ipm,256,2.687020199000017,2.636411070226218,2.6368457063418016,0.0004346361155833524
eps15-607,highs-ds,16,0.4882090259999927,2.9993244217505883,3.0026253686754845,0.0033009469248964293
eps15-607,highs-ds,64,0.8746604119999972,3.0012567255878566,3.0020520233251395,0.0007952977372830271
eps15-607,highs-ipm,16,0.49665935199999467,2.9994766934995165,3.0026253686754845,0.0031486751759682505
eps15-607,highs-ipm,64,0.8928684930000088,3.0012632766675287,3.0020520233251395,0.0007887466576110123
m2-401,highs-ds,16,0.4649405510000122,2.628321802000922,2.634634746797723,0.006312944796801078
m2-401,highs-ds,64,0.7490560400000277,2.6330357460076232,2.634597470812709,0.0015617248050857188
m2-401,highs-ds,256,1.8738137450000067,2.6341984810403387,2.634587939397879,0.00038945835754006626
m2-401,highs-ipm,16,0.47602771800001165,2.628396854771269,2.634634746797723,0.00623789202645405
m2-401,highs-ipm,64,0.7713800790000107,2.633040408399612,2.634597470812709,0.001557062413097002
m2-401,highs-ipm,256,1.918124745,2.634198772000473,2.634587939397879,0.00038916739740592907
m2-503,highs-ds,16,0.4620489739999982,3.024711992993903,3.0328994258874578,0.008187432893554843
m2-503,highs-ds,64,0.7291869920000238,3.03061648946758,3.0326653795584164,0.0020488900908363604
m2-503,highs-ds,256,1.7794272300000102,3.0320922791209606,3.0326047420525857,0.0005124629316250485
m2-503,highs-ipm,16,0.46735772399998154,3.0247347210820843,3.0328994258874578,0.008164704805373468
m2-503,highs-ipm,64,0.7383047909999902,3.0306179038121766,3.0326653795584164,0.002047475746239898
m2-503,highs-ipm,256,1.8395884469999828,3.032092367421722,3.0326047420525857,0.0005123746308636435
m2-607,highs-ds,16,0.4710457099999985,2.493615295055907,2.4985750869959347,0.0049597919400274975
m2-607,highs-ds,64,0.7655947579999918,2.497312131535008,2.498543593773351,0.0012314622383427958
m2-607,highs-ds,256,1.928852376000009,2.4982285678448086,2.4985355013713852,0.000306933526576225
m2-607,highs-ipm,16,0.47353566300000693,2.493615295055907,2.4985750869959347,0.0049597919400274975
m2-607,highs-ipm,64,0.7882371480000074,2.497312131535008,2.498543593773351,0.0012314622383427958
m2-607,highs-ipm,256,2.0208199170000114,2.4982285678448086,2.4985355013713852,0.000306933526576225
m5-401,highs-ds,16,0.5537113809999994,2.659377093403221,2.6628860895677735,0.0035089961645526904
m5-401,highs-ds,64,1.1831210020000071,2.6615190437829037,2.6623845837911033,0.0008655400081994452
m5-401,highs-ipm,16,0.5547946289999857,2.6594624896056294,2.6628860895677735,0.003423599962144336
m5-401,highs-ipm,64,1.2016914310000004,2.661522703673728,2.6623845837911033,0.0008618801173752638
m5-503,highs-ds,16,0.5721877480000046,3.027328638691687,3.0322152555828814,0.004886616891194538
m5-503,highs-ds,64,1.2388491710000267,3.030736766276044,3.0319471913774527,0.0012104251014083845
m5-503,highs-ds,256,3.9287661070000013,3.031576289889305,3.0318786264483495,0.0003023365590447354
m5-503,highs-ipm,16,0.5618431170000235,3.027355152231937,3.0322152555828814,0.004860103350944345
m5-503,highs-ipm,64,1.2361217300000078,3.030738416185303,3.0319471913774527,0.001208775192149497
m5-503,highs-ipm,256,4.398141118000012,3.031576392896969,3.0318786264483495,0.00030223355138059483
m5-607,highs-ds,16,0.5689583110000171,2.579049079383371,2.583582132357907,0.004533052974536427
m5-607,highs-ds,64,1.2672792980000054,2.5822977251434134,2.583426935467395,0.0011292103239812967
m5-607,highs-ds,256,4.015753920000009,2.5831059368522453,2.5833880017724042,0.00028206492015873334
m5-607,highs-ipm,16,0.573819426,2.579049079383371,2.583582132357907,0.004533052974536427
m5-607,highs-ipm,64,1.266658294000024,2.5822977251434134,2.583426935467395,0.0011292103239812967
m5-607,highs-ipm,256,4.1339982840000005,2.5831059368522453,2.5833880017724042,0.00028206492015873334
slope0-401,highs-ds,16,0.5006913049999753,2.531695240222458,2.535325731477576,0.00363049125511832
slope0-401,highs-ds,64,0.8978772329999742,2.5344218378929835,2.5353199870942142,0.0008981492012307651
slope0-401,highs-ipm,16,0.501657626999986,2.531695240222376,2.535325731477576,0.00363049125520053
slope0-401,highs-ipm,64,0.926298877999983,2.534421837892966,2.5353199870942142,0.0008981492012481024
slope0-503,highs-ds,16,0.4943709839999997,2.6809770155296997,2.6852215416642564,0.004244526134556774
slope0-503,highs-ds,64,0.8941883330000167,2.6841793746809497,2.6852195999662247,0.0010402252852747124
slope0-503,highs-ds,256,2.489212946000009,2.6849604680260892,2.685219563766659,0.0002590957405700015
slope0-503,highs-ipm,16,0.5001312649999932,2.6810558476150916,2.6852215416642564,0.004165694049164759
slope0-503,highs-ipm,64,0.9142541770000037,2.684184301686155,2.6852195999662247,0.001035298280069679
slope0-503,highs-ipm,256,2.678595382999987,2.684960775963761,2.685219563766659,0.00025878780289830184
slope0-607,highs-ds,16,0.49439263700000424,3.0792949860360403,3.0819392253098528,0.002644239273812447
slope0-607,highs-ds,64,0.8906239869999979,3.0813079491686226,3.0819367775974413,0.0006288284288188484
slope0-607,highs-ipm,16,0.4936217979999924,3.0794339190111484,3.0819392253098528,0.0025053062987043634
slope0-607,highs-ipm,64,0.8881460679999975,3.081316632479493,3.0819367775974413,0.0006201451179483319
slope80-401,highs-ds,16,0.5077384469999799,2.5426107815640773,2.5481034753119967,0.005492693747919637
slope80-401,highs-ds,64,0.9141697329999943,2.5466102708775322,2.547986136886251,0.0013758660087186268
slope80-401,highs-ds,256,2.566163701999983,2.5476130311961667,2.5479556078548837,0.0003425766587170453
slope80-401,highs-ipm,16,0.5039503929999967,2.5426107815640773,2.5481034753119967,0.005492693747919637
slope80-401,highs-ipm,64,0.9321003529999814,2.5466102708775322,2.547986136886251,0.0013758660087186268
slope80-401,highs-ipm,256,3.213717753999987,2.5476130311961667,2.5479556078548837,0.0003425766587170453
slope80-503,highs-ds,16,0.4979176749999965,2.686840364240439,2.6985749349801647,0.011734570739725928
slope80-503,highs-ds,64,0.9064572010000234,2.695574515124512,2.6985078610990296,0.0029333459745175725
slope80-503,highs-ds,256,2.559941987000002,2.6977571052640053,2.6984908506549923,0.0007337453909868008
slope80-503,highs-ipm,16,0.5059767579999743,2.686906259467444,2.6985749349801647,0.011668675512720628
slope80-503,highs-ipm,64,0.9369448949999537,2.695578747957199,2.6985078610990296,0.0029291131418303007
slope80-503,highs-ipm,256,2.883805653999957,2.697757371665971,2.6984908506549923,0.0007334789890210159
slope80-607,highs-ds,16,0.4929056910000327,3.086536102861423,3.091526197375596,0.004990094514172795
slope80-607,highs-ds,64,0.885952771999996,3.0899764096552578,3.0912084895470233,0.0012320798917657277
slope80-607,highs-ds,256,2.4571969589999867,3.090822158765046,3.091129687262976,0.00030752849792966327
slope80-607,highs-ipm,16,0.504963287999999,3.086586163710627,3.091526197375596,0.004940033664968837
slope80-607,highs-ipm,64,0.9088180600000442,3.089977914163223,3.0912084895470233,0.0012305753838004058
slope80-607,highs-ipm,256,2.5390413360000252,3.090822356365526,3.091129687262976,0.0003073308974497557
inventory0,budget2.0,1,0.06443400699998847,1.9701216170968048,1.98223176255959,0.012110145462785214
inventory0,budget2.0,3,0.07874329300000227,1.9701216170968048,1.98223176255959,0.012110145462785214
inventory0,budget2.0,5,0.09310981400000173,1.9705663629843588,1.98223176255959,0.011665399575231007
inventory0,budget2.0,7,0.107312630000024,1.9705663629843588,1.98223176255959,0.011665399575231007
inventory0,budget2.0,9,0.11522571200003995,1.9711063602506183,1.98223176255959,0.011125402308971572
inventory0,budget2.0,11,0.12952165699999796,1.9711063602506183,1.98223176255959,0.011125402308971572
inventory0,budget2.0,13,0.1437239120000413,1.9711063602506183,1.98223176255959,0.011125402308971572
inventory0,budget2.0,15,0.15160389499999383,1.971241460838208,1.98223176255959,0.010990301721381915
inventory0,budget2.0,17,0.16589026600001944,1.971241460838208,1.98223176255959,0.010990301721381915
inventory0,budget2.0,19,0.1738934240000276,1.9713093166282922,1.98223176255959,0.010922445931297676
inventory0,budget2.0,21,0.18182384200002843,1.971377377312519,1.98223176255959,0.010854385247070917
inventory0,budget2.0,23,0.19606749900003706,1.971377377312519,1.98223176255959,0.010854385247070917
inventory0,budget2.0,25,0.21038275300003306,1.971377377312519,1.98223176255959,0.010854385247070917
inventory0,budget2.0,27,0.21837876000000733,1.9714456438203245,1.98223176255959,0.01078611873926537
inventory0,budget2.0,29,0.23270315799999253,1.9714456438203245,1.98223176255959,0.01078611873926537
inventory0,budget2.0,31,0.24708145800002512,1.9714456438203245,1.98223176255959,0.01078611873926537
inventory0,budget2.0,33,0.2613162910000142,1.9715141170867752,1.98223176255959,0.0107176454728148
inventory0,budget2.0,35,0.2757493420000401,1.9715141170867752,1.98223176255959,0.0107176454728148
inventory0,budget2.0,37,0.2902314380000348,1.9715141170867752,1.98223176255959,0.0107176454728148
inventory0,budget2.0,39,0.30474801400004026,1.9715141170867752,1.98223176255959,0.0107176454728148
inventory0,budget2.0,41,0.3191501990000347,1.97154156449631,1.98223176255959,0.010690198063280037
inventory0,budget2.0,43,0.3336046930000407,1.97154156449631,1.98223176255959,0.010690198063280037
inventory0,budget2.0,45,0.3418173660000434,1.9715827980526097,1.98223176255959,0.010648964506980314
inventory0,budget2.0,47,0.35639547499999935,1.9715827980526097,1.98223176255959,0.010648964506980314
inventory0,budget2.0,49,0.3710440300000073,1.9715827980526097,1.98223176255959,0.010648964506980314
inventory0,budget2.0,51,0.3854462959999978,1.9716516876642827,1.98223176255959,0.010580074895307283
inventory0,budget2.0,53,0.3999199380000391,1.9716516876642827,1.98223176255959,0.010580074895307283
inventory0,budget2.0,55,0.4143363140000247,1.9716516876642827,1.98223176255959,0.010580074895307283
inventory0,budget2.0,57,0.42880190500000026,1.9716516876642827,1.98223176255959,0.010580074895307283
inventory0,budget2.0,59,0.44312285699999165,1.971679302142888,1.98223176255959,0.010552460416701884
inventory0,budget2.0,61,0.45775185299999066,1.971679302142888,1.98223176255959,0.010552460416701884
inventory0,budget2.0,63,0.46585419000001593,1.9717484854597527,1.98223176255959,0.010483277099837218
inventory0,budget2.0,65,0.47391920100000107,1.9718178797175283,1.98223176255959,0.010413882842061682
inventory0,budget2.0,67,0.4882822870000041,1.9718178797175283,1.98223176255959,0.010413882842061682
inventory0,budget2.0,69,0.502682099000026,1.9718178797175283,1.98223176255959,0.010413882842061682
inventory0,budget2.0,71,0.5107264389999955,1.9718874858824305,1.98223176255959,0.010344276677159545
inventory0,budget2.0,73,0.525040061000027,1.9718874858824305,1.98223176255959,0.010344276677159545
inventory0,budget2.0,75,0.5393095660000427,1.9718874858824305,1.98223176255959,0.010344276677159545
inventory0,budget2.0,77,0.5534940140000231,1.9719573049265848,1.98223176255959,0.010274457633005048
inventory0,budget2.0,79,0.5678960390000043,1.9719573049265848,1.98223176255959,0.010274457633005048
inventory0,budget2.0,81,0.5824341080000295,1.9719573049265848,1.98223176255959,0.010274457633005048
inventory0,budget2.0,83,0.5968559320000395,1.9719573049265848,1.98223176255959,0.010274457633005048
inventory0,budget2.0,85,0.6113508970000225,1.9720273378280728,1.98223176255959,0.010204424731517142
inventory0,budget2.0,87,0.6257664820000173,1.9720273378280728,1.98223176255959,0.010204424731517142
inventory0,budget2.0,89,0.6400297879999925,1.9720273378280728,1.98223176255959,0.010204424731517142
inventory0,budget2.0,91,0.6542047519999983,1.9720975855709761,1.98223176255959,0.010134176988613821
inventory0,budget2.0,93,0.6684516530000337,1.9720975855709761,1.98223176255959,0.010134176988613821
inventory0,budget2.0,95,0.6827253050000195,1.9720975855709761,1.98223176255959,0.010134176988613821
inventory0,budget2.0,97,0.6968757320000236,1.9722892414239075,1.98223176255959,0.009942521135682352
inventory0,budget2.0,99,0.7109470800000395,1.9723575034092649,1.98223176255959,0.009874259150325047
inventory0,budget2.0,101,0.7250524180000184,1.972425972453129,1.98223176255959,0.009805790106460993
inventory0,budget2.0,103,0.7393075520000139,1.972494649499034,1.98223176255959,0.009737113060555937
inventory0,budget2.0,105,0.7534989210000163,1.9727297201382608,1.98223176255959,0.009502042421329182
inventory0,budget2.0,107,0.7675494670000376,1.9727993237487906,1.98223176255959,0.009432438810799287
inventory0,budget2.0,109,0.7818278660000146,1.9728691405567758,1.98223176255959,0.009362622002814115
inventory0,budget2.0,111,0.7962769410000305,1.9729391715432618,1.98223176255959,0.009292591016328141
inventory0,budget2.0,113,0.8103785850000236,1.975504252197043,1.98223176255959,0.006727510362546882
inventory0,budget2.0,115,0.8241158300000393,1.975504252197043,1.98223176255959,0.006727510362546882
inventory0,budget2.0,117,0.8380152100000373,1.975504252197043,1.98223176255959,0.006727510362546882
inventory0,budget2.0,119,0.8515821690000394,1.9755122718299847,1.98223176255959,0.006719490729605234
inventory0,budget2.0,121,0.859166737999999,1.975572849947113,1.98223176255959,0.006658912612476968
inventory0,budget2.0,123,0.8732828530000347,1.975572849947113,1.98223176255959,0.006658912612476968
inventory0,budget2.0,125,0.8873181669999894,1.975572849947113,1.98223176255959,0.006658912612476968
inventory0,budget2.0,127,0.9010668800000303,1.975581470044926,1.98223176255959,0.006650292514664011
inventory0,budget2.0,129,0.9088230970000382,1.9756416557741618,1.98223176255959,0.006590106785428021
inventory0,budget2.0,131,0.9226843590000158,1.9756416557741618,1.98223176255959,0.006590106785428021
inventory0,budget2.0,133,0.9367168980000429,1.9756416557741618,1.98223176255959,0.006590106785428021
inventory0,budget2.0,135,0.9503707580000196,1.975650874652359,1.98223176255959,0.006580887907230933
inventory0,budget2.0,137,0.9582045520000406,1.9757106706263652,1.98223176255959,0.006521091933224768
inventory0,budget2.0,139,0.9720456030000264,1.9757106706263652,1.98223176255959,0.006521091933224768
inventory0,budget2.0,141,0.9860341170000311,1.9757106706263652,1.98223176255959,0.006521091933224768
inventory0,budget2.0,143,0.9999319039999932,1.9757204865770508,1.98223176255959,0.00651127598253903
inventory0,budget2.0,145,1.0136064550000015,1.9757204865770508,1.98223176255959,0.00651127598253903
inventory0,budget2.0,147,1.0213922959999877,1.9757344339218288,1.98223176255959,0.006497328637761041
inventory0,budget2.0,149,1.028974140999992,1.9758042958557172,1.98223176255959,0.006427466703872807
inventory0,budget2.0,151,1.0365841380000234,1.975874367160886,1.98223176255959,0.006357395398703971
inventory0,budget2.0,153,1.0441830990000085,1.9759446487799543,1.98223176255959,0.006287113779635646
inventory0,budget2.0,155,1.057863478999991,1.9759468975229906,1.98223176255959,0.0062848650365992615
inventory0,budget2.0,157,1.0716300789999877,1.9759468975229906,1.98223176255959,0.0062848650365992615
inventory0,budget2.0,159,1.0855721120000226,1.9759468975229906,1.98223176255959,0.0062848650365992615
inventory0,budget2.0,161,1.0993448510000121,1.9759587304247848,1.98223176255959,0.006273032134805109
inventory0,budget2.0,163,1.1129515310000215,1.9759587304247848,1.98223176255959,0.006273032134805109
inventory0,budget2.0,165,1.1205324140000243,1.976016843497373,1.98223176255959,0.006214919062216867
inventory0,budget2.0,167,1.1344003259999909,1.976016843497373,1.98223176255959,0.006214919062216867
inventory0,budget2.0,169,1.1484072570000308,1.976016843497373,1.98223176255959,0.006214919062216867
inventory0,budget2.0,171,1.1620857940000064,1.9760292656727714,1.98223176255959,0.0062024968868184625
inventory0,budget2.0,173,1.1758314930000324,1.9760292656727714,1.98223176255959,0.0062024968868184625
inventory0,budget2.0,175,1.183393848000037,1.976087003717879,1.98223176255959,0.006144758841710864
inventory0,budget2.0,177,1.1971470080000017,1.976087003717879,1.98223176255959,0.006144758841710864
inventory0,budget2.0,179,1.2111082000000124,1.976087003717879,1.98223176255959,0.006144758841710864
inventory0,budget2.0,181,1.2248364520000337,1.9761000133284268,1.98223176255959,0.006131749231163181
inventory0,budget2.0,183,1.238642832000039,1.9761000133284268,1.98223176255959,0.006131749231163181
inventory0,budget2.0,185,1.2462860489999912,1.9761573791703797,1.98223176255959,0.006074383389210196
inventory0,budget2.0,187,1.2601460289999977,1.9761573791703797,1.98223176255959,0.006074383389210196
inventory0,budget2.0,189,1.2741617030000043,1.9761573791703797,1.98223176255959,0.006074383389210196
inventory0,budget2.0,191,1.2878755030000093,1.9761694175694002,1.98223176255959,0.006062344990189681
inventory0,budget2.0,193,1.301665268000022,1.9761694175694002,1.98223176255959,0.006062344990189681
inventory0,budget2.0,195,1.3094162570000094,1.9761694175694002,1.98223176255959,0.006062344990189681
inventory0,budget2.0,197,1.323557859999994,1.9761709743526543,1.98223176255959,0.0060607882069356024
inventory0,budget2.0,199,1.3373438890000102,1.9761709743526543,1.98223176255959,0.0060607882069356024
inventory0,budget2.0,201,1.3511111800000322,1.9761709743526543,1.98223176255959,0.0060607882069356024
inventory0,budget2.0,203,1.3648198630000365,1.9761851922466962,1.98223176255959,0.006046570312893728
inventory0,budget2.0,205,1.3724279770000294,1.9762564105897795,1.98223176255959,0.005975351969810379
inventory0,budget2.0,207,1.3800898220000022,1.9762849582131414,1.98223176255959,0.005946804346448483
inventory0,budget2.0,209,1.3878240050000272,1.9763278444359178,1.98223176255959,0.005903918123672111
inventory0,budget2.0,211,1.3954376280000247,1.9763563909023583,1.98223176255959,0.005875371657231774
inventory0,budget2.0,213,1.4092392200000177,1.9763563909023583,1.98223176255959,0.005875371657231774
inventory0,budget2.0,215,1.4231401819999974,1.9763563909023583,1.98223176255959,0.005875371657231774
inventory0,budget2.0,217,1.4367010120000145,1.9763631272661564,1.98223176255959,0.005868635293433565
inventory0,budget2.0,219,1.4442773890000353,1.976395559884108,1.98223176255959,0.005836202675481934
inventory0,budget2.0,221,1.4582227170000124,1.976395559884108,1.98223176255959,0.005836202675481934
inventory0,budget2.0,223,1.4718881350000288,1.976395559884108,1.98223176255959,0.005836202675481934
inventory0,budget2.0,225,1.485751270000037,1.976399494764745,1.98223176255959,0.005832267794844967
inventory0,budget2.0,227,1.4994656709999958,1.9764247752321948,1.98223176255959,0.005806987327395046
inventory0,budget2.0,229,1.5132542439999952,1.9764247752321948,1.98223176255959,0.005806987327395046
inventory0,budget2.0,231,1.5272267530000363,1.9764247752321948,1.98223176255959,0.005806987327395046
inventory0,budget2.0,233,1.540880393000009,1.9764321137093461,1.98223176255959,0.005799648850243791
inventory0,budget2.0,235,1.5486119330000179,1.976493366991645,1.98223176255959,0.005738395567945088
inventory0,budget2.0,237,1.5624492790000204,1.976493366991645,1.98223176255959,0.005738395567945088
inventory0,budget2.0,239,1.5765602660000013,1.976493366991645,1.98223176255959,0.005738395567945088
inventory0,budget2.0,241,1.5902587440000389,1.9765013059133916,1.98223176255959,0.005730456646198389
inventory0,budget2.0,243,1.598013659000003,1.9765145880371124,1.98223176255959,0.005717174522477539
inventory0,budget2.0,245,1.6116889109999875,1.9765621671259332,1.98223176255959,0.00566959543365657
inventory0,budget2.0,247,1.625527489000035,1.9765621671259332,1.98223176255959,0.00566959543365657
inventory0,budget2.0,249,1.6395656270000245,1.9765621671259332,1.98223176255959,0.00566959543365657
inventory0,budget2.0,251,1.653329503000009,1.9765707048002294,1.98223176255959,0.005661057759360514
inventory0,budget2.0,253,1.6671156820000306,1.9765707048002294,1.98223176255959,0.005661057759360514
inventory0,budget2.0,255,1.6748535510000124,1.9765846094610504,1.98223176255959,0.005647153098539534
inventory0,budget2.0,257,1.6824206439999898,1.9766238952610238,1.98223176255959,0.0056078672985661535
inventory0,budget2.0,259,1.696108465000009,1.9766238952610238,1.98223176255959,0.0056078672985661535
inventory0,budget2.0,261,1.7098597220000329,1.9766238952610238,1.98223176255959,0.0056078672985661535
inventory0,budget2.0,263,1.723822014999996,1.9766542575919654,1.98223176255959,0.005577504967624566
inventory0,budget2.0,265,1.7314212560000328,1.9767241144534085,1.98223176255959,0.005507648106181402
inventory0,budget2.0,267,1.7392692110000212,1.976738895341262,1.98223176255959,0.005492867218327963
inventory0,budget2.0,269,1.753535731999989,1.976738895341262,1.98223176255959,0.005492867218327963
inventory0,budget2.0,271,1.7612732709999932,1.976738895341262,1.98223176255959,0.005492867218327963
inventory0,budget2.0,273,1.7752068920000283,1.9767464610595524,1.98223176255959,0.0054853015000375935
inventory0,budget2.0,275,1.7893673830000125,1.9767464610595524,1.98223176255959,0.0054853015000375935
inventory0,budget2.0,277,1.8031120500000384,1.976794180985114,1.98223176255959,0.005437581574475914
inventory0,budget2.0,279,1.8108336850000342,1.9767976590771807,1.98223176255959,0.005434103482409178
inventory0,budget2.0,281,1.8245620170000052,1.9767976590771807,1.98223176255959,0.005434103482409178
inventory0,budget2.0,283,1.8384594940000056,1.9767976590771807,1.98223176255959,0.005434103482409178
inventory0,budget2.0,285,1.8520875450000176,1.9768082195349805,1.98223176255959,0.005423543024609482
inventory0,budget2.0,287,1.8656867130000023,1.9768082195349805,1.98223176255959,0.005423543024609482
inventory0,budget2.0,289,1.8732456640000237,1.9768199796673285,1.98223176255959,0.0054117828922613815
inventory0,budget2.0,291,1.8872958599999947,1.976867387436756,1.98223176255959,0.00536437512283409
inventory0,budget2.0,293,1.9012050540000018,1.976867387436756,1.98223176255959,0.00536437512283409
inventory0,budget2.0,295,1.915182380000033,1.976867387436756,1.98223176255959,0.00536437512283409
inventory0,budget2.0,297,1.9288698110000269,1.9768785389194075,1.98223176255959,0.005353223640182577
inventory0,budget2.0,299,1.942540096000016,1.9768785389194075,1.98223176255959,0.005353223640182577
inventory0,budget2.0,301,1.9508966450000003,1.9769373293758954,1.98223176255959,0.00529443318369454
inventory0,budget2.0,303,1.9713336500000196,1.9769373293758954,1.98223176255959,0.00529443318369454
inventory0,budget2.0,305,1.989970569000036,1.9769373293758954,1.98223176255959,0.00529443318369454
inventory0,budget2.0,307,2.0046081080000135,1.976949070061458,1.98223176255959,0.005282692498131898
inventory0,budget8.0,1,0.06444944599996916,1.9701216170968048,1.98223176255959,0.012110145462785214
inventory0,budget8.0,3,0.07856717499998922,1.9701216170968048,1.98223176255959,0.012110145462785214
inventory0,budget8.0,5,0.09292798899997479,1.9705663629843588,1.98223176255959,0.011665399575231007
inventory0,budget8.0,7,0.10720169199998963,1.9705663629843588,1.98223176255959,0.011665399575231007
inventory0,budget8.0,9,0.11510986799999046,1.9711063602506183,1.98223176255959,0.011125402308971572
inventory0,budget8.0,11,0.12941531899997472,1.9711063602506183,1.98223176255959,0.011125402308971572
inventory0,budget8.0,13,0.1436142700000005,1.9711063602506183,1.98223176255959,0.011125402308971572
inventory0,budget8.0,15,0.15150087299997494,1.971241460838208,1.98223176255959,0.010990301721381915
inventory0,budget8.0,17,0.16565200200000163,1.971241460838208,1.98223176255959,0.010990301721381915
inventory0,budget8.0,19,0.17358480499996176,1.9713093166282922,1.98223176255959,0.010922445931297676
inventory0,budget8.0,21,0.18146403800000144,1.971377377312519,1.98223176255959,0.010854385247070917
inventory0,budget8.0,23,0.19554253699999435,1.971377377312519,1.98223176255959,0.010854385247070917
inventory0,budget8.0,25,0.20965812299999698,1.971377377312519,1.98223176255959,0.010854385247070917
inventory0,budget8.0,27,0.21758582799998294,1.9714456438203245,1.98223176255959,0.01078611873926537
inventory0,budget8.0,29,0.23170019200000525,1.9714456438203245,1.98223176255959,0.01078611873926537
inventory0,budget8.0,31,0.24575177099995926,1.9714456438203245,1.98223176255959,0.01078611873926537
inventory0,budget8.0,33,0.25980193799995277,1.9715141170867752,1.98223176255959,0.0107176454728148
inventory0,budget8.0,35,0.27394812,1.9715141170867752,1.98223176255959,0.0107176454728148
inventory0,budget8.0,37,0.2881209009999566,1.9715141170867752,1.98223176255959,0.0107176454728148
inventory0,budget8.0,39,0.3023011340000039,1.9715141170867752,1.98223176255959,0.0107176454728148
inventory0,budget8.0,41,0.3164365589999534,1.97154156449631,1.98223176255959,0.010690198063280037
inventory0,budget8.0,43,0.33046506399995224,1.97154156449631,1.98223176255959,0.010690198063280037
inventory0,budget8.0,45,0.3382244959999525,1.9715827980526097,1.98223176255959,0.010648964506980314
inventory0,budget8.0,47,0.35236648099999,1.9715827980526097,1.98223176255959,0.010648964506980314
inventory0,budget8.0,49,0.3665014559999804,1.9715827980526097,1.98223176255959,0.010648964506980314
inventory0,budget8.0,51,0.3808074579999925,1.9716516876642827,1.98223176255959,0.010580074895307283
inventory0,budget8.0,53,0.3948744099999999,1.9716516876642827,1.98223176255959,0.010580074895307283
inventory0,budget8.0,55,0.40903471299998273,1.9716516876642827,1.98223176255959,0.010580074895307283
inventory0,budget8.0,57,0.4231970589999605,1.9716516876642827,1.98223176255959,0.010580074895307283
inventory0,budget8.0,59,0.4372475859999554,1.971679302142888,1.98223176255959,0.010552460416701884
inventory0,budget8.0,61,0.4514190759999792,1.971679302142888,1.98223176255959,0.010552460416701884
inventory0,budget8.0,63,0.45938611999997647,1.9717484854597527,1.98223176255959,0.010483277099837218
inventory0,budget8.0,65,0.4672570099999689,1.9718178797175283,1.98223176255959,0.010413882842061682
inventory0,budget8.0,67,0.48143000199996777,1.9718178797175283,1.98223176255959,0.010413882842061682
inventory0,budget8.0,69,0.49564377499996226,1.9718178797175283,1.98223176255959,0.010413882842061682
inventory0,budget8.0,71,0.5035571689999756,1.9718874858824305,1.98223176255959,0.010344276677159545
inventory0,budget8.0,73,0.5177666149999709,1.9718874858824305,1.98223176255959,0.010344276677159545
inventory0,budget8.0,75,0.5318729969999936,1.9718874858824305,1.98223176255959,0.010344276677159545
inventory0,budget8.0,77,0.5459604600000034,1.9719573049265848,1.98223176255959,0.010274457633005048
inventory0,budget8.0,79,0.5602007729999627,1.9719573049265848,1.98223176255959,0.010274457633005048
inventory0,budget8.0,81,0.5745834800000011,1.9719573049265848,1.98223176255959,0.010274457633005048
inventory0,budget8.0,83,0.5890251159999593,1.9719573049265848,1.98223176255959,0.010274457633005048
inventory0,budget8.0,85,0.6032368559999668,1.9720273378280728,1.98223176255959,0.010204424731517142
inventory0,budget8.0,87,0.6176404039999852,1.9720273378280728,1.98223176255959,0.010204424731517142
inventory0,budget8.0,89,0.6321053549999647,1.9720273378280728,1.98223176255959,0.010204424731517142
inventory0,budget8.0,91,0.6463048159999971,1.9720975855709761,1.98223176255959,0.010134176988613821
inventory0,budget8.0,93,0.660756436999975,1.9720975855709761,1.98223176255959,0.010134176988613821
inventory0,budget8.0,95,0.6751096389999702,1.9720975855709761,1.98223176255959,0.010134176988613821
inventory0,budget8.0,97,0.6892976139999973,1.9722892414239075,1.98223176255959,0.009942521135682352
inventory0,budget8.0,99,0.703391976999967,1.9723575034092649,1.98223176255959,0.009874259150325047
inventory0,budget8.0,101,0.7177594309999904,1.972425972453129,1.98223176255959,0.009805790106460993
inventory0,budget8.0,103,0.7322195349999561,1.972494649499034,1.98223176255959,0.009737113060555937
inventory0,budget8.0,105,0.7464738189999593,1.9727297201382608,1.98223176255959,0.009502042421329182
inventory0,budget8.0,107,0.7606113869999831,1.9727993237487906,1.98223176255959,0.009432438810799287
inventory0,budget8.0,109,0.7750318610000022,1.9728691405567758,1.98223176255959,0.009362622002814115
inventory0,budget8.0,111,0.789302819999989,1.9729391715432618,1.98223176255959,0.009292591016328141
inventory0,budget8.0,113,0.8036321669999893,1.975504252197043,1.98223176255959,0.006727510362546882
inventory0,budget8.0,115,0.817504165999992,1.975504252197043,1.98223176255959,0.006727510362546882
inventory0,budget8.0,117,0.8314968169999588,1.975504252197043,1.98223176255959,0.006727510362546882
inventory0,budget8.0,119,0.8452254409999682,1.9755122718299847,1.98223176255959,0.006719490729605234
inventory0,budget8.0,121,0.8528665349999756,1.975572849947113,1.98223176255959,0.006658912612476968
inventory0,budget8.0,123,0.8667396059999533,1.975572849947113,1.98223176255959,0.006658912612476968
inventory0,budget8.0,125,0.880956934999972,1.975572849947113,1.98223176255959,0.006658912612476968
inventory0,budget8.0,127,0.8947009019999541,1.975581470044926,1.98223176255959,0.006650292514664011
inventory0,budget8.0,129,0.9024197429999958,1.9756416557741618,1.98223176255959,0.006590106785428021
inventory0,budget8.0,131,0.9163040109999656,1.9756416557741618,1.98223176255959,0.006590106785428021
inventory0,budget8.0,133,0.9303864069999577,1.9756416557741618,1.98223176255959,0.006590106785428021
inventory0,budget8.0,135,0.9441809089999538,1.975650874652359,1.98223176255959,0.006580887907230933
inventory0,budget8.0,137,0.9519272419999538,1.9757106706263652,1.98223176255959,0.006521091933224768
inventory0,budget8.0,139,0.9657688959999859,1.9757106706263652,1.98223176255959,0.006521091933224768
inventory0,budget8.0,141,0.979736197999955,1.9757106706263652,1.98223176255959,0.006521091933224768
inventory0,budget8.0,143,0.9934560789999978,1.9757204865770508,1.98223176255959,0.00651127598253903
inventory0,budget8.0,145,1.0071873569999639,1.9757204865770508,1.98223176255959,0.00651127598253903
inventory0,budget8.0,147,1.0149422329999993,1.9757344339218288,1.98223176255959,0.006497328637761041
inventory0,budget8.0,149,1.0225521399999593,1.9758042958557172,1.98223176255959,0.006427466703872807
inventory0,budget8.0,151,1.0302383419999614,1.975874367160886,1.98223176255959,0.006357395398703971
inventory0,budget8.0,153,1.0378963019999787,1.9759446487799543,1.98223176255959,0.006287113779635646
inventory0,budget8.0,155,1.0518818819999751,1.9759468975229906,1.98223176255959,0.0062848650365992615
inventory0,budget8.0,157,1.0656954539999788,1.9759468975229906,1.98223176255959,0.0062848650365992615
inventory0,budget8.0,159,1.0797287359999928,1.9759468975229906,1.98223176255959,0.0062848650365992615
inventory0,budget8.0,161,1.0935263529999588,1.9759587304247848,1.98223176255959,0.006273032134805109
inventory0,budget8.0,163,1.10718228799999,1.9759587304247848,1.98223176255959,0.006273032134805109
inventory0,budget8.0,165,1.1147774629999958,1.976016843497373,1.98223176255959,0.006214919062216867
inventory0,budget8.0,167,1.128693448999968,1.976016843497373,1.98223176255959,0.006214919062216867
inventory0,budget8.0,169,1.1428048579999768,1.976016843497373,1.98223176255959,0.006214919062216867
inventory0,budget8.0,171,1.1566219349999756,1.9760292656727714,1.98223176255959,0.0062024968868184625
inventory0,budget8.0,173,1.1703193820000024,1.9760292656727714,1.98223176255959,0.0062024968868184625
inventory0,budget8.0,175,1.1779870769999548,1.976087003717879,1.98223176255959,0.006144758841710864
inventory0,budget8.0,177,1.1918411789999936,1.976087003717879,1.98223176255959,0.006144758841710864
inventory0,budget8.0,179,1.2058586869999885,1.976087003717879,1.98223176255959,0.006144758841710864
inventory0,budget8.0,181,1.219641251999974,1.9761000133284268,1.98223176255959,0.006131749231163181
inventory0,budget8.0,183,1.2334222449999857,1.9761000133284268,1.98223176255959,0.006131749231163181
inventory0,budget8.0,185,1.2411301399999957,1.9761573791703797,1.98223176255959,0.006074383389210196
inventory0,budget8.0,187,1.2550165509999829,1.9761573791703797,1.98223176255959,0.006074383389210196
inventory0,budget8.0,189,1.2691054359999612,1.9761573791703797,1.98223176255959,0.006074383389210196
inventory0,budget8.0,191,1.2829076209999926,1.9761694175694002,1.98223176255959,0.006062344990189681
inventory0,budget8.0,193,1.2968355439999755,1.9761694175694002,1.98223176255959,0.006062344990189681
inventory0,budget8.0,195,1.3046401039999864,1.9761694175694002,1.98223176255959,0.006062344990189681
inventory0,budget8.0,197,1.318662589999974,1.9761709743526543,1.98223176255959,0.0060607882069356024
inventory0,budget8.0,199,1.3325135779999755,1.9761709743526543,1.98223176255959,0.0060607882069356024
inventory0,budget8.0,201,1.3463325269999586,1.9761709743526543,1.98223176255959,0.0060607882069356024
inventory0,budget8.0,203,1.360138777999964,1.9761851922466962,1.98223176255959,0.006046570312893728
inventory0,budget8.0,205,1.3677994819999526,1.9762564105897795,1.98223176255959,0.005975351969810379
inventory0,budget8.0,207,1.375668227999995,1.9762849582131414,1.98223176255959,0.005946804346448483
inventory0,budget8.0,209,1.3836159739999516,1.9763278444359178,1.98223176255959,0.005903918123672111
inventory0,budget8.0,211,1.3913839789999543,1.9763563909023583,1.98223176255959,0.005875371657231774
inventory0,budget8.0,213,1.4054851529999723,1.9763563909023583,1.98223176255959,0.005875371657231774
inventory0,budget8.0,215,1.4194643229999997,1.9763563909023583,1.98223176255959,0.005875371657231774
inventory0,budget8.0,217,1.4331113339999888,1.9763631272661564,1.98223176255959,0.005868635293433565
inventory0,budget8.0,219,1.4407530199999883,1.976395559884108,1.98223176255959,0.005836202675481934
inventory0,budget8.0,221,1.4545689049999737,1.976395559884108,1.98223176255959,0.005836202675481934
inventory0,budget8.0,223,1.468323937999969,1.976395559884108,1.98223176255959,0.005836202675481934
inventory0,budget8.0,225,1.4822788319999631,1.976399494764745,1.98223176255959,0.005832267794844967
inventory0,budget8.0,227,1.4960364499999628,1.9764247752321948,1.98223176255959,0.005806987327395046
inventory0,budget8.0,229,1.5099519449999548,1.9764247752321948,1.98223176255959,0.005806987327395046
inventory0,budget8.0,231,1.5241100839999717,1.9764247752321948,1.98223176255959,0.005806987327395046
inventory0,budget8.0,233,1.537951527999951,1.9764321137093461,1.98223176255959,0.005799648850243791
inventory0,budget8.0,235,1.5457388519999995,1.976493366991645,1.98223176255959,0.005738395567945088
inventory0,budget8.0,237,1.5597624589999555,1.976493366991645,1.98223176255959,0.005738395567945088
inventory0,budget8.0,239,1.573898905999954,1.976493366991645,1.98223176255959,0.005738395567945088
inventory0,budget8.0,241,1.5877247259999763,1.9765013059133916,1.98223176255959,0.005730456646198389
inventory0,budget8.0,243,1.5956303079999543,1.9765145880371124,1.98223176255959,0.005717174522477539
inventory0,budget8.0,245,1.609415877999993,1.9765621671259332,1.98223176255959,0.00566959543365657
inventory0,budget8.0,247,1.6233098899999732,1.9765621671259332,1.98223176255959,0.00566959543365657
inventory0,budget8.0,249,1.6376420809999672,1.9765621671259332,1.98223176255959,0.00566959543365657
inventory0,budget8.0,251,1.6514453069999604,1.9765707048002294,1.98223176255959,0.005661057759360514
inventory0,budget8.0,253,1.6654438969999887,1.9765707048002294,1.98223176255959,0.005661057759360514
inventory0,budget8.0,255,1.673212762999981,1.9765846094610504,1.98223176255959,0.005647153098539534
inventory0,budget8.0,257,1.6808489699999996,1.9766238952610238,1.98223176255959,0.0056078672985661535
inventory0,budget8.0,259,1.6946704039999645,1.9766238952610238,1.98223176255959,0.0056078672985661535
inventory0,budget8.0,261,1.708423874999994,1.9766238952610238,1.98223176255959,0.0056078672985661535
inventory0,budget8.0,263,1.7226408829999968,1.9766542575919654,1.98223176255959,0.005577504967624566
inventory0,budget8.0,265,1.730403219999971,1.9767241144534085,1.98223176255959,0.005507648106181402
inventory0,budget8.0,267,1.7380244839999932,1.976738895341262,1.98223176255959,0.005492867218327963
inventory0,budget8.0,269,1.751853328999971,1.976738895341262,1.98223176255959,0.005492867218327963
inventory0,budget8.0,271,1.7596288649999678,1.976738895341262,1.98223176255959,0.005492867218327963
inventory0,budget8.0,273,1.773599512999965,1.9767464610595524,1.98223176255959,0.0054853015000375935
inventory0,budget8.0,275,1.7873338559999752,1.9767464610595524,1.98223176255959,0.0054853015000375935
inventory0,budget8.0,277,1.8010316329999796,1.976794180985114,1.98223176255959,0.005437581574475914
inventory0,budget8.0,279,1.8087696229999892,1.9767976590771807,1.98223176255959,0.005434103482409178
inventory0,budget8.0,281,1.822450865999997,1.9767976590771807,1.98223176255959,0.005434103482409178
inventory0,budget8.0,283,1.8363776979999784,1.9767976590771807,1.98223176255959,0.005434103482409178
inventory0,budget8.0,285,1.8500122199999964,1.9768082195349805,1.98223176255959,0.005423543024609482
inventory0,budget8.0,287,1.863648745999967,1.9768082195349805,1.98223176255959,0.005423543024609482
inventory0,budget8.0,289,1.871218502999966,1.9768199796673285,1.98223176255959,0.0054117828922613815
inventory0,budget8.0,291,1.8854991259999565,1.976867387436756,1.98223176255959,0.00536437512283409
inventory0,budget8.0,293,1.8994215820000022,1.976867387436756,1.98223176255959,0.00536437512283409
inventory0,budget8.0,295,1.9134089749999816,1.976867387436756,1.98223176255959,0.00536437512283409
inventory0,budget8.0,297,1.9270983789999718,1.9768785389194075,1.98223176255959,0.005353223640182577
inventory0,budget8.0,299,1.9407383500000037,1.9768785389194075,1.98223176255959,0.005353223640182577
inventory0,budget8.0,301,1.948395077999976,1.9769373293758954,1.98223176255959,0.00529443318369454
inventory0,budget8.0,303,1.9621990249999612,1.9769373293758954,1.98223176255959,0.00529443318369454
inventory0,budget8.0,305,1.9761444449999885,1.9769373293758954,1.98223176255959,0.00529443318369454
inventory0,budget8.0,307,1.9897720969999568,1.976949070061458,1.98223176255959,0.005282692498131898
inventory0,budget8.0,309,2.0033813919999943,1.976949070061458,1.98223176255959,0.005282692498131898
inventory0,budget8.0,311,2.010991398999977,1.9769705806138862,1.98223176255959,0.005261181945703707
inventory0,budget8.0,313,2.0248522519999597,1.9769705806138862,1.98223176255959,0.005261181945703707
inventory0,budget8.0,315,2.0385382619999746,1.9769705806138862,1.98223176255959,0.005261181945703707
inventory0,budget8.0,317,2.052642109999965,1.9769806103116971,1.98223176255959,0.005251152247892832
inventory0,budget8.0,319,2.066375870999991,1.9770074858774032,1.98223176255959,0.005224276682186697
inventory0,budget8.0,321,2.0802719569999795,1.9770074858774032,1.98223176255959,0.005224276682186697
inventory0,budget8.0,323,2.0944207119999874,1.9770074858774032,1.98223176255959,0.005224276682186697
inventory0,budget8.0,325,2.1081917599999542,1.9770198139190955,1.98223176255959,0.005211948640494498
inventory0,budget8.0,327,2.121977178999998,1.9770198139190955,1.98223176255959,0.005211948640494498
inventory0,budget8.0,329,2.1358045719999836,1.9770198139190955,1.98223176255959,0.005211948640494498
inventory0,budget8.0,331,2.1495524349999755,1.977033988301201,1.98223176255959,0.005197774258388959
inventory0,budget8.0,333,2.1571261880000066,1.9770479653663808,1.98223176255959,0.005183797193209048
inventory0,budget8.0,335,2.171190706999994,1.9771049886902046,1.98223176255959,0.005126773869385247
inventory0,budget8.0,337,2.178810508999959,1.9771334489474373,1.98223176255959,0.005098313612152725
inventory0,budget8.0,339,2.186593666999954,1.9771762039227454,1.98223176255959,0.005055558636844486
inventory0,budget8.0,341,2.1942482619999737,1.9772045402731302,1.98223176255959,0.005027222286459712
inventory0,budget8.0,343,2.208175022999967,1.9772045402731302,1.98223176255959,0.005027222286459712
inventory0,budget8.0,345,2.221919571000001,1.9772045402731302,1.98223176255959,0.005027222286459712
inventory0,budget8.0,347,2.2359481159999746,1.977244399450549,1.98223176255959,0.004987363109040829
inventory0,budget8.0,349,2.2497403250000048,1.977244399450549,1.98223176255959,0.004987363109040829
inventory0,budget8.0,351,2.263370081000005,1.977244399450549,1.98223176255959,0.004987363109040829
inventory0,budget8.0,353,2.2773587059999727,1.977247634975459,1.98223176255959,0.004984127584130757
inventory0,budget8.0,355,2.290993437999987,1.9773623760204766,1.98223176255959,0.004869386539113266
inventory0,budget8.0,357,2.2987013729999717,1.9773941197976004,1.98223176255959,0.004837642761989648
inventory0,budget8.0,359,2.312649847999978,1.9774720354717379,1.98223176255959,0.004759727087851943
inventory0,budget8.0,361,2.326382106999972,1.9774720354717379,1.98223176255959,0.004759727087851943
inventory0,budget8.0,363,2.3400651119999907,1.9774720354717379,1.98223176255959,0.004759727087851943
inventory0,budget8.0,365,2.353992464999976,1.9775935394269804,1.98223176255959,0.004638223132609475
inventory0,budget8.0,367,2.367542609999987,1.9775935394269804,1.98223176255959,0.004638223132609475
inventory0,budget8.0,369,2.381311534999952,1.97762772116583,1.98223176255959,0.0046040413937598725
inventory0,budget8.0,371,2.3952085919999604,1.9776688192337697,1.98223176255959,0.004562943325820276
inventory0,budget8.0,373,2.4090536009999823,1.9778176589813143,1.98223176255959,0.004414103578275588
inventory0,budget8.0,375,2.4226880829999686,1.9778176589813143,1.98223176255959,0.004414103578275588
inventory0,budget8.0,377,2.4362471819999882,1.9778176589813143,1.98223176255959,0.004414103578275588
inventory0,budget8.0,379,2.4501239789999545,1.9778269720970967,1.98223176255959,0.004404790462493153
inventory0,budget8.0,381,2.463769868999975,1.9778961055770952,1.98223176255959,0.004335656982494838
inventory0,budget8.0,383,2.477681227000005,1.97805090205853,1.98223176255959,0.004180860501060033
inventory0,budget8.0,385,2.491353285999992,1.97805090205853,1.98223176255959,0.004180860501060033
inventory0,budget8.0,387,2.505545285999972,1.97805090205853,1.98223176255959,0.004180860501060033
inventory0,budget8.0,389,2.5195051079999757,1.9781994819166433,1.98223176255959,0.004032280642946525
inventory0,budget8.0,391,2.533187451999993,1.9781994819166433,1.98223176255959,0.004032280642946525
inventory0,budget8.0,393,2.546988394999971,1.9781994819166433,1.98223176255959,0.004032280642946525
inventory0,budget8.0,395,2.5606552360000023,1.978205209675102,1.98223176255959,0.00402655288448789
inventory0,budget8.0,397,2.568200555999965,1.9782411981650283,1.98223176255959,0.003990564394561529
inventory0,budget8.0,399,2.5821288799999706,1.9784258262322891,1.98223176255959,0.0038059363273007583
inventory0,budget8.0,401,2.595912537000004,1.9784258262322891,1.98223176255959,0.0038059363273007583
inventory0,budget8.0,403,2.6097365439999862,1.9784258262322891,1.98223176255959,0.0038059363273007583
inventory0,budget8.0,405,2.6233151629999725,1.978432469771549,1.98223176255959,0.0037992927880408944
inventory0,budget8.0,407,2.6308329919999665,1.9784740829512297,1.98223176255959,0.003757679608360193
inventory0,budget8.0,409,2.6450297589999536,1.9784896250309898,1.98223176255959,0.003742137528600168
inventory0,budget8.0,411,2.6527277489999506,1.9786043472634693,1.98223176255959,0.0036274152961206204
inventory0,budget8.0,413,2.6664652169999954,1.9786543655690891,1.98223176255959,0.0035773969905007795
inventory0,budget8.0,415,2.680112618999999,1.9786543655690891,1.98223176255959,0.0035773969905007795
inventory0,budget8.0,417,2.6939544729999625,1.9786543655690891,1.98223176255959,0.0035773969905007795
inventory0,budget8.0,419,2.7075500769999508,1.978661915226279,1.98223176255959,0.003569847333310898
inventory0,budget8.0,421,2.7152146859999675,1.9787164893038616,1.98223176255959,0.003515273255728303
inventory0,budget8.0,423,2.722973287000002,1.9787196217506198,1.98223176255959,0.0035121408089701087
inventory0,budget8.0,425,2.7367735389999552,1.9787196217506198,1.98223176255959,0.0035121408089701087
inventory0,budget8.0,427,2.750391116000003,1.9787626887394538,1.98223176255959,0.003469073820136123
inventory0,budget8.0,429,2.764710057000002,1.9787675645948222,1.98223176255959,0.00346419796476781
inventory0,budget8.0,431,2.7789345559999674,1.9787675645948222,1.98223176255959,0.00346419796476781
inventory0,budget8.0,433,2.793208679999964,1.9787694683728008,1.98223176255959,0.0034622941867890524
inventory0,budget8.0,435,2.8068476789999863,1.9787694683728008,1.98223176255959,0.0034622941867890524
inventory0,budget8.0,437,2.82058925299998,1.9787694683728008,1.98223176255959,0.0034622941867890524
inventory0,budget8.0,439,2.834122793000006,1.9787699421270166,1.98223176255959,0.003461820432573359
inventory0,budget8.0,441,2.8483309879999865,1.9787711162288373,1.98223176255959,0.0034606463307527507
inventory0,budget8.0,443,2.8626506800000016,1.978771699666331,1.98223176255959,0.003460062893259015
inventory0,budget8.0,445,2.8769445140000016,1.978771699666331,1.98223176255959,0.003460062893259015
inventory0,budget8.0,447,2.88484619999997,1.9787774673373544,1.98223176255959,0.003454295222235523
inventory0,budget8.0,449,2.898376905999953,1.9787774673373544,1.98223176255959,0.003454295222235523
inventory0,budget8.0,451,2.90600952799997,1.9788062702259408,1.98223176255959,0.003425492333649221
inventory0,budget8.0,453,2.9202884889999723,1.978806579077169,1.98223176255959,0.0034251834824210784
inventory0,budget8.0,455,2.928277125999955,1.9788307636485076,1.98223176255959,0.0034009989110822337
inventory0,budget8.0,457,2.9429519319999713,1.9788317175034582,1.98223176255959,0.00340004505613169
inventory0,budget8.0,459,2.9505673580000007,1.9788354524897624,1.98223176255959,0.0033963100698275197
inventory0,budget8.0,461,2.9641139979999593,1.9788362440072298,1.98223176255959,0.003395518552360158
inventory0,budget8.0,463,2.9784591889999774,1.9788362440072298,1.98223176255959,0.003395518552360158
inventory0,budget8.0,465,2.9928356570000005,1.9788389162030842,1.98223176255959,0.0033928463565058133
inventory0,budget8.0,467,3.0071677369999747,1.978840235795052,1.98223176255959,0.0033915267645379457
inventory0,budget8.0,469,3.021436823999977,1.9788408915238982,1.98223176255959,0.0033908710356916455
inventory0,budget8.0,471,3.035726350999994,1.9788408915238982,1.98223176255959,0.0033908710356916455
inventory0,budget8.0,473,3.050372923999987,1.9788412183788417,1.98223176255959,0.003390544180748094
inventory0,budget8.0,475,3.064766717999987,1.9788412183788417,1.98223176255959,0.003390544180748094
inventory0,budget8.0,477,3.072743235999951,1.9788502460155097,1.98223176255959,0.003381516544080206
inventory0,budget8.0,479,3.0862069819999647,1.9788502460155097,1.98223176255959,0.003381516544080206
inventory0,budget8.0,481,3.1000301279999576,1.9788502460155097,1.98223176255959,0.003381516544080206
inventory0,budget8.0,483,3.1135230379999825,1.9788565807277438,1.98223176255959,0.0033751818318461836
inventory0,budget8.0,485,3.1210111219999703,1.9788759085048349,1.98223176255959,0.003355854054755034
inventory0,budget8.0,487,3.129042002999995,1.978893577713555,1.98223176255959,0.0033381848460349913
inventory0,budget8.0,489,3.1424809609999897,1.9788990450486112,1.98223176255959,0.003332717510978574
inventory0,budget8.0,491,3.156838319999963,1.9789051282647345,1.98223176255959,0.0033266342948553014
inventory0,budget8.0,493,3.171092453999961,1.9789051282647345,1.98223176255959,0.0033266342948553014
inventory0,budget8.0,495,3.185417794999978,1.9789080942992758,1.98223176255959,0.0033236682603139923
inventory0,budget8.0,497,3.199840951999988,1.9789095589685828,1.98223176255959,0.00332220359100712
inventory0,budget8.0,499,3.2142260629999555,1.9789102867823178,1.98223176255959,0.0033214757772719776
inventory0,budget8.0,501,3.228546946999984,1.9789102867823178,1.98223176255959,0.0033214757772719776
inventory0,budget8.0,503,3.2429771249999817,1.9789106495670876,1.98223176255959,0.003321112992502231
inventory0,budget8.0,505,3.2573392009999793,1.9789106495670876,1.98223176255959,0.003321112992502231
inventory0,budget8.0,507,3.265373987999965,1.978945441677869,1.98223176255959,0.00328632088172105
inventory0,budget8.0,509,3.2734065399999963,1.9789475017316884,1.98223176255959,0.0032842608279015652
inventory0,budget8.0,511,3.2810435089999714,1.9789518435168894,1.98223176255959,0.003279919042700641
inventory0,price2.0,1,0.09540271100001974,1.9812193586176259,1.98223176255959,0.0010124039419641445
inventory0,price2.0,3,0.13808185300001696,1.9812193586201028,1.98223176255959,0.0010124039394871754
inventory0,price2.0,5,0.17777293500000724,1.9812193586201028,1.98223176255959,0.0010124039394871754
inventory0,price2.0,7,0.25254872500005376,1.9812193586300253,1.98223176255959,0.0010124039295645747
inventory0,price2.0,9,0.32730006799999956,1.9813402057456113,1.98223176255959,0.0008915568139786356
inventory0,price8.0,1,0.09634892999997646,1.9812193586176259,1.98223176255959,0.0010124039419641445
inventory0,price8.0,3,0.13876405999997132,1.9812193586201028,1.98223176255959,0.0010124039394871754
inventory0,price8.0,5,0.17842707299996619,1.9812193586201028,1.98223176255959,0.0010124039394871754
inventory0,price8.0,7,0.2532210869999858,1.9812193586300253,1.98223176255959,0.0010124039295645747
inventory0,price8.0,9,0.3278877099999704,1.9813402057456113,1.98223176255959,0.0008915568139786356
inventory1,budget2.0,1,0.24200383800001646,4.960238020689621,5.044753918594139,0.08451589790451712
inventory1,budget2.0,3,0.306922840000027,4.960238020689621,5.044753918594139,0.08451589790451712
inventory1,budget2.0,5,0.37218302500002665,4.960238020689621,5.044753918594139,0.08451589790451712
inventory1,budget2.0,7,0.43790711700000884,4.960238020689621,5.044753918594139,0.08451589790451712
inventory1,budget2.0,9,0.5036362670000472,4.960238020689621,5.044753918594139,0.08451589790451712
inventory1,budget2.0,11,0.5696247770000014,4.960283195736707,5.044753918594139,0.08447072285743112
inventory1,budget2.0,13,0.6349593840000125,4.9630993215512405,5.044753918594139,0.08165459704289849
inventory1,budget2.0,15,0.700567110999998,4.9630993215512405,5.044753918594139,0.08165459704289849
inventory1,budget2.0,17,0.7662456749999933,4.9630993215512405,5.044753918594139,0.08165459704289849
inventory1,budget2.0,19,0.8317560060000346,4.9630993215512405,5.044753918594139,0.08165459704289849
inventory1,budget2.0,21,0.8974562530000298,4.963144496598326,5.044753918594139,0.08160942199581248
inventory1,budget2.0,23,0.9631008560000396,4.963144496598326,5.044753918594139,0.08160942199581248
inventory1,budget2.0,25,1.0286380670000312,4.963144496598326,5.044753918594139,0.08160942199581248
inventory1,budget2.0,27,1.094181137000021,4.963144496598326,5.044753918594139,0.08160942199581248
inventory1,budget2.0,29,1.1595034560000386,4.966074595445269,5.044753918594139,0.0786793231488694
inventory1,budget2.0,31,1.225178915000015,4.966074595445269,5.044753918594139,0.0786793231488694
inventory1,budget2.0,33,1.2905246090000446,4.966074595445269,5.044753918594139,0.0786793231488694
inventory1,budget2.0,35,1.3558042829999977,4.966074595445269,5.044753918594139,0.0786793231488694
inventory1,budget2.0,37,1.4213111390000108,4.966119770492355,5.044753918594139,0.07863414810178339
inventory1,budget2.0,39,1.4871970739999938,4.966119770492355,5.044753918594139,0.07863414810178339
inventory1,budget2.0,41,1.5531452440000066,4.966119770492355,5.044753918594139,0.07863414810178339
inventory1,budget2.0,43,1.6190016850000006,4.966119770492355,5.044753918594139,0.07863414810178339
inventory1,budget2.0,45,1.6845171530000016,4.966137438770388,5.044753918594139,0.07861647982375095
inventory1,budget2.0,47,1.7500506190000351,4.966137438770388,5.044753918594139,0.07861647982375095
inventory1,budget2.0,49,1.8157909600000153,4.966137438770388,5.044753918594139,0.07861647982375095
inventory1,budget2.0,51,1.8814269060000015,4.966160026293931,5.044753918594139,0.07859389230020794
inventory1,budget2.0,53,1.9472087010000223,4.966182613817473,5.044753918594139,0.07857130477666494
inventory1,budget2.0,55,2.01288648000002,4.966182613817473,5.044753918594139,0.07857130477666494
inventory1,budget8.0,1,0.24352009900002258,4.960238020689621,5.044753918594139,0.08451589790451712
inventory1,budget8.0,3,0.3088301259999753,4.960238020689621,5.044753918594139,0.08451589790451712
inventory1,budget8.0,5,0.3743482950000043,4.960238020689621,5.044753918594139,0.08451589790451712
inventory1,budget8.0,7,0.4405059850000157,4.960238020689621,5.044753918594139,0.08451589790451712
inventory1,budget8.0,9,0.506403975000012,4.960238020689621,5.044753918594139,0.08451589790451712
inventory1,budget8.0,11,0.5722016940000003,4.960283195736707,5.044753918594139,0.08447072285743112
inventory1,budget8.0,13,0.6377870840000242,4.9630993215512405,5.044753918594139,0.08165459704289849
inventory1,budget8.0,15,0.70426017799997,4.9630993215512405,5.044753918594139,0.08165459704289849
inventory1,budget8.0,17,0.7701001410000003,4.9630993215512405,5.044753918594139,0.08165459704289849
inventory1,budget8.0,19,0.8357846700000096,4.9630993215512405,5.044753918594139,0.08165459704289849
inventory1,budget8.0,21,0.9013096890000156,4.963144496598326,5.044753918594139,0.08160942199581248
inventory1,budget8.0,23,0.9665798959999847,4.963144496598326,5.044753918594139,0.08160942199581248
inventory1,budget8.0,25,1.0319583849999958,4.963144496598326,5.044753918594139,0.08160942199581248
inventory1,budget8.0,27,1.0973034040000016,4.963144496598326,5.044753918594139,0.08160942199581248
inventory1,budget8.0,29,1.162831438000012,4.966074595445269,5.044753918594139,0.0786793231488694
inventory1,budget8.0,31,1.2284276849999856,4.966074595445269,5.044753918594139,0.0786793231488694
inventory1,budget8.0,33,1.293727256000011,4.966074595445269,5.044753918594139,0.0786793231488694
inventory1,budget8.0,35,1.3589860349999867,4.966074595445269,5.044753918594139,0.0786793231488694
inventory1,budget8.0,37,1.4246663280000007,4.966119770492355,5.044753918594139,0.07863414810178339
inventory1,budget8.0,39,1.490074041000014,4.966119770492355,5.044753918594139,0.07863414810178339
inventory1,budget8.0,41,1.5556900070000097,4.966119770492355,5.044753918594139,0.07863414810178339
inventory1,budget8.0,43,1.6210546759999716,4.966119770492355,5.044753918594139,0.07863414810178339
inventory1,budget8.0,45,1.6867356789999803,4.966137438770388,5.044753918594139,0.07861647982375095
inventory1,budget8.0,47,1.7526193780000199,4.966137438770388,5.044753918594139,0.07861647982375095
inventory1,budget8.0,49,1.818473881999978,4.966137438770388,5.044753918594139,0.07861647982375095
inventory1,budget8.0,51,1.884371170999998,4.966160026293931,5.044753918594139,0.07859389230020794
inventory1,budget8.0,53,1.9501250650000088,4.966182613817473,5.044753918594139,0.07857130477666494
inventory1,budget8.0,55,2.016028131999974,4.966182613817473,5.044753918594139,0.07857130477666494
inventory1,budget8.0,57,2.081874604999996,4.966182613817473,5.044753918594139,0.07857130477666494
inventory1,budget8.0,59,2.147300625000014,4.966205201341016,5.044753918594139,0.07854871725312193
inventory1,budget8.0,61,2.2131655759999944,4.966310317859109,5.044753918594139,0.07844360073502932
inventory1,budget8.0,63,2.278603493999981,4.966310317859109,5.044753918594139,0.07844360073502932
inventory1,budget8.0,65,2.3439788189999717,4.966310317859109,5.044753918594139,0.07844360073502932
inventory1,budget8.0,67,2.4097557370000118,4.966355492906195,5.044753918594139,0.07839842568794331
inventory1,budget8.0,69,2.4755815980000193,4.9691123369403645,5.044753918594139,0.07564158165377405
inventory1,budget8.0,71,2.5414567939999984,4.9691123369403645,5.044753918594139,0.07564158165377405
inventory1,budget8.0,73,2.607039209999982,4.9691123369403645,5.044753918594139,0.07564158165377405
inventory1,budget8.0,75,2.6727603639999984,4.969134924463908,5.044753918594139,0.07561899413023104
inventory1,budget8.0,77,2.7382894389999706,4.969157511987451,5.044753918594139,0.07559640660668804
inventory1,budget8.0,79,2.804093688000023,4.969157511987451,5.044753918594139,0.07559640660668804
inventory1,budget8.0,81,2.8699130250000167,4.969157511987451,5.044753918594139,0.07559640660668804
inventory1,budget8.0,83,2.935790440000005,4.969173098383171,5.044753918594139,0.07558082021096754
inventory1,budget8.0,85,3.0021924629999717,4.969173098383171,5.044753918594139,0.07558082021096754
inventory1,budget8.0,87,3.0679843190000042,4.969173098383171,5.044753918594139,0.07558082021096754
inventory1,budget8.0,89,3.133672467999986,4.969173098383171,5.044753918594139,0.07558082021096754
inventory1,budget8.0,91,3.1996734479999986,4.969180099510994,5.044753918594139,0.07557381908314503
inventory1,budget8.0,93,3.265066004000005,4.969195685906714,5.044753918594139,0.07555823268742455
inventory1,budget8.0,95,3.330571008999982,4.969218273430257,5.044753918594139,0.07553564516388155
inventory1,budget8.0,97,3.396015411999997,4.969218273430257,5.044753918594139,0.07553564516388155
inventory1,budget8.0,99,3.4620294420000164,4.969218273430257,5.044753918594139,0.07553564516388155
inventory1,budget8.0,101,3.5276998549999803,4.969218273430257,5.044753918594139,0.07553564516388155
inventory1,budget8.0,103,3.5931043989999694,4.9692408609538,5.044753918594139,0.07551305764033854
inventory1,budget8.0,105,3.658603143999983,4.971422056723283,5.044753918594139,0.07333186187085536
inventory1,budget8.0,107,3.724034567999979,4.971467231770369,5.044753918594139,0.07328668682376936
inventory1,budget8.0,109,3.789275896999982,4.972146892614757,5.044753918594139,0.07260702597938158
inventory1,budget8.0,111,3.8547709559999817,4.972146892614757,5.044753918594139,0.07260702597938158
inventory1,budget8.0,113,3.920429081000009,4.972146892614757,5.044753918594139,0.07260702597938158
inventory1,budget8.0,115,3.986217221000004,4.972146892614757,5.044753918594139,0.07260702597938158
inventory1,budget8.0,117,4.051979994000021,4.9721694801383,5.044753918594139,0.07258443845583858
inventory1,budget8.0,119,4.117105637999998,4.972192067661843,5.044753918594139,0.07256185093229557
inventory1,budget8.0,121,4.182694459000004,4.972192067661843,5.044753918594139,0.07256185093229557
inventory1,budget8.0,123,4.24805150100002,4.972192067661843,5.044753918594139,0.07256185093229557
inventory1,budget8.0,125,4.3135801509999965,4.972192067661843,5.044753918594139,0.07256185093229557
inventory1,budget8.0,127,4.378980898999998,4.972206075864796,5.044753918594139,0.07254784272934216
inventory1,budget8.0,129,4.444681838000008,4.972206075864796,5.044753918594139,0.07254784272934216
inventory1,budget8.0,131,4.510457158999998,4.972206075864796,5.044753918594139,0.07254784272934216
inventory1,budget8.0,133,4.5759014019999995,4.972214655185386,5.044753918594139,0.07253926340875258
inventory1,budget8.0,135,4.641127057000006,4.972228663388339,5.044753918594139,0.07252525520579917
inventory1,budget8.0,137,4.706902017999994,4.972251250911882,5.044753918594139,0.07250266768225616
inventory1,budget8.0,139,4.772202074000006,4.972251250911882,5.044753918594139,0.07250266768225616
inventory1,budget8.0,141,4.838107940999976,4.972251250911882,5.044753918594139,0.07250266768225616
inventory1,budget8.0,143,4.9035277979999705,4.9722738384354255,5.044753918594139,0.07248008015871316
inventory1,budget8.0,145,4.968648975999997,4.973713027615097,5.044753918594139,0.07104089097904119
inventory1,budget8.0,147,5.033953509000014,4.973758202662183,5.044753918594139,0.07099571593195518
inventory1,budget8.0,149,5.099290941999982,4.974501735212938,5.044753918594139,0.07025218338120107
inventory1,budget8.0,151,5.16472593200001,4.974501735212938,5.044753918594139,0.07025218338120107
inventory1,budget8.0,153,5.202395760000002,4.974501735212938,5.044753918594139,0.07025218338120107
inventory1,budget8.0,155,5.267813122999996,4.974501735212938,5.044753918594139,0.07025218338120107
inventory1,budget8.0,157,5.333906420999995,4.974501735212938,5.044753918594139,0.07025218338120107
inventory1,budget8.0,159,5.3708854309999765,4.974501735212938,5.044753918594139,0.07025218338120107
inventory1,budget8.0,161,5.437037487999987,4.974501735212938,5.044753918594139,0.07025218338120107
inventory1,budget8.0,163,5.4740769289999776,4.974524322736481,5.044753918594139,0.07022959585765806
inventory1,budget8.0,165,5.511843802999977,4.974524322736481,5.044753918594139,0.07022959585765806
inventory1,budget8.0,167,5.577299524000011,4.974524322736481,5.044753918594139,0.07022959585765806
inventory1,budget8.0,169,5.61433101199998,4.974546910260023,5.044753918594139,0.07020700833411506
inventory1,budget8.0,171,5.679838820999976,4.974546910260023,5.044753918594139,0.07020700833411506
inventory1,budget8.0,173,5.717479895999986,4.974546910260023,5.044753918594139,0.07020700833411506
inventory1,budget8.0,175,5.782875305999994,4.974546910260023,5.044753918594139,0.07020700833411506
inventory1,budget8.0,177,5.8485282629999915,4.974546910260023,5.044753918594139,0.07020700833411506
inventory1,budget8.0,179,5.885684348999973,4.974546910260023,5.044753918594139,0.07020700833411506
inventory1,budget8.0,181,5.951219929999979,4.974546910260023,5.044753918594139,0.07020700833411506
inventory1,budget8.0,183,5.988255905000017,4.974569497783566,5.044753918594139,0.07018442081057205
inventory1,budget8.0,185,6.0253456109999775,4.974569497783566,5.044753918594139,0.07018442081057205
inventory1,budget8.0,187,6.090962744000024,4.974569497783566,5.044753918594139,0.07018442081057205
inventory1,budget8.0,189,6.128145189999998,4.97517797141462,5.044753918594139,0.06957594717951861
inventory1,budget8.0,191,6.194078148000017,4.97517797141462,5.044753918594139,0.06957594717951861
inventory1,budget8.0,193,6.259860419000006,4.97517797141462,5.044753918594139,0.06957594717951861
inventory1,budget8.0,195,6.325358112999993,4.9752005589381625,5.044753918594139,0.0695533596559756
inventory1,budget8.0,197,6.391222987999981,4.975223146461706,5.044753918594139,0.0695307721324326
inventory1,budget8.0,199,6.457341084999996,4.975223146461706,5.044753918594139,0.0695307721324326
inventory1,budget8.0,201,6.523341393999999,4.975223146461706,5.044753918594139,0.0695307721324326
inventory1,budget8.0,203,6.588923954999984,4.975245733985249,5.044753918594139,0.06950818460888959
inventory1,budget8.0,205,6.6544667659999845,4.9760215738194615,5.044753918594139,0.0687323447746774
inventory1,budget8.0,207,6.720435497999972,4.9760215738194615,5.044753918594139,0.0687323447746774
inventory1,budget8.0,209,6.75779382799999,4.9760215738194615,5.044753918594139,0.0687323447746774
inventory1,budget8.0,211,6.794972207000001,4.976044161343004,5.044753918594139,0.0687097572511344
inventory1,budget8.0,213,6.860952435999991,4.976044161343004,5.044753918594139,0.0687097572511344
inventory1,budget8.0,215,6.898228022000012,4.976044161343004,5.044753918594139,0.0687097572511344
inventory1,budget8.0,217,6.935190306999971,4.976066748866547,5.044753918594139,0.0686871697275914
inventory1,budget8.0,219,7.000981681999974,4.976066748866547,5.044753918594139,0.0686871697275914
inventory1,budget8.0,221,7.037986761000013,4.976066748866547,5.044753918594139,0.0686871697275914
inventory1,budget8.0,223,7.075057087999994,4.97608933639009,5.044753918594139,0.0686645822040484
inventory1,budget8.0,225,7.140820140000017,4.97608933639009,5.044753918594139,0.0686645822040484
inventory1,budget8.0,227,7.178221464999979,4.97608933639009,5.044753918594139,0.0686645822040484
inventory1,budget8.0,229,7.215245762999984,4.977102879289438,5.044753918594139,0.0676510393047008
inventory1,budget8.0,231,7.280921483999975,4.977148054336523,5.044753918594139,0.06760586425761479
inventory1,budget8.0,233,7.346451265999974,4.977481317503104,5.044753918594139,0.06727260109103433
inventory1,budget8.0,235,7.4127252459999795,4.977481317503104,5.044753918594139,0.06727260109103433
inventory1,budget8.0,237,7.478893206999999,4.977481317503104,5.044753918594139,0.06727260109103433
inventory1,budget8.0,239,7.544590159999984,4.977481317503104,5.044753918594139,0.06727260109103433
inventory1,budget8.0,241,7.610515927999984,4.97752649255019,5.044753918594139,0.06722742604394832
inventory1,budget8.0,243,7.67616469799998,4.9775414124259845,5.044753918594139,0.06721250616815375
inventory1,budget8.0,245,7.741982212999972,4.9775414124259845,5.044753918594139,0.06721250616815375
inventory1,budget8.0,247,7.807758344999968,4.9775414124259845,5.044753918594139,0.06721250616815375
inventory1,budget8.0,249,7.844826188000013,4.977563999949528,5.044753918594139,0.06718991864461074
inventory1,budget8.0,251,7.910725866000007,4.977563999949528,5.044753918594139,0.06718991864461074
inventory1,budget8.0,253,7.976451112000007,4.977563999949528,5.044753918594139,0.06718991864461074
inventory1,budget8.0,255,8.013646386000005,4.977586587473071,5.044753918594139,0.06716733112106775
inventory1,price2.0,1,0.47452300000003333,4.9978932483174106,5.044753918594139,0.046860670276728265
inventory1,price2.0,3,0.9468222579999974,5.012785976796234,5.044753918594139,0.03196794179790395
inventory1,price2.0,5,1.4285644910000315,5.01687786591875,5.044753918594139,0.027876052675388775
inventory1,price2.0,7,1.9729006129999789,5.019833893379687,5.044753918594139,0.02492002521445145
inventory1,price2.0,9,2.1197476589999837,5.019833893379687,5.044753918594139,0.02492002521445145
inventory1,price8.0,1,0.4786783719999903,4.9978932483174106,5.044753918594139,0.046860670276728265
inventory1,price8.0,3,0.9540417810000008,5.012785976796234,5.044753918594139,0.03196794179790395
inventory1,price8.0,5,1.4447403389999636,5.01687786591875,5.044753918594139,0.027876052675388775
inventory1,price8.0,7,1.9889701440000067,5.019833893379687,5.044753918594139,0.02492002521445145
inventory1,price8.0,9,2.225978515999998,5.019833893406153,5.044753918594139,0.024920025187985896
inventory1,price8.0,11,2.773527720000004,5.019833893411057,5.044753918594139,0.024920025183081472
inventory1,price8.0,13,3.2733713029999763,5.020003270228456,5.044753918594139,0.024750648365682953
inventory1,price8.0,15,3.5220252789999904,5.020003270232295,5.044753918594139,0.024750648361843028
inventory1,price8.0,17,3.7641999459999624,5.020003270240233,5.044753918594139,0.024750648353905988
inventory1,price8.0,19,4.273073761999967,5.020900933851108,5.044753918594139,0.0238529847430309
inventory1,price8.0,21,4.8347345649999625,5.021954509448487,5.044753918594139,0.022799409145651928
inventory1,price8.0,23,5.300744185999974,5.022909713050175,5.044753918594139,0.021844205543963807
inventory1,price8.0,25,5.546821539000007,5.022909713050175,5.044753918594139,0.021844205543963807
inventory1,price8.0,27,5.809714105000012,5.02290971305844,5.044753918594139,0.021844205535698262
inventory1,price8.0,29,6.341971596000008,5.023170627904667,5.044753918594139,0.021583290689471103
inventory1,price8.0,31,6.860020440999961,5.023170627952683,5.044753918594139,0.021583290641454988
inventory1,price8.0,33,7.356303480000008,5.023170627954492,5.044753918594139,0.021583290639646088
inventory1,price8.0,35,7.646075312999983,5.023170627954492,5.044753918594139,0.021583290639646088
inventory1,price8.0,37,8.065105594999977,5.023170627954492,5.044753918594139,0.021583290639646088
inventory2,budget2.0,1,1.0668643610000004,10.196728717068549,10.246151013152604,0.0494222960840545
inventory2,budget2.0,3,1.3783066550000171,10.196728717068549,10.246151013152604,0.0494222960840545
inventory2,budget2.0,5,1.6841576860000487,10.196728717068549,10.246151013152604,0.04942229608405446
inventory2,budget2.0,7,1.9857324400000493,10.196728717068549,10.246151013152604,0.04942229608405446
inventory2,budget2.0,9,2.287976178000008,10.196728717068549,10.246151013152604,0.04942229608405446
inventory2,budget8.0,1,1.5169016870000291,10.196728717068549,10.244316724853135,0.04758800778458623
inventory2,budget8.0,3,1.8266869980000138,10.196728717068549,10.244316724853135,0.04758800778458623
inventory2,budget8.0,5,2.1363945630000103,10.196728717068549,10.244316724853135,0.047588007784586196
inventory2,budget8.0,7,2.4449426940000194,10.196728717068549,10.244316724853135,0.047588007784586196
inventory2,budget8.0,9,2.755146999000033,10.196728717068549,10.244316724853135,0.047588007784586196
inventory2,budget8.0,11,3.0652382510000393,10.196728717068549,10.244316724853135,0.047588007784586196
inventory2,budget8.0,13,3.3728478030000133,10.196728717068549,10.244316724853135,0.047588007784586196
inventory2,budget8.0,15,3.68358619899999,10.196728717068549,10.244316724853135,0.047588007784586196
inventory2,budget8.0,17,3.9882923370000185,10.196728717068549,10.244316724853135,0.04758800778458618
inventory2,budget8.0,19,4.29203938400002,10.196728717068549,10.244316724853135,0.04758800778458618
inventory2,budget8.0,21,4.596899683999993,10.196728717068549,10.244316724853135,0.04758800778458617
inventory2,budget8.0,23,4.899429150000003,10.196728717068549,10.244316724853135,0.047588007784586155
inventory2,budget8.0,25,5.202923818000045,10.196728717068549,10.244316724853135,0.047588007784586155
inventory2,budget8.0,27,5.511417809000022,10.196728717068549,10.244316724853135,0.04758800778458614
inventory2,budget8.0,29,5.821323553000013,10.196728717068549,10.244316724853135,0.04758800778458614
inventory2,budget8.0,31,6.129552706000027,10.196728717068549,10.244316724853135,0.04758800778458614
inventory2,budget8.0,33,6.434580158000017,10.196728717068549,10.244316724853135,0.04758800778458614
inventory2,budget8.0,35,6.740372248000028,10.196728717068549,10.244316724853135,0.047588007784586134
inventory2,budget8.0,37,7.044941359999996,10.196728717068549,10.244316724853135,0.047588007784586134
inventory2,budget8.0,39,7.349015398999995,10.196728717068549,10.244316724853135,0.047588007784586134
inventory2,budget8.0,41,7.65285439400003,10.196728717068549,10.244316724853135,0.047588007784586134
inventory2,budget8.0,43,7.95687745500004,10.196728717068549,10.244316724853135,0.047588007784586134
inventory2,budget8.0,45,8.260510691000036,10.196728717068549,10.244316724853135,0.047588007784586134
inventory2,price2.0,1,2.268504226999994,10.196728717068485,10.248453797402568,0.05172508033408525
inventory2,price8.0,1,3.560636743000032,10.227356369935487,10.244316724853135,0.016960354917647625
inventory2,price8.0,3,5.911406912000018,10.227356370054586,10.244316724853135,0.016960354798548676
inventory2,price8.0,5,9.484187845000008,10.227356370054586,10.244316724853135,0.016960354798548676
queue0,budget2.0,1,0.05973627499997747,0.23054558560261643,0.23054559490265092,9.300034481382153e-09
queue0,budget8.0,1,0.059488693999981024,0.23054558560261643,0.23054559490265092,9.300034481382153e-09
queue0,price2.0,1,0.0856973260000018,0.23054558560261604,0.23054559490265092,9.30003487195057e-09
queue0,price8.0,1,0.08494926200000918,0.23054558560261604,0.23054559490265092,9.30003487195057e-09
queue1,budget2.0,1,0.22307176399999662,7.388772640507153,7.424601996501168,0.035829355994014454
queue1,budget2.0,3,0.28807044899997436,7.388772640507153,7.424601996501168,0.03582935599401443
queue1,budget2.0,5,0.35299588399999493,7.388772640507153,7.424601996501168,0.03582935599401427
queue1,budget2.0,7,0.41827633299999434,7.388772640507153,7.424601996501168,0.035829355994014225
queue1,budget2.0,9,0.4831223989999671,7.388772640507153,7.424601996501168,0.03582935599401405
queue1,budget2.0,11,0.5483038989999613,7.388772640507153,7.424601996501168,0.03582935599401398
queue1,budget2.0,13,0.613230585999986,7.388772640507153,7.424601996501168,0.035829355994013906
queue1,budget2.0,15,0.6779984239999521,7.388772640507153,7.424601996501168,0.035829355994013885
queue1,budget2.0,17,0.7427481450000073,7.388772640507154,7.424601996501168,0.0358293559940138
queue1,budget2.0,19,0.807401451999965,7.388772640507154,7.424601996501168,0.03582935599401357
queue1,budget2.0,21,0.8721601259999829,7.388772640507154,7.424601996501168,0.03582935599401353
queue1,budget2.0,23,0.9370678139999882,7.388772640507154,7.424601996501168,0.03582935599401352
queue1,budget2.0,25,1.0019646469999657,7.388772640507154,7.424601996501168,0.03582935599401348
queue1,budget2.0,27,1.0670791459999691,7.388791921921467,7.424601996501168,0.035810074579701354
queue1,budget2.0,29,1.1315141039999617,7.388791921921467,7.424601996501168,0.03581007457970133
queue1,budget2.0,31,1.1961937699999794,7.388791921921467,7.424601996501168,0.03581007457970132
queue1,budget2.0,33,1.2614313939999988,7.388796742275044,7.424601996501168,0.03580525422612364
queue1,budget2.0,35,1.326355676999981,7.388801562628622,7.424601996501168,0.03580043387254597
queue1,budget2.0,37,1.3909501249999607,7.388801562628622,7.424601996501168,0.035800433872545966
queue1,budget2.0,39,1.4561330469999803,7.3888063829821995,7.424601996501168,0.03579561351896829
queue1,budget2.0,41,1.5214211269999964,7.388811203335777,7.424601996501168,0.03579079316539068
queue1,budget2.0,43,1.5861600119999935,7.388811203335777,7.424601996501168,0.03579079316539068
queue1,budget2.0,45,1.6507280799999648,7.388811203335777,7.424601996501168,0.03579079316539064
queue1,budget2.0,47,1.715481877000002,7.388811203335777,7.424601996501168,0.03579079316539062
queue1,budget2.0,49,1.78038339699998,7.388811203335777,7.424601996501168,0.035790793165390605
queue1,budget2.0,51,1.8455977959999927,7.388816023689355,7.424601996501168,0.03578597281181293
queue1,budget2.0,53,1.911131154999964,7.388820844042932,7.424601996501168,0.035781152458235266
queue1,budget2.0,55,1.9758686170000033,7.388820844042932,7.424601996501168,0.03578115245823525
queue1,budget2.0,57,2.0409567869999705,7.38882566439651,7.424601996501168,0.035776332104657575
queue1,budget8.0,1,0.22199388199999248,7.388772640507153,7.424601996501168,0.035829355994014454
queue1,budget8.0,3,0.28675694499997917,7.388772640507153,7.424601996501168,0.03582935599401443
queue1,budget8.0,5,0.3517007899999953,7.388772640507153,7.424601996501168,0.03582935599401427
queue1,budget8.0,7,0.4168565039999521,7.388772640507153,7.424601996501168,0.035829355994014225
queue1,budget8.0,9,0.481445224999959,7.388772640507153,7.424601996501168,0.03582935599401405
queue1,budget8.0,11,0.5463328049999632,7.388772640507153,7.424601996501168,0.03582935599401398
queue1,budget8.0,13,0.6120253459999958,7.388772640507153,7.424601996501168,0.035829355994013906
queue1,budget8.0,15,0.677014698999983,7.388772640507153,7.424601996501168,0.035829355994013885
queue1,budget8.0,17,0.7418745079999667,7.388772640507154,7.424601996501168,0.0358293559940138
queue1,budget8.0,19,0.806975017999946,7.388772640507154,7.424601996501168,0.03582935599401357
queue1,budget8.0,21,0.8716570599999613,7.388772640507154,7.424601996501168,0.03582935599401353
queue1,budget8.0,23,0.9368447509999669,7.388772640507154,7.424601996501168,0.03582935599401352
queue1,budget8.0,25,1.0021152169999823,7.388772640507154,7.424601996501168,0.03582935599401348
queue1,budget8.0,27,1.0677227399999651,7.388791921921467,7.424601996501168,0.035810074579701354
queue1,budget8.0,29,1.1324537949999467,7.388791921921467,7.424601996501168,0.03581007457970133
queue1,budget8.0,31,1.197542086999988,7.388791921921467,7.424601996501168,0.03581007457970132
queue1,budget8.0,33,1.2628764489999753,7.388796742275044,7.424601996501168,0.03580525422612364
queue1,budget8.0,35,1.3281144559999802,7.388801562628622,7.424601996501168,0.03580043387254597
queue1,budget8.0,37,1.3931046409999794,7.388801562628622,7.424601996501168,0.035800433872545966
queue1,budget8.0,39,1.4583300889999578,7.3888063829821995,7.424601996501168,0.03579561351896829
queue1,budget8.0,41,1.523477770999989,7.388811203335777,7.424601996501168,0.03579079316539068
queue1,budget8.0,43,1.5882036679999487,7.388811203335777,7.424601996501168,0.03579079316539068
queue1,budget8.0,45,1.6529760959999749,7.388811203335777,7.424601996501168,0.03579079316539064
queue1,budget8.0,47,1.7175204899999699,7.388811203335777,7.424601996501168,0.03579079316539062
queue1,budget8.0,49,1.7842366289999632,7.388811203335777,7.424601996501168,0.035790793165390605
queue1,budget8.0,51,1.8509320569999659,7.388816023689355,7.424601996501168,0.03578597281181293
queue1,budget8.0,53,1.9159236439999745,7.388820844042932,7.424601996501168,0.035781152458235266
queue1,budget8.0,55,1.9805162309999673,7.388820844042932,7.424601996501168,0.03578115245823525
queue1,budget8.0,57,2.0452888279999684,7.38882566439651,7.424601996501168,0.035776332104657575
queue1,budget8.0,59,2.109998030999975,7.388830484750088,7.424601996501168,0.035771511751079926
queue1,budget8.0,61,2.1745154349999893,7.388830484750088,7.424601996501168,0.035771511751079905
queue1,budget8.0,63,2.239150775999974,7.388830484750088,7.424601996501168,0.0357715117510799
queue1,budget8.0,65,2.3043238159999646,7.388835305103665,7.424601996501168,0.03576669139750222
queue1,budget8.0,67,2.3694548919999647,7.388840125457243,7.424601996501168,0.03576187104392455
queue1,budget8.0,69,2.4342246959999443,7.388840125457243,7.424601996501168,0.035761871043924545
queue1,budget8.0,71,2.499137613999949,7.3888449458108205,7.424601996501168,0.03575705069034686
queue1,budget8.0,73,2.5636754789999827,7.388849766164398,7.424601996501168,0.035752230336769365
queue1,budget8.0,75,2.628479363999986,7.388849766164398,7.424601996501168,0.03575223033676935
queue1,budget8.0,77,2.6930829669999525,7.388849766164398,7.424601996501168,0.03575223033676927
queue1,budget8.0,79,2.758152761999952,7.388849766164398,7.424601996501168,0.035752230336769227
queue1,budget8.0,81,2.822951848999992,7.388849766164398,7.424601996501168,0.035752230336769206
queue1,budget8.0,83,2.887550474999955,7.388849766164398,7.424601996501168,0.035752230336769206
queue1,budget8.0,85,2.9521585059999893,7.388849766164398,7.424601996501168,0.03575223033676919
queue1,budget8.0,87,3.0165674059999787,7.388849766164398,7.424601996501168,0.03575223033676919
queue1,budget8.0,89,3.0816899899999726,7.388852176341187,7.424601996501168,0.03574982015998035
queue1,budget8.0,91,3.146788527999945,7.388854586517977,7.424601996501168,0.035747409983191515
queue1,budget8.0,93,3.2110448089999863,7.388854586517977,7.424601996501168,0.03574740998319151
queue1,budget8.0,95,3.276317608999989,7.3888569966947655,7.424601996501168,0.03574499980640267
queue1,budget8.0,97,3.3419783009999833,7.388859406871554,7.424601996501168,0.03574258962961385
queue1,budget8.0,99,3.406893522999951,7.388859406871554,7.424601996501168,0.03574258962961385
queue1,budget8.0,101,3.471679650999988,7.388859406871554,7.424601996501168,0.03574258962961384
queue1,budget8.0,103,3.5361968149999825,7.388859406871554,7.424601996501168,0.03574258962961383
queue1,budget8.0,105,3.601485668999999,7.388861817048343,7.424601996501168,0.035740179452825
queue1,budget8.0,107,3.6665261189999683,7.388864227225132,7.424601996501168,0.03573776927603616
queue1,budget8.0,109,3.7309662469999694,7.388864227225132,7.424601996501168,0.035737769276036155
queue1,budget8.0,111,3.7966870489999565,7.388866637401921,7.424601996501168,0.03573535909924731
queue1,budget8.0,113,3.861878846999957,7.3888690475787095,7.424601996501168,0.03573294892245851
queue1,budget8.0,115,3.926581148999958,7.3888690475787095,7.424601996501168,0.03573294892245849
queue1,budget8.0,117,3.9911722239999676,7.3888690475787095,7.424601996501168,0.03573294892245849
queue1,budget8.0,119,4.055398760999992,7.3888690475787095,7.424601996501168,0.035732948922458485
queue1,budget8.0,121,4.119927952999944,7.3888690475787095,7.424601996501168,0.03573294892245848
queue1,budget8.0,123,4.185283736999963,7.388871457755498,7.424601996501168,0.035730538745669636
queue1,budget8.0,125,4.250370866999958,7.388873867932287,7.424601996501168,0.03572812856888081
queue1,budget8.0,127,4.315281692999974,7.388873867932287,7.424601996501168,0.0357281285688808
queue1,budget8.0,129,4.380865258999961,7.388876278109076,7.424601996501168,0.03572571839209196
queue1,budget8.0,131,4.446185669999977,7.388878688285865,7.424601996501168,0.03572330821530314
queue1,budget8.0,133,4.510932939999975,7.388878688285865,7.424601996501168,0.03572330821530314
queue1,budget8.0,135,4.575290533999976,7.388878688285865,7.424601996501168,0.035723308215303125
queue1,budget8.0,137,4.640149120999979,7.388878688285865,7.424601996501168,0.035723308215303125
queue1,budget8.0,139,4.7052011879999895,7.388881098462654,7.424601996501168,0.03572089803851428
queue1,budget8.0,141,4.770122488999959,7.388883508639442,7.424601996501168,0.03571848786172545
queue1,budget8.0,143,4.834935557999984,7.388883508639442,7.424601996501168,0.03571848786172544
queue1,budget8.0,145,4.900148817999991,7.388885918816231,7.424601996501168,0.035716077684936606
queue1,budget8.0,147,4.965519514999983,7.38888832899302,7.424601996501168,0.03571366750814785
queue1,budget8.0,149,5.030199732999961,7.38888832899302,7.424601996501168,0.035713667508147806
queue1,budget8.0,151,5.094829876999995,7.38888832899302,7.424601996501168,0.035713667508147785
queue1,budget8.0,153,5.159353469999985,7.38888832899302,7.424601996501168,0.035713667508147785
queue1,budget8.0,155,5.223910984999975,7.38888832899302,7.424601996501168,0.03571366750814777
queue1,budget8.0,157,5.288318192999952,7.38888832899302,7.424601996501168,0.035713667508147764
queue1,budget8.0,159,5.353686495999966,7.388890739169809,7.424601996501168,0.03571125733135893
queue1,budget8.0,161,5.419588580999971,7.388893149346598,7.424601996501168,0.035708847154570095
queue1,budget8.0,163,5.484388179999996,7.388893149346598,7.424601996501168,0.03570884715457009
queue1,budget8.0,165,5.549915761999955,7.388894755068814,7.424601996501168,0.035707241432353105
queue1,budget8.0,167,5.615590655999995,7.3888955595233865,7.424601996501168,0.03570643697778125
queue1,budget8.0,169,5.681157386999985,7.388897165245604,7.424601996501168,0.035704831255564264
queue1,budget8.0,171,5.746575163999978,7.388897969700175,7.424601996501168,0.035704026800992425
queue1,budget8.0,173,5.811931248999997,7.388897969700175,7.424601996501168,0.035704026800992425
queue1,budget8.0,175,5.8768065909999905,7.388897969700175,7.424601996501168,0.03570402680099242
queue1,budget8.0,177,5.941852959999949,7.388897969700175,7.424601996501168,0.03570402680099241
queue1,budget8.0,179,6.007857589999958,7.388899575422393,7.424601996501168,0.03570242107877543
queue1,budget8.0,181,6.073562017999961,7.388900379876964,7.424601996501168,0.03570161662420357
queue1,budget8.0,183,6.139432084999953,7.3889019855991815,7.424601996501168,0.03570001090198659
queue1,budget8.0,185,6.205175080999993,7.388902790053753,7.424601996501168,0.03569920644741474
queue1,budget8.0,187,6.270200268999986,7.388902790053753,7.424601996501168,0.035699206447414734
queue1,budget8.0,189,6.336422624999955,7.38890439577597,7.424601996501168,0.03569760072519775
queue1,budget8.0,191,6.4025768999999855,7.388905200230542,7.424601996501168,0.03569679627062589
queue1,budget8.0,193,6.468164471999955,7.388906805952759,7.424601996501168,0.03569519054840891
queue1,budget8.0,195,6.533809230999964,7.388907610407331,7.424601996501168,0.03569438609383709
queue1,budget8.0,197,6.599060908999945,7.388907610407331,7.424601996501168,0.03569438609383707
queue1,budget8.0,199,6.663939905999996,7.388907610407331,7.424601996501168,0.03569438609383707
queue1,budget8.0,201,6.728645733999997,7.388907610407331,7.424601996501168,0.03569438609383706
queue1,budget8.0,203,6.79385167099997,7.388907610407331,7.424601996501168,0.03569438609383706
queue1,budget8.0,205,6.860108154999978,7.388909216129548,7.424601996501168,0.03569278037162007
queue1,budget8.0,207,6.925751557999945,7.388910020584119,7.424601996501168,0.035691975917048216
queue1,budget8.0,209,6.99153901699998,7.388911626306337,7.424601996501168,0.035690370194831234
queue1,budget8.0,211,7.0573584939999705,7.388912430760908,7.424601996501168,0.03568956574025938
queue1,budget8.0,213,7.12308696499997,7.388912430760908,7.424601996501168,0.03568956574025938
queue1,budget8.0,215,7.18882847499998,7.388914036483126,7.424601996501168,0.03568796001804239
queue1,budget8.0,217,7.254435321999949,7.388914840937697,7.424601996501168,0.03568715556347054
queue1,budget8.0,219,7.32030406399997,7.388916446659914,7.424601996501168,0.03568554984125356
queue1,budget8.0,221,7.386508579999997,7.388917251114486,7.424601996501168,0.03568474538668172
queue1,budget8.0,223,7.451329445999988,7.388917251114486,7.424601996501168,0.03568474538668172
queue1,budget8.0,225,7.516300377999983,7.388917251114486,7.424601996501168,0.035684745386681704
queue1,budget8.0,227,7.581167063999999,7.388917251114486,7.424601996501168,0.0356847453866817
queue1,budget8.0,229,7.647010977999969,7.388918856836703,7.424601996501168,0.035683139664464715
queue1,budget8.0,231,7.712635020999983,7.388919661291275,7.424601996501168,0.03568233520989286
queue1,budget8.0,233,7.778404813999998,7.388921267013492,7.424601996501168,0.03568072948767588
queue1,budget8.0,235,7.844469008999965,7.3889220714680635,7.424601996501168,0.03567992503310403
queue1,budget8.0,237,7.909904608999966,7.3889220714680635,7.424601996501168,0.03567992503310402
queue1,budget8.0,239,7.9757805319999875,7.388923677190281,7.424601996501168,0.03567831931088704
queue1,budget8.0,241,8.04173541199998,7.388924481644852,7.424601996501168,0.035677514856315186
queue1,price2.0,1,0.4196677649999856,7.417638239969993,7.424601996501168,0.006963756531173997
queue1,price2.0,3,0.6605005139999776,7.417638239969993,7.424601996501168,0.006963756531173997
queue1,price2.0,5,0.894729998999992,7.417638239969993,7.424601996501168,0.006963756531173997
queue1,price2.0,7,1.3631106109999678,7.4189051350823805,7.424601996501168,0.0056968614187874606
queue1,price2.0,9,1.8441761089999886,7.4194357873281085,7.424601996501168,0.005166209173059452
queue1,price2.0,11,2.100079540999957,7.419435787336795,7.424601996501168,0.005166209164372763
queue1,price8.0,1,0.4203054390000034,7.417638239969993,7.424601996501168,0.006963756531173997
queue1,price8.0,3,0.6643198680000069,7.417638239969993,7.424601996501168,0.006963756531173997
queue1,price8.0,5,0.9008184819999769,7.417638239969993,7.424601996501168,0.006963756531173997
queue1,price8.0,7,1.3715944009999816,7.4189051350823805,7.424601996501168,0.0056968614187874606
queue1,price8.0,9,1.8562733539999954,7.4194357873281085,7.424601996501168,0.005166209173059452
queue1,price8.0,11,2.113980961999971,7.419435787336795,7.424601996501168,0.005166209164372763
queue1,price8.0,13,2.592743122999991,7.420206175225904,7.424601996501168,0.004395821275263783
queue1,price8.0,15,3.0558270160000234,7.420206175232117,7.424601996501168,0.0043958212690508565
queue1,price8.0,17,3.522304491,7.420206175232117,7.424601996501168,0.0043958212690508565
queue1,price8.0,19,3.7764249640000003,7.420206175232117,7.424601996501168,0.0043958212690508565
queue1,price8.0,21,4.246424832999992,7.420425095452495,7.424601996501168,0.00417690104867308
queue1,price8.0,23,4.7600642819999734,7.4213709532062335,7.424601996501168,0.0032310432949344578
queue1,price8.0,25,5.246373203000019,7.421396516861425,7.424601996501168,0.00320547963974263
queue1,price8.0,27,5.731533077999984,7.421473423127647,7.424601996501168,0.003128573373520828
queue1,price8.0,29,6.221896473000015,7.421490834916579,7.424601996501168,0.0031111615845884123
queue1,price8.0,31,6.690259561999994,7.421490834925355,7.424601996501168,0.003111161575812471
queue1,price8.0,33,6.9512614129999974,7.421490834931799,7.424601996501168,0.003111161569369132
queue1,price8.0,35,7.470300237000004,7.421587723507761,7.424601996501168,0.003014272993406354
queue1,price8.0,37,7.733604001999993,7.421587723507761,7.424601996501168,0.003014272993406354
queue1,price8.0,39,7.991069562000007,7.421587723507761,7.424601996501168,0.003014272993406354
queue1,price8.0,41,8.28677267400002,7.421587723507761,7.424601996501168,0.003014272993406354
queue2,budget2.0,1,0.863641575000031,10.617117925620263,10.652031382813105,0.03491345719284167
queue2,budget2.0,3,1.176118248000023,10.617117925620263,10.652031382813105,0.03491345719284167
queue2,budget2.0,5,1.4896427250000102,10.617117925620263,10.652031382813105,0.03491345719284167
queue2,budget2.0,7,1.8030161750000389,10.617117925620263,10.652031382813105,0.03491345719284167
queue2,budget2.0,9,2.1162753730000077,10.617117925620263,10.652031382813105,0.03491345719284167
queue2,budget8.0,1,0.8558565750000184,10.617117925620263,10.652031382813105,0.03491345719284167
queue2,budget8.0,3,1.1679347819999748,10.617117925620263,10.652031382813105,0.03491345719284167
queue2,budget8.0,5,1.4787169210000002,10.617117925620263,10.652031382813105,0.03491345719284167
queue2,budget8.0,7,1.8107764970000062,10.617117925620263,10.652031382813105,0.03491345719284167
queue2,budget8.0,9,2.1249184150000247,10.617117925620263,10.652031382813105,0.03491345719284167
queue2,budget8.0,11,2.4365719140000124,10.617117925620263,10.652031382813105,0.03491345719284167
queue2,budget8.0,13,2.7481057929999793,10.617117925620263,10.652031382813105,0.03491345719284167
queue2,budget8.0,15,3.060080353999979,10.617117925620263,10.652031382813105,0.03491345719284167
queue2,budget8.0,17,3.372468657000013,10.617117925620263,10.652031382813105,0.03491345719284167
queue2,budget8.0,19,3.685499847000017,10.617117925620263,10.652031382813105,0.03491345719284167
queue2,budget8.0,21,3.996609147000015,10.617117925620263,10.652031382813105,0.03491345719284167
queue2,budget8.0,23,4.309400406000009,10.617117925620263,10.652031382813105,0.03491345719284167
queue2,budget8.0,25,4.622016361000021,10.617117925620263,10.652031382813105,0.03491345719284167
queue2,budget8.0,27,4.93398904999998,10.617117925620263,10.652031382813105,0.03491345719284167
queue2,budget8.0,29,5.247181039999987,10.617117925620263,10.652031382813105,0.03491345719284167
queue2,budget8.0,31,5.559574350999981,10.617117925620263,10.652031382813105,0.03491345719284167
queue2,budget8.0,33,5.870595282000011,10.617117925620263,10.652031382813105,0.03491345719284167
queue2,budget8.0,35,6.181463737000001,10.617117925620263,10.652031382813105,0.03491345719284167
queue2,budget8.0,37,6.492654747000017,10.617117925620263,10.652031382813105,0.03491345719284167
queue2,budget8.0,39,6.80422291299999,10.617117925620263,10.652031382813105,0.03491345719284167
queue2,budget8.0,41,7.115671300000031,10.617117925620263,10.652031382813105,0.03491345719284167
queue2,budget8.0,43,7.429091760000006,10.617117925620263,10.652031382813105,0.03491345719284167
queue2,budget8.0,45,7.74190414200001,10.617117925620263,10.652031382813105,0.03491345719284167
queue2,budget8.0,47,8.054150376999985,10.617117925620263,10.652031382813105,0.03491345719284167
queue2,price2.0,1,2.394901833000006,10.636976492222654,10.652031382813105,0.015054890590451907
queue2,price8.0,1,2.3771074370000065,10.636976492222654,10.652031382813105,0.015054890590451907
queue2,price8.0,3,4.142434956999978,10.636976492231302,10.652031382813105,0.015054890581804514
queue2,price8.0,5,7.481531294999968,10.638018555731431,10.652031382813105,0.014012827081674135
queue2,price8.0,7,9.187056403999975,10.638018555731431,10.652031382813105,0.014012827081674135
ties0,budget2.0,1,0.05982749000003196,1.0589701298301057,1.0748499933747566,0.015879863544651054
ties0,budget2.0,3,0.07178449100001671,1.0589701298301057,1.0748499933747566,0.015879863544651054
ties0,budget2.0,5,0.08377508300003456,1.0589701298301057,1.0748499933747566,0.015879863544651054
ties0,budget2.0,7,0.09577233499999238,1.0589701298301057,1.0748499933747566,0.015879863544651054
ties0,budget2.0,9,0.10781275200002938,1.0589701298301057,1.0748499933747566,0.015879863544651054
ties0,budget2.0,11,0.11984389400004147,1.0589701298301057,1.0748499933747566,0.015879863544651054
ties0,budget2.0,13,0.1319207459999916,1.0589701298301057,1.0748499933747566,0.015879863544651054
ties0,budget2.0,15,0.14414434799999754,1.0589701298301057,1.0748499933747566,0.015879863544651054
ties0,budget2.0,17,0.15624762900000633,1.0589701298301057,1.0748499933747566,0.015879863544651054
ties0,budget2.0,19,0.1686892989999933,1.0589701298301057,1.0748499933747566,0.015879863544651054
ties0,budget2.0,21,0.18116342700000132,1.0589701298301057,1.0748499933747566,0.015879863544651054
ties0,budget2.0,23,0.19353958800002147,1.0589701298301057,1.0748499933747566,0.015879863544651054
ties0,budget2.0,25,0.20568226900002173,1.0589701298301057,1.0748499933747566,0.015879863544651054
ties0,budget2.0,27,0.21831049900004018,1.0589701298301057,1.0748499933747566,0.015879863544651054
ties0,budget2.0,29,0.23105837900004644,1.06487501273972,1.0748499933747566,0.009974980635036677
ties0,budget2.0,31,0.24346270200004483,1.06487501273972,1.0748499933747566,0.009974980635036677
ties0,budget2.0,33,0.255958813999996,1.06487501273972,1.0748499933747566,0.009974980635036677
ties0,budget2.0,35,0.26849796999999853,1.06487501273972,1.0748499933747566,0.009974980635036677
ties0,budget2.0,37,0.28111071700004686,1.06487501273972,1.0748499933747566,0.009974980635036677
ties0,budget2.0,39,0.29368533699999944,1.06487501273972,1.0748499933747566,0.009974980635036677
ties0,budget2.0,41,0.3062593650000167,1.06487501273972,1.0748499933747566,0.009974980635036677
ties0,budget2.0,43,0.31879035899999053,1.06487501273972,1.0748499933747566,0.009974980635036677
ties0,budget2.0,45,0.33131464300004154,1.0649407140747569,1.0748499933747566,0.009909279299999784
ties0,budget2.0,47,0.3439198690000467,1.0649407140747569,1.0748499933747566,0.009909279299999784
ties0,budget2.0,49,0.35648001600003454,1.0649407140747569,1.0748499933747566,0.009909279299999784
ties0,budget2.0,51,0.3690455920000204,1.0649407140747569,1.0748499933747566,0.009909279299999784
ties0,budget2.0,53,0.381672811000044,1.0649407140747569,1.0748499933747566,0.009909279299999784
ties0,budget2.0,55,0.3943821830000047,1.0649407140747569,1.0748499933747566,0.009909279299999784
ties0,budget2.0,57,0.40697238600000674,1.0649748167640865,1.0748499933747566,0.009875176610670288
ties0,budget2.0,59,0.41959637000002203,1.0649748167640865,1.0748499933747566,0.009875176610670288
ties0,budget2.0,61,0.4323604940000223,1.0649748167640865,1.0748499933747566,0.009875176610670288
ties0,budget2.0,63,0.44505745800000795,1.0649748167640865,1.0748499933747566,0.009875176610670288
ties0,budget2.0,65,0.45773368000004666,1.0649748167640865,1.0748499933747566,0.009875176610670288
ties0,budget2.0,67,0.47038195999999743,1.0649748167640865,1.0748499933747566,0.009875176610670288
ties0,budget2.0,69,0.4830582630000322,1.0649748167640865,1.0748499933747566,0.009875176610670288
ties0,budget2.0,71,0.49570550100003175,1.0649748167640865,1.0748499933747566,0.009875176610670288
ties0,budget2.0,73,0.5084329000000025,1.0649921951208405,1.0748499933747566,0.009857798253916078
ties0,budget2.0,75,0.5212057680000157,1.0649921951208405,1.0748499933747566,0.009857798253916078
ties0,budget2.0,77,0.5339239330000396,1.0649921951208405,1.0748499933747566,0.009857798253916078
ties0,budget2.0,79,0.5465763000000265,1.0649921951208405,1.0748499933747566,0.009857798253916078
ties0,budget2.0,81,0.5594221869999956,1.0649921951208405,1.0748499933747566,0.009857798253916078
ties0,budget2.0,83,0.5721492160000139,1.0649921951208405,1.0748499933747566,0.009857798253916078
ties0,budget2.0,85,0.5849067000000332,1.0649921951208405,1.0748499933747566,0.009857798253916078
ties0,budget2.0,87,0.5976286910000113,1.0649921951208405,1.0748499933747566,0.009857798253916078
ties0,budget2.0,89,0.6104745780000371,1.0650009678872827,1.0748499933747566,0.009849025487473963
ties0,budget2.0,91,0.6231911410000066,1.0650009678872827,1.0748499933747566,0.009849025487473963
ties0,budget2.0,93,0.6361759370000186,1.0650009678872827,1.0748499933747566,0.009849025487473963
ties0,budget2.0,95,0.648932761000026,1.0650009678872827,1.0748499933747566,0.009849025487473963
ties0,budget2.0,97,0.6616170850000458,1.0650009678872827,1.0748499933747566,0.009849025487473963
ties0,budget2.0,99,0.6766181410000058,1.0650009678872827,1.0748499933747566,0.009849025487473963
ties0,budget2.0,101,0.6894705490000206,1.0650009678872827,1.0748499933747566,0.009849025487473963
ties0,budget2.0,103,0.7022102860000246,1.0650009678872827,1.0748499933747566,0.009849025487473963
ties0,budget2.0,105,0.7152946020000286,1.0653681378023072,1.0748499933747566,0.00948185557244949
ties0,budget2.0,107,0.7281910149999931,1.0653681378023072,1.0748499933747566,0.00948185557244949
ties0,budget2.0,109,0.7410151800000335,1.0653681378023072,1.0748499933747566,0.00948185557244949
ties0,budget2.0,111,0.7536813770000208,1.0653681378023072,1.0748499933747566,0.00948185557244949
ties0,budget2.0,113,0.7664455310000449,1.0653681378023072,1.0748499933747566,0.00948185557244949
ties0,budget2.0,115,0.7797148150000339,1.0653681378023072,1.0748499933747566,0.00948185557244949
ties0,budget2.0,117,0.7927240879999999,1.0653681378023072,1.0748499933747566,0.00948185557244949
ties0,budget2.0,119,0.8058918990000166,1.0653681378023072,1.0748499933747566,0.00948185557244949
ties0,budget2.0,121,0.8190401310000084,1.0655995542260197,1.0748499933747566,0.00925043914873691
ties0,budget2.0,123,0.8317206090000013,1.0655995542260197,1.0748499933747566,0.00925043914873691
ties0,budget2.0,125,0.8443954190000227,1.0655995542260197,1.0748499933747566,0.00925043914873691
ties0,budget2.0,127,0.8572263440000256,1.0655995542260197,1.0748499933747566,0.00925043914873691
ties0,budget2.0,129,0.870252803000028,1.0655995542260197,1.0748499933747566,0.00925043914873691
ties0,budget2.0,131,0.8832287160000192,1.0655995542260197,1.0748499933747566,0.00925043914873691
ties0,budget2.0,133,0.8960566060000019,1.0655995542260197,1.0748499933747566,0.00925043914873691
ties0,budget2.0,135,0.9087922770000318,1.0655995542260197,1.0748499933747566,0.00925043914873691
ties0,budget2.0,137,0.9215441630000214,1.0656184945316753,1.0748499933747566,0.009231498843081304
ties0,budget2.0,139,0.9336843300000055,1.0656184945316753,1.0748499933747566,0.009231498843081304
ties0,budget2.0,141,0.9458908260000385,1.0656184945316753,1.0748499933747566,0.009231498843081304
ties0,budget2.0,143,0.9580259049999995,1.0656184945316753,1.0748499933747566,0.009231498843081304
ties0,budget2.0,145,0.9702400330000387,1.0656184945316753,1.0748499933747566,0.009231498843081304
ties0,budget2.0,147,0.9824730290000048,1.0656184945316753,1.0748499933747566,0.009231498843081304
ties0,budget2.0,149,0.9946835009999972,1.0656184945316753,1.0748499933747566,0.009231498843081304
ties0,budget2.0,151,1.007016297000007,1.0656184945316753,1.0748499933747566,0.009231498843081304
ties0,budget2.0,153,1.019400490999999,1.0661818189785532,1.0748499933747566,0.00866817439620352
ties0,budget2.0,155,1.0321549710000113,1.0661818189785532,1.0748499933747566,0.00866817439620352
ties0,budget2.0,157,1.044856080000045,1.0661818189785532,1.0748499933747566,0.00866817439620352
ties0,budget2.0,159,1.0575433690000295,1.0661818189785532,1.0748499933747566,0.00866817439620352
ties0,budget2.0,161,1.0706158469999991,1.0661943261775277,1.0748499933747566,0.008655667197228952
ties0,budget2.0,163,1.0833211230000188,1.0661943261775277,1.0748499933747566,0.008655667197228952
ties0,budget2.0,165,1.0961602400000174,1.0661943261775277,1.0748499933747566,0.008655667197228952
ties0,budget2.0,167,1.1088598270000034,1.0661943261775277,1.0748499933747566,0.008655667197228952
ties0,budget2.0,169,1.1215281180000147,1.0661943261775277,1.0748499933747566,0.008655667197228952
ties0,budget2.0,171,1.1342791620000412,1.0661943261775277,1.0748499933747566,0.008655667197228952
ties0,budget2.0,173,1.1469668120000165,1.0661943261775277,1.0748499933747566,0.008655667197228952
ties0,budget2.0,175,1.1596329790000368,1.0661943261775277,1.0748499933747566,0.008655667197228952
ties0,budget2.0,177,1.172292576000018,1.0661943261775277,1.0748499933747566,0.008655667197228952
ties0,budget2.0,179,1.1849498299999937,1.0661943261775277,1.0748499933747566,0.008655667197228952
ties0,budget2.0,181,1.197634545000028,1.0661943261775277,1.0748499933747566,0.008655667197228952
ties0,budget2.0,183,1.2103420740000388,1.0661943261775277,1.0748499933747566,0.008655667197228952
ties0,budget2.0,185,1.2230159229999913,1.0667853200857866,1.0748499933747566,0.008064673288970136
ties0,budget2.0,187,1.2358340490000046,1.0667853200857866,1.0748499933747566,0.008064673288970136
ties0,budget2.0,189,1.2486849530000086,1.0667853200857866,1.0748499933747566,0.008064673288970136
ties0,budget2.0,191,1.2613680460000296,1.0667853200857866,1.0748499933747566,0.008064673288970136
ties0,budget2.0,193,1.274131710000006,1.0667853200857866,1.0748499933747566,0.008064673288970136
ties0,budget2.0,195,1.2869275520000087,1.0667853200857866,1.0748499933747566,0.008064673288970136
ties0,budget2.0,197,1.2996267290000105,1.0667853200857866,1.0748499933747566,0.008064673288970136
ties0,budget2.0,199,1.312359215000015,1.0667853200857866,1.0748499933747566,0.008064673288970136
ties0,budget2.0,201,1.325083300000017,1.0667853200857866,1.0748499933747566,0.008064673288970136
ties0,budget2.0,203,1.3378303380000034,1.0667853200857866,1.0748499933747566,0.008064673288970136
ties0,budget2.0,205,1.35054939500003,1.0667853200857866,1.0748499933747566,0.008064673288970136
ties0,budget2.0,207,1.3636582170000224,1.0667853200857866,1.0748499933747566,0.008064673288970136
ties0,budget2.0,209,1.3764861980000092,1.0669461747152855,1.0748499933747566,0.007903818659471191
ties0,budget2.0,211,1.3891961209999977,1.0669461747152855,1.0748499933747566,0.007903818659471191
ties0,budget2.0,213,1.401863570000046,1.0669461747152855,1.0748499933747566,0.007903818659471191
ties0,budget2.0,215,1.4144793410000034,1.0669461747152855,1.0748499933747566,0.007903818659471191
ties0,budget2.0,217,1.4272891040000104,1.0669461747152855,1.0748499933747566,0.007903818659471191
ties0,budget2.0,219,1.4403598090000287,1.0669461747152855,1.0748499933747566,0.007903818659471191
ties0,budget2.0,221,1.453358546000004,1.0669461747152855,1.0748499933747566,0.007903818659471191
ties0,budget2.0,223,1.4663809190000165,1.0669461747152855,1.0748499933747566,0.007903818659471191
ties0,budget2.0,225,1.4793666460000168,1.0673244352940086,1.0748499933747566,0.00752555808074821
ties0,budget2.0,227,1.4919732540000155,1.0673244352940086,1.0748499933747566,0.00752555808074821
ties0,budget2.0,229,1.5045602120000012,1.0673564250418492,1.0748499933747566,0.0074935683329075305
ties0,budget2.0,231,1.5171473300000002,1.0673564250418492,1.0748499933747566,0.0074935683329075305
ties0,budget2.0,233,1.5298964820000265,1.0673564250418492,1.0748499933747566,0.0074935683329075305
ties0,budget2.0,235,1.542501307000009,1.0673564250418492,1.0748499933747566,0.0074935683329075305
ties0,budget2.0,237,1.5551551060000293,1.0673564250418492,1.0748499933747566,0.0074935683329075305
ties0,budget2.0,239,1.5679238769999984,1.0673564250418492,1.0748499933747566,0.0074935683329075305
ties0,budget2.0,241,1.580462462000014,1.0673564250418492,1.0748499933747566,0.0074935683329075305
ties0,budget2.0,243,1.5930468470000392,1.0673564250418492,1.0748499933747566,0.0074935683329075305
ties0,budget2.0,245,1.6056491680000136,1.0673564250418492,1.0748499933747566,0.0074935683329075305
ties0,budget2.0,247,1.6183116490000202,1.0673564250418492,1.0748499933747566,0.0074935683329075305
ties0,budget2.0,249,1.630919548999998,1.0673725718345177,1.0748499933747566,0.007477421540238965
ties0,budget2.0,251,1.6434560810000107,1.0673725718345177,1.0748499933747566,0.007477421540238965
ties0,budget2.0,253,1.6560074860000213,1.0673725718345177,1.0748499933747566,0.007477421540238965
ties0,budget2.0,255,1.6685704880000003,1.0673725718345177,1.0748499933747566,0.007477421540238965
ties0,budget2.0,257,1.6811557540000308,1.0673725718345177,1.0748499933747566,0.007477421540238965
ties0,budget2.0,259,1.693712266000034,1.0673725718345177,1.0748499933747566,0.007477421540238965
ties0,budget2.0,261,1.7062871960000052,1.0673725718345177,1.0748499933747566,0.007477421540238965
ties0,budget2.0,263,1.718797228000028,1.0673725718345177,1.0748499933747566,0.007477421540238965
ties0,budget2.0,265,1.731328302999998,1.0673725718345177,1.0748499933747566,0.007477421540238965
ties0,budget2.0,267,1.7438490410000327,1.0673725718345177,1.0748499933747566,0.007477421540238965
ties0,budget2.0,269,1.7564120430000116,1.0673725718345177,1.0748499933747566,0.007477421540238965
ties0,budget2.0,271,1.7691776100000425,1.0673725718345177,1.0748499933747566,0.007477421540238965
ties0,budget2.0,273,1.7819288950000214,1.0678374338840948,1.0748499933747566,0.007012559490661975
ties0,budget2.0,275,1.7944630030000326,1.0678374338840948,1.0748499933747566,0.007012559490661975
ties0,budget2.0,277,1.8071599369999944,1.0678374338840948,1.0748499933747566,0.007012559490661975
ties0,budget2.0,279,1.8197363590000464,1.0678374338840948,1.0748499933747566,0.007012559490661975
ties0,budget2.0,281,1.8322638380000171,1.0678374338840948,1.0748499933747566,0.007012559490661975
ties0,budget2.0,283,1.8451643669999953,1.0678374338840948,1.0748499933747566,0.007012559490661975
ties0,budget2.0,285,1.858180050000044,1.0678374338840948,1.0748499933747566,0.007012559490661975
ties0,budget2.0,287,1.8714439850000417,1.0678374338840948,1.0748499933747566,0.007012559490661975
ties0,budget2.0,289,1.8846518070000116,1.0679561168544471,1.0748499933747566,0.006893876520309525
ties0,budget2.0,291,1.897256321000043,1.0679561168544471,1.0748499933747566,0.006893876520309525
ties0,budget2.0,293,1.9098136950000253,1.0679561168544471,1.0748499933747566,0.006893876520309525
ties0,budget2.0,295,1.922338539000009,1.0679561168544471,1.0748499933747566,0.006893876520309525
ties0,budget2.0,297,1.9348625929999912,1.0679561168544471,1.0748499933747566,0.006893876520309525
ties0,budget2.0,299,1.9473487600000112,1.0679561168544471,1.0748499933747566,0.006893876520309525
ties0,budget2.0,301,1.9598327429999927,1.0679561168544471,1.0748499933747566,0.006893876520309525
ties0,budget2.0,303,1.972374243000047,1.0679561168544471,1.0748499933747566,0.006893876520309525
ties0,budget2.0,305,1.9849302640000133,1.0679561168544471,1.0748499933747566,0.006893876520309525
ties0,budget2.0,307,1.9974650540000312,1.0679561168544471,1.0748499933747566,0.006893876520309525
ties0,budget2.0,309,2.010015878000047,1.0679561168544471,1.0748499933747566,0.006893876520309525
ties0,budget8.0,1,0.06018792200001144,1.0589701298301057,1.0748499933747566,0.015879863544651054
ties0,budget8.0,3,0.07276907099998198,1.0589701298301057,1.0748499933747566,0.015879863544651054
ties0,budget8.0,5,0.08533412599996382,1.0589701298301057,1.0748499933747566,0.015879863544651054
ties0,budget8.0,7,0.09778625199999169,1.0589701298301057,1.0748499933747566,0.015879863544651054
ties0,budget8.0,9,0.11033139699998173,1.0589701298301057,1.0748499933747566,0.015879863544651054
ties0,budget8.0,11,0.12295912700000144,1.0589701298301057,1.0748499933747566,0.015879863544651054
ties0,budget8.0,13,0.1357775120000042,1.0589701298301057,1.0748499933747566,0.015879863544651054
ties0,budget8.0,15,0.14871625899996843,1.0589701298301057,1.0748499933747566,0.015879863544651054
ties0,budget8.0,17,0.1615436689999683,1.0589701298301057,1.0748499933747566,0.015879863544651054
ties0,budget8.0,19,0.1742968770000175,1.0589701298301057,1.0748499933747566,0.015879863544651054
ties0,budget8.0,21,0.18715838700001086,1.0589701298301057,1.0748499933747566,0.015879863544651054
ties0,budget8.0,23,0.1999096819999977,1.0589701298301057,1.0748499933747566,0.015879863544651054
ties0,budget8.0,25,0.21270458300000428,1.0589701298301057,1.0748499933747566,0.015879863544651054
ties0,budget8.0,27,0.22659861599998976,1.0589701298301057,1.0748499933747566,0.015879863544651054
ties0,budget8.0,29,0.2400559019999946,1.06487501273972,1.0748499933747566,0.009974980635036677
ties0,budget8.0,31,0.25316013700000894,1.06487501273972,1.0748499933747566,0.009974980635036677
ties0,budget8.0,33,0.26635751300000265,1.06487501273972,1.0748499933747566,0.009974980635036677
ties0,budget8.0,35,0.2793937259999666,1.06487501273972,1.0748499933747566,0.009974980635036677
ties0,budget8.0,37,0.2925761390000048,1.06487501273972,1.0748499933747566,0.009974980635036677
ties0,budget8.0,39,0.30571226299997534,1.06487501273972,1.0748499933747566,0.009974980635036677
ties0,budget8.0,41,0.3188375199999882,1.06487501273972,1.0748499933747566,0.009974980635036677
ties0,budget8.0,43,0.3320111289999659,1.06487501273972,1.0748499933747566,0.009974980635036677
ties0,budget8.0,45,0.34513153899996496,1.0649407140747569,1.0748499933747566,0.009909279299999784
ties0,budget8.0,47,0.35832622099997025,1.0649407140747569,1.0748499933747566,0.009909279299999784
ties0,budget8.0,49,0.37149505299998964,1.0649407140747569,1.0748499933747566,0.009909279299999784
ties0,budget8.0,51,0.38477602500000785,1.0649407140747569,1.0748499933747566,0.009909279299999784
ties0,budget8.0,53,0.3980068199999778,1.0649407140747569,1.0748499933747566,0.009909279299999784
ties0,budget8.0,55,0.41127386099998375,1.0649407140747569,1.0748499933747566,0.009909279299999784
ties0,budget8.0,57,0.4247566450000022,1.0649748167640865,1.0748499933747566,0.009875176610670288
ties0,budget8.0,59,0.43807639400000653,1.0649748167640865,1.0748499933747566,0.009875176610670288
ties0,budget8.0,61,0.45139415099998814,1.0649748167640865,1.0748499933747566,0.009875176610670288
ties0,budget8.0,63,0.4647156030000019,1.0649748167640865,1.0748499933747566,0.009875176610670288
ties0,budget8.0,65,0.47800361499997734,1.0649748167640865,1.0748499933747566,0.009875176610670288
ties0,budget8.0,67,0.4912682610000161,1.0649748167640865,1.0748499933747566,0.009875176610670288
ties0,budget8.0,69,0.5045248359999732,1.0649748167640865,1.0748499933747566,0.009875176610670288
ties0,budget8.0,71,0.5178157219999662,1.0649748167640865,1.0748499933747566,0.009875176610670288
ties0,budget8.0,73,0.5311621710000054,1.0649921951208405,1.0748499933747566,0.009857798253916078
ties0,budget8.0,75,0.5444204479999826,1.0649921951208405,1.0748499933747566,0.009857798253916078
ties0,budget8.0,77,0.5577045539999972,1.0649921951208405,1.0748499933747566,0.009857798253916078
ties0,budget8.0,79,0.5709343990000093,1.0649921951208405,1.0748499933747566,0.009857798253916078
ties0,budget8.0,81,0.5842327459999979,1.0649921951208405,1.0748499933747566,0.009857798253916078
ties0,budget8.0,83,0.5975409679999757,1.0649921951208405,1.0748499933747566,0.009857798253916078
ties0,budget8.0,85,0.610895639999967,1.0649921951208405,1.0748499933747566,0.009857798253916078
ties0,budget8.0,87,0.6242730860000165,1.0649921951208405,1.0748499933747566,0.009857798253916078
ties0,budget8.0,89,0.6378576029999863,1.0650009678872827,1.0748499933747566,0.009849025487473963
ties0,budget8.0,91,0.6512835319999795,1.0650009678872827,1.0748499933747566,0.009849025487473963
ties0,budget8.0,93,0.664886206999995,1.0650009678872827,1.0748499933747566,0.009849025487473963
ties0,budget8.0,95,0.6783050959999741,1.0650009678872827,1.0748499933747566,0.009849025487473963
ties0,budget8.0,97,0.6917098729999793,1.0650009678872827,1.0748499933747566,0.009849025487473963
ties0,budget8.0,99,0.7051438240000039,1.0650009678872827,1.0748499933747566,0.009849025487473963
ties0,budget8.0,101,0.7186594979999654,1.0650009678872827,1.0748499933747566,0.009849025487473963
ties0,budget8.0,103,0.7322108249999815,1.0650009678872827,1.0748499933747566,0.009849025487473963
ties0,budget8.0,105,0.7456542609999701,1.0653681378023072,1.0748499933747566,0.00948185557244949
ties0,budget8.0,107,0.7590795090000029,1.0653681378023072,1.0748499933747566,0.00948185557244949
ties0,budget8.0,109,0.7725882519999914,1.0653681378023072,1.0748499933747566,0.00948185557244949
ties0,budget8.0,111,0.7859129189999976,1.0653681378023072,1.0748499933747566,0.00948185557244949
ties0,budget8.0,113,0.799167811000018,1.0653681378023072,1.0748499933747566,0.00948185557244949
ties0,budget8.0,115,0.8128748429999746,1.0653681378023072,1.0748499933747566,0.00948185557244949
ties0,budget8.0,117,0.8266287249999777,1.0653681378023072,1.0748499933747566,0.00948185557244949
ties0,budget8.0,119,0.8403518000000076,1.0653681378023072,1.0748499933747566,0.00948185557244949
ties0,budget8.0,121,0.8542421269999636,1.0655995542260197,1.0748499933747566,0.00925043914873691
ties0,budget8.0,123,0.8676221569999711,1.0655995542260197,1.0748499933747566,0.00925043914873691
ties0,budget8.0,125,0.8810145460000172,1.0655995542260197,1.0748499933747566,0.00925043914873691
ties0,budget8.0,127,0.8945147059999954,1.0655995542260197,1.0748499933747566,0.00925043914873691
ties0,budget8.0,129,0.9079671449999864,1.0655995542260197,1.0748499933747566,0.00925043914873691
ties0,budget8.0,131,0.9215776119999646,1.0655995542260197,1.0748499933747566,0.00925043914873691
ties0,budget8.0,133,0.93499067099998,1.0655995542260197,1.0748499933747566,0.00925043914873691
ties0,budget8.0,135,0.9483870459999935,1.0655995542260197,1.0748499933747566,0.00925043914873691
ties0,budget8.0,137,0.9618414379999649,1.0656184945316753,1.0748499933747566,0.009231498843081304
ties0,budget8.0,139,0.9746247709999807,1.0656184945316753,1.0748499933747566,0.009231498843081304
ties0,budget8.0,141,0.9874779989999638,1.0656184945316753,1.0748499933747566,0.009231498843081304
ties0,budget8.0,143,1.0002782180000054,1.0656184945316753,1.0748499933747566,0.009231498843081304
ties0,budget8.0,145,1.013154720999978,1.0656184945316753,1.0748499933747566,0.009231498843081304
ties0,budget8.0,147,1.026248881000015,1.0656184945316753,1.0748499933747566,0.009231498843081304
ties0,budget8.0,149,1.0391562610000165,1.0656184945316753,1.0748499933747566,0.009231498843081304
ties0,budget8.0,151,1.0521436209999706,1.0656184945316753,1.0748499933747566,0.009231498843081304
ties0,budget8.0,153,1.0650692479999861,1.0661818189785532,1.0748499933747566,0.00866817439620352
ties0,budget8.0,155,1.0784608049999633,1.0661818189785532,1.0748499933747566,0.00866817439620352
ties0,budget8.0,157,1.0920231499999886,1.0661818189785532,1.0748499933747566,0.00866817439620352
ties0,budget8.0,159,1.1053654329999745,1.0661818189785532,1.0748499933747566,0.00866817439620352
ties0,budget8.0,161,1.1186981120000041,1.0661943261775277,1.0748499933747566,0.008655667197228952
ties0,budget8.0,163,1.1320028690000186,1.0661943261775277,1.0748499933747566,0.008655667197228952
ties0,budget8.0,165,1.145624612000006,1.0661943261775277,1.0748499933747566,0.008655667197228952
ties0,budget8.0,167,1.1590134549999789,1.0661943261775277,1.0748499933747566,0.008655667197228952
ties0,budget8.0,169,1.1723701699999651,1.0661943261775277,1.0748499933747566,0.008655667197228952
ties0,budget8.0,171,1.1857169499999713,1.0661943261775277,1.0748499933747566,0.008655667197228952
ties0,budget8.0,173,1.1991133550000086,1.0661943261775277,1.0748499933747566,0.008655667197228952
ties0,budget8.0,175,1.2124967799999808,1.0661943261775277,1.0748499933747566,0.008655667197228952
ties0,budget8.0,177,1.2258506009999905,1.0661943261775277,1.0748499933747566,0.008655667197228952
ties0,budget8.0,179,1.239193505000003,1.0661943261775277,1.0748499933747566,0.008655667197228952
ties0,budget8.0,181,1.2526127140000085,1.0661943261775277,1.0748499933747566,0.008655667197228952
ties0,budget8.0,183,1.266028346999974,1.0661943261775277,1.0748499933747566,0.008655667197228952
ties0,budget8.0,185,1.2794646620000094,1.0667853200857866,1.0748499933747566,0.008064673288970136
ties0,budget8.0,187,1.2928836009999713,1.0667853200857866,1.0748499933747566,0.008064673288970136
ties0,budget8.0,189,1.306256229999974,1.0667853200857866,1.0748499933747566,0.008064673288970136
ties0,budget8.0,191,1.3196620979999807,1.0667853200857866,1.0748499933747566,0.008064673288970136
ties0,budget8.0,193,1.3330454229999873,1.0667853200857866,1.0748499933747566,0.008064673288970136
ties0,budget8.0,195,1.3463717629999792,1.0667853200857866,1.0748499933747566,0.008064673288970136
ties0,budget8.0,197,1.3597334649999766,1.0667853200857866,1.0748499933747566,0.008064673288970136
ties0,budget8.0,199,1.3731164700000136,1.0667853200857866,1.0748499933747566,0.008064673288970136
ties0,budget8.0,201,1.3866464650000125,1.0667853200857866,1.0748499933747566,0.008064673288970136
ties0,budget8.0,203,1.4000553089999812,1.0667853200857866,1.0748499933747566,0.008064673288970136
ties0,budget8.0,205,1.4134603159999983,1.0667853200857866,1.0748499933747566,0.008064673288970136
ties0,budget8.0,207,1.4271101119999798,1.0667853200857866,1.0748499933747566,0.008064673288970136
ties0,budget8.0,209,1.4405404569999973,1.0669461747152855,1.0748499933747566,0.007903818659471191
ties0,budget8.0,211,1.453915419999987,1.0669461747152855,1.0748499933747566,0.007903818659471191
ties0,budget8.0,213,1.4672587850000127,1.0669461747152855,1.0748499933747566,0.007903818659471191
ties0,budget8.0,215,1.4808763419999877,1.0669461747152855,1.0748499933747566,0.007903818659471191
ties0,budget8.0,217,1.4950013719999902,1.0669461747152855,1.0748499933747566,0.007903818659471191
ties0,budget8.0,219,1.5087686939999685,1.0669461747152855,1.0748499933747566,0.007903818659471191
ties0,budget8.0,221,1.5225307480000083,1.0669461747152855,1.0748499933747566,0.007903818659471191
ties0,budget8.0,223,1.5363018460000148,1.0669461747152855,1.0748499933747566,0.007903818659471191
ties0,budget8.0,225,1.5500510009999857,1.0673244352940086,1.0748499933747566,0.00752555808074821
ties0,budget8.0,227,1.5633846409999705,1.0673244352940086,1.0748499933747566,0.00752555808074821
ties0,budget8.0,229,1.5767714609999643,1.0673564250418492,1.0748499933747566,0.0074935683329075305
ties0,budget8.0,231,1.5901133940000136,1.0673564250418492,1.0748499933747566,0.0074935683329075305
ties0,budget8.0,233,1.60347522699999,1.0673564250418492,1.0748499933747566,0.0074935683329075305
ties0,budget8.0,235,1.6168144750000124,1.0673564250418492,1.0748499933747566,0.0074935683329075305
ties0,budget8.0,237,1.630144610000002,1.0673564250418492,1.0748499933747566,0.0074935683329075305
ties0,budget8.0,239,1.6437165090000008,1.0673564250418492,1.0748499933747566,0.0074935683329075305
ties0,budget8.0,241,1.6571238099999732,1.0673564250418492,1.0748499933747566,0.0074935683329075305
ties0,budget8.0,243,1.6704720120000047,1.0673564250418492,1.0748499933747566,0.0074935683329075305
ties0,budget8.0,245,1.683809929000006,1.0673564250418492,1.0748499933747566,0.0074935683329075305
ties0,budget8.0,247,1.6973032589999661,1.0673564250418492,1.0748499933747566,0.0074935683329075305
ties0,budget8.0,249,1.710732844000006,1.0673725718345177,1.0748499933747566,0.007477421540238965
ties0,budget8.0,251,1.724086753999984,1.0673725718345177,1.0748499933747566,0.007477421540238965
ties0,budget8.0,253,1.737566443999981,1.0673725718345177,1.0748499933747566,0.007477421540238965
ties0,budget8.0,255,1.7508639600000038,1.0673725718345177,1.0748499933747566,0.007477421540238965
ties0,budget8.0,257,1.7645178419999752,1.0673725718345177,1.0748499933747566,0.007477421540238965
ties0,budget8.0,259,1.7788418810000053,1.0673725718345177,1.0748499933747566,0.007477421540238965
ties0,budget8.0,261,1.7921613799999818,1.0673725718345177,1.0748499933747566,0.007477421540238965
ties0,budget8.0,263,1.8078939960000184,1.0673725718345177,1.0748499933747566,0.007477421540238965
ties0,budget8.0,265,1.8295258879999778,1.0673725718345177,1.0748499933747566,0.007477421540238965
ties0,budget8.0,267,1.8433364250000182,1.0673725718345177,1.0748499933747566,0.007477421540238965
ties0,budget8.0,269,1.8660122969999975,1.0673725718345177,1.0748499933747566,0.007477421540238965
ties0,budget8.0,271,1.8875733630000013,1.0673725718345177,1.0748499933747566,0.007477421540238965
ties0,budget8.0,273,1.9011133839999843,1.0678374338840948,1.0748499933747566,0.007012559490661975
ties0,budget8.0,275,1.9144065830000159,1.0678374338840948,1.0748499933747566,0.007012559490661975
ties0,budget8.0,277,1.9279441200000065,1.0678374338840948,1.0748499933747566,0.007012559490661975
ties0,budget8.0,279,1.9412835589999986,1.0678374338840948,1.0748499933747566,0.007012559490661975
ties0,budget8.0,281,1.954595497000014,1.0678374338840948,1.0748499933747566,0.007012559490661975
ties0,budget8.0,283,1.9683532440000135,1.0678374338840948,1.0748499933747566,0.007012559490661975
ties0,budget8.0,285,1.9821146279999766,1.0678374338840948,1.0748499933747566,0.007012559490661975
ties0,budget8.0,287,1.995862821000003,1.0678374338840948,1.0748499933747566,0.007012559490661975
ties0,budget8.0,289,2.009658865999995,1.0679561168544471,1.0748499933747566,0.006893876520309525
ties0,budget8.0,291,2.0230496419999895,1.0679561168544471,1.0748499933747566,0.006893876520309525
ties0,budget8.0,293,2.0364463779999937,1.0679561168544471,1.0748499933747566,0.006893876520309525
ties0,budget8.0,295,2.0497765329999993,1.0679561168544471,1.0748499933747566,0.006893876520309525
ties0,budget8.0,297,2.063143764000017,1.0679561168544471,1.0748499933747566,0.006893876520309525
ties0,budget8.0,299,2.076471594999987,1.0679561168544471,1.0748499933747566,0.006893876520309525
ties0,budget8.0,301,2.089934169000003,1.0679561168544471,1.0748499933747566,0.006893876520309525
ties0,budget8.0,303,2.1033964330000003,1.0679561168544471,1.0748499933747566,0.006893876520309525
ties0,budget8.0,305,2.1167597479999927,1.0679561168544471,1.0748499933747566,0.006893876520309525
ties0,budget8.0,307,2.130106487999967,1.0679561168544471,1.0748499933747566,0.006893876520309525
ties0,budget8.0,309,2.143671255000015,1.0679561168544471,1.0748499933747566,0.006893876520309525
ties0,budget8.0,311,2.157108552000011,1.0679561168544471,1.0748499933747566,0.006893876520309525
ties0,budget8.0,313,2.1705073800000036,1.0684284277923535,1.0748499933747566,0.00642156558240316
ties0,budget8.0,315,2.183878335999964,1.0684284277923535,1.0748499933747566,0.00642156558240316
ties0,budget8.0,317,2.197234100000003,1.0684284277923535,1.0748499933747566,0.00642156558240316
ties0,budget8.0,319,2.210631886999977,1.0684284277923535,1.0748499933747566,0.00642156558240316
ties0,budget8.0,321,2.223998026000004,1.0684284277923535,1.0748499933747566,0.00642156558240316
ties0,budget8.0,323,2.237734811999985,1.0684284277923535,1.0748499933747566,0.00642156558240316
ties0,budget8.0,325,2.251535084000011,1.0684284277923535,1.0748499933747566,0.00642156558240316
ties0,budget8.0,327,2.2653825059999804,1.0684284277923535,1.0748499933747566,0.00642156558240316
ties0,budget8.0,329,2.2791725729999825,1.0685162959036343,1.0748499933747566,0.006333697471122423
ties0,budget8.0,331,2.292545861999997,1.0685162959036343,1.0748499933747566,0.006333697471122423
ties0,budget8.0,333,2.305829186999972,1.0685162959036343,1.0748499933747566,0.006333697471122423
ties0,budget8.0,335,2.3191482159999737,1.0685162959036343,1.0748499933747566,0.006333697471122423
ties0,budget8.0,337,2.3324599630000193,1.0685162959036343,1.0748499933747566,0.006333697471122423
ties0,budget8.0,339,2.345735246000004,1.0685162959036343,1.0748499933747566,0.006333697471122423
ties0,budget8.0,341,2.359017888999972,1.0685162959036343,1.0748499933747566,0.006333697471122423
ties0,budget8.0,343,2.3723659309999903,1.0685162959036343,1.0748499933747566,0.006333697471122423
ties0,budget8.0,345,2.3857130719999873,1.0685162959036343,1.0748499933747566,0.006333697471122423
ties0,budget8.0,347,2.399076296999965,1.0685162959036343,1.0748499933747566,0.006333697471122423
ties0,budget8.0,349,2.412336857000014,1.068535990130431,1.0748499933747566,0.006314003244325707
ties0,budget8.0,351,2.4258840879999752,1.068535990130431,1.0748499933747566,0.006314003244325707
ties0,budget8.0,353,2.439210146999983,1.068535990130431,1.0748499933747566,0.006314003244325707
ties0,budget8.0,355,2.4524831869999844,1.068535990130431,1.0748499933747566,0.006314003244325707
ties0,budget8.0,357,2.4657513180000024,1.068535990130431,1.0748499933747566,0.006314003244325707
ties0,budget8.0,359,2.479010317000018,1.068535990130431,1.0748499933747566,0.006314003244325707
ties0,budget8.0,361,2.492244888000016,1.068535990130431,1.0748499933747566,0.006314003244325707
ties0,budget8.0,363,2.5054626639999924,1.068535990130431,1.0748499933747566,0.006314003244325707
ties0,budget8.0,365,2.51868183199997,1.068535990130431,1.0748499933747566,0.006314003244325707
ties0,budget8.0,367,2.5319607099999644,1.068535990130431,1.0748499933747566,0.006314003244325707
ties0,budget8.0,369,2.5451862279999773,1.068535990130431,1.0748499933747566,0.006314003244325707
ties0,budget8.0,371,2.5584088520000137,1.068535990130431,1.0748499933747566,0.006314003244325707
ties0,budget8.0,373,2.571647009000003,1.0687108095125537,1.0748499933747566,0.0061391838622029795
ties0,budget8.0,375,2.5785918469999842,1.0687108095125537,1.0748499933747566,0.0061391838622029795
ties0,budget8.0,377,2.585586610000007,1.0687108095125537,1.0748499933747566,0.0061391838622029795
ties0,budget8.0,379,2.592578859000014,1.0687108095125537,1.0748499933747566,0.0061391838622029795
ties0,budget8.0,381,2.5995899970000096,1.0687108095125537,1.0748499933747566,0.0061391838622029795
ties0,budget8.0,383,2.612875504999977,1.0687108095125537,1.0748499933747566,0.0061391838622029795
ties0,budget8.0,385,2.6262070920000156,1.0687108095125537,1.0748499933747566,0.0061391838622029795
ties0,budget8.0,387,2.63977713700001,1.0687108095125537,1.0748499933747566,0.0061391838622029795
ties0,budget8.0,389,2.653183747000014,1.0687108095125537,1.0748499933747566,0.0061391838622029795
ties0,budget8.0,391,2.666702946999976,1.0687108095125537,1.0748499933747566,0.0061391838622029795
ties0,budget8.0,393,2.680458020000003,1.0687108095125537,1.0748499933747566,0.0061391838622029795
ties0,budget8.0,395,2.6939607749999936,1.0687108095125537,1.0748499933747566,0.0061391838622029795
ties0,budget8.0,397,2.7074738249999655,1.0687108095125537,1.0748499933747566,0.0061391838622029795
ties0,budget8.0,399,2.7208731239999793,1.0687108095125537,1.0748499933747566,0.0061391838622029795
ties0,budget8.0,401,2.7344244109999636,1.0687108095125537,1.0748499933747566,0.0061391838622029795
ties0,budget8.0,403,2.7478173110000057,1.0687108095125537,1.0748499933747566,0.0061391838622029795
ties0,budget8.0,405,2.761390832000018,1.0687108095125537,1.0748499933747566,0.0061391838622029795
ties0,budget8.0,407,2.768453146000013,1.0687108095125537,1.0748499933747566,0.0061391838622029795
ties0,budget8.0,409,2.7754925759999765,1.0687108095125537,1.0748499933747566,0.0061391838622029795
ties0,budget8.0,411,2.7825386659999936,1.0687108095125537,1.0748499933747566,0.0061391838622029795
ties0,budget8.0,413,2.789600850999989,1.0687108095125537,1.0748499933747566,0.0061391838622029795
ties0,budget8.0,415,2.796636195000019,1.0687108095125537,1.0748499933747566,0.0061391838622029795
ties0,budget8.0,417,2.803654864000009,1.0687108095125537,1.0748499933747566,0.0061391838622029795
ties0,budget8.0,419,2.8106911689999947,1.0687108095125537,1.0748499933747566,0.0061391838622029795
ties0,budget8.0,421,2.8177534339999966,1.0689047099448095,1.0748499933747566,0.00594528342994735
ties0,budget8.0,423,2.830772952000018,1.0689047099448095,1.0748499933747566,0.00594528342994735
ties0,budget8.0,425,2.8437938120000013,1.0690156795410848,1.0748499933747566,0.005834313833671989
ties0,budget8.0,427,2.8570734109999876,1.0690156795410848,1.0748499933747566,0.005834313833671989
ties0,budget8.0,429,2.870366009999998,1.0690156795410848,1.0748499933747566,0.005834313833671989
ties0,budget8.0,431,2.883645107999996,1.0690156795410848,1.0748499933747566,0.005834313833671989
ties0,budget8.0,433,2.8970008119999875,1.0690156795410848,1.0748499933747566,0.005834313833671989
ties0,budget8.0,435,2.910654082999997,1.0690156795410848,1.0748499933747566,0.005834313833671989
ties0,budget8.0,437,2.924454244000003,1.0690156795410848,1.0748499933747566,0.005834313833671989
ties0,budget8.0,439,2.9381936240000073,1.0690156795410848,1.0748499933747566,0.005834313833671989
ties0,budget8.0,441,2.9518607859999975,1.0690635445963825,1.0748499933747566,0.005786448778374248
ties0,budget8.0,443,2.9648779809999724,1.0690635445963825,1.0748499933747566,0.005786448778374248
ties0,budget8.0,445,2.9779422759999647,1.0691122262084471,1.0748499933747566,0.00573776716630953
ties0,budget8.0,447,2.991269215999978,1.0691122262084471,1.0748499933747566,0.00573776716630953
ties0,budget8.0,449,3.0046085650000123,1.0691122262084471,1.0748499933747566,0.00573776716630953
ties0,budget8.0,451,3.017928574999985,1.0691122262084471,1.0748499933747566,0.00573776716630953
ties0,budget8.0,453,3.031306180999991,1.0691122262084471,1.0748499933747566,0.00573776716630953
ties0,budget8.0,455,3.0445888449999643,1.0691122262084471,1.0748499933747566,0.00573776716630953
ties0,budget8.0,457,3.0578419739999845,1.0691122262084471,1.0748499933747566,0.00573776716630953
ties0,budget8.0,459,3.0711786790000133,1.0691122262084471,1.0748499933747566,0.00573776716630953
ties0,budget8.0,461,3.084456896000006,1.0691122262084471,1.0748499933747566,0.00573776716630953
ties0,budget8.0,463,3.0978580579999857,1.0691122262084471,1.0748499933747566,0.00573776716630953
ties0,budget8.0,465,3.1111090139999646,1.0691122262084471,1.0748499933747566,0.00573776716630953
ties0,budget8.0,467,3.1243772259999787,1.0691122262084471,1.0748499933747566,0.00573776716630953
ties0,budget8.0,469,3.1377297650000173,1.0691458423433116,1.0748499933747566,0.00570415103144518
ties0,budget8.0,471,3.150882012000011,1.0691458423433116,1.0748499933747566,0.00570415103144518
ties0,budget8.0,473,3.1638595569999666,1.0691458423433116,1.0748499933747566,0.00570415103144518
ties0,budget8.0,475,3.176786204999985,1.0691458423433116,1.0748499933747566,0.00570415103144518
ties0,budget8.0,477,3.1897331739999686,1.0691458423433116,1.0748499933747566,0.00570415103144518
ties0,budget8.0,479,3.203192172999991,1.0691458423433116,1.0748499933747566,0.00570415103144518
ties0,budget8.0,481,3.216754186000003,1.069417241403568,1.0748499933747566,0.005432751971188552
ties0,budget8.0,483,3.2237854339999785,1.069417241403568,1.0748499933747566,0.005432751971188552
ties0,budget8.0,485,3.2307546380000076,1.069417241403568,1.0748499933747566,0.005432751971188552
ties0,budget8.0,487,3.2377947589999962,1.069417241403568,1.0748499933747566,0.005432751971188552
ties0,budget8.0,489,3.244848850999972,1.069417241403568,1.0748499933747566,0.005432751971188552
ties0,budget8.0,491,3.2581140679999976,1.069417241403568,1.0748499933747566,0.005432751971188552
ties0,budget8.0,493,3.271411162999982,1.069417241403568,1.0748499933747566,0.005432751971188552
ties0,budget8.0,495,3.2846644819999824,1.069417241403568,1.0748499933747566,0.005432751971188552
ties0,budget8.0,497,3.2979161189999786,1.069417241403568,1.0748499933747566,0.005432751971188552
ties0,budget8.0,499,3.311245783000004,1.069417241403568,1.0748499933747566,0.005432751971188552
ties0,budget8.0,501,3.324569918999998,1.069417241403568,1.0748499933747566,0.005432751971188552
ties0,budget8.0,503,3.3378542949999996,1.069417241403568,1.0748499933747566,0.005432751971188552
ties0,budget8.0,505,3.351096917999996,1.069417241403568,1.0748499933747566,0.005432751971188552
ties0,budget8.0,507,3.3643546739999692,1.069417241403568,1.0748499933747566,0.005432751971188552
ties0,budget8.0,509,3.377602354999965,1.069417241403568,1.0748499933747566,0.005432751971188552
ties0,budget8.0,511,3.3909912379999696,1.069417241403568,1.0748499933747566,0.005432751971188552
ties0,price2.0,1,0.08545172300000559,1.0556771672023713,1.0748499933747566,0.019172826172385533
ties0,price2.0,3,0.15230209800000694,1.0556771672023713,1.0748499933747566,0.019172826172385533
ties0,price2.0,5,0.21686574699998573,1.0556771672026326,1.0748499933747566,0.019172826172124124
ties0,price2.0,7,0.28258418100000426,1.0556771672026326,1.0748499933747566,0.019172826172124124
ties0,price2.0,9,0.34638967000000775,1.0556771672026326,1.0748499933747566,0.019172826172124124
ties0,price2.0,11,0.4110166429999822,1.0556771672026326,1.0748499933747566,0.019172826172124124
ties0,price2.0,13,0.47655343399998173,1.0556771672026326,1.0748499933747566,0.019172826172124124
ties0,price2.0,15,0.5431290269999636,1.0556771672026326,1.0748499933747566,0.019172826172124124
ties0,price2.0,17,0.6091211620000081,1.0556771672029108,1.0748499933747566,0.01917282617184585
ties0,price2.0,19,0.676832711999964,1.0556771672029672,1.0748499933747566,0.019172826171789413
ties0,price2.0,21,0.7438618259999998,1.0556771672029672,1.0748499933747566,0.019172826171789413
ties0,price2.0,23,0.8105517999999847,1.0556771672029672,1.0748499933747566,0.019172826171789413
ties0,price2.0,25,0.8769405619999588,1.0556771672029672,1.0748499933747566,0.019172826171789413
ties0,price2.0,27,0.9130699039999968,1.0556771672029672,1.0748499933747566,0.019172826171789413
ties0,price2.0,29,0.9820590439999819,1.0558221951870685,1.0748499933747566,0.019027798187688273
ties0,price2.0,31,1.049338243999955,1.055822195187514,1.0748499933747566,0.0190277981872427
ties0,price2.0,33,1.1173592689999623,1.055822195187514,1.0748499933747566,0.0190277981872427
ties0,price2.0,35,1.1837320459999887,1.055822195187514,1.0748499933747566,0.0190277981872427
ties0,price2.0,37,1.2528243609999663,1.0573236485139945,1.0748499933747566,0.017526344860762093
ties0,price2.0,39,1.3197392739999714,1.0573236485139945,1.0748499933747566,0.017526344860762093
ties0,price2.0,41,1.3861397329999932,1.0573236485151354,1.0748499933747566,0.017526344859621377
ties0,price2.0,43,1.453549258999999,1.0573236485151354,1.0748499933747566,0.017526344859621377
ties0,price2.0,45,1.5445045939999886,1.0573236485152442,1.0748499933747566,0.01752634485951243
ties0,price2.0,47,1.6124846769999976,1.0573236485152442,1.0748499933747566,0.01752634485951243
ties0,price2.0,49,1.680501085000003,1.0573688033369142,1.0748499933747566,0.017481190037842487
ties0,price2.0,51,1.7505658519999656,1.0573688033369142,1.0748499933747566,0.017481190037842487
ties0,price2.0,53,1.818816991999995,1.0573688033369142,1.0748499933747566,0.017481190037842487
ties0,price2.0,55,1.853791808999972,1.0573688033369142,1.0748499933747566,0.017481190037842487
ties0,price2.0,57,1.9240528209999752,1.0573688033369142,1.0748499933747566,0.017481190037842487
ties0,price2.0,59,1.9918170899999836,1.0573763483922334,1.0748499933747566,0.01747364498252332
ties0,price2.0,61,2.0594390249999606,1.0573763483922334,1.0748499933747566,0.01747364498252332
ties0,price8.0,1,0.08612067600000728,1.0556771672023713,1.0748499933747566,0.019172826172385533
ties0,price8.0,3,0.1534632500000157,1.0556771672023713,1.0748499933747566,0.019172826172385533
ties0,price8.0,5,0.21879942800001118,1.0556771672026326,1.0748499933747566,0.019172826172124124
ties0,price8.0,7,0.28448330800000576,1.0556771672026326,1.0748499933747566,0.019172826172124124
ties0,price8.0,9,0.34839809999999716,1.0556771672026326,1.0748499933747566,0.019172826172124124
ties0,price8.0,11,0.41388357200003156,1.0556771672026326,1.0748499933747566,0.019172826172124124
ties0,price8.0,13,0.47945052600005056,1.0556771672026326,1.0748499933747566,0.019172826172124124
ties0,price8.0,15,0.5463385470000048,1.0556771672026326,1.0748499933747566,0.019172826172124124
ties0,price8.0,17,0.6125778820000392,1.0556771672029108,1.0748499933747566,0.01917282617184585
ties0,price8.0,19,0.6805853950000369,1.0556771672029672,1.0748499933747566,0.019172826171789413
ties0,price8.0,21,0.7482302530000311,1.0556771672029672,1.0748499933747566,0.019172826171789413
ties0,price8.0,23,0.8160950710000066,1.0556771672029672,1.0748499933747566,0.019172826171789413
ties0,price8.0,25,0.882887267000001,1.0556771672029672,1.0748499933747566,0.019172826171789413
ties0,price8.0,27,0.9194031590000122,1.0556771672029672,1.0748499933747566,0.019172826171789413
ties0,price8.0,29,0.9888141810000093,1.0558221951870685,1.0748499933747566,0.019027798187688273
ties0,price8.0,31,1.0560616820000064,1.055822195187514,1.0748499933747566,0.0190277981872427
ties0,price8.0,33,1.122314708000033,1.055822195187514,1.0748499933747566,0.0190277981872427
ties0,price8.0,35,1.1887476040000138,1.055822195187514,1.0748499933747566,0.0190277981872427
ties0,price8.0,37,1.2577808280000227,1.0573236485139945,1.0748499933747566,0.017526344860762093
ties0,price8.0,39,1.3248466960000087,1.0573236485139945,1.0748499933747566,0.017526344860762093
ties0,price8.0,41,1.3910497159999977,1.0573236485151354,1.0748499933747566,0.017526344859621377
ties0,price8.0,43,1.458055193000007,1.0573236485151354,1.0748499933747566,0.017526344859621377
ties0,price8.0,45,1.5468512799999985,1.0573236485152442,1.0748499933747566,0.01752634485951243
ties0,price8.0,47,1.6136609730000373,1.0573236485152442,1.0748499933747566,0.01752634485951243
ties0,price8.0,49,1.6808326999999963,1.0573688033369142,1.0748499933747566,0.017481190037842487
ties0,price8.0,51,1.7500651930000117,1.0573688033369142,1.0748499933747566,0.017481190037842487
ties0,price8.0,53,1.8175053030000186,1.0573688033369142,1.0748499933747566,0.017481190037842487
ties0,price8.0,55,1.8520545100000163,1.0573688033369142,1.0748499933747566,0.017481190037842487
ties0,price8.0,57,1.9210129120000374,1.0573688033369142,1.0748499933747566,0.017481190037842487
ties0,price8.0,59,1.9894084880000378,1.0573763483922334,1.0748499933747566,0.01747364498252332
ties0,price8.0,61,2.0564974800000186,1.0573763483922334,1.0748499933747566,0.01747364498252332
ties0,price8.0,63,2.1232707380000306,1.0573961625052266,1.0748499933747566,0.01745383086953008
ties0,price8.0,65,2.1906963560000463,1.0573961625052266,1.0748499933747566,0.01745383086953008
ties0,price8.0,67,2.257701972999996,1.057396162507328,1.0748499933747566,0.017453830867428705
ties0,price8.0,69,2.324758667000026,1.057396162507328,1.0748499933747566,0.017453830867428705
ties0,price8.0,71,2.3951788760000454,1.057396162507328,1.0748499933747566,0.017453830867428705
ties0,price8.0,73,2.4309544050000227,1.057396162507328,1.0748499933747566,0.017453830867428705
ties0,price8.0,75,2.4992383530000097,1.057396162507328,1.0748499933747566,0.017453830867428705
ties0,price8.0,77,2.5688643580000416,1.057396162507328,1.0748499933747566,0.017453830867428705
ties0,price8.0,79,2.6360870820000173,1.0573961625073505,1.0748499933747566,0.01745383086740619
ties0,price8.0,81,2.7048802950000095,1.057485835183274,1.0748499933747566,0.017364158191482713
ties0,price8.0,83,2.7756598740000413,1.057485835183274,1.0748499933747566,0.017364158191482713
ties0,price8.0,85,2.8457591310000225,1.057485835183274,1.0748499933747566,0.017364158191482713
ties0,price8.0,87,2.914931655000032,1.057485835183274,1.0748499933747566,0.017364158191482713
ties0,price8.0,89,2.9847850220000396,1.058169466580518,1.0748499933747566,0.01668052679423888
ties0,price8.0,91,3.052372293000019,1.058169466580518,1.0748499933747566,0.01668052679423888
ties0,price8.0,93,3.1189459510000006,1.0581732391095844,1.0748499933747566,0.016676754265172428
ties0,price8.0,95,3.1869317510000315,1.0581732391098326,1.0748499933747566,0.016676754264924116
ties0,price8.0,97,3.254073723000033,1.0581831461666789,1.0748499933747566,0.016666847208077894
ties0,price8.0,99,3.3217319710000197,1.0581831461666789,1.0748499933747566,0.016666847208077894
ties0,price8.0,101,3.3572890920000305,1.0581831461666789,1.0748499933747566,0.016666847208077894
ties0,price8.0,103,3.4236819580000315,1.0581831461666789,1.0748499933747566,0.016666847208077894
ties0,price8.0,105,3.4916070470000022,1.0581831461666789,1.0748499933747566,0.016666847208077894
ties0,price8.0,107,3.55989213700002,1.0581912958030062,1.0748499933747566,0.016658697571750605
ties0,price8.0,109,3.5964816489999976,1.0581912958031947,1.0748499933747566,0.016658697571562013
ties0,price8.0,111,3.6657280640000067,1.0582532540346135,1.0748499933747566,0.01659673934014322
ties0,price8.0,113,3.7367662620000033,1.0582532540346135,1.0748499933747566,0.01659673934014322
ties0,price8.0,115,3.8092630620000136,1.0582574767323292,1.0748499933747566,0.01659251664242747
ties0,price8.0,117,3.9069632820000493,1.0582574767323292,1.0748499933747566,0.01659251664242747
ties0,price8.0,119,3.9769579510000312,1.058257476732354,1.0748499933747566,0.016592516642402782
ties0,price8.0,121,4.049214680000034,1.058257476732354,1.0748499933747566,0.016592516642402782
ties0,price8.0,123,4.1191368210000405,1.0582574767324173,1.0748499933747566,0.016592516642339305
ties0,price8.0,125,4.190543743000035,1.0582574767324173,1.0748499933747566,0.016592516642339305
ties0,price8.0,127,4.260431320999999,1.0582645202270042,1.0748499933747566,0.016585473147752574
ties0,price8.0,129,4.331141185000035,1.0582651327046502,1.0748499933747566,0.016584860670106446
ties0,price8.0,131,4.401490848000037,1.0582651327046502,1.0748499933747566,0.016584860670106446
ties0,price8.0,133,4.472786774000042,1.0582651327046502,1.0748499933747566,0.016584860670106446
ties0,price8.0,135,4.545284695000021,1.058270049425472,1.0748499933747566,0.016579943949284633
ties0,price8.0,137,4.616421752000008,1.0583076128249176,1.0748499933747566,0.01654238054983922
ties0,price8.0,139,4.689007415000049,1.058462925308412,1.0748499933747566,0.01638706806634478
ties0,price8.0,141,4.760163440000042,1.0592347271451865,1.0748499933747566,0.01561526622957013
ties0,price8.0,143,4.8313696710000045,1.0616178590115706,1.0748499933747566,0.01323213436318612
ties0,price8.0,145,4.904427913999996,1.0619578672109007,1.0748499933747566,0.01289212616385609
ties0,price8.0,147,4.97562289800004,1.0621166152667743,1.0748499933747566,0.012733378107982416
ties0,price8.0,149,5.0477672880000455,1.0627668275688884,1.0748499933747566,0.012083165805868365
ties0,price8.0,151,5.118828721,1.0631339847810812,1.0748499933747566,0.011716008593675577
ties0,price8.0,153,5.191299782000044,1.0631339847810812,1.0748499933747566,0.011716008593675577
ties0,price8.0,155,5.2632959400000345,1.0631339847810812,1.0748499933747566,0.011716008593675577
ties0,price8.0,157,5.334774519000007,1.0632246422590164,1.0748499933747566,0.011625351115740248
ties0,price8.0,159,5.407059762000017,1.063348162340404,1.0748499933747566,0.011501831034352842
ties0,price8.0,161,5.477199929000051,1.0639315991393348,1.0748499933747566,0.01091839423542199
ties0,price8.0,163,5.548278828000036,1.0639542557908719,1.0748499933747566,0.010895737583884789
ties0,price8.0,165,5.619458479000002,1.0639562347299583,1.0748499933747566,0.010893758644798423
ties0,price8.0,167,5.690568194000036,1.0639562347299583,1.0748499933747566,0.010893758644798423
ties0,price8.0,169,5.761803568000005,1.06395887956822,1.0748499933747566,0.010891113806536616
ties0,price8.0,171,5.832814145000043,1.0639588795684696,1.0748499933747566,0.010891113806287203
ties0,price8.0,173,5.902717667000047,1.0639588795696393,1.0748499933747566,0.010891113805117484
ties0,price8.0,175,5.975548297000046,1.06396086321424,1.0748499933747566,0.01088913016051651
ties0,price8.0,177,6.012592030999997,1.06396086321424,1.0748499933747566,0.01088913016051651
ties0,price8.0,179,6.083411768000019,1.0640694723952346,1.0748499933747566,0.010780520979522012
ties0,price8.0,181,6.154993060000038,1.0640694723952346,1.0748499933747566,0.010780520979522012
ties0,price8.0,183,6.257467482000038,1.064213311062469,1.0748499933747566,0.010636682312287852
ties0,price8.0,185,6.3285376260000135,1.0642618882983041,1.0748499933747566,0.010588105076452503
ties0,price8.0,187,6.400913943000035,1.064367074807873,1.0748499933747566,0.010482918566883739
ties0,price8.0,189,6.473246965000044,1.0644502988755444,1.0748499933747566,0.010399694499212204
ties0,price8.0,191,6.545940628000039,1.0644675332509848,1.0748499933747566,0.01038246012377191
ties0,price8.0,193,6.583237393000047,1.0644675332509848,1.0748499933747566,0.01038246012377191
ties0,price8.0,195,6.620031943000015,1.0644675332509848,1.0748499933747566,0.01038246012377191
ties0,price8.0,197,6.694125890999999,1.0645910127180982,1.0748499933747566,0.010258980656658572
ties0,price8.0,199,6.76729493900001,1.0646701214889742,1.0748499933747566,0.010179871885782468
ties0,price8.0,201,6.840232429000025,1.0647063897625626,1.0748499933747566,0.010143603612194055
ties0,price8.0,203,6.913361728000041,1.0647065503751547,1.0748499933747566,0.010143442999602
ties0,price8.0,205,6.987704540000038,1.0648528042145653,1.0748499933747566,0.009997189160191457
ties0,price8.0,207,7.060650523000049,1.0648711348602191,1.0748499933747566,0.009978858514537637
ties0,price8.0,209,7.133437517000004,1.0648977995120394,1.0748499933747566,0.009952193862717267
ties0,price8.0,211,7.171029013999998,1.0648977995126585,1.0748499933747566,0.009952193862098266
ties0,price8.0,213,7.243156096000007,1.0650340954169975,1.0748499933747566,0.009815897957759258
ties0,price8.0,215,7.315052202000004,1.0650340954192778,1.0748499933747566,0.00981589795547877
ties0,price8.0,217,7.387268747999997,1.065122640201063,1.0748499933747566,0.009727353173693843
ties0,price8.0,219,7.4598809490000235,1.065127736035606,1.0748499933747566,0.009722257339150843
ties0,price8.0,221,7.534550152000008,1.0652599728898131,1.0748499933747566,0.009590020484943541
ties0,price8.0,223,7.608125952000023,1.0653215323724574,1.0748499933747566,0.009528461002299376
ties0,price8.0,225,7.679978451000011,1.0653267613257962,1.0748499933747566,0.009523232048960622
ties0,price8.0,227,7.754213261000018,1.065458281179152,1.0748499933747566,0.009391712195604638
ties0,price8.0,229,7.827806827000018,1.065458281179152,1.0748499933747566,0.009391712195604638
ties0,price8.0,231,7.899384173000044,1.0654582811793305,1.0748499933747566,0.009391712195426113
ties0,price8.0,233,7.971341210000048,1.0657428629530306,1.0748499933747566,0.009107130421726128
ties0,price8.0,235,8.04640332300005,1.0657573014322421,1.0748499933747566,0.009092691942514643
ties1,budget2.0,1,0.17168915700000298,0.0,0.0,0.0
ties1,budget8.0,1,0.17584959800001343,0.0,0.0,0.0
ties1,price2.0,1,0.3510790839999913,0.0,0.0,0.0
ties1,price8.0,1,0.35265863699999045,0.0,0.0,0.0
ties2,budget2.0,1,1.0197365350000496,6.082702728131661,6.13519726966599,0.05249454153432894
ties2,budget2.0,3,1.251642362000041,6.082702728131661,6.13519726966599,0.05249454153432894
ties2,budget2.0,5,1.486045511000043,6.082702728131661,6.13519726966599,0.05249454153432894
ties2,budget2.0,7,1.7179104570000163,6.082702728131661,6.13519726966599,0.05249454153432894
ties2,budget2.0,9,1.9495759530000214,6.082702728131661,6.13519726966599,0.05249454153432894
ties2,budget2.0,11,2.1815160810000407,6.082702728131661,6.13519726966599,0.05249454153432894
ties2,budget8.0,1,1.5095853789999865,6.082702728131661,6.135180638490329,0.05247791035866842
ties2,budget8.0,3,1.7382566090000182,6.082702728131661,6.135180638490329,0.05247791035866842
ties2,budget8.0,5,1.9677674520000323,6.082702728131661,6.135180638490329,0.05247791035866842
ties2,budget8.0,7,2.196818092000001,6.082702728131661,6.135180638490329,0.05247791035866842
ties2,budget8.0,9,2.4266875840000353,6.082702728131661,6.135180638490329,0.05247791035866842
ties2,budget8.0,11,2.6553964110000265,6.082702728131661,6.135180638490329,0.05247791035866842
ties2,budget8.0,13,2.8857735560000037,6.082702728131661,6.135180638490329,0.05247791035866842
ties2,budget8.0,15,3.1145791879999933,6.082702728131661,6.135180638490329,0.05247791035866842
ties2,budget8.0,17,3.3430546540000137,6.082702728131661,6.135180638490329,0.05247791035866842
ties2,budget8.0,19,3.5701237250000304,6.082702728131661,6.135180638490329,0.05247791035866842
ties2,budget8.0,21,3.7979135500000325,6.082702728131661,6.135180638490329,0.05247791035866842
ties2,budget8.0,23,4.0268270450000045,6.082702728131661,6.135180638490329,0.05247791035866842
ties2,budget8.0,25,4.255382571000041,6.082702728131661,6.135180638490329,0.05247791035866842
ties2,budget8.0,27,4.483555679999995,6.082702728131661,6.135180638490329,0.05247791035866842
ties2,budget8.0,29,4.713574829000038,6.082702728131661,6.135180638490329,0.05247791035866842
ties2,budget8.0,31,4.943590153000002,6.082702728131661,6.135180638490329,0.05247791035866842
ties2,budget8.0,33,5.172905865000018,6.082702728131661,6.135180638490329,0.05247791035866842
ties2,budget8.0,35,5.402733627000032,6.082702728131661,6.135180638490329,0.05247791035866842
ties2,budget8.0,37,5.631622728000025,6.082702728131661,6.135180638490329,0.05247791035866842
ties2,budget8.0,39,5.860609015000023,6.082702728131661,6.135180638490329,0.05247791035866842
ties2,budget8.0,41,6.090888456000016,6.082702728131661,6.135180638490329,0.05247791035866842
ties2,budget8.0,43,6.3198346830000105,6.082702728131661,6.135180638490329,0.05247791035866842
ties2,budget8.0,45,6.549989647000018,6.082702728131661,6.135180638490329,0.05247791035866842
ties2,budget8.0,47,6.779113289999998,6.082702728131661,6.135180638490329,0.05247791035866842
ties2,budget8.0,49,7.008641091000015,6.082702728131661,6.135180638490329,0.05247791035866842
ties2,budget8.0,51,7.2374945690000345,6.082702728131661,6.135180638490329,0.05247791035866842
ties2,budget8.0,53,7.466914997999993,6.082702728131661,6.135180638490329,0.05247791035866842
ties2,budget8.0,55,7.695521495000037,6.082702728131661,6.135180638490329,0.05247791035866842
ties2,budget8.0,57,7.925052050000033,6.082702728131661,6.135180638490329,0.05247791035866842
ties2,budget8.0,59,8.154681313000026,6.082702728131661,6.135180638490329,0.05247791035866842
ties2,price2.0,1,1.7699096360000226,6.082702728131654,6.139906190511806,0.057203462380152406
ties2,price2.0,3,2.9338824420000265,6.082702728131654,6.139906190511806,0.057203462380152406
ties2,price8.0,1,2.798037764999947,6.082702728131654,6.1351057311882755,0.05240300305662139
ties2,price8.0,3,4.887882687000001,6.082702728131654,6.1351057311882755,0.05240300305662139
ties2,price8.0,5,6.954346035999947,6.082702728131654,6.1351057311882755,0.05240300305662139
ties2,price8.0,7,8.556121779999955,6.082702728131654,6.1351057311882755,0.05240300305662139
warranty0,budget2.0,1,0.06375207100001035,3.1076252138497438,3.110699775516721,0.003074561666977001
warranty0,budget2.0,3,0.07795250499998474,3.1076252138497438,3.110699775516721,0.003074561666977001
warranty0,budget2.0,5,0.09200166099998341,3.1076252138497438,3.110699775516721,0.003074561666977001
warranty0,budget2.0,7,0.10595715599998812,3.1076252138497438,3.110699775516721,0.003074561666977001
warranty0,budget2.0,9,0.12016093500000125,3.1076252138497438,3.110699775516721,0.003074561666977001
warranty0,budget2.0,11,0.1342321540000171,3.1076252138497438,3.110699775516721,0.003074561666977001
warranty0,budget2.0,13,0.1482647060000204,3.1076252138497438,3.110699775516721,0.003074561666977001
warranty0,budget2.0,15,0.16215580400000817,3.1076252138497438,3.110699775516721,0.003074561666977001
warranty0,budget2.0,17,0.1761229470000103,3.1076252138497438,3.110699775516721,0.003074561666977001
warranty0,budget2.0,19,0.18382739700001594,3.1076252138497438,3.110699775516721,0.003074561666977001
warranty0,budget2.0,21,0.19769558100000495,3.1076252138497438,3.110699775516721,0.003074561666977001
warranty0,budget2.0,23,0.20541311099998438,3.1076252138497438,3.110699775516721,0.003074561666977001
warranty0,budget2.0,25,0.2193773490000126,3.1076252138497438,3.110699775516721,0.003074561666977001
warranty0,budget2.0,27,0.22706601599998066,3.1076252138497438,3.110699775516721,0.003074561666977001
warranty0,budget2.0,29,0.23482121199998574,3.1076252138497438,3.110699775516721,0.003074561666977001
warranty0,budget2.0,31,0.2487144940000121,3.1076252138497438,3.110699775516721,0.003074561666977001
warranty0,budget2.0,33,0.2564810669999815,3.1076252138497438,3.110699775516721,0.003074561666977001
warranty0,budget2.0,35,0.26424596800001154,3.1076252138497438,3.110699775516721,0.003074561666977001
warranty0,budget2.0,37,0.2780175070000155,3.1076252138497438,3.110699775516721,0.003074561666977001
warranty0,budget2.0,39,0.2917303379999794,3.1076252138497438,3.110699775516721,0.003074561666977001
warranty0,budget2.0,41,0.2995255139999813,3.1076252138497438,3.110699775516721,0.003074561666977001
warranty0,budget2.0,43,0.31306424299998525,3.1076252138497438,3.110699775516721,0.003074561666977001
warranty0,budget2.0,45,0.326910053000006,3.1076252138497438,3.110699775516721,0.003074561666977001
warranty0,budget2.0,47,0.33486170499998025,3.1076252138497438,3.110699775516721,0.003074561666977001
warranty0,budget2.0,49,0.34847669900000255,3.1076252138497438,3.110699775516721,0.003074561666977001
warranty0,budget2.0,51,0.3622720530000265,3.1076252138497438,3.110699775516721,0.003074561666977001
warranty0,budget2.0,53,0.3761650050000185,3.1076252138497438,3.110699775516721,0.003074561666977001
warranty0,budget2.0,55,0.3899702040000079,3.1076252138497438,3.110699775516721,0.003074561666977001
warranty0,budget2.0,57,0.40359478199997056,3.1076252138497438,3.110699775516721,0.003074561666977001
warranty0,budget2.0,59,0.4172740629999794,3.1076252138497438,3.110699775516721,0.003074561666977001
warranty0,budget2.0,61,0.4311571189999768,3.1076252138497438,3.110699775516721,0.003074561666977001
warranty0,budget2.0,63,0.44505169299998215,3.1076252138497438,3.110699775516721,0.003074561666977001
warranty0,budget2.0,65,0.4587098019999871,3.1076252138497438,3.110699775516721,0.003074561666977001
warranty0,budget2.0,67,0.4663068899999985,3.1076252138497438,3.110699775516721,0.003074561666977001
warranty0,budget2.0,69,0.4738156860000231,3.1076252138497438,3.110699775516721,0.003074561666977001
warranty0,budget2.0,71,0.4815045130000044,3.1076252138497438,3.110699775516721,0.003074561666977001
warranty0,budget2.0,73,0.4953106030000072,3.1076252138497438,3.110699775516721,0.003074561666977001
warranty0,budget2.0,75,0.509037955999986,3.1076252138497438,3.110699775516721,0.003074561666977001
warranty0,budget2.0,77,0.5230629359999739,3.1076252138497438,3.110699775516721,0.003074561666977001
warranty0,budget2.0,79,0.5307415569999989,3.1076252138497438,3.110699775516721,0.003074561666977001
warranty0,budget2.0,81,0.5383070880000105,3.1076252138497438,3.110699775516721,0.003074561666977001
warranty0,budget2.0,83,0.5460399410000036,3.1076252138497438,3.110699775516721,0.003074561666977001
warranty0,budget2.0,85,0.5599634480000191,3.1076252138497438,3.110699775516721,0.003074561666977001
warranty0,budget2.0,87,0.5738502699999799,3.1076252138497438,3.110699775516721,0.003074561666977001
warranty0,budget2.0,89,0.5879436829999918,3.1076252138497438,3.110699775516721,0.003074561666977001
warranty0,budget2.0,91,0.5955724589999818,3.1076252138497438,3.110699775516721,0.003074561666977001
warranty0,budget2.0,93,0.6031246300000248,3.1076252138497438,3.110699775516721,0.003074561666977001
warranty0,budget2.0,95,0.6108631509999896,3.1076252138497438,3.110699775516721,0.003074561666977001
warranty0,budget2.0,97,0.6248341500000265,3.1076252138497438,3.110699775516721,0.003074561666977001
warranty0,budget2.0,99,0.638744728000006,3.1076252138497438,3.110699775516721,0.003074561666977001
warranty0,budget2.0,101,0.6464168190000237,3.1076252138497438,3.110699775516721,0.003074561666977001
warranty0,budget2.0,103,0.6604263660000242,3.1076252138497438,3.110699775516721,0.003074561666977001
warranty0,budget2.0,105,0.6745023429999719,3.1076252138497438,3.110699775516721,0.003074561666977001
warranty0,budget2.0,107,0.6885425149999946,3.1076252138497438,3.110699775516721,0.003074561666977001
warranty0,budget2.0,109,0.6963185629999771,3.1076252138497438,3.110699775516721,0.003074561666977001
warranty0,budget2.0,111,0.7039263170000254,3.1076252138497438,3.110699775516721,0.003074561666977001
warranty0,budget2.0,113,0.7117842979999978,3.1076252138497438,3.110699775516721,0.003074561666977001
warranty0,budget2.0,115,0.7257302389999722,3.1076252138497438,3.110699775516721,0.003074561666977001
warranty0,budget2.0,117,0.7396102409999799,3.1076252138497438,3.110699775516721,0.003074561666977001
warranty0,budget2.0,119,0.7472910960000263,3.1076252138497438,3.110699775516721,0.003074561666977001
warranty0,budget2.0,121,0.7613343329999793,3.1076252138497438,3.110699775516721,0.003074561666977001
warranty0,budget2.0,123,0.7753449609999734,3.1076252138497438,3.110699775516721,0.003074561666977001
warranty0,budget2.0,125,0.7896299519999843,3.1076252138497438,3.110699775516721,0.003074561666977001
warranty0,budget2.0,127,0.8032792970000173,3.1076252138497438,3.110699775516721,0.003074561666977001
warranty0,budget2.0,129,0.8171124689999942,3.1076252138497438,3.110699775516721,0.003074561666977001
warranty0,budget2.0,131,0.8309214839999868,3.1076252138497438,3.110699775516721,0.003074561666977001
warranty0,budget2.0,133,0.8449349969999957,3.1076252138497438,3.110699775516721,0.003074561666977001
warranty0,budget2.0,135,0.8588731259999918,3.1076252138497438,3.110699775516721,0.003074561666977001
warranty0,budget2.0,137,0.8727612700000122,3.1076252138497438,3.110699775516721,0.003074561666977001
warranty0,budget2.0,139,0.8866702259999784,3.1076252138497438,3.110699775516721,0.003074561666977001
warranty0,budget2.0,141,0.8943807850000098,3.1076252138497438,3.110699775516721,0.003074561666977001
warranty0,budget2.0,143,0.9082998750000115,3.1076252138497438,3.110699775516721,0.003074561666977001
warranty0,budget2.0,145,0.9222955710000065,3.1076252138497438,3.110699775516721,0.003074561666977001
warranty0,budget2.0,147,0.9361749930000087,3.1076252138497438,3.110699775516721,0.003074561666977001
warranty0,budget2.0,149,0.9500525810000227,3.1076252138497438,3.110699775516721,0.003074561666977001
warranty0,budget2.0,151,0.9637032780000254,3.1076252138497438,3.110699775516721,0.003074561666977001
warranty0,budget2.0,153,0.9774858939999831,3.1076252138497438,3.110699775516721,0.003074561666977001
warranty0,budget2.0,155,0.9914073179999718,3.1076252138497438,3.110699775516721,0.003074561666977001
warranty0,budget2.0,157,1.0053336600000193,3.1076252138497438,3.110699775516721,0.003074561666977001
warranty0,budget2.0,159,1.0193801120000217,3.1076252138497438,3.110699775516721,0.003074561666977001
warranty0,budget2.0,161,1.0334145859999921,3.1076252138497438,3.110699775516721,0.003074561666977001
warranty0,budget2.0,163,1.0474340769999912,3.1076252138497438,3.110699775516721,0.003074561666977001
warranty0,budget2.0,165,1.0552396589999944,3.1076252138497438,3.110699775516721,0.003074561666977001
warranty0,budget2.0,167,1.0693999729999746,3.1076252138497438,3.110699775516721,0.003074561666977001
warranty0,budget2.0,169,1.0835261240000023,3.1076252138497438,3.110699775516721,0.003074561666977001
warranty0,budget2.0,171,1.0975377539999727,3.1076252138497438,3.110699775516721,0.003074561666977001
warranty0,budget2.0,173,1.1116230449999875,3.1076252138497438,3.110699775516721,0.003074561666977001
warranty0,budget2.0,175,1.1252042579999966,3.1076252138497438,3.110699775516721,0.003074561666977001
warranty0,budget2.0,177,1.1388308489999872,3.1076252138497438,3.110699775516721,0.003074561666977001
warranty0,budget2.0,179,1.152242856999976,3.1076252138497438,3.110699775516721,0.003074561666977001
warranty0,budget2.0,181,1.1658854120000228,3.1076252138497438,3.110699775516721,0.003074561666977001
warranty0,budget2.0,183,1.1797048230000087,3.1076252138497438,3.110699775516721,0.003074561666977001
warranty0,budget2.0,185,1.1933510939999792,3.1076252138497438,3.110699775516721,0.003074561666977001
warranty0,budget2.0,187,1.2070287419999772,3.1076252138497438,3.110699775516721,0.003074561666977001
warranty0,budget2.0,189,1.2206892039999957,3.1076252138497438,3.110699775516721,0.003074561666977001
warranty0,budget2.0,191,1.2343634360000237,3.1076252138497438,3.110699775516721,0.003074561666977001
warranty0,budget2.0,193,1.2478632770000218,3.1076252138497438,3.110699775516721,0.003074561666977001
warranty0,budget2.0,195,1.2617518420000238,3.1076252138497438,3.110699775516721,0.003074561666977001
warranty0,budget2.0,197,1.2755249130000266,3.1076252138497438,3.110699775516721,0.003074561666977001
warranty0,budget2.0,199,1.2892015589999914,3.1076252138497438,3.110699775516721,0.003074561666977001
warranty0,budget2.0,201,1.3029116160000171,3.1076252138497438,3.110699775516721,0.003074561666977001
warranty0,budget2.0,203,1.316964368000015,3.1076252138497438,3.110699775516721,0.003074561666977001
warranty0,budget2.0,205,1.3310689369999977,3.1076252138497438,3.110699775516721,0.003074561666977001
warranty0,budget2.0,207,1.344609819000027,3.1076252138497438,3.110699775516721,0.003074561666977001
warranty0,budget2.0,209,1.3583980129999986,3.1076252138497438,3.110699775516721,0.003074561666977001
warranty0,budget2.0,211,1.3725288420000084,3.1076252138497438,3.110699775516721,0.003074561666977001
warranty0,budget2.0,213,1.3862409019999973,3.1076252138497438,3.110699775516721,0.003074561666977001
warranty0,budget2.0,215,1.4001221760000249,3.1076252138497438,3.110699775516721,0.003074561666977001
warranty0,budget2.0,217,1.4139236699999742,3.1076252138497438,3.110699775516721,0.003074561666977001
warranty0,budget2.0,219,1.4276900009999736,3.1076252138497438,3.110699775516721,0.003074561666977001
warranty0,budget2.0,221,1.4414374830000156,3.1076252138497438,3.110699775516721,0.003074561666977001
warranty0,budget2.0,223,1.4552313059999733,3.1076252138497438,3.110699775516721,0.003074561666977001
warranty0,budget2.0,225,1.4688001299999769,3.1076252138497438,3.110699775516721,0.003074561666977001
warranty0,budget2.0,227,1.4826209930000118,3.1076252138497438,3.110699775516721,0.003074561666977001
warranty0,budget2.0,229,1.496369527000013,3.1076252138497438,3.110699775516721,0.003074561666977001
warranty0,budget2.0,231,1.510098352,3.1076252138497438,3.110699775516721,0.003074561666977001
warranty0,budget2.0,233,1.5247997690000261,3.1076252138497438,3.110699775516721,0.003074561666977001
warranty0,budget2.0,235,1.5393215149999833,3.1076252138497438,3.110699775516721,0.003074561666977001
warranty0,budget2.0,237,1.553498654000009,3.1076252138497438,3.110699775516721,0.003074561666977001
warranty0,budget2.0,239,1.5613155330000268,3.1076252138497438,3.110699775516721,0.003074561666977001
warranty0,budget2.0,241,1.5704064369999742,3.1076252138497438,3.110699775516721,0.003074561666977001
warranty0,budget2.0,243,1.5838685209999994,3.1076252138497438,3.110699775516721,0.003074561666977001
warranty0,budget2.0,245,1.5915272619999996,3.1076252138497438,3.110699775516721,0.003074561666977001
warranty0,budget2.0,247,1.6053905890000237,3.1076252138497438,3.110699775516721,0.003074561666977001
warranty0,budget2.0,249,1.6191873650000161,3.1076252138497438,3.110699775516721,0.003074561666977001
warranty0,budget2.0,251,1.6328154390000122,3.1076252138497438,3.110699775516721,0.003074561666977001
warranty0,budget2.0,253,1.6464456150000046,3.1076252138497438,3.110699775516721,0.003074561666977001
warranty0,budget2.0,255,1.6601096329999905,3.1076252138497438,3.110699775516721,0.003074561666977001
warranty0,budget2.0,257,1.6735178449999921,3.1076252138497438,3.110699775516721,0.003074561666977001
warranty0,budget2.0,259,1.6871545619999893,3.1076252138497438,3.110699775516721,0.003074561666977001
warranty0,budget2.0,261,1.7008314779999978,3.1076252138497438,3.110699775516721,0.003074561666977001
warranty0,budget2.0,263,1.714529887000026,3.1076252138497438,3.110699775516721,0.003074561666977001
warranty0,budget2.0,265,1.7281700190000038,3.1076252138497438,3.110699775516721,0.003074561666977001
warranty0,budget2.0,267,1.7421945080000114,3.1076252138497438,3.110699775516721,0.003074561666977001
warranty0,budget2.0,269,1.756246549000025,3.1076252138497438,3.110699775516721,0.003074561666977001
warranty0,budget2.0,271,1.7638504870000133,3.1076252138497438,3.110699775516721,0.003074561666977001
warranty0,budget2.0,273,1.7714401549999934,3.1076252138497438,3.110699775516721,0.003074561666977001
warranty0,budget2.0,275,1.7850431499999786,3.1076252138497438,3.110699775516721,0.003074561666977001
warranty0,budget2.0,277,1.7927898440000263,3.1076252138497438,3.110699775516721,0.003074561666977001
warranty0,budget2.0,279,1.8069547840000268,3.1076252138497438,3.110699775516721,0.003074561666977001
warranty0,budget2.0,281,1.82069063900002,3.1076252138497438,3.110699775516721,0.003074561666977001
warranty0,budget2.0,283,1.8343906509999783,3.1076252138497438,3.110699775516721,0.003074561666977001
warranty0,budget2.0,285,1.848100948000024,3.1076252138497438,3.110699775516721,0.003074561666977001
warranty0,budget2.0,287,1.8617810790000249,3.1076252138497438,3.110699775516721,0.003074561666977001
warranty0,budget2.0,289,1.8754005700000107,3.1076252138497438,3.110699775516721,0.003074561666977001
warranty0,budget2.0,291,1.8891569159999904,3.1076252138497438,3.110699775516721,0.003074561666977001
warranty0,budget2.0,293,1.903022615999987,3.1076252138497438,3.110699775516721,0.003074561666977001
warranty0,budget2.0,295,1.9167897589999825,3.1076252138497438,3.110699775516721,0.003074561666977001
warranty0,budget2.0,297,1.930579985999998,3.1076252138497438,3.110699775516721,0.003074561666977001
warranty0,budget2.0,299,1.9445561320000024,3.1076252138497438,3.110699775516721,0.003074561666977001
warranty0,budget2.0,301,1.9585715879999839,3.1076252138497438,3.110699775516721,0.003074561666977001
warranty0,budget2.0,303,1.9660129619999793,3.1076252138497438,3.110699775516721,0.003074561666977001
warranty0,budget2.0,305,1.9796644009999795,3.1076252138497438,3.110699775516721,0.003074561666977001
warranty0,budget2.0,307,1.9873130369999785,3.1076252138497438,3.110699775516721,0.003074561666977001
warranty0,budget2.0,309,2.0009725770000273,3.1076252138497438,3.110699775516721,0.003074561666977001
warranty0,budget8.0,1,0.06371767499996395,3.1076252138497438,3.110699775516721,0.003074561666977001
warranty0,budget8.0,3,0.07798938499996666,3.1076252138497438,3.110699775516721,0.003074561666977001
warranty0,budget8.0,5,0.09215347299999621,3.1076252138497438,3.110699775516721,0.003074561666977001
warranty0,budget8.0,7,0.10642860799998743,3.1076252138497438,3.110699775516721,0.003074561666977001
warranty0,budget8.0,9,0.12079481000000669,3.1076252138497438,3.110699775516721,0.003074561666977001
warranty0,budget8.0,11,0.1348880809999855,3.1076252138497438,3.110699775516721,0.003074561666977001
warranty0,budget8.0,13,0.14909526399998185,3.1076252138497438,3.110699775516721,0.003074561666977001
warranty0,budget8.0,15,0.1632006539999793,3.1076252138497438,3.110699775516721,0.003074561666977001
warranty0,budget8.0,17,0.17747128199999906,3.1076252138497438,3.110699775516721,0.003074561666977001
warranty0,budget8.0,19,0.18521728399997528,3.1076252138497438,3.110699775516721,0.003074561666977001
warranty0,budget8.0,21,0.19918488700000125,3.1076252138497438,3.110699775516721,0.003074561666977001
warranty0,budget8.0,23,0.2068503680000049,3.1076252138497438,3.110699775516721,0.003074561666977001
warranty0,budget8.0,25,0.22119346499999892,3.1076252138497438,3.110699775516721,0.003074561666977001
warranty0,budget8.0,27,0.22894110900000442,3.1076252138497438,3.110699775516721,0.003074561666977001
warranty0,budget8.0,29,0.23697452299995803,3.1076252138497438,3.110699775516721,0.003074561666977001
warranty0,budget8.0,31,0.2509301079999773,3.1076252138497438,3.110699775516721,0.003074561666977001
warranty0,budget8.0,33,0.2586332349999907,3.1076252138497438,3.110699775516721,0.003074561666977001
warranty0,budget8.0,35,0.26641700400000445,3.1076252138497438,3.110699775516721,0.003074561666977001
warranty0,budget8.0,37,0.2802328679999846,3.1076252138497438,3.110699775516721,0.003074561666977001
warranty0,budget8.0,39,0.2939428039999825,3.1076252138497438,3.110699775516721,0.003074561666977001
warranty0,budget8.0,41,0.30163191999997707,3.1076252138497438,3.110699775516721,0.003074561666977001
warranty0,budget8.0,43,0.3152340240000058,3.1076252138497438,3.110699775516721,0.003074561666977001
warranty0,budget8.0,45,0.3291364579999936,3.1076252138497438,3.110699775516721,0.003074561666977001
warranty0,budget8.0,47,0.33695141399999784,3.1076252138497438,3.110699775516721,0.003074561666977001
warranty0,budget8.0,49,0.3506655659999751,3.1076252138497438,3.110699775516721,0.003074561666977001
warranty0,budget8.0,51,0.36433444899995493,3.1076252138497438,3.110699775516721,0.003074561666977001
warranty0,budget8.0,53,0.3784197189999645,3.1076252138497438,3.110699775516721,0.003074561666977001
warranty0,budget8.0,55,0.3925811789999898,3.1076252138497438,3.110699775516721,0.003074561666977001
warranty0,budget8.0,57,0.40627655200000845,3.1076252138497438,3.110699775516721,0.003074561666977001
warranty0,budget8.0,59,0.4199989359999563,3.1076252138497438,3.110699775516721,0.003074561666977001
warranty0,budget8.0,61,0.4341091430000006,3.1076252138497438,3.110699775516721,0.003074561666977001
warranty0,budget8.0,63,0.44798628999996026,3.1076252138497438,3.110699775516721,0.003074561666977001
warranty0,budget8.0,65,0.46175230000000056,3.1076252138497438,3.110699775516721,0.003074561666977001
warranty0,budget8.0,67,0.4693846209999606,3.1076252138497438,3.110699775516721,0.003074561666977001
warranty0,budget8.0,69,0.47692297099996495,3.1076252138497438,3.110699775516721,0.003074561666977001
warranty0,budget8.0,71,0.48465868699997827,3.1076252138497438,3.110699775516721,0.003074561666977001
warranty0,budget8.0,73,0.49864352599996664,3.1076252138497438,3.110699775516721,0.003074561666977001
warranty0,budget8.0,75,0.5124594299999785,3.1076252138497438,3.110699775516721,0.003074561666977001
warranty0,budget8.0,77,0.5264246399999593,3.1076252138497438,3.110699775516721,0.003074561666977001
warranty0,budget8.0,79,0.5340569009999854,3.1076252138497438,3.110699775516721,0.003074561666977001
warranty0,budget8.0,81,0.5417118359999904,3.1076252138497438,3.110699775516721,0.003074561666977001
warranty0,budget8.0,83,0.5495485839999787,3.1076252138497438,3.110699775516721,0.003074561666977001
warranty0,budget8.0,85,0.5635471630000097,3.1076252138497438,3.110699775516721,0.003074561666977001
warranty0,budget8.0,87,0.5774663329999612,3.1076252138497438,3.110699775516721,0.003074561666977001
warranty0,budget8.0,89,0.5914521029999946,3.1076252138497438,3.110699775516721,0.003074561666977001
warranty0,budget8.0,91,0.5992360019999978,3.1076252138497438,3.110699775516721,0.003074561666977001
warranty0,budget8.0,93,0.6067816529999845,3.1076252138497438,3.110699775516721,0.003074561666977001
warranty0,budget8.0,95,0.6145075649999967,3.1076252138497438,3.110699775516721,0.003074561666977001
warranty0,budget8.0,97,0.6283568999999716,3.1076252138497438,3.110699775516721,0.003074561666977001
warranty0,budget8.0,99,0.6422543069999733,3.1076252138497438,3.110699775516721,0.003074561666977001
warranty0,budget8.0,101,0.6502935089999937,3.1076252138497438,3.110699775516721,0.003074561666977001
warranty0,budget8.0,103,0.6642307059999553,3.1076252138497438,3.110699775516721,0.003074561666977001
warranty0,budget8.0,105,0.6782544629999734,3.1076252138497438,3.110699775516721,0.003074561666977001
warranty0,budget8.0,107,0.6922438889999967,3.1076252138497438,3.110699775516721,0.003074561666977001
warranty0,budget8.0,109,0.7000201760000095,3.1076252138497438,3.110699775516721,0.003074561666977001
warranty0,budget8.0,111,0.7076539599999592,3.1076252138497438,3.110699775516721,0.003074561666977001
warranty0,budget8.0,113,0.7154637570000091,3.1076252138497438,3.110699775516721,0.003074561666977001
warranty0,budget8.0,115,0.7294400029999792,3.1076252138497438,3.110699775516721,0.003074561666977001
warranty0,budget8.0,117,0.7434413770000106,3.1076252138497438,3.110699775516721,0.003074561666977001
warranty0,budget8.0,119,0.7512751799999933,3.1076252138497438,3.110699775516721,0.003074561666977001
warranty0,budget8.0,121,0.7653176759999951,3.1076252138497438,3.110699775516721,0.003074561666977001
warranty0,budget8.0,123,0.7794536119999975,3.1076252138497438,3.110699775516721,0.003074561666977001
warranty0,budget8.0,125,0.7938148359999673,3.1076252138497438,3.110699775516721,0.003074561666977001
warranty0,budget8.0,127,0.8074971599999685,3.1076252138497438,3.110699775516721,0.003074561666977001
warranty0,budget8.0,129,0.8212344359999975,3.1076252138497438,3.110699775516721,0.003074561666977001
warranty0,budget8.0,131,0.835123330999977,3.1076252138497438,3.110699775516721,0.003074561666977001
warranty0,budget8.0,133,0.8491745089999654,3.1076252138497438,3.110699775516721,0.003074561666977001
warranty0,budget8.0,135,0.86317647300001,3.1076252138497438,3.110699775516721,0.003074561666977001
warranty0,budget8.0,137,0.8772462599999926,3.1076252138497438,3.110699775516721,0.003074561666977001
warranty0,budget8.0,139,0.8912207429999626,3.1076252138497438,3.110699775516721,0.003074561666977001
warranty0,budget8.0,141,0.8989881470000114,3.1076252138497438,3.110699775516721,0.003074561666977001
warranty0,budget8.0,143,0.9130699709999703,3.1076252138497438,3.110699775516721,0.003074561666977001
warranty0,budget8.0,145,0.9271445949999588,3.1076252138497438,3.110699775516721,0.003074561666977001
warranty0,budget8.0,147,0.941183293999984,3.1076252138497438,3.110699775516721,0.003074561666977001
warranty0,budget8.0,149,0.9552085039999838,3.1076252138497438,3.110699775516721,0.003074561666977001
warranty0,budget8.0,151,0.9689919200000077,3.1076252138497438,3.110699775516721,0.003074561666977001
warranty0,budget8.0,153,0.9827977589999932,3.1076252138497438,3.110699775516721,0.003074561666977001
warranty0,budget8.0,155,0.9969048819999671,3.1076252138497438,3.110699775516721,0.003074561666977001
warranty0,budget8.0,157,1.0109702109999716,3.1076252138497438,3.110699775516721,0.003074561666977001
warranty0,budget8.0,159,1.025062601000002,3.1076252138497438,3.110699775516721,0.003074561666977001
warranty0,budget8.0,161,1.0390641149999738,3.1076252138497438,3.110699775516721,0.003074561666977001
warranty0,budget8.0,163,1.053120200999956,3.1076252138497438,3.110699775516721,0.003074561666977001
warranty0,budget8.0,165,1.060886542999981,3.1076252138497438,3.110699775516721,0.003074561666977001
warranty0,budget8.0,167,1.0750188639999578,3.1076252138497438,3.110699775516721,0.003074561666977001
warranty0,budget8.0,169,1.089122189999955,3.1076252138497438,3.110699775516721,0.003074561666977001
warranty0,budget8.0,171,1.1035051469999644,3.1076252138497438,3.110699775516721,0.003074561666977001
warranty0,budget8.0,173,1.1175752839999973,3.1076252138497438,3.110699775516721,0.003074561666977001
warranty0,budget8.0,175,1.131021412999985,3.1076252138497438,3.110699775516721,0.003074561666977001
warranty0,budget8.0,177,1.1448031969999874,3.1076252138497438,3.110699775516721,0.003074561666977001
warranty0,budget8.0,179,1.1583577380000065,3.1076252138497438,3.110699775516721,0.003074561666977001
warranty0,budget8.0,181,1.1722327519999567,3.1076252138497438,3.110699775516721,0.003074561666977001
warranty0,budget8.0,183,1.1861105599999746,3.1076252138497438,3.110699775516721,0.003074561666977001
warranty0,budget8.0,185,1.1998514019999789,3.1076252138497438,3.110699775516721,0.003074561666977001
warranty0,budget8.0,187,1.2138195150000115,3.1076252138497438,3.110699775516721,0.003074561666977001
warranty0,budget8.0,189,1.2276949189999868,3.1076252138497438,3.110699775516721,0.003074561666977001
warranty0,budget8.0,191,1.2415092719999734,3.1076252138497438,3.110699775516721,0.003074561666977001
warranty0,budget8.0,193,1.2551285509999843,3.1076252138497438,3.110699775516721,0.003074561666977001
warranty0,budget8.0,195,1.2688790469999844,3.1076252138497438,3.110699775516721,0.003074561666977001
warranty0,budget8.0,197,1.282613480000009,3.1076252138497438,3.110699775516721,0.003074561666977001
warranty0,budget8.0,199,1.2963961639999866,3.1076252138497438,3.110699775516721,0.003074561666977001
warranty0,budget8.0,201,1.310157586999992,3.1076252138497438,3.110699775516721,0.003074561666977001
warranty0,budget8.0,203,1.324328525999988,3.1076252138497438,3.110699775516721,0.003074561666977001
warranty0,budget8.0,205,1.3385101000000077,3.1076252138497438,3.110699775516721,0.003074561666977001
warranty0,budget8.0,207,1.3521933449999892,3.1076252138497438,3.110699775516721,0.003074561666977001
warranty0,budget8.0,209,1.3660414979999587,3.1076252138497438,3.110699775516721,0.003074561666977001
warranty0,budget8.0,211,1.3797733369999605,3.1076252138497438,3.110699775516721,0.003074561666977001
warranty0,budget8.0,213,1.3936093719999576,3.1076252138497438,3.110699775516721,0.003074561666977001
warranty0,budget8.0,215,1.4076034039999854,3.1076252138497438,3.110699775516721,0.003074561666977001
warranty0,budget8.0,217,1.421590445999982,3.1076252138497438,3.110699775516721,0.003074561666977001
warranty0,budget8.0,219,1.4357546040000102,3.1076252138497438,3.110699775516721,0.003074561666977001
warranty0,budget8.0,221,1.4496438389999753,3.1076252138497438,3.110699775516721,0.003074561666977001
warranty0,budget8.0,223,1.4634789429999842,3.1076252138497438,3.110699775516721,0.003074561666977001
warranty0,budget8.0,225,1.4771703000000116,3.1076252138497438,3.110699775516721,0.003074561666977001
warranty0,budget8.0,227,1.491141127999981,3.1076252138497438,3.110699775516721,0.003074561666977001
warranty0,budget8.0,229,1.5050571929999705,3.1076252138497438,3.110699775516721,0.003074561666977001
warranty0,budget8.0,231,1.5189029729999675,3.1076252138497438,3.110699775516721,0.003074561666977001
warranty0,budget8.0,233,1.532734540999968,3.1076252138497438,3.110699775516721,0.003074561666977001
warranty0,budget8.0,235,1.546839981000005,3.1076252138497438,3.110699775516721,0.003074561666977001
warranty0,budget8.0,237,1.5610173289999807,3.1076252138497438,3.110699775516721,0.003074561666977001
warranty0,budget8.0,239,1.568605563999995,3.1076252138497438,3.110699775516721,0.003074561666977001
warranty0,budget8.0,241,1.5762030719999984,3.1076252138497438,3.110699775516721,0.003074561666977001
warranty0,budget8.0,243,1.589728119999961,3.1076252138497438,3.110699775516721,0.003074561666977001
warranty0,budget8.0,245,1.597558638999999,3.1076252138497438,3.110699775516721,0.003074561666977001
warranty0,budget8.0,247,1.6115738229999579,3.1076252138497438,3.110699775516721,0.003074561666977001
warranty0,budget8.0,249,1.6252755859999866,3.1076252138497438,3.110699775516721,0.003074561666977001
warranty0,budget8.0,251,1.6389831879999974,3.1076252138497438,3.110699775516721,0.003074561666977001
warranty0,budget8.0,253,1.6526588019999622,3.1076252138497438,3.110699775516721,0.003074561666977001
warranty0,budget8.0,255,1.6663972499999886,3.1076252138497438,3.110699775516721,0.003074561666977001
warranty0,budget8.0,257,1.6798881770000094,3.1076252138497438,3.110699775516721,0.003074561666977001
warranty0,budget8.0,259,1.6935954879999713,3.1076252138497438,3.110699775516721,0.003074561666977001
warranty0,budget8.0,261,1.7074026999999887,3.1076252138497438,3.110699775516721,0.003074561666977001
warranty0,budget8.0,263,1.7211271869999791,3.1076252138497438,3.110699775516721,0.003074561666977001
warranty0,budget8.0,265,1.734811613999966,3.1076252138497438,3.110699775516721,0.003074561666977001
warranty0,budget8.0,267,1.7487785760000065,3.1076252138497438,3.110699775516721,0.003074561666977001
warranty0,budget8.0,269,1.7628117470000007,3.1076252138497438,3.110699775516721,0.003074561666977001
warranty0,budget8.0,271,1.7707382410000037,3.1076252138497438,3.110699775516721,0.003074561666977001
warranty0,budget8.0,273,1.7784216379999975,3.1076252138497438,3.110699775516721,0.003074561666977001
warranty0,budget8.0,275,1.7920712229999936,3.1076252138497438,3.110699775516721,0.003074561666977001
warranty0,budget8.0,277,1.7999083020000057,3.1076252138497438,3.110699775516721,0.003074561666977001
warranty0,budget8.0,279,1.8140796710000018,3.1076252138497438,3.110699775516721,0.003074561666977001
warranty0,budget8.0,281,1.82788767400001,3.1076252138497438,3.110699775516721,0.003074561666977001
warranty0,budget8.0,283,1.8417747959999815,3.1076252138497438,3.110699775516721,0.003074561666977001
warranty0,budget8.0,285,1.855637129999991,3.1076252138497438,3.110699775516721,0.003074561666977001
warranty0,budget8.0,287,1.86956074699998,3.1076252138497438,3.110699775516721,0.003074561666977001
warranty0,budget8.0,289,1.8832222789999946,3.1076252138497438,3.110699775516721,0.003074561666977001
warranty0,budget8.0,291,1.8970088499999633,3.1076252138497438,3.110699775516721,0.003074561666977001
warranty0,budget8.0,293,1.9108290309999916,3.1076252138497438,3.110699775516721,0.003074561666977001
warranty0,budget8.0,295,1.9245646249999595,3.1076252138497438,3.110699775516721,0.003074561666977001
warranty0,budget8.0,297,1.938318446999972,3.1076252138497438,3.110699775516721,0.003074561666977001
warranty0,budget8.0,299,1.952312638999956,3.1076252138497438,3.110699775516721,0.003074561666977001
warranty0,budget8.0,301,1.9663976679999564,3.1076252138497438,3.110699775516721,0.003074561666977001
warranty0,budget8.0,303,1.9739031089999912,3.1076252138497438,3.110699775516721,0.003074561666977001
warranty0,budget8.0,305,1.9876423979999913,3.1076252138497438,3.110699775516721,0.003074561666977001
warranty0,budget8.0,307,1.995324764999964,3.1076252138497438,3.110699775516721,0.003074561666977001
warranty0,budget8.0,309,2.009159468000007,3.1076252138497438,3.110699775516721,0.003074561666977001
warranty0,budget8.0,311,2.023146699999984,3.1076252138497438,3.110699775516721,0.003074561666977001
warranty0,budget8.0,313,2.037063706999959,3.1076252138497438,3.110699775516721,0.003074561666977001
warranty0,budget8.0,315,2.051019040999961,3.1076252138497438,3.110699775516721,0.003074561666977001
warranty0,budget8.0,317,2.0650701989999902,3.1076252138497438,3.110699775516721,0.003074561666977001
warranty0,budget8.0,319,2.079035848999979,3.1076252138497438,3.110699775516721,0.003074561666977001
warranty0,budget8.0,321,2.0930543480000097,3.1076252138497438,3.110699775516721,0.003074561666977001
warranty0,budget8.0,323,2.1010162849999574,3.1076252138497438,3.110699775516721,0.003074561666977001
warranty0,budget8.0,325,2.115207092999981,3.1076252138497438,3.110699775516721,0.003074561666977001
warranty0,budget8.0,327,2.1292661229999794,3.1076252138497438,3.110699775516721,0.003074561666977001
warranty0,budget8.0,329,2.1434680279999725,3.1076252138497438,3.110699775516721,0.003074561666977001
warranty0,budget8.0,331,2.157562401000007,3.1076252138497438,3.110699775516721,0.003074561666977001
warranty0,budget8.0,333,2.1653427449999754,3.1076252138497438,3.110699775516721,0.003074561666977001
warranty0,budget8.0,335,2.1796976489999906,3.1076252138497438,3.110699775516721,0.003074561666977001
warranty0,budget8.0,337,2.1874731259999862,3.1076252138497438,3.110699775516721,0.003074561666977001
warranty0,budget8.0,339,2.201621579999994,3.1076252138497438,3.110699775516721,0.003074561666977001
warranty0,budget8.0,341,2.209339469999975,3.1076252138497438,3.110699775516721,0.003074561666977001
warranty0,budget8.0,343,2.2233342729999777,3.1076252138497438,3.110699775516721,0.003074561666977001
warranty0,budget8.0,345,2.2310541459999627,3.1076252138497438,3.110699775516721,0.003074561666977001
warranty0,budget8.0,347,2.2449617589999775,3.1076252138497438,3.110699775516721,0.003074561666977001
warranty0,budget8.0,349,2.2590292009999757,3.1076252138497438,3.110699775516721,0.003074561666977001
warranty0,budget8.0,351,2.2730562939999572,3.1076252138497438,3.110699775516721,0.003074561666977001
warranty0,budget8.0,353,2.2871970769999734,3.1076252138497438,3.110699775516721,0.003074561666977001
warranty0,budget8.0,355,2.3013081549999583,3.1076252138497438,3.110699775516721,0.003074561666977001
warranty0,budget8.0,357,2.315425833000006,3.1076252138497438,3.110699775516721,0.003074561666977001
warranty0,budget8.0,359,2.3296266759999753,3.1076252138497438,3.110699775516721,0.003074561666977001
warranty0,budget8.0,361,2.337443774999997,3.1076252138497438,3.110699775516721,0.003074561666977001
warranty0,budget8.0,363,2.3515908580000087,3.1076252138497438,3.110699775516721,0.003074561666977001
warranty0,budget8.0,365,2.3658149959999832,3.1076252138497438,3.110699775516721,0.003074561666977001
warranty0,budget8.0,367,2.380130871999995,3.1076252138497438,3.110699775516721,0.003074561666977001
warranty0,budget8.0,369,2.394203281999978,3.1076252138497438,3.110699775516721,0.003074561666977001
warranty0,budget8.0,371,2.401947591999999,3.1076252138497438,3.110699775516721,0.003074561666977001
warranty0,budget8.0,373,2.4159826759999987,3.1076252138497438,3.110699775516721,0.003074561666977001
warranty0,budget8.0,375,2.423765823999986,3.1076252138497438,3.110699775516721,0.003074561666977001
warranty0,budget8.0,377,2.4380313539999747,3.1076252138497438,3.110699775516721,0.003074561666977001
warranty0,budget8.0,379,2.4456917169999883,3.1076252138497438,3.110699775516721,0.003074561666977001
warranty0,budget8.0,381,2.453336576999959,3.1076252138497438,3.110699775516721,0.003074561666977001
warranty0,budget8.0,383,2.4609324129999663,3.1076252138497438,3.110699775516721,0.003074561666977001
warranty0,budget8.0,385,2.4749131959999886,3.1076252138497438,3.110699775516721,0.003074561666977001
warranty0,budget8.0,387,2.4826822729999662,3.1076252138497438,3.110699775516721,0.003074561666977001
warranty0,budget8.0,389,2.490419341000006,3.1076252138497438,3.110699775516721,0.003074561666977001
warranty0,budget8.0,391,2.504420885000002,3.1076252138497438,3.110699775516721,0.003074561666977001
warranty0,budget8.0,393,2.5184013569999593,3.1076252138497438,3.110699775516721,0.003074561666977001
warranty0,budget8.0,395,2.5324820089999776,3.1076252138497438,3.110699775516721,0.003074561666977001
warranty0,budget8.0,397,2.546487939999963,3.1076252138497438,3.110699775516721,0.003074561666977001
warranty0,budget8.0,399,2.5605592789999605,3.1076252138497438,3.110699775516721,0.003074561666977001
warranty0,budget8.0,401,2.574958089000006,3.1076252138497438,3.110699775516721,0.003074561666977001
warranty0,budget8.0,403,2.5890329729999735,3.1076252138497438,3.110699775516721,0.003074561666977001
warranty0,budget8.0,405,2.6032412579999686,3.1076252138497438,3.110699775516721,0.003074561666977001
warranty0,budget8.0,407,2.6172731670000076,3.1076252138497438,3.110699775516721,0.003074561666977001
warranty0,budget8.0,409,2.6313792279999575,3.1076252138497438,3.110699775516721,0.003074561666977001
warranty0,budget8.0,411,2.6455416329999935,3.1076252138497438,3.110699775516721,0.003074561666977001
warranty0,budget8.0,413,2.6595388209999555,3.1076252138497438,3.110699775516721,0.003074561666977001
warranty0,budget8.0,415,2.6733786109999755,3.1076252138497438,3.110699775516721,0.003074561666977001
warranty0,budget8.0,417,2.6874261140000044,3.1076252138497438,3.110699775516721,0.003074561666977001
warranty0,budget8.0,419,2.701447046999988,3.1076252138497438,3.110699775516721,0.003074561666977001
warranty0,budget8.0,421,2.715455711000004,3.1076252138497438,3.110699775516721,0.003074561666977001
warranty0,budget8.0,423,2.7294804800000065,3.1076252138497438,3.110699775516721,0.003074561666977001
warranty0,budget8.0,425,2.7436938920000102,3.1076252138497438,3.110699775516721,0.003074561666977001
warranty0,budget8.0,427,2.757725241000003,3.1076252138497438,3.110699775516721,0.003074561666977001
warranty0,budget8.0,429,2.771877700999994,3.1076252138497438,3.110699775516721,0.003074561666977001
warranty0,budget8.0,431,2.7859329659999617,3.1076252138497438,3.110699775516721,0.003074561666977001
warranty0,budget8.0,433,2.7999698819999708,3.1076252138497438,3.110699775516721,0.003074561666977001
warranty0,budget8.0,435,2.8078274619999775,3.1076252138497438,3.110699775516721,0.003074561666977001
warranty0,budget8.0,437,2.8218729019999955,3.1076252138497438,3.110699775516721,0.003074561666977001
warranty0,budget8.0,439,2.8359406550000017,3.1076252138497438,3.110699775516721,0.003074561666977001
warranty0,budget8.0,441,2.84375382799999,3.1076252138497438,3.110699775516721,0.003074561666977001
warranty0,budget8.0,443,2.857760829999961,3.1076252138497438,3.110699775516721,0.003074561666977001
warranty0,budget8.0,445,2.865527192000002,3.1076252138497438,3.110699775516721,0.003074561666977001
warranty0,budget8.0,447,2.873190789999967,3.1076252138497438,3.110699775516721,0.003074561666977001
warranty0,budget8.0,449,2.880824834000009,3.1076252138497438,3.110699775516721,0.003074561666977001
warranty0,budget8.0,451,2.894770954999956,3.1076252138497438,3.110699775516721,0.003074561666977001
warranty0,budget8.0,453,2.902686281000001,3.1076252138497438,3.110699775516721,0.003074561666977001
warranty0,budget8.0,455,2.91043769099997,3.1076252138497438,3.110699775516721,0.003074561666977001
warranty0,budget8.0,457,2.924512375000006,3.1076252138497438,3.110699775516721,0.003074561666977001
warranty0,budget8.0,459,2.9385181049999574,3.1076252138497438,3.110699775516721,0.003074561666977001
warranty0,budget8.0,461,2.9526557629999957,3.1076252138497438,3.110699775516721,0.003074561666977001
warranty0,budget8.0,463,2.966690906999986,3.1076252138497438,3.110699775516721,0.003074561666977001
warranty0,budget8.0,465,2.9806596519999857,3.1076252138497438,3.110699775516721,0.003074561666977001
warranty0,budget8.0,467,2.994645721999973,3.1076252138497438,3.110699775516721,0.003074561666977001
warranty0,budget8.0,469,3.0086003949999736,3.1076252138497438,3.110699775516721,0.003074561666977001
warranty0,budget8.0,471,3.0225742479999553,3.1076252138497438,3.110699775516721,0.003074561666977001
warranty0,budget8.0,473,3.0366107140000054,3.1076252138497438,3.110699775516721,0.003074561666977001
warranty0,budget8.0,475,3.0506552819999797,3.1076252138497438,3.110699775516721,0.003074561666977001
warranty0,budget8.0,477,3.0646671509999805,3.1076252138497438,3.110699775516721,0.003074561666977001
warranty0,budget8.0,479,3.0787535829999797,3.1076252138497438,3.110699775516721,0.003074561666977001
warranty0,budget8.0,481,3.0926344949999702,3.1076252138497438,3.110699775516721,0.003074561666977001
warranty0,budget8.0,483,3.107003540999983,3.1076252138497438,3.110699775516721,0.003074561666977001
warranty0,budget8.0,485,3.1211260469999615,3.1076252138497438,3.110699775516721,0.003074561666977001
warranty0,budget8.0,487,3.1351780659999804,3.1076252138497438,3.110699775516721,0.003074561666977001
warranty0,budget8.0,489,3.1492832859999567,3.1076252138497438,3.110699775516721,0.003074561666977001
warranty0,budget8.0,491,3.16340618199996,3.1076252138497438,3.110699775516721,0.003074561666977001
warranty0,budget8.0,493,3.1776095689999693,3.1076252138497438,3.110699775516721,0.003074561666977001
warranty0,budget8.0,495,3.191607076999958,3.1076252138497438,3.110699775516721,0.003074561666977001
warranty0,budget8.0,497,3.205601209000008,3.1076252138497438,3.110699775516721,0.003074561666977001
warranty0,budget8.0,499,3.21970961400001,3.1076252138497438,3.110699775516721,0.003074561666977001
warranty0,budget8.0,501,3.227537237999968,3.1076252138497438,3.110699775516721,0.003074561666977001
warranty0,budget8.0,503,3.241517769999973,3.1076252138497438,3.110699775516721,0.003074561666977001
warranty0,budget8.0,505,3.2556122439999626,3.1076252138497438,3.110699775516721,0.003074561666977001
warranty0,budget8.0,507,3.2634989069999847,3.1076252138497438,3.110699775516721,0.003074561666977001
warranty0,budget8.0,509,3.277491857999962,3.1076252138497438,3.110699775516721,0.003074561666977001
warranty0,budget8.0,511,3.2907904749999943,3.1076252138497438,3.110699775516721,0.003074561666977001
warranty0,price2.0,1,0.09624333599998636,3.1089325114747504,3.110699775516721,0.0017672640419704726
warranty0,price2.0,3,0.13583152799998288,3.1089325114747504,3.110699775516721,0.0017672640419704726
warranty0,price2.0,5,0.21089980699997568,3.109712654422102,3.110699775516721,0.0009871210946190599
warranty0,price8.0,1,0.09344167900002276,3.1089325114747504,3.110699775516721,0.0017672640419704726
warranty0,price8.0,3,0.13513405100002274,3.1089325114747504,3.110699775516721,0.0017672640419704726
warranty0,price8.0,5,0.20810710599999993,3.109712654422102,3.110699775516721,0.0009871210946190599
warranty1,budget2.0,1,0.2499531629999865,8.205716670571327,8.236029016609116,0.03031234603778777
warranty1,budget2.0,3,0.31594342400001096,8.205716670571329,8.236029016609116,0.03031234603778729
warranty1,budget2.0,5,0.38142437900000914,8.205716670571329,8.236029016609116,0.03031234603778729
warranty1,budget2.0,7,0.4469078679999825,8.205716670571329,8.236029016609116,0.03031234603778729
warranty1,budget2.0,9,0.511888300999999,8.205716670571329,8.236029016609116,0.03031234603778729
warranty1,budget2.0,11,0.5770440269999995,8.205716670571329,8.236029016609116,0.03031234603778729
warranty1,budget2.0,13,0.6423660130000144,8.205716670571329,8.236029016609116,0.03031234603778729
warranty1,budget2.0,15,0.7076091910000173,8.205716670571329,8.236029016609116,0.03031234603778729
warranty1,budget2.0,17,0.7728816129999814,8.205716670571329,8.236029016609116,0.03031234603778729
warranty1,budget2.0,19,0.8378291959999729,8.205716670571329,8.236029016609116,0.03031234603778729
warranty1,budget2.0,21,0.9030514230000222,8.205716670571329,8.236029016609116,0.03031234603778729
warranty1,budget2.0,23,0.9685256779999918,8.205716670571329,8.236029016609116,0.03031234603778729
warranty1,budget2.0,25,1.0341461319999894,8.205716670571329,8.236029016609116,0.03031234603778729
warranty1,budget2.0,27,1.0992968109999879,8.205716670571329,8.236029016609116,0.03031234603778729
warranty1,budget2.0,29,1.1651569260000088,8.205716670571329,8.236029016609116,0.03031234603778729
warranty1,budget2.0,31,1.2307994039999812,8.205716670571329,8.236029016609116,0.03031234603778729
warranty1,budget2.0,33,1.2966044359999955,8.205716670571329,8.236029016609116,0.030312346037787062
warranty1,budget2.0,35,1.361966983000002,8.205716670571329,8.236029016609116,0.030312346037787062
warranty1,budget2.0,37,1.4274804369999856,8.205716670571329,8.236029016609116,0.030312346037787062
warranty1,budget2.0,39,1.4926284719999785,8.205716670571329,8.236029016609116,0.030312346037787062
warranty1,budget2.0,41,1.5579019959999982,8.205716670571329,8.236029016609116,0.030312346037787062
warranty1,budget2.0,43,1.6230609169999752,8.205716670571329,8.236029016609116,0.030312346037787062
warranty1,budget2.0,45,1.688560198999994,8.205716670571329,8.236029016609116,0.030312346037787062
warranty1,budget2.0,47,1.7536465140000246,8.205716670571329,8.236029016609116,0.030312346037787062
warranty1,budget2.0,49,1.818649454000024,8.205716670571329,8.236029016609116,0.030312346037787062
warranty1,budget2.0,51,1.8837105119999933,8.205716670571329,8.236029016609116,0.030312346037787062
warranty1,budget2.0,53,1.9492163169999799,8.205716670571329,8.236029016609116,0.030312346037787062
warranty1,budget2.0,55,2.014303223000013,8.205716670571329,8.236029016609116,0.030312346037787062
warranty1,budget8.0,1,0.2441441010000176,8.205716670571327,8.236029016609116,0.03031234603778777
warranty1,budget8.0,3,0.30751374600004056,8.205716670571329,8.236029016609116,0.03031234603778729
warranty1,budget8.0,5,0.37038001400003395,8.205716670571329,8.236029016609116,0.03031234603778729
warranty1,budget8.0,7,0.4332717110000317,8.205716670571329,8.236029016609116,0.03031234603778729
warranty1,budget8.0,9,0.4963436090000073,8.205716670571329,8.236029016609116,0.03031234603778729
warranty1,budget8.0,11,0.5594403740000189,8.205716670571329,8.236029016609116,0.03031234603778729
warranty1,budget8.0,13,0.6228466740000158,8.205716670571329,8.236029016609116,0.03031234603778729
warranty1,budget8.0,15,0.6861285670000257,8.205716670571329,8.236029016609116,0.03031234603778729
warranty1,budget8.0,17,0.7497453729999961,8.205716670571329,8.236029016609116,0.03031234603778729
warranty1,budget8.0,19,0.8129976420000276,8.205716670571329,8.236029016609116,0.03031234603778729
warranty1,budget8.0,21,0.8763224900000068,8.205716670571329,8.236029016609116,0.03031234603778729
warranty1,budget8.0,23,0.939937293000014,8.205716670571329,8.236029016609116,0.03031234603778729
warranty1,budget8.0,25,1.0050722519999908,8.205716670571329,8.236029016609116,0.03031234603778729
warranty1,budget8.0,27,1.0691138270000238,8.205716670571329,8.236029016609116,0.03031234603778729
warranty1,budget8.0,29,1.1324594760000082,8.205716670571329,8.236029016609116,0.03031234603778729
warranty1,budget8.0,31,1.1959844540000404,8.205716670571329,8.236029016609116,0.03031234603778729
warranty1,budget8.0,33,1.2598499549999929,8.205716670571329,8.236029016609116,0.030312346037787062
warranty1,budget8.0,35,1.3230717470000286,8.205716670571329,8.236029016609116,0.030312346037787062
warranty1,budget8.0,37,1.3866048380000393,8.205716670571329,8.236029016609116,0.030312346037787062
warranty1,budget8.0,39,1.45007001700003,8.205716670571329,8.236029016609116,0.030312346037787062
warranty1,budget8.0,41,1.5132017239999982,8.205716670571329,8.236029016609116,0.030312346037787062
warranty1,budget8.0,43,1.5764409829999977,8.205716670571329,8.236029016609116,0.030312346037787062
warranty1,budget8.0,45,1.6398768980000114,8.205716670571329,8.236029016609116,0.030312346037787062
warranty1,budget8.0,47,1.7037260840000386,8.205716670571329,8.236029016609116,0.030312346037787062
warranty1,budget8.0,49,1.7670126340000252,8.205716670571329,8.236029016609116,0.030312346037787062
warranty1,budget8.0,51,1.8302423389999944,8.205716670571329,8.236029016609116,0.030312346037787062
warranty1,budget8.0,53,1.8933744170000182,8.205716670571329,8.236029016609116,0.030312346037787062
warranty1,budget8.0,55,1.9565880270000093,8.205716670571329,8.236029016609116,0.030312346037787062
warranty1,budget8.0,57,2.020066997000015,8.205716670571329,8.236029016609116,0.030312346037787062
warranty1,budget8.0,59,2.083213285999989,8.205716670571329,8.236029016609116,0.030312346037787062
warranty1,budget8.0,61,2.146858124000005,8.205716670571329,8.236029016609116,0.030312346037787062
warranty1,budget8.0,63,2.210386999000036,8.205716670571329,8.236029016609116,0.030312346037787062
warranty1,budget8.0,65,2.274383917000023,8.205716670571329,8.236029016609116,0.030312346037787062
warranty1,budget8.0,67,2.3380017250000265,8.205716670571329,8.236029016609116,0.030312346037787062
warranty1,budget8.0,69,2.4014344150000397,8.205716670571329,8.236029016609116,0.030312346037787062
warranty1,budget8.0,71,2.464881165999998,8.205716670571329,8.236029016609116,0.030312346037787062
warranty1,budget8.0,73,2.5281421270000237,8.205716670571329,8.236029016609116,0.030312346037787062
warranty1,budget8.0,75,2.5916871960000094,8.205716670571329,8.236029016609116,0.030312346037787062
warranty1,budget8.0,77,2.6553847440000027,8.205716670571329,8.236029016609116,0.030312346037787062
warranty1,budget8.0,79,2.7187123539999902,8.205716670571329,8.236029016609116,0.030312346037787062
warranty1,budget8.0,81,2.7819761960000164,8.205716670571329,8.236029016609116,0.030312346037787062
warranty1,budget8.0,83,2.8449830630000292,8.205716670571329,8.236029016609116,0.030312346037787062
warranty1,budget8.0,85,2.9082718729999897,8.205716670571329,8.236029016609116,0.030312346037787062
warranty1,budget8.0,87,2.9715234270000224,8.205716670571329,8.236029016609116,0.030312346037787062
warranty1,budget8.0,89,3.034767180000017,8.205716670571329,8.236029016609116,0.030312346037787062
warranty1,budget8.0,91,3.0977902700000186,8.205716670571329,8.236029016609116,0.030312346037787062
warranty1,budget8.0,93,3.1614646799999946,8.205716670571329,8.236029016609116,0.030312346037787062
warranty1,budget8.0,95,3.2248637659999986,8.205716670571329,8.236029016609116,0.030312346037787062
warranty1,budget8.0,97,3.2881661669999858,8.205716670571329,8.236029016609116,0.030312346037787062
warranty1,budget8.0,99,3.3513910409999994,8.205716670571329,8.236029016609116,0.030312346037787062
warranty1,budget8.0,101,3.414867883999989,8.205716670571329,8.236029016609116,0.030312346037787062
warranty1,budget8.0,103,3.47810862099999,8.205716670571329,8.236029016609116,0.030312346037787062
warranty1,budget8.0,105,3.5414559700000154,8.205716670571329,8.236029016609116,0.030312346037787062
warranty1,budget8.0,107,3.604908005000027,8.205716670571329,8.236029016609116,0.030312346037787062
warranty1,budget8.0,109,3.668737849000024,8.205716670571329,8.236029016609116,0.030312346037787062
warranty1,budget8.0,111,3.732039308000026,8.205716670571329,8.236029016609116,0.030312346037787062
warranty1,budget8.0,113,3.7956284190000247,8.205716670571329,8.236029016609116,0.030312346037787062
warranty1,budget8.0,115,3.8588469640000085,8.205716670571329,8.236029016609116,0.030312346037787062
warranty1,budget8.0,117,3.9224533610000094,8.205716670571329,8.236029016609116,0.030312346037787062
warranty1,budget8.0,119,3.986156084000015,8.205716670571329,8.236029016609116,0.030312346037787062
warranty1,budget8.0,121,4.049482761000036,8.205716670571329,8.236029016609116,0.030312346037787062
warranty1,budget8.0,123,4.1130227780000155,8.205716670571329,8.236029016609116,0.030312346037787062
warranty1,budget8.0,125,4.176665990999993,8.205716670571329,8.236029016609116,0.030312346037787062
warranty1,budget8.0,127,4.240839351000034,8.205716670571329,8.236029016609116,0.030312346037787062
warranty1,budget8.0,129,4.304265057000009,8.205716670571329,8.236029016609116,0.030312346037787062
warranty1,budget8.0,131,4.367673887000024,8.205716670571329,8.236029016609116,0.030312346037787062
warranty1,budget8.0,133,4.431358622999994,8.205716670571329,8.236029016609116,0.030312346037787062
warranty1,budget8.0,135,4.494615535000037,8.205716670571329,8.236029016609116,0.030312346037787062
warranty1,budget8.0,137,4.558191066000006,8.205716670571329,8.236029016609116,0.030312346037787062
warranty1,budget8.0,139,4.621877464000022,8.205716670571329,8.236029016609116,0.030312346037787062
warranty1,budget8.0,141,4.68548253900002,8.205716670571329,8.236029016609116,0.030312346037787062
warranty1,budget8.0,143,4.74888457000003,8.205716670571329,8.236029016609116,0.030312346037787062
warranty1,budget8.0,145,4.812181522000003,8.205716670571329,8.236029016609116,0.030312346037787062
warranty1,budget8.0,147,4.8753907330000175,8.205716670571329,8.236029016609116,0.030312346037787062
warranty1,budget8.0,149,4.938918332000014,8.205716670571329,8.236029016609116,0.030312346037787062
warranty1,budget8.0,151,5.002431389000037,8.205716670571329,8.236029016609116,0.030312346037787062
warranty1,budget8.0,153,5.065870404999998,8.205716670571329,8.236029016609116,0.030312346037787062
warranty1,budget8.0,155,5.129361940000024,8.205716670571329,8.236029016609116,0.030312346037787062
warranty1,budget8.0,157,5.193182288999992,8.205716670571329,8.236029016609116,0.030312346037787062
warranty1,budget8.0,159,5.257321767999997,8.205716670571329,8.236029016609116,0.030312346037787062
warranty1,budget8.0,161,5.321328767000011,8.205716670571329,8.236029016609116,0.030312346037787062
warranty1,budget8.0,163,5.385161285000038,8.205716670571329,8.236029016609116,0.030312346037787062
warranty1,budget8.0,165,5.448852149000004,8.205716670571329,8.236029016609116,0.030312346037787062
warranty1,budget8.0,167,5.512544805999994,8.205716670571329,8.236029016609116,0.030312346037787062
warranty1,budget8.0,169,5.576616994000005,8.205716670571329,8.236029016609116,0.030312346037787062
warranty1,budget8.0,171,5.640748299999984,8.205716670571329,8.236029016609116,0.030312346037787062
warranty1,budget8.0,173,5.70484848000001,8.205716670571329,8.236029016609116,0.030312346037787062
warranty1,budget8.0,175,5.768895579999992,8.205716670571329,8.236029016609116,0.030312346037787062
warranty1,budget8.0,177,5.832818933999988,8.205716670571329,8.236029016609116,0.030312346037787062
warranty1,budget8.0,179,5.896606453000004,8.205716670571329,8.236029016609116,0.030312346037787062
warranty1,budget8.0,181,5.960025850000022,8.205716670571329,8.236029016609116,0.030312346037787062
warranty1,budget8.0,183,6.023682662999988,8.205716670571329,8.236029016609116,0.030312346037787062
warranty1,budget8.0,185,6.087278645000026,8.205716670571329,8.236029016609116,0.030312346037787062
warranty1,budget8.0,187,6.151058552999984,8.205716670571329,8.236029016609116,0.030312346037787062
warranty1,budget8.0,189,6.215019033000033,8.205716670571329,8.236029016609116,0.030312346037787062
warranty1,budget8.0,191,6.279241716999991,8.205716670571329,8.236029016609116,0.030312346037787062
warranty1,budget8.0,193,6.34304339800002,8.205716670571329,8.236029016609116,0.030312346037787062
warranty1,budget8.0,195,6.4069833170000265,8.205716670571329,8.236029016609116,0.030312346037787062
warranty1,budget8.0,197,6.470462783000016,8.205716670571329,8.236029016609116,0.030312346037787062
warranty1,budget8.0,199,6.534024103000036,8.205716670571329,8.236029016609116,0.030312346037787062
warranty1,budget8.0,201,6.59803714200001,8.205716670571329,8.236029016609116,0.030312346037787062
warranty1,budget8.0,203,6.662144252000019,8.205716670571329,8.236029016609116,0.030312346037787062
warranty1,budget8.0,205,6.726107065000008,8.205716670571329,8.236029016609116,0.030312346037787062
warranty1,budget8.0,207,6.789924560000031,8.205716670571329,8.236029016609116,0.030312346037787062
warranty1,budget8.0,209,6.854151971000022,8.205716670571329,8.236029016609116,0.030312346037787062
warranty1,budget8.0,211,6.918254192999996,8.205716670571329,8.236029016609116,0.030312346037787062
warranty1,budget8.0,213,6.981975844000033,8.205716670571329,8.236029016609116,0.030312346037787062
warranty1,budget8.0,215,7.045862161999992,8.205716670571329,8.236029016609116,0.030312346037787062
warranty1,budget8.0,217,7.109729893000008,8.205716670571329,8.236029016609116,0.030312346037787062
warranty1,budget8.0,219,7.173922461000018,8.205716670571329,8.236029016609116,0.030312346037787062
warranty1,budget8.0,221,7.238133397000013,8.205716670571329,8.236029016609116,0.030312346037787062
warranty1,budget8.0,223,7.301790261000008,8.205716670571329,8.236029016609116,0.030312346037787062
warranty1,budget8.0,225,7.365990601000021,8.205716670571329,8.236029016609116,0.030312346037787062
warranty1,budget8.0,227,7.4300124929999924,8.205716670571329,8.236029016609116,0.030312346037787062
warranty1,budget8.0,229,7.493860764000033,8.205716670571329,8.236029016609116,0.030312346037787062
warranty1,budget8.0,231,7.5573891440000125,8.205716670571329,8.236029016609116,0.030312346037787062
warranty1,budget8.0,233,7.621514601999991,8.205716670571329,8.236029016609116,0.030312346037787062
warranty1,budget8.0,235,7.6854743800000165,8.205716670571329,8.236029016609116,0.030312346037787062
warranty1,budget8.0,237,7.7491337170000065,8.205716670571329,8.236029016609116,0.030312346037787062
warranty1,budget8.0,239,7.812937992000002,8.205716670571329,8.236029016609116,0.030312346037787062
warranty1,budget8.0,241,7.876932152999984,8.205716670571329,8.236029016609116,0.030312346037787062
warranty1,budget8.0,243,7.94088754500001,8.205716670571329,8.236029016609116,0.030312346037787062
warranty1,budget8.0,245,8.004690928000002,8.205716670571329,8.236029016609116,0.030312346037787062
warranty1,price2.0,1,0.424601569999993,8.21218375071348,8.236029016609116,0.023845265895635116
warranty1,price2.0,3,0.6592819960000043,8.212183750719735,8.236029016609116,0.02384526588938168
warranty1,price2.0,5,1.1066667389999907,8.218602249802556,8.236029016609116,0.017426766806558865
warranty1,price2.0,7,1.610597539999958,8.220455185148621,8.236029016609116,0.015573831460494545
warranty1,price2.0,9,2.070518624999977,8.220455185148621,8.236029016609116,0.015573831460494545
warranty1,price8.0,1,0.428054426000017,8.21218375071348,8.236029016609116,0.023845265895635116
warranty1,price8.0,3,0.6635521260000132,8.212183750719735,8.236029016609116,0.02384526588938168
warranty1,price8.0,5,1.1096232579999992,8.218602249802556,8.236029016609116,0.017426766806558865
warranty1,price8.0,7,1.6139676039999813,8.220455185148621,8.236029016609116,0.015573831460494545
warranty1,price8.0,9,2.103511107000031,8.220917454024141,8.236029016609116,0.015111562584974054
warranty1,price8.0,11,2.3609734660000186,8.220917454026798,8.236029016609116,0.01511156258231781
warranty1,price8.0,13,2.8201209090000248,8.220917454026798,8.236029016609116,0.01511156258231781
warranty1,price8.0,15,3.282463364000023,8.221012005973028,8.236029016609116,0.015017010636087492
warranty1,price8.0,17,3.750044050999975,8.221012005973028,8.236029016609116,0.015017010636087492
warranty1,price8.0,19,4.018010225000012,8.221012005974583,8.236029016609116,0.015017010634533149
warranty1,price8.0,21,4.492631722999988,8.221102039237788,8.236029016609116,0.014926977371327695
warranty1,price8.0,23,4.9456660339999985,8.22160969079989,8.236029016609116,0.014419325809226651
warranty1,price8.0,25,5.195634369999993,8.221609690800157,8.236029016609116,0.01441932580895795
warranty1,price8.0,27,5.693304115999979,8.222012796360126,8.236029016609116,0.014016220248990708
warranty1,price8.0,29,5.938447982000014,8.222012796361584,8.236029016609116,0.01401622024753217
warranty1,price8.0,31,6.48100216000006,8.222081555633576,8.236029016609116,0.01394746097553914
warranty1,price8.0,33,6.9795487030000345,8.222081555643264,8.236029016609116,0.01394746096585196
warranty1,price8.0,35,7.459453185999962,8.222081555643264,8.236029016609116,0.01394746096585196
warranty1,price8.0,37,7.688878742999975,8.222081555643264,8.236029016609116,0.01394746096585196
warranty1,price8.0,39,8.073219960000017,8.222081555643264,8.236029016609116,0.01394746096585196
warranty2,budget2.0,1,0.9533525260000033,8.89788821391766,8.926490750990528,0.02860253707286838
warranty2,budget2.0,3,1.2384009009999772,8.89788821391766,8.926490750990528,0.02860253707286838
warranty2,budget2.0,5,1.523098688999994,8.89788821391766,8.926490750990528,0.02860253707286838
warranty2,budget2.0,7,1.8081968239999924,8.89788821391766,8.926490750990528,0.02860253707286838
warranty2,budget2.0,9,2.0926062820000197,8.89788821391766,8.926490750990528,0.02860253707286838
warranty2,budget8.0,1,0.9461228449999908,8.89788821391766,8.926490750990528,0.02860253707286838
warranty2,budget8.0,3,1.228403614000058,8.89788821391766,8.926490750990528,0.02860253707286838
warranty2,budget8.0,5,1.509822096999983,8.89788821391766,8.926490750990528,0.02860253707286838
warranty2,budget8.0,7,1.7913852570000017,8.89788821391766,8.926490750990528,0.02860253707286838
warranty2,budget8.0,9,2.0727722430000313,8.89788821391766,8.926490750990528,0.02860253707286838
warranty2,budget8.0,11,2.3551682849999906,8.89788821391766,8.926490750990528,0.02860253707286838
warranty2,budget8.0,13,2.6366931339999837,8.89788821391766,8.926490750990528,0.02860253707286838
warranty2,budget8.0,15,2.9190635139999586,8.89788821391766,8.926490750990528,0.02860253707286838
warranty2,budget8.0,17,3.2007068909999816,8.89788821391766,8.926490750990528,0.02860253707286838
warranty2,budget8.0,19,3.4831771120000212,8.89788821391766,8.926490750990528,0.02860253707286838
warranty2,budget8.0,21,3.764246135999997,8.89788821391766,8.926490750990528,0.02860253707286838
warranty2,budget8.0,23,4.046292398999981,8.89788821391766,8.926490750990528,0.02860253707286838
warranty2,budget8.0,25,4.328551641999979,8.89788821391766,8.926490750990528,0.02860253707286838
warranty2,budget8.0,27,4.609964984000044,8.89788821391766,8.926490750990528,0.02860253707286838
warranty2,budget8.0,29,4.891984707000006,8.89788821391766,8.926490750990528,0.02860253707286838
warranty2,budget8.0,31,5.174129178000044,8.89788821391766,8.926490750990528,0.02860253707286838
warranty2,budget8.0,33,5.455248827999981,8.89788821391766,8.926490750990528,0.02860253707286838
warranty2,budget8.0,35,5.737242231999971,8.89788821391766,8.926490750990528,0.02860253707286838
warranty2,budget8.0,37,6.018222493000053,8.89788821391766,8.926490750990528,0.02860253707286838
warranty2,budget8.0,39,6.300512782000055,8.89788821391766,8.926490750990528,0.02860253707286838
warranty2,budget8.0,41,6.5815963589999456,8.89788821391766,8.926490750990528,0.02860253707286838
warranty2,budget8.0,43,6.863298764999968,8.89788821391766,8.926490750990528,0.02860253707286838
warranty2,budget8.0,45,7.145760673000041,8.89788821391766,8.926490750990528,0.02860253707286838
warranty2,budget8.0,47,7.428542861999972,8.89788821391766,8.926490750990528,0.02860253707286838
warranty2,budget8.0,49,7.712238444000036,8.89788821391766,8.926490750990528,0.02860253707286838
warranty2,budget8.0,51,7.995494273999952,8.89788821391766,8.926490750990528,0.02860253707286838
warranty2,budget8.0,53,8.277774188999956,8.89788821391766,8.926490750990528,0.02860253707286838
warranty2,price2.0,1,2.243172239000046,8.90666326264861,8.926490788799974,0.01982752615136397
warranty2,price8.0,1,2.2964288619999706,8.90666326264861,8.926490750990528,0.01982748834191811
warranty2,price8.0,3,3.9640591319999885,8.90666326264861,8.926490750990528,0.01982748834191811
warranty2,price8.0,5,7.252469369999972,8.91048271447084,8.926490750990528,0.01600803651968825
warranty2,price8.0,7,9.186722977000045,8.91048271447084,8.926490750990528,0.01600803651968825
