Rc files read:
  /etc/LatexMk
Latexmk: This is Latexmk, John Collins, 20 November 2021, version: 4.76.
Rule 'pdflatex': File changes, etc:
   Changed files, or newly in use since previous run(s):
      'COMPENDIUM_R14.tex'
------------
Run number 1 of rule 'pdflatex'
------------
------------
Running 'pdflatex  -interaction=nonstopmode -halt-on-error -file-line-error -recorder -output-directory="revisions/2026-09-19-r14-referee-response"  "COMPENDIUM_R14.tex"'
------------
Latexmk: applying rule 'pdflatex'...
This is pdfTeX, Version 3.141592653-2.6-1.40.22 (TeX Live 2022/dev/Debian) (preloaded format=pdflatex)
 restricted \write18 enabled.
entering extended mode
(./COMPENDIUM_R14.tex
LaTeX2e <2021-11-15> patch level 1
L3 programming layer <2022-01-21> (./econsocart.cls
Document Class: econsocart 2022/11/21 v1.4.1, The Econometric Society Journals
(/usr/share/texlive/texmf-dist/tex/latex/etoolbox/etoolbox.sty)
(./econsocart.cfg) (/usr/share/texlive/texmf-dist/tex/latex/base/fix-cm.sty
(/usr/share/texlive/texmf-dist/tex/latex/base/ts1enc.def))
(/usr/share/texlive/texmf-dist/tex/latex/graphics/graphicx.sty
(/usr/share/texlive/texmf-dist/tex/latex/graphics/keyval.sty)
(/usr/share/texlive/texmf-dist/tex/latex/graphics/graphics.sty
(/usr/share/texlive/texmf-dist/tex/latex/graphics/trig.sty)
(/usr/share/texlive/texmf-dist/tex/latex/graphics-cfg/graphics.cfg)
(/usr/share/texlive/texmf-dist/tex/latex/graphics-def/pdftex.def)))
(/usr/share/texlive/texmf-dist/tex/latex/base/fontenc.sty)
(/usr/share/texlive/texmf-dist/tex/latex/psnfss/times.sty)
(/usr/share/texlive/texmf-dist/tex/latex/textcase/textcase.sty)
(/usr/share/texlive/texmf-dist/tex/latex/psnfss/helvet.sty)
(/usr/share/texlive/texmf-dist/tex/latex/base/textcomp.sty)
(/usr/share/texlive/texmf-dist/tex/latex/psnfss/t1ptm.fd)
(/usr/share/texlive/texmf-dist/tex/latex/amsfonts/amssymb.sty
(/usr/share/texlive/texmf-dist/tex/latex/amsfonts/amsfonts.sty))
(/usr/share/texlive/texmf-dist/tex/latex/tools/bm.sty)
(/usr/share/texlive/texmf-dist/tex/latex/url/url.sty)
(/usr/share/texlive/texmf-dist/tex/latex/amsmath/amsmath.sty
For additional information on amsmath, use the `?' option.
(/usr/share/texlive/texmf-dist/tex/latex/amsmath/amstext.sty
(/usr/share/texlive/texmf-dist/tex/latex/amsmath/amsgen.sty))
(/usr/share/texlive/texmf-dist/tex/latex/amsmath/amsbsy.sty)
(/usr/share/texlive/texmf-dist/tex/latex/amsmath/amsopn.sty))
(/usr/share/texlive/texmf-dist/tex/latex/amscls/amsthm.sty)
(/usr/share/texlive/texmf-dist/tex/latex/natbib/natbib.sty))
(./revisions/2026-09-17-r9-participation-permissions/paper/preamble.tex
(/usr/share/texlive/texmf-dist/tex/latex/hyperref/hyperref.sty
(/usr/share/texlive/texmf-dist/tex/generic/ltxcmds/ltxcmds.sty)
(/usr/share/texlive/texmf-dist/tex/generic/iftex/iftex.sty)
(/usr/share/texlive/texmf-dist/tex/generic/pdftexcmds/pdftexcmds.sty
(/usr/share/texlive/texmf-dist/tex/generic/infwarerr/infwarerr.sty))
(/usr/share/texlive/texmf-dist/tex/generic/kvsetkeys/kvsetkeys.sty)
(/usr/share/texlive/texmf-dist/tex/generic/kvdefinekeys/kvdefinekeys.sty)
(/usr/share/texlive/texmf-dist/tex/generic/pdfescape/pdfescape.sty)
(/usr/share/texlive/texmf-dist/tex/latex/hycolor/hycolor.sty)
(/usr/share/texlive/texmf-dist/tex/latex/letltxmacro/letltxmacro.sty)
(/usr/share/texlive/texmf-dist/tex/latex/auxhook/auxhook.sty)
(/usr/share/texlive/texmf-dist/tex/latex/kvoptions/kvoptions.sty)
(/usr/share/texlive/texmf-dist/tex/latex/hyperref/pd1enc.def)
(/usr/share/texlive/texmf-dist/tex/latex/hyperref/hyperref-langpatches.def)
(/usr/share/texlive/texmf-dist/tex/generic/intcalc/intcalc.sty)
(/usr/share/texlive/texmf-dist/tex/generic/etexcmds/etexcmds.sty)
(/usr/share/texlive/texmf-dist/tex/latex/hyperref/puenc.def)
(/usr/share/texlive/texmf-dist/tex/generic/bitset/bitset.sty
(/usr/share/texlive/texmf-dist/tex/generic/bigintcalc/bigintcalc.sty))
(/usr/share/texlive/texmf-dist/tex/latex/base/atbegshi-ltx.sty))
(/usr/share/texlive/texmf-dist/tex/latex/hyperref/hpdftex.def
(/usr/share/texlive/texmf-dist/tex/latex/base/atveryend-ltx.sty)
(/usr/share/texlive/texmf-dist/tex/latex/rerunfilecheck/rerunfilecheck.sty
(/usr/share/texlive/texmf-dist/tex/generic/uniquecounter/uniquecounter.sty)))
(/usr/share/texlive/texmf-dist/tex/latex/booktabs/booktabs.sty)
(/usr/share/texlive/texmf-dist/tex/latex/tools/tabularx.sty
(/usr/share/texlive/texmf-dist/tex/latex/tools/array.sty))
(/usr/share/texlive/texmf-dist/tex/latex/enumitem/enumitem.sty)
(/usr/share/texlive/texmf-dist/tex/latex/psnfss/mathpazo.sty)
(/usr/share/texlive/texmf-dist/tex/latex/base/fontenc.sty
(/usr/share/texlive/texmf-dist/tex/latex/psnfss/t1ppl.fd))
(/usr/share/texlive/texmf-dist/tex/latex/microtype/microtype.sty
(/usr/share/texlive/texmf-dist/tex/latex/microtype/microtype-pdftex.def)
(/usr/share/texlive/texmf-dist/tex/latex/microtype/microtype.cfg)))
(/usr/share/texlive/texmf-dist/tex/latex/pdfpages/pdfpages.sty
(/usr/share/texlive/texmf-dist/tex/latex/base/ifthen.sty)
(/usr/share/texlive/texmf-dist/tex/latex/tools/calc.sty)
(/usr/share/texlive/texmf-dist/tex/latex/eso-pic/eso-pic.sty
(/usr/share/texlive/texmf-dist/tex/latex/xcolor/xcolor.sty
(/usr/share/texlive/texmf-dist/tex/latex/graphics-cfg/color.cfg)))
(/usr/share/texlive/texmf-dist/tex/latex/pdfpages/pppdftex.def))
(/usr/share/texlive/texmf-dist/tex/latex/hyperref/backref.sty)
(/usr/share/texlive/texmf-dist/tex/latex/l3backend/l3backend-pdftex.def)
(revisions/2026-09-19-r14-referee-response/COMPENDIUM_R14.aux)
(/usr/share/texlive/texmf-dist/tex/context/base/mkii/supp-pdf.mkii
[Loading MPS to PDF converter (version 2006.09.02).]
) (/usr/share/texlive/texmf-dist/tex/latex/epstopdf-pkg/epstopdf-base.sty
(/usr/share/texlive/texmf-dist/tex/latex/latexconfig/epstopdf-sys.cfg))
(/usr/share/texlive/texmf-dist/tex/latex/hyperref/nameref.sty
(/usr/share/texlive/texmf-dist/tex/latex/refcount/refcount.sty)
(/usr/share/texlive/texmf-dist/tex/generic/gettitlestring/gettitlestring.sty))
(/usr/share/texlive/texmf-dist/tex/latex/microtype/mt-ppl.cfg)
(/usr/share/texlive/texmf-dist/tex/latex/pdflscape/pdflscape.sty
(/usr/share/texlive/texmf-dist/tex/latex/graphics/lscape.sty)) [1
Non-PDF special ignored!
<special> papersize=487.8225pt,704.63249pt
{/var/lib/texmf/fonts/map/pdftex/updmap/pdftex.map}] [2 <./revisions/2026-09-19
-r14-referee-response/ECTA_R14.pdf>] [3 <./revisions/2026-09-19-r14-referee-res
ponse/ECTA_R14.pdf>] [4 <./revisions/2026-09-19-r14-referee-response/ECTA_R14.p
df>] [5 <./revisions/2026-09-19-r14-referee-response/ECTA_R14.pdf>] [6 <./revis
ions/2026-09-19-r14-referee-response/ECTA_R14.pdf>] [7 <./revisions/2026-09-19-
r14-referee-response/ECTA_R14.pdf>] [8 <./revisions/2026-09-19-r14-referee-resp
onse/ECTA_R14.pdf>] [9 <./revisions/2026-09-19-r14-referee-response/ECTA_R14.pd
f>] [10 <./revisions/2026-09-19-r14-referee-response/ECTA_R14.pdf>] [11 <./revi
sions/2026-09-19-r14-referee-response/ECTA_R14.pdf>] [12 <./revisions/2026-09-1
9-r14-referee-response/ECTA_R14.pdf>] [13 <./revisions/2026-09-19-r14-referee-r
esponse/ECTA_R14.pdf>] [14 <./revisions/2026-09-19-r14-referee-response/ECTA_R1
4.pdf>] [15 <./revisions/2026-09-19-r14-referee-response/ECTA_R14.pdf>]
[16 <./revisions/2026-09-19-r14-referee-response/ECTA_R14.pdf>] [17 <./revision
s/2026-09-19-r14-referee-response/ECTA_R14.pdf>] [18 <./revisions/2026-09-19-r1
4-referee-response/ECTA_R14.pdf>] [19 <./revisions/2026-09-19-r14-referee-respo
nse/ECTA_R14.pdf>] [20 <./revisions/2026-09-19-r14-referee-response/SUPP_R14.pd
f>] [21 <./revisions/2026-09-19-r14-referee-response/SUPP_R14.pdf>] [22 <./revi
sions/2026-09-19-r14-referee-response/SUPP_R14.pdf>] [23 <./revisions/2026-09-1
9-r14-referee-response/SUPP_R14.pdf>] [24 <./revisions/2026-09-19-r14-referee-r
esponse/SUPP_R14.pdf>] [25 <./revisions/2026-09-19-r14-referee-response/SUPP_R1
4.pdf>] [26 <./revisions/2026-09-19-r14-referee-response/SUPP_R14.pdf>]
[27 <./revisions/2026-09-19-r14-referee-response/SUPP_R14.pdf>] [28 <./revision
s/2026-09-19-r14-referee-response/SUPP_R14.pdf>] [29 <./revisions/2026-09-19-r1
4-referee-response/SUPP_R14.pdf>] [30 <./revisions/2026-09-19-r14-referee-respo
nse/SUPP_R14.pdf>] [31 <./revisions/2026-09-19-r14-referee-response/SUPP_R14.pd
f>] [32 <./revisions/2026-09-19-r14-referee-response/SUPP_R14.pdf>] [33 <./revi
sions/2026-09-19-r14-referee-response/SUPP_R14.pdf>] [34 <./revisions/2026-09-1
9-r14-referee-response/historical/ECTA_R12.pdf>] [35 <./revisions/2026-09-19-r1
4-referee-response/historical/ECTA_R12.pdf>] [36 <./revisions/2026-09-19-r14-re
feree-response/historical/ECTA_R12.pdf>] [37 <./revisions/2026-09-19-r14-refere
e-response/historical/ECTA_R12.pdf>] [38 <./revisions/2026-09-19-r14-referee-re
sponse/historical/ECTA_R12.pdf>] [39 <./revisions/2026-09-19-r14-referee-respon
se/historical/ECTA_R12.pdf>] [40 <./revisions/2026-09-19-r14-referee-response/h
istorical/ECTA_R12.pdf>] [41 <./revisions/2026-09-19-r14-referee-response/histo
rical/ECTA_R12.pdf>] [42 <./revisions/2026-09-19-r14-referee-response/historica
l/ECTA_R12.pdf>] [43 <./revisions/2026-09-19-r14-referee-response/historical/EC
TA_R12.pdf>] [44 <./revisions/2026-09-19-r14-referee-response/historical/ECTA_R
12.pdf>] [45 <./revisions/2026-09-19-r14-referee-response/historical/ECTA_R12.p
df>] [46 <./revisions/2026-09-19-r14-referee-response/historical/ECTA_R12.pdf>]
[47 <./revisions/2026-09-19-r14-referee-response/historical/COMPENDIUM_R12.pdf>
] [48 <./revisions/2026-09-19-r14-referee-response/historical/COMPENDIUM_R12.pd
f>] [49 <./revisions/2026-09-19-r14-referee-response/historical/COMPENDIUM_R12.
pdf>] [50 <./revisions/2026-09-19-r14-referee-response/historical/COMPENDIUM_R1
2.pdf>] [51 <./revisions/2026-09-19-r14-referee-response/historical/COMPENDIUM_
R12.pdf>] [52 <./revisions/2026-09-19-r14-referee-response/historical/COMPENDIU
M_R12.pdf>] [53 <./revisions/2026-09-19-r14-referee-response/historical/COMPEND
IUM_R12.pdf>] [54 <./revisions/2026-09-19-r14-referee-response/historical/COMPE
NDIUM_R12.pdf>] [55 <./revisions/2026-09-19-r14-referee-response/historical/COM
PENDIUM_R12.pdf>] [56 <./revisions/2026-09-19-r14-referee-response/historical/C
OMPENDIUM_R12.pdf>] [57 <./revisions/2026-09-19-r14-referee-response/historical
/COMPENDIUM_R12.pdf>] [58 <./revisions/2026-09-19-r14-referee-response/historic
al/COMPENDIUM_R12.pdf>] [59 <./revisions/2026-09-19-r14-referee-response/histor
ical/COMPENDIUM_R12.pdf>] [60 <./revisions/2026-09-19-r14-referee-response/hist
orical/COMPENDIUM_R12.pdf>] [61 <./revisions/2026-09-19-r14-referee-response/hi
storical/COMPENDIUM_R12.pdf>] [62 <./revisions/2026-09-19-r14-referee-response/
historical/COMPENDIUM_R12.pdf>] [63 <./revisions/2026-09-19-r14-referee-respons
e/historical/COMPENDIUM_R12.pdf>] [64 <./revisions/2026-09-19-r14-referee-respo
nse/historical/COMPENDIUM_R12.pdf>] [65 <./revisions/2026-09-19-r14-referee-res
ponse/historical/COMPENDIUM_R12.pdf>] [66 <./revisions/2026-09-19-r14-referee-r
esponse/historical/COMPENDIUM_R12.pdf>] [67 <./revisions/2026-09-19-r14-referee
-response/historical/COMPENDIUM_R12.pdf>] [68 <./revisions/2026-09-19-r14-refer
ee-response/historical/COMPENDIUM_R12.pdf>] [69 <./revisions/2026-09-19-r14-ref
eree-response/historical/COMPENDIUM_R12.pdf>] [70 <./revisions/2026-09-19-r14-r
eferee-response/historical/COMPENDIUM_R12.pdf>] [71 <./revisions/2026-09-19-r14
-referee-response/historical/COMPENDIUM_R12.pdf>] [72 <./revisions/2026-09-19-r
14-referee-response/historical/COMPENDIUM_R12.pdf>] [73 <./revisions/2026-09-19
-r14-referee-response/historical/COMPENDIUM_R12.pdf>] [74 <./revisions/2026-09-
19-r14-referee-response/historical/COMPENDIUM_R12.pdf>] [75 <./revisions/2026-0
9-19-r14-referee-response/historical/COMPENDIUM_R12.pdf>] [76 <./revisions/2026
-09-19-r14-referee-response/historical/COMPENDIUM_R12.pdf>] [77 <./revisions/20
26-09-19-r14-referee-response/historical/COMPENDIUM_R12.pdf>] [78 <./revisions/
2026-09-19-r14-referee-response/historical/COMPENDIUM_R12.pdf>] [79 <./revision
s/2026-09-19-r14-referee-response/historical/COMPENDIUM_R12.pdf>] [80 <./revisi
ons/2026-09-19-r14-referee-response/historical/COMPENDIUM_R12.pdf>] [81 <./revi
sions/2026-09-19-r14-referee-response/historical/COMPENDIUM_R12.pdf>] [82 <./re
visions/2026-09-19-r14-referee-response/historical/COMPENDIUM_R12.pdf>]
[83 <./revisions/2026-09-19-r14-referee-response/historical/COMPENDIUM_R12.pdf>
] [84 <./revisions/2026-09-19-r14-referee-response/historical/COMPENDIUM_R12.pd
f>] [85 <./revisions/2026-09-19-r14-referee-response/historical/COMPENDIUM_R12.
pdf>] [86 <./revisions/2026-09-19-r14-referee-response/historical/COMPENDIUM_R1
2.pdf>] [87 <./revisions/2026-09-19-r14-referee-response/historical/COMPENDIUM_
R12.pdf>] [88 <./revisions/2026-09-19-r14-referee-response/historical/COMPENDIU
M_R12.pdf>] [89 <./revisions/2026-09-19-r14-referee-response/historical/COMPEND
IUM_R12.pdf>] [90 <./revisions/2026-09-19-r14-referee-response/historical/COMPE
NDIUM_R12.pdf>] [91 <./revisions/2026-09-19-r14-referee-response/historical/COM
PENDIUM_R12.pdf>] [92 <./revisions/2026-09-19-r14-referee-response/historical/C
OMPENDIUM_R12.pdf>] [93 <./revisions/2026-09-19-r14-referee-response/historical
/COMPENDIUM_R12.pdf>] [94 <./revisions/2026-09-19-r14-referee-response/historic
al/COMPENDIUM_R12.pdf>] [95 <./revisions/2026-09-19-r14-referee-response/histor
ical/COMPENDIUM_R12.pdf>] [96 <./revisions/2026-09-19-r14-referee-response/hist
orical/COMPENDIUM_R12.pdf>] [97 <./revisions/2026-09-19-r14-referee-response/hi
storical/COMPENDIUM_R12.pdf>] [98 <./revisions/2026-09-19-r14-referee-response/
historical/COMPENDIUM_R12.pdf>] [99 <./revisions/2026-09-19-r14-referee-respons
e/historical/COMPENDIUM_R12.pdf>] [100 <./revisions/2026-09-19-r14-referee-resp
onse/historical/COMPENDIUM_R12.pdf>] [101 <./revisions/2026-09-19-r14-referee-r
esponse/historical/COMPENDIUM_R12.pdf>] [102 <./revisions/2026-09-19-r14-refere
e-response/historical/COMPENDIUM_R12.pdf>] [103 <./revisions/2026-09-19-r14-ref
eree-response/historical/COMPENDIUM_R12.pdf>] [104 <./revisions/2026-09-19-r14-
referee-response/historical/COMPENDIUM_R12.pdf>] [105 <./revisions/2026-09-19-r
14-referee-response/historical/COMPENDIUM_R12.pdf>] [106 <./revisions/2026-09-1
9-r14-referee-response/historical/COMPENDIUM_R12.pdf>] [107 <./revisions/2026-0
9-19-r14-referee-response/historical/COMPENDIUM_R12.pdf>] [108 <./revisions/202
6-09-19-r14-referee-response/historical/COMPENDIUM_R12.pdf>] [109 <./revisions/
2026-09-19-r14-referee-response/historical/COMPENDIUM_R12.pdf>] [110 <./revisio
ns/2026-09-19-r14-referee-response/historical/COMPENDIUM_R12.pdf>] [111 <./revi
sions/2026-09-19-r14-referee-response/historical/COMPENDIUM_R12.pdf>] [112 <./r
evisions/2026-09-19-r14-referee-response/historical/COMPENDIUM_R12.pdf>]
[113 <./revisions/2026-09-19-r14-referee-response/historical/COMPENDIUM_R12.pdf
>] [114 <./revisions/2026-09-19-r14-referee-response/historical/COMPENDIUM_R12.
pdf>] [115 <./revisions/2026-09-19-r14-referee-response/historical/COMPENDIUM_R
12.pdf>] [116 <./revisions/2026-09-19-r14-referee-response/historical/COMPENDIU
M_R12.pdf>] [117 <./revisions/2026-09-19-r14-referee-response/historical/COMPEN
DIUM_R12.pdf>] [118 <./revisions/2026-09-19-r14-referee-response/historical/COM
PENDIUM_R12.pdf>] [119 <./revisions/2026-09-19-r14-referee-response/historical/
SUPP_R12.pdf>] [120 <./revisions/2026-09-19-r14-referee-response/historical/SUP
P_R12.pdf>] [121 <./revisions/2026-09-19-r14-referee-response/historical/SUPP_R
12.pdf>] [122 <./revisions/2026-09-19-r14-referee-response/historical/SUPP_R12.
pdf>] [123 <./revisions/2026-09-19-r14-referee-response/historical/SUPP_R12.pdf
>] [124 <./revisions/2026-09-19-r14-referee-response/historical/SUPP_R12.pdf>]
[125 <./revisions/2026-09-19-r14-referee-response/historical/SUPP_R12.pdf>]
[126 <./revisions/2026-09-19-r14-referee-response/historical/SUPP_R12.pdf>]
[127 <./revisions/2026-09-19-r14-referee-response/historical/SUPP_R12.pdf>]
[128 <./revisions/2026-09-19-r14-referee-response/historical/SUPP_R12.pdf>]
[129 <./revisions/2026-09-19-r14-referee-response/historical/SUPP_R12.pdf>]
[130 <./revisions/2026-09-19-r14-referee-response/historical/SUPP_R12.pdf>]
[131 <./revisions/2026-09-19-r14-referee-response/historical/SUPP_R12.pdf>]
[132 <./revisions/2026-09-19-r14-referee-response/historical/SUPP_R12.pdf>]
[133 <./revisions/2026-09-19-r14-referee-response/historical/SUPP_R12.pdf>]
[134 <./revisions/2026-09-19-r14-referee-response/historical/SUPP_R12.pdf>]
[135 <./revisions/2026-09-19-r14-referee-response/historical/SUPP_R12.pdf>]
[136 <./revisions/2026-09-19-r14-referee-response/historical/SUPP_R12.pdf>]
[137 <./revisions/2026-09-19-r14-referee-response/historical/SUPP_R12.pdf>]
[138 <./revisions/2026-09-19-r14-referee-response/historical/SUPP_R12.pdf>]
[139 <./revisions/2026-09-19-r14-referee-response/historical/SUPP_R12.pdf>]
[140 <./revisions/2026-09-19-r14-referee-response/historical/SUPP_R12.pdf>]
[141 <./revisions/2026-09-19-r14-referee-response/historical/SUPP_R12.pdf>]
[142 <./revisions/2026-09-19-r14-referee-response/historical/SUPP_R12.pdf>]
[143 <./revisions/2026-09-19-r14-referee-response/historical/SUPP_R12.pdf>]
[144 <./revisions/2026-09-19-r14-referee-response/historical/SUPP_R12.pdf>]
[145 <./revisions/2026-09-19-r14-referee-response/historical/SUPP_R12.pdf>]
[146 <./revisions/2026-09-19-r14-referee-response/historical/SUPP_R12.pdf>]
[147 <./revisions/2026-09-19-r14-referee-response/historical/SUPP_R12.pdf>]
[148 <./revisions/2026-09-19-r14-referee-response/historical/SUPP_R12.pdf>]
[149 <./revisions/2026-09-19-r14-referee-response/historical/SUPP_R12.pdf>]
[150 <./revisions/2026-09-19-r14-referee-response/historical/SUPP_R12.pdf>]
[151 <./revisions/2026-09-19-r14-referee-response/historical/SUPP_R12.pdf>]
[152 <./revisions/2026-09-19-r14-referee-response/historical/SUPP_R12.pdf>]
[153 <./revisions/2026-09-19-r14-referee-response/historical/SUPP_R12.pdf>]
[154 <./revisions/2026-09-19-r14-referee-response/historical/SUPP_R12.pdf>]
[155 <./revisions/2026-09-19-r14-referee-response/historical/SUPP_R12.pdf>]
[156 <./revisions/2026-09-19-r14-referee-response/historical/SUPP_R12.pdf>]
[157 <./revisions/2026-09-19-r14-referee-response/historical/SUPP_R12.pdf>]
[158 <./revisions/2026-09-19-r14-referee-response/historical/SUPP_R12.pdf>]
[159 <./revisions/2026-09-19-r14-referee-response/historical/SUPP_R12.pdf>]
[160 <./revisions/2026-09-19-r14-referee-response/historical/SUPP_R12.pdf>]
[161 <./revisions/2026-09-19-r14-referee-response/historical/SUPP_R12.pdf>]
[162 <./revisions/2026-09-19-r14-referee-response/historical/SUPP_R12.pdf>]
[163 <./revisions/2026-09-19-r14-referee-response/historical/SUPP_R12.pdf>]
[164 <./revisions/2026-09-19-r14-referee-response/historical/SUPP_R12.pdf>]
[165 <./revisions/2026-09-19-r14-referee-response/historical/SUPP_R12.pdf>]
[166 <./revisions/2026-09-19-r14-referee-response/historical/SUPP_R12.pdf>]
(revisions/2026-09-19-r14-referee-response/COMPENDIUM_R14.aux)

LaTeX Warning: Label(s) may have changed. Rerun to get cross-references right.


Package rerunfilecheck Warning: File `COMPENDIUM_R14.out' has changed.
(rerunfilecheck)                Rerun to get outlines right
(rerunfilecheck)                or use package `bookmark'.

 ){/usr/share/texlive/texmf-dist/fonts/enc/dvips/base/8r.enc}</usr/share/texliv
e/texmf-dist/fonts/type1/public/amsfonts/cm/cmex10.pfb></usr/share/texlive/texm
f-dist/fonts/type1/public/amsfonts/cm/cmmi10.pfb></usr/share/texlive/texmf-dist
/fonts/type1/public/amsfonts/cm/cmr10.pfb></usr/share/texlive/texmf-dist/fonts/
type1/public/amsfonts/cm/cmss8.pfb></usr/share/texlive/texmf-dist/fonts/type1/p
ublic/amsfonts/cm/cmsy10.pfb></usr/share/texlive/texmf-dist/fonts/type1/public/
mathpazo/fplmbb.pfb></usr/share/texlive/texmf-dist/fonts/type1/public/mathpazo/
fplmr.pfb></usr/share/texlive/texmf-dist/fonts/type1/public/mathpazo/fplmri.pfb
></usr/share/texlive/texmf-dist/fonts/type1/urw/courier/ucrr8a.pfb></usr/share/
texlive/texmf-dist/fonts/type1/urw/palatino/uplb8a.pfb></usr/share/texlive/texm
f-dist/fonts/type1/urw/palatino/uplr8a.pfb></usr/share/texlive/texmf-dist/fonts
/type1/urw/palatino/uplri8a.pfb>
Output written on revisions/2026-09-19-r14-referee-response/COMPENDIUM_R14.pdf 
(166 pages, 937106 bytes).
Transcript written on revisions/2026-09-19-r14-referee-response/COMPENDIUM_R14.
log.
Latexmk: References changed.
Latexmk: References changed.
Latexmk: Log file says output to 'revisions/2026-09-19-r14-referee-response/COMPENDIUM_R14.pdf'
Rule 'pdflatex': File changes, etc:
   Changed files, or newly in use since previous run(s):
      'revisions/2026-09-19-r14-referee-response/COMPENDIUM_R14.aux'
      'revisions/2026-09-19-r14-referee-response/COMPENDIUM_R14.out'
------------
Run number 2 of rule 'pdflatex'
------------
------------
Running 'pdflatex  -interaction=nonstopmode -halt-on-error -file-line-error -recorder -output-directory="revisions/2026-09-19-r14-referee-response"  "COMPENDIUM_R14.tex"'
------------
Latexmk: Examining 'revisions/2026-09-19-r14-referee-response/COMPENDIUM_R14.log'
=== TeX engine is 'pdfTeX'
Latexmk: applying rule 'pdflatex'...
This is pdfTeX, Version 3.141592653-2.6-1.40.22 (TeX Live 2022/dev/Debian) (preloaded format=pdflatex)
 restricted \write18 enabled.
entering extended mode
(./COMPENDIUM_R14.tex
LaTeX2e <2021-11-15> patch level 1
L3 programming layer <2022-01-21> (./econsocart.cls
Document Class: econsocart 2022/11/21 v1.4.1, The Econometric Society Journals
(/usr/share/texlive/texmf-dist/tex/latex/etoolbox/etoolbox.sty)
(./econsocart.cfg) (/usr/share/texlive/texmf-dist/tex/latex/base/fix-cm.sty
(/usr/share/texlive/texmf-dist/tex/latex/base/ts1enc.def))
(/usr/share/texlive/texmf-dist/tex/latex/graphics/graphicx.sty
(/usr/share/texlive/texmf-dist/tex/latex/graphics/keyval.sty)
(/usr/share/texlive/texmf-dist/tex/latex/graphics/graphics.sty
(/usr/share/texlive/texmf-dist/tex/latex/graphics/trig.sty)
(/usr/share/texlive/texmf-dist/tex/latex/graphics-cfg/graphics.cfg)
(/usr/share/texlive/texmf-dist/tex/latex/graphics-def/pdftex.def)))
(/usr/share/texlive/texmf-dist/tex/latex/base/fontenc.sty)
(/usr/share/texlive/texmf-dist/tex/latex/psnfss/times.sty)
(/usr/share/texlive/texmf-dist/tex/latex/textcase/textcase.sty)
(/usr/share/texlive/texmf-dist/tex/latex/psnfss/helvet.sty)
(/usr/share/texlive/texmf-dist/tex/latex/base/textcomp.sty)
(/usr/share/texlive/texmf-dist/tex/latex/psnfss/t1ptm.fd)
(/usr/share/texlive/texmf-dist/tex/latex/amsfonts/amssymb.sty
(/usr/share/texlive/texmf-dist/tex/latex/amsfonts/amsfonts.sty))
(/usr/share/texlive/texmf-dist/tex/latex/tools/bm.sty)
(/usr/share/texlive/texmf-dist/tex/latex/url/url.sty)
(/usr/share/texlive/texmf-dist/tex/latex/amsmath/amsmath.sty
For additional information on amsmath, use the `?' option.
(/usr/share/texlive/texmf-dist/tex/latex/amsmath/amstext.sty
(/usr/share/texlive/texmf-dist/tex/latex/amsmath/amsgen.sty))
(/usr/share/texlive/texmf-dist/tex/latex/amsmath/amsbsy.sty)
(/usr/share/texlive/texmf-dist/tex/latex/amsmath/amsopn.sty))
(/usr/share/texlive/texmf-dist/tex/latex/amscls/amsthm.sty)
(/usr/share/texlive/texmf-dist/tex/latex/natbib/natbib.sty))
(./revisions/2026-09-17-r9-participation-permissions/paper/preamble.tex
(/usr/share/texlive/texmf-dist/tex/latex/hyperref/hyperref.sty
(/usr/share/texlive/texmf-dist/tex/generic/ltxcmds/ltxcmds.sty)
(/usr/share/texlive/texmf-dist/tex/generic/iftex/iftex.sty)
(/usr/share/texlive/texmf-dist/tex/generic/pdftexcmds/pdftexcmds.sty
(/usr/share/texlive/texmf-dist/tex/generic/infwarerr/infwarerr.sty))
(/usr/share/texlive/texmf-dist/tex/generic/kvsetkeys/kvsetkeys.sty)
(/usr/share/texlive/texmf-dist/tex/generic/kvdefinekeys/kvdefinekeys.sty)
(/usr/share/texlive/texmf-dist/tex/generic/pdfescape/pdfescape.sty)
(/usr/share/texlive/texmf-dist/tex/latex/hycolor/hycolor.sty)
(/usr/share/texlive/texmf-dist/tex/latex/letltxmacro/letltxmacro.sty)
(/usr/share/texlive/texmf-dist/tex/latex/auxhook/auxhook.sty)
(/usr/share/texlive/texmf-dist/tex/latex/kvoptions/kvoptions.sty)
(/usr/share/texlive/texmf-dist/tex/latex/hyperref/pd1enc.def)
(/usr/share/texlive/texmf-dist/tex/latex/hyperref/hyperref-langpatches.def)
(/usr/share/texlive/texmf-dist/tex/generic/intcalc/intcalc.sty)
(/usr/share/texlive/texmf-dist/tex/generic/etexcmds/etexcmds.sty)
(/usr/share/texlive/texmf-dist/tex/latex/hyperref/puenc.def)
(/usr/share/texlive/texmf-dist/tex/generic/bitset/bitset.sty
(/usr/share/texlive/texmf-dist/tex/generic/bigintcalc/bigintcalc.sty))
(/usr/share/texlive/texmf-dist/tex/latex/base/atbegshi-ltx.sty))
(/usr/share/texlive/texmf-dist/tex/latex/hyperref/hpdftex.def
(/usr/share/texlive/texmf-dist/tex/latex/base/atveryend-ltx.sty)
(/usr/share/texlive/texmf-dist/tex/latex/rerunfilecheck/rerunfilecheck.sty
(/usr/share/texlive/texmf-dist/tex/generic/uniquecounter/uniquecounter.sty)))
(/usr/share/texlive/texmf-dist/tex/latex/booktabs/booktabs.sty)
(/usr/share/texlive/texmf-dist/tex/latex/tools/tabularx.sty
(/usr/share/texlive/texmf-dist/tex/latex/tools/array.sty))
(/usr/share/texlive/texmf-dist/tex/latex/enumitem/enumitem.sty)
(/usr/share/texlive/texmf-dist/tex/latex/psnfss/mathpazo.sty)
(/usr/share/texlive/texmf-dist/tex/latex/base/fontenc.sty
(/usr/share/texlive/texmf-dist/tex/latex/psnfss/t1ppl.fd))
(/usr/share/texlive/texmf-dist/tex/latex/microtype/microtype.sty
(/usr/share/texlive/texmf-dist/tex/latex/microtype/microtype-pdftex.def)
(/usr/share/texlive/texmf-dist/tex/latex/microtype/microtype.cfg)))
(/usr/share/texlive/texmf-dist/tex/latex/pdfpages/pdfpages.sty
(/usr/share/texlive/texmf-dist/tex/latex/base/ifthen.sty)
(/usr/share/texlive/texmf-dist/tex/latex/tools/calc.sty)
(/usr/share/texlive/texmf-dist/tex/latex/eso-pic/eso-pic.sty
(/usr/share/texlive/texmf-dist/tex/latex/xcolor/xcolor.sty
(/usr/share/texlive/texmf-dist/tex/latex/graphics-cfg/color.cfg)))
(/usr/share/texlive/texmf-dist/tex/latex/pdfpages/pppdftex.def))
(/usr/share/texlive/texmf-dist/tex/latex/hyperref/backref.sty)
(/usr/share/texlive/texmf-dist/tex/latex/l3backend/l3backend-pdftex.def)
(revisions/2026-09-19-r14-referee-response/COMPENDIUM_R14.aux)
(/usr/share/texlive/texmf-dist/tex/context/base/mkii/supp-pdf.mkii
[Loading MPS to PDF converter (version 2006.09.02).]
) (/usr/share/texlive/texmf-dist/tex/latex/epstopdf-pkg/epstopdf-base.sty
(/usr/share/texlive/texmf-dist/tex/latex/latexconfig/epstopdf-sys.cfg))
(/usr/share/texlive/texmf-dist/tex/latex/hyperref/nameref.sty
(/usr/share/texlive/texmf-dist/tex/latex/refcount/refcount.sty)
(/usr/share/texlive/texmf-dist/tex/generic/gettitlestring/gettitlestring.sty))
(revisions/2026-09-19-r14-referee-response/COMPENDIUM_R14.out)
(revisions/2026-09-19-r14-referee-response/COMPENDIUM_R14.out)
(/usr/share/texlive/texmf-dist/tex/latex/microtype/mt-ppl.cfg)
(/usr/share/texlive/texmf-dist/tex/latex/pdflscape/pdflscape.sty
(/usr/share/texlive/texmf-dist/tex/latex/graphics/lscape.sty))
(/usr/share/texlive/texmf-dist/tex/latex/psnfss/ot1ppl.fd)
(/usr/share/texlive/texmf-dist/tex/latex/psnfss/omlzplm.fd)
(/usr/share/texlive/texmf-dist/tex/latex/psnfss/omszplm.fd)
(/usr/share/texlive/texmf-dist/tex/latex/psnfss/omxzplm.fd)
(/usr/share/texlive/texmf-dist/tex/latex/microtype/mt-msa.cfg)
(/usr/share/texlive/texmf-dist/tex/latex/microtype/mt-msb.cfg)
(/usr/share/texlive/texmf-dist/tex/latex/microtype/mt-cmr.cfg)
(/usr/share/texlive/texmf-dist/tex/latex/psnfss/ot1zplm.fd)

Package hyperref Warning: Ignoring empty anchor on input line 11.

[1
Non-PDF special ignored!
<special> papersize=487.8225pt,704.63249pt
{/var/lib/texmf/fonts/map/pdftex/updmap/pdftex.map}] [2 <./revisions/2026-09-19
-r14-referee-response/ECTA_R14.pdf>] [3 <./revisions/2026-09-19-r14-referee-res
ponse/ECTA_R14.pdf>] [4 <./revisions/2026-09-19-r14-referee-response/ECTA_R14.p
df>] [5 <./revisions/2026-09-19-r14-referee-response/ECTA_R14.pdf>] [6 <./revis
ions/2026-09-19-r14-referee-response/ECTA_R14.pdf>] [7 <./revisions/2026-09-19-
r14-referee-response/ECTA_R14.pdf>] [8 <./revisions/2026-09-19-r14-referee-resp
onse/ECTA_R14.pdf>] [9 <./revisions/2026-09-19-r14-referee-response/ECTA_R14.pd
f>] [10 <./revisions/2026-09-19-r14-referee-response/ECTA_R14.pdf>] [11 <./revi
sions/2026-09-19-r14-referee-response/ECTA_R14.pdf>] [12 <./revisions/2026-09-1
9-r14-referee-response/ECTA_R14.pdf>] [13 <./revisions/2026-09-19-r14-referee-r
esponse/ECTA_R14.pdf>] [14 <./revisions/2026-09-19-r14-referee-response/ECTA_R1
4.pdf>] [15 <./revisions/2026-09-19-r14-referee-response/ECTA_R14.pdf>]
[16 <./revisions/2026-09-19-r14-referee-response/ECTA_R14.pdf>] [17 <./revision
s/2026-09-19-r14-referee-response/ECTA_R14.pdf>] [18 <./revisions/2026-09-19-r1
4-referee-response/ECTA_R14.pdf>] [19 <./revisions/2026-09-19-r14-referee-respo
nse/ECTA_R14.pdf>] [20 <./revisions/2026-09-19-r14-referee-response/SUPP_R14.pd
f>] [21 <./revisions/2026-09-19-r14-referee-response/SUPP_R14.pdf>] [22 <./revi
sions/2026-09-19-r14-referee-response/SUPP_R14.pdf>] [23 <./revisions/2026-09-1
9-r14-referee-response/SUPP_R14.pdf>] [24 <./revisions/2026-09-19-r14-referee-r
esponse/SUPP_R14.pdf>] [25 <./revisions/2026-09-19-r14-referee-response/SUPP_R1
4.pdf>] [26 <./revisions/2026-09-19-r14-referee-response/SUPP_R14.pdf>]
[27 <./revisions/2026-09-19-r14-referee-response/SUPP_R14.pdf>] [28 <./revision
s/2026-09-19-r14-referee-response/SUPP_R14.pdf>] [29 <./revisions/2026-09-19-r1
4-referee-response/SUPP_R14.pdf>] [30 <./revisions/2026-09-19-r14-referee-respo
nse/SUPP_R14.pdf>] [31 <./revisions/2026-09-19-r14-referee-response/SUPP_R14.pd
f>] [32 <./revisions/2026-09-19-r14-referee-response/SUPP_R14.pdf>] [33 <./revi
sions/2026-09-19-r14-referee-response/SUPP_R14.pdf>] [34 <./revisions/2026-09-1
9-r14-referee-response/historical/ECTA_R12.pdf>] [35 <./revisions/2026-09-19-r1
4-referee-response/historical/ECTA_R12.pdf>] [36 <./revisions/2026-09-19-r14-re
feree-response/historical/ECTA_R12.pdf>] [37 <./revisions/2026-09-19-r14-refere
e-response/historical/ECTA_R12.pdf>] [38 <./revisions/2026-09-19-r14-referee-re
sponse/historical/ECTA_R12.pdf>] [39 <./revisions/2026-09-19-r14-referee-respon
se/historical/ECTA_R12.pdf>] [40 <./revisions/2026-09-19-r14-referee-response/h
istorical/ECTA_R12.pdf>] [41 <./revisions/2026-09-19-r14-referee-response/histo
rical/ECTA_R12.pdf>] [42 <./revisions/2026-09-19-r14-referee-response/historica
l/ECTA_R12.pdf>] [43 <./revisions/2026-09-19-r14-referee-response/historical/EC
TA_R12.pdf>] [44 <./revisions/2026-09-19-r14-referee-response/historical/ECTA_R
12.pdf>] [45 <./revisions/2026-09-19-r14-referee-response/historical/ECTA_R12.p
df>] [46 <./revisions/2026-09-19-r14-referee-response/historical/ECTA_R12.pdf>]
[47 <./revisions/2026-09-19-r14-referee-response/historical/COMPENDIUM_R12.pdf>
] [48 <./revisions/2026-09-19-r14-referee-response/historical/COMPENDIUM_R12.pd
f>] [49 <./revisions/2026-09-19-r14-referee-response/historical/COMPENDIUM_R12.
pdf>] [50 <./revisions/2026-09-19-r14-referee-response/historical/COMPENDIUM_R1
2.pdf>] [51 <./revisions/2026-09-19-r14-referee-response/historical/COMPENDIUM_
R12.pdf>] [52 <./revisions/2026-09-19-r14-referee-response/historical/COMPENDIU
M_R12.pdf>] [53 <./revisions/2026-09-19-r14-referee-response/historical/COMPEND
IUM_R12.pdf>] [54 <./revisions/2026-09-19-r14-referee-response/historical/COMPE
NDIUM_R12.pdf>] [55 <./revisions/2026-09-19-r14-referee-response/historical/COM
PENDIUM_R12.pdf>] [56 <./revisions/2026-09-19-r14-referee-response/historical/C
OMPENDIUM_R12.pdf>] [57 <./revisions/2026-09-19-r14-referee-response/historical
/COMPENDIUM_R12.pdf>] [58 <./revisions/2026-09-19-r14-referee-response/historic
al/COMPENDIUM_R12.pdf>] [59 <./revisions/2026-09-19-r14-referee-response/histor
ical/COMPENDIUM_R12.pdf>] [60 <./revisions/2026-09-19-r14-referee-response/hist
orical/COMPENDIUM_R12.pdf>] [61 <./revisions/2026-09-19-r14-referee-response/hi
storical/COMPENDIUM_R12.pdf>] [62 <./revisions/2026-09-19-r14-referee-response/
historical/COMPENDIUM_R12.pdf>] [63 <./revisions/2026-09-19-r14-referee-respons
e/historical/COMPENDIUM_R12.pdf>] [64 <./revisions/2026-09-19-r14-referee-respo
nse/historical/COMPENDIUM_R12.pdf>] [65 <./revisions/2026-09-19-r14-referee-res
ponse/historical/COMPENDIUM_R12.pdf>] [66 <./revisions/2026-09-19-r14-referee-r
esponse/historical/COMPENDIUM_R12.pdf>] [67 <./revisions/2026-09-19-r14-referee
-response/historical/COMPENDIUM_R12.pdf>] [68 <./revisions/2026-09-19-r14-refer
ee-response/historical/COMPENDIUM_R12.pdf>] [69 <./revisions/2026-09-19-r14-ref
eree-response/historical/COMPENDIUM_R12.pdf>] [70 <./revisions/2026-09-19-r14-r
eferee-response/historical/COMPENDIUM_R12.pdf>] [71 <./revisions/2026-09-19-r14
-referee-response/historical/COMPENDIUM_R12.pdf>] [72 <./revisions/2026-09-19-r
14-referee-response/historical/COMPENDIUM_R12.pdf>] [73 <./revisions/2026-09-19
-r14-referee-response/historical/COMPENDIUM_R12.pdf>] [74 <./revisions/2026-09-
19-r14-referee-response/historical/COMPENDIUM_R12.pdf>] [75 <./revisions/2026-0
9-19-r14-referee-response/historical/COMPENDIUM_R12.pdf>] [76 <./revisions/2026
-09-19-r14-referee-response/historical/COMPENDIUM_R12.pdf>] [77 <./revisions/20
26-09-19-r14-referee-response/historical/COMPENDIUM_R12.pdf>] [78 <./revisions/
2026-09-19-r14-referee-response/historical/COMPENDIUM_R12.pdf>] [79 <./revision
s/2026-09-19-r14-referee-response/historical/COMPENDIUM_R12.pdf>] [80 <./revisi
ons/2026-09-19-r14-referee-response/historical/COMPENDIUM_R12.pdf>] [81 <./revi
sions/2026-09-19-r14-referee-response/historical/COMPENDIUM_R12.pdf>] [82 <./re
visions/2026-09-19-r14-referee-response/historical/COMPENDIUM_R12.pdf>]
[83 <./revisions/2026-09-19-r14-referee-response/historical/COMPENDIUM_R12.pdf>
] [84 <./revisions/2026-09-19-r14-referee-response/historical/COMPENDIUM_R12.pd
f>] [85 <./revisions/2026-09-19-r14-referee-response/historical/COMPENDIUM_R12.
pdf>] [86 <./revisions/2026-09-19-r14-referee-response/historical/COMPENDIUM_R1
2.pdf>] [87 <./revisions/2026-09-19-r14-referee-response/historical/COMPENDIUM_
R12.pdf>] [88 <./revisions/2026-09-19-r14-referee-response/historical/COMPENDIU
M_R12.pdf>] [89 <./revisions/2026-09-19-r14-referee-response/historical/COMPEND
IUM_R12.pdf>] [90 <./revisions/2026-09-19-r14-referee-response/historical/COMPE
NDIUM_R12.pdf>] [91 <./revisions/2026-09-19-r14-referee-response/historical/COM
PENDIUM_R12.pdf>] [92 <./revisions/2026-09-19-r14-referee-response/historical/C
OMPENDIUM_R12.pdf>] [93 <./revisions/2026-09-19-r14-referee-response/historical
/COMPENDIUM_R12.pdf>] [94 <./revisions/2026-09-19-r14-referee-response/historic
al/COMPENDIUM_R12.pdf>] [95 <./revisions/2026-09-19-r14-referee-response/histor
ical/COMPENDIUM_R12.pdf>] [96 <./revisions/2026-09-19-r14-referee-response/hist
orical/COMPENDIUM_R12.pdf>] [97 <./revisions/2026-09-19-r14-referee-response/hi
storical/COMPENDIUM_R12.pdf>] [98 <./revisions/2026-09-19-r14-referee-response/
historical/COMPENDIUM_R12.pdf>] [99 <./revisions/2026-09-19-r14-referee-respons
e/historical/COMPENDIUM_R12.pdf>] [100 <./revisions/2026-09-19-r14-referee-resp
onse/historical/COMPENDIUM_R12.pdf>] [101 <./revisions/2026-09-19-r14-referee-r
esponse/historical/COMPENDIUM_R12.pdf>] [102 <./revisions/2026-09-19-r14-refere
e-response/historical/COMPENDIUM_R12.pdf>] [103 <./revisions/2026-09-19-r14-ref
eree-response/historical/COMPENDIUM_R12.pdf>] [104 <./revisions/2026-09-19-r14-
referee-response/historical/COMPENDIUM_R12.pdf>] [105 <./revisions/2026-09-19-r
14-referee-response/historical/COMPENDIUM_R12.pdf>] [106 <./revisions/2026-09-1
9-r14-referee-response/historical/COMPENDIUM_R12.pdf>] [107 <./revisions/2026-0
9-19-r14-referee-response/historical/COMPENDIUM_R12.pdf>] [108 <./revisions/202
6-09-19-r14-referee-response/historical/COMPENDIUM_R12.pdf>] [109 <./revisions/
2026-09-19-r14-referee-response/historical/COMPENDIUM_R12.pdf>] [110 <./revisio
ns/2026-09-19-r14-referee-response/historical/COMPENDIUM_R12.pdf>] [111 <./revi
sions/2026-09-19-r14-referee-response/historical/COMPENDIUM_R12.pdf>] [112 <./r
evisions/2026-09-19-r14-referee-response/historical/COMPENDIUM_R12.pdf>]
[113 <./revisions/2026-09-19-r14-referee-response/historical/COMPENDIUM_R12.pdf
>] [114 <./revisions/2026-09-19-r14-referee-response/historical/COMPENDIUM_R12.
pdf>] [115 <./revisions/2026-09-19-r14-referee-response/historical/COMPENDIUM_R
12.pdf>] [116 <./revisions/2026-09-19-r14-referee-response/historical/COMPENDIU
M_R12.pdf>] [117 <./revisions/2026-09-19-r14-referee-response/historical/COMPEN
DIUM_R12.pdf>] [118 <./revisions/2026-09-19-r14-referee-response/historical/COM
PENDIUM_R12.pdf>] [119 <./revisions/2026-09-19-r14-referee-response/historical/
SUPP_R12.pdf>] [120 <./revisions/2026-09-19-r14-referee-response/historical/SUP
P_R12.pdf>] [121 <./revisions/2026-09-19-r14-referee-response/historical/SUPP_R
12.pdf>] [122 <./revisions/2026-09-19-r14-referee-response/historical/SUPP_R12.
pdf>] [123 <./revisions/2026-09-19-r14-referee-response/historical/SUPP_R12.pdf
>] [124 <./revisions/2026-09-19-r14-referee-response/historical/SUPP_R12.pdf>]
[125 <./revisions/2026-09-19-r14-referee-response/historical/SUPP_R12.pdf>]
[126 <./revisions/2026-09-19-r14-referee-response/historical/SUPP_R12.pdf>]
[127 <./revisions/2026-09-19-r14-referee-response/historical/SUPP_R12.pdf>]
[128 <./revisions/2026-09-19-r14-referee-response/historical/SUPP_R12.pdf>]
[129 <./revisions/2026-09-19-r14-referee-response/historical/SUPP_R12.pdf>]
[130 <./revisions/2026-09-19-r14-referee-response/historical/SUPP_R12.pdf>]
[131 <./revisions/2026-09-19-r14-referee-response/historical/SUPP_R12.pdf>]
[132 <./revisions/2026-09-19-r14-referee-response/historical/SUPP_R12.pdf>]
[133 <./revisions/2026-09-19-r14-referee-response/historical/SUPP_R12.pdf>]
[134 <./revisions/2026-09-19-r14-referee-response/historical/SUPP_R12.pdf>]
[135 <./revisions/2026-09-19-r14-referee-response/historical/SUPP_R12.pdf>]
[136 <./revisions/2026-09-19-r14-referee-response/historical/SUPP_R12.pdf>]
[137 <./revisions/2026-09-19-r14-referee-response/historical/SUPP_R12.pdf>]
[138 <./revisions/2026-09-19-r14-referee-response/historical/SUPP_R12.pdf>]
[139 <./revisions/2026-09-19-r14-referee-response/historical/SUPP_R12.pdf>]
[140 <./revisions/2026-09-19-r14-referee-response/historical/SUPP_R12.pdf>]
[141 <./revisions/2026-09-19-r14-referee-response/historical/SUPP_R12.pdf>]
[142 <./revisions/2026-09-19-r14-referee-response/historical/SUPP_R12.pdf>]
[143 <./revisions/2026-09-19-r14-referee-response/historical/SUPP_R12.pdf>]
[144 <./revisions/2026-09-19-r14-referee-response/historical/SUPP_R12.pdf>]
[145 <./revisions/2026-09-19-r14-referee-response/historical/SUPP_R12.pdf>]
[146 <./revisions/2026-09-19-r14-referee-response/historical/SUPP_R12.pdf>]
[147 <./revisions/2026-09-19-r14-referee-response/historical/SUPP_R12.pdf>]
[148 <./revisions/2026-09-19-r14-referee-response/historical/SUPP_R12.pdf>]
[149 <./revisions/2026-09-19-r14-referee-response/historical/SUPP_R12.pdf>]
[150 <./revisions/2026-09-19-r14-referee-response/historical/SUPP_R12.pdf>]
[151 <./revisions/2026-09-19-r14-referee-response/historical/SUPP_R12.pdf>]
[152 <./revisions/2026-09-19-r14-referee-response/historical/SUPP_R12.pdf>]
[153 <./revisions/2026-09-19-r14-referee-response/historical/SUPP_R12.pdf>]
[154 <./revisions/2026-09-19-r14-referee-response/historical/SUPP_R12.pdf>]
[155 <./revisions/2026-09-19-r14-referee-response/historical/SUPP_R12.pdf>]
[156 <./revisions/2026-09-19-r14-referee-response/historical/SUPP_R12.pdf>]
[157 <./revisions/2026-09-19-r14-referee-response/historical/SUPP_R12.pdf>]
[158 <./revisions/2026-09-19-r14-referee-response/historical/SUPP_R12.pdf>]
[159 <./revisions/2026-09-19-r14-referee-response/historical/SUPP_R12.pdf>]
[160 <./revisions/2026-09-19-r14-referee-response/historical/SUPP_R12.pdf>]
[161 <./revisions/2026-09-19-r14-referee-response/historical/SUPP_R12.pdf>]
[162 <./revisions/2026-09-19-r14-referee-response/historical/SUPP_R12.pdf>]
[163 <./revisions/2026-09-19-r14-referee-response/historical/SUPP_R12.pdf>]
[164 <./revisions/2026-09-19-r14-referee-response/historical/SUPP_R12.pdf>]
[165 <./revisions/2026-09-19-r14-referee-response/historical/SUPP_R12.pdf>]
[166 <./revisions/2026-09-19-r14-referee-response/historical/SUPP_R12.pdf>]
(revisions/2026-09-19-r14-referee-response/COMPENDIUM_R14.aux) ){/usr/share/tex
live/texmf-dist/fonts/enc/dvips/base/8r.enc}</usr/share/texlive/texmf-dist/font
s/type1/public/amsfonts/cm/cmex10.pfb></usr/share/texlive/texmf-dist/fonts/type
1/public/amsfonts/cm/cmmi10.pfb></usr/share/texlive/texmf-dist/fonts/type1/publ
ic/amsfonts/cm/cmr10.pfb></usr/share/texlive/texmf-dist/fonts/type1/public/amsf
onts/cm/cmss8.pfb></usr/share/texlive/texmf-dist/fonts/type1/public/amsfonts/cm
/cmsy10.pfb></usr/share/texlive/texmf-dist/fonts/type1/public/mathpazo/fplmbb.p
fb></usr/share/texlive/texmf-dist/fonts/type1/public/mathpazo/fplmr.pfb></usr/s
hare/texlive/texmf-dist/fonts/type1/public/mathpazo/fplmri.pfb></usr/share/texl
ive/texmf-dist/fonts/type1/urw/courier/ucrr8a.pfb></usr/share/texlive/texmf-dis
t/fonts/type1/urw/palatino/uplb8a.pfb></usr/share/texlive/texmf-dist/fonts/type
1/urw/palatino/uplr8a.pfb></usr/share/texlive/texmf-dist/fonts/type1/urw/palati
no/uplri8a.pfb>
Output written on revisions/2026-09-19-r14-referee-response/COMPENDIUM_R14.pdf 
(166 pages, 937201 bytes).
Transcript written on revisions/2026-09-19-r14-referee-response/COMPENDIUM_R14.
log.
Latexmk: Log file says output to 'revisions/2026-09-19-r14-referee-response/COMPENDIUM_R14.pdf'
Rule 'pdflatex': File changes, etc:
   Changed files, or newly in use since previous run(s):
      'revisions/2026-09-19-r14-referee-response/COMPENDIUM_R14.aux'
------------
Run number 3 of rule 'pdflatex'
------------
------------
Running 'pdflatex  -interaction=nonstopmode -halt-on-error -file-line-error -recorder -output-directory="revisions/2026-09-19-r14-referee-response"  "COMPENDIUM_R14.tex"'
------------
Latexmk: Examining 'revisions/2026-09-19-r14-referee-response/COMPENDIUM_R14.log'
=== TeX engine is 'pdfTeX'
Latexmk: applying rule 'pdflatex'...
This is pdfTeX, Version 3.141592653-2.6-1.40.22 (TeX Live 2022/dev/Debian) (preloaded format=pdflatex)
 restricted \write18 enabled.
entering extended mode
(./COMPENDIUM_R14.tex
LaTeX2e <2021-11-15> patch level 1
L3 programming layer <2022-01-21> (./econsocart.cls
Document Class: econsocart 2022/11/21 v1.4.1, The Econometric Society Journals
(/usr/share/texlive/texmf-dist/tex/latex/etoolbox/etoolbox.sty)
(./econsocart.cfg) (/usr/share/texlive/texmf-dist/tex/latex/base/fix-cm.sty
(/usr/share/texlive/texmf-dist/tex/latex/base/ts1enc.def))
(/usr/share/texlive/texmf-dist/tex/latex/graphics/graphicx.sty
(/usr/share/texlive/texmf-dist/tex/latex/graphics/keyval.sty)
(/usr/share/texlive/texmf-dist/tex/latex/graphics/graphics.sty
(/usr/share/texlive/texmf-dist/tex/latex/graphics/trig.sty)
(/usr/share/texlive/texmf-dist/tex/latex/graphics-cfg/graphics.cfg)
(/usr/share/texlive/texmf-dist/tex/latex/graphics-def/pdftex.def)))
(/usr/share/texlive/texmf-dist/tex/latex/base/fontenc.sty)
(/usr/share/texlive/texmf-dist/tex/latex/psnfss/times.sty)
(/usr/share/texlive/texmf-dist/tex/latex/textcase/textcase.sty)
(/usr/share/texlive/texmf-dist/tex/latex/psnfss/helvet.sty)
(/usr/share/texlive/texmf-dist/tex/latex/base/textcomp.sty)
(/usr/share/texlive/texmf-dist/tex/latex/psnfss/t1ptm.fd)
(/usr/share/texlive/texmf-dist/tex/latex/amsfonts/amssymb.sty
(/usr/share/texlive/texmf-dist/tex/latex/amsfonts/amsfonts.sty))
(/usr/share/texlive/texmf-dist/tex/latex/tools/bm.sty)
(/usr/share/texlive/texmf-dist/tex/latex/url/url.sty)
(/usr/share/texlive/texmf-dist/tex/latex/amsmath/amsmath.sty
For additional information on amsmath, use the `?' option.
(/usr/share/texlive/texmf-dist/tex/latex/amsmath/amstext.sty
(/usr/share/texlive/texmf-dist/tex/latex/amsmath/amsgen.sty))
(/usr/share/texlive/texmf-dist/tex/latex/amsmath/amsbsy.sty)
(/usr/share/texlive/texmf-dist/tex/latex/amsmath/amsopn.sty))
(/usr/share/texlive/texmf-dist/tex/latex/amscls/amsthm.sty)
(/usr/share/texlive/texmf-dist/tex/latex/natbib/natbib.sty))
(./revisions/2026-09-17-r9-participation-permissions/paper/preamble.tex
(/usr/share/texlive/texmf-dist/tex/latex/hyperref/hyperref.sty
(/usr/share/texlive/texmf-dist/tex/generic/ltxcmds/ltxcmds.sty)
(/usr/share/texlive/texmf-dist/tex/generic/iftex/iftex.sty)
(/usr/share/texlive/texmf-dist/tex/generic/pdftexcmds/pdftexcmds.sty
(/usr/share/texlive/texmf-dist/tex/generic/infwarerr/infwarerr.sty))
(/usr/share/texlive/texmf-dist/tex/generic/kvsetkeys/kvsetkeys.sty)
(/usr/share/texlive/texmf-dist/tex/generic/kvdefinekeys/kvdefinekeys.sty)
(/usr/share/texlive/texmf-dist/tex/generic/pdfescape/pdfescape.sty)
(/usr/share/texlive/texmf-dist/tex/latex/hycolor/hycolor.sty)
(/usr/share/texlive/texmf-dist/tex/latex/letltxmacro/letltxmacro.sty)
(/usr/share/texlive/texmf-dist/tex/latex/auxhook/auxhook.sty)
(/usr/share/texlive/texmf-dist/tex/latex/kvoptions/kvoptions.sty)
(/usr/share/texlive/texmf-dist/tex/latex/hyperref/pd1enc.def)
(/usr/share/texlive/texmf-dist/tex/latex/hyperref/hyperref-langpatches.def)
(/usr/share/texlive/texmf-dist/tex/generic/intcalc/intcalc.sty)
(/usr/share/texlive/texmf-dist/tex/generic/etexcmds/etexcmds.sty)
(/usr/share/texlive/texmf-dist/tex/latex/hyperref/puenc.def)
(/usr/share/texlive/texmf-dist/tex/generic/bitset/bitset.sty
(/usr/share/texlive/texmf-dist/tex/generic/bigintcalc/bigintcalc.sty))
(/usr/share/texlive/texmf-dist/tex/latex/base/atbegshi-ltx.sty))
(/usr/share/texlive/texmf-dist/tex/latex/hyperref/hpdftex.def
(/usr/share/texlive/texmf-dist/tex/latex/base/atveryend-ltx.sty)
(/usr/share/texlive/texmf-dist/tex/latex/rerunfilecheck/rerunfilecheck.sty
(/usr/share/texlive/texmf-dist/tex/generic/uniquecounter/uniquecounter.sty)))
(/usr/share/texlive/texmf-dist/tex/latex/booktabs/booktabs.sty)
(/usr/share/texlive/texmf-dist/tex/latex/tools/tabularx.sty
(/usr/share/texlive/texmf-dist/tex/latex/tools/array.sty))
(/usr/share/texlive/texmf-dist/tex/latex/enumitem/enumitem.sty)
(/usr/share/texlive/texmf-dist/tex/latex/psnfss/mathpazo.sty)
(/usr/share/texlive/texmf-dist/tex/latex/base/fontenc.sty
(/usr/share/texlive/texmf-dist/tex/latex/psnfss/t1ppl.fd))
(/usr/share/texlive/texmf-dist/tex/latex/microtype/microtype.sty
(/usr/share/texlive/texmf-dist/tex/latex/microtype/microtype-pdftex.def)
(/usr/share/texlive/texmf-dist/tex/latex/microtype/microtype.cfg)))
(/usr/share/texlive/texmf-dist/tex/latex/pdfpages/pdfpages.sty
(/usr/share/texlive/texmf-dist/tex/latex/base/ifthen.sty)
(/usr/share/texlive/texmf-dist/tex/latex/tools/calc.sty)
(/usr/share/texlive/texmf-dist/tex/latex/eso-pic/eso-pic.sty
(/usr/share/texlive/texmf-dist/tex/latex/xcolor/xcolor.sty
(/usr/share/texlive/texmf-dist/tex/latex/graphics-cfg/color.cfg)))
(/usr/share/texlive/texmf-dist/tex/latex/pdfpages/pppdftex.def))
(/usr/share/texlive/texmf-dist/tex/latex/hyperref/backref.sty)
(/usr/share/texlive/texmf-dist/tex/latex/l3backend/l3backend-pdftex.def)
(revisions/2026-09-19-r14-referee-response/COMPENDIUM_R14.aux)
(/usr/share/texlive/texmf-dist/tex/context/base/mkii/supp-pdf.mkii
[Loading MPS to PDF converter (version 2006.09.02).]
) (/usr/share/texlive/texmf-dist/tex/latex/epstopdf-pkg/epstopdf-base.sty
(/usr/share/texlive/texmf-dist/tex/latex/latexconfig/epstopdf-sys.cfg))
(/usr/share/texlive/texmf-dist/tex/latex/hyperref/nameref.sty
(/usr/share/texlive/texmf-dist/tex/latex/refcount/refcount.sty)
(/usr/share/texlive/texmf-dist/tex/generic/gettitlestring/gettitlestring.sty))
(revisions/2026-09-19-r14-referee-response/COMPENDIUM_R14.out)
(revisions/2026-09-19-r14-referee-response/COMPENDIUM_R14.out)
(/usr/share/texlive/texmf-dist/tex/latex/microtype/mt-ppl.cfg)
(/usr/share/texlive/texmf-dist/tex/latex/pdflscape/pdflscape.sty
(/usr/share/texlive/texmf-dist/tex/latex/graphics/lscape.sty))
(/usr/share/texlive/texmf-dist/tex/latex/psnfss/ot1ppl.fd)
(/usr/share/texlive/texmf-dist/tex/latex/psnfss/omlzplm.fd)
(/usr/share/texlive/texmf-dist/tex/latex/psnfss/omszplm.fd)
(/usr/share/texlive/texmf-dist/tex/latex/psnfss/omxzplm.fd)
(/usr/share/texlive/texmf-dist/tex/latex/microtype/mt-msa.cfg)
(/usr/share/texlive/texmf-dist/tex/latex/microtype/mt-msb.cfg)
(/usr/share/texlive/texmf-dist/tex/latex/microtype/mt-cmr.cfg)
(/usr/share/texlive/texmf-dist/tex/latex/psnfss/ot1zplm.fd)

Package hyperref Warning: Ignoring empty anchor on input line 11.

[1
Non-PDF special ignored!
<special> papersize=487.8225pt,704.63249pt
{/var/lib/texmf/fonts/map/pdftex/updmap/pdftex.map}] [2 <./revisions/2026-09-19
-r14-referee-response/ECTA_R14.pdf>] [3 <./revisions/2026-09-19-r14-referee-res
ponse/ECTA_R14.pdf>] [4 <./revisions/2026-09-19-r14-referee-response/ECTA_R14.p
df>] [5 <./revisions/2026-09-19-r14-referee-response/ECTA_R14.pdf>] [6 <./revis
ions/2026-09-19-r14-referee-response/ECTA_R14.pdf>] [7 <./revisions/2026-09-19-
r14-referee-response/ECTA_R14.pdf>] [8 <./revisions/2026-09-19-r14-referee-resp
onse/ECTA_R14.pdf>] [9 <./revisions/2026-09-19-r14-referee-response/ECTA_R14.pd
f>] [10 <./revisions/2026-09-19-r14-referee-response/ECTA_R14.pdf>] [11 <./revi
sions/2026-09-19-r14-referee-response/ECTA_R14.pdf>] [12 <./revisions/2026-09-1
9-r14-referee-response/ECTA_R14.pdf>] [13 <./revisions/2026-09-19-r14-referee-r
esponse/ECTA_R14.pdf>] [14 <./revisions/2026-09-19-r14-referee-response/ECTA_R1
4.pdf>] [15 <./revisions/2026-09-19-r14-referee-response/ECTA_R14.pdf>]
[16 <./revisions/2026-09-19-r14-referee-response/ECTA_R14.pdf>] [17 <./revision
s/2026-09-19-r14-referee-response/ECTA_R14.pdf>] [18 <./revisions/2026-09-19-r1
4-referee-response/ECTA_R14.pdf>] [19 <./revisions/2026-09-19-r14-referee-respo
nse/ECTA_R14.pdf>] [20 <./revisions/2026-09-19-r14-referee-response/SUPP_R14.pd
f>] [21 <./revisions/2026-09-19-r14-referee-response/SUPP_R14.pdf>] [22 <./revi
sions/2026-09-19-r14-referee-response/SUPP_R14.pdf>] [23 <./revisions/2026-09-1
9-r14-referee-response/SUPP_R14.pdf>] [24 <./revisions/2026-09-19-r14-referee-r
esponse/SUPP_R14.pdf>] [25 <./revisions/2026-09-19-r14-referee-response/SUPP_R1
4.pdf>] [26 <./revisions/2026-09-19-r14-referee-response/SUPP_R14.pdf>]
[27 <./revisions/2026-09-19-r14-referee-response/SUPP_R14.pdf>] [28 <./revision
s/2026-09-19-r14-referee-response/SUPP_R14.pdf>] [29 <./revisions/2026-09-19-r1
4-referee-response/SUPP_R14.pdf>] [30 <./revisions/2026-09-19-r14-referee-respo
nse/SUPP_R14.pdf>] [31 <./revisions/2026-09-19-r14-referee-response/SUPP_R14.pd
f>] [32 <./revisions/2026-09-19-r14-referee-response/SUPP_R14.pdf>] [33 <./revi
sions/2026-09-19-r14-referee-response/SUPP_R14.pdf>] [34 <./revisions/2026-09-1
9-r14-referee-response/historical/ECTA_R12.pdf>] [35 <./revisions/2026-09-19-r1
4-referee-response/historical/ECTA_R12.pdf>] [36 <./revisions/2026-09-19-r14-re
feree-response/historical/ECTA_R12.pdf>] [37 <./revisions/2026-09-19-r14-refere
e-response/historical/ECTA_R12.pdf>] [38 <./revisions/2026-09-19-r14-referee-re
sponse/historical/ECTA_R12.pdf>] [39 <./revisions/2026-09-19-r14-referee-respon
se/historical/ECTA_R12.pdf>] [40 <./revisions/2026-09-19-r14-referee-response/h
istorical/ECTA_R12.pdf>] [41 <./revisions/2026-09-19-r14-referee-response/histo
rical/ECTA_R12.pdf>] [42 <./revisions/2026-09-19-r14-referee-response/historica
l/ECTA_R12.pdf>] [43 <./revisions/2026-09-19-r14-referee-response/historical/EC
TA_R12.pdf>] [44 <./revisions/2026-09-19-r14-referee-response/historical/ECTA_R
12.pdf>] [45 <./revisions/2026-09-19-r14-referee-response/historical/ECTA_R12.p
df>] [46 <./revisions/2026-09-19-r14-referee-response/historical/ECTA_R12.pdf>]
[47 <./revisions/2026-09-19-r14-referee-response/historical/COMPENDIUM_R12.pdf>
] [48 <./revisions/2026-09-19-r14-referee-response/historical/COMPENDIUM_R12.pd
f>] [49 <./revisions/2026-09-19-r14-referee-response/historical/COMPENDIUM_R12.
pdf>] [50 <./revisions/2026-09-19-r14-referee-response/historical/COMPENDIUM_R1
2.pdf>] [51 <./revisions/2026-09-19-r14-referee-response/historical/COMPENDIUM_
R12.pdf>] [52 <./revisions/2026-09-19-r14-referee-response/historical/COMPENDIU
M_R12.pdf>] [53 <./revisions/2026-09-19-r14-referee-response/historical/COMPEND
IUM_R12.pdf>] [54 <./revisions/2026-09-19-r14-referee-response/historical/COMPE
NDIUM_R12.pdf>] [55 <./revisions/2026-09-19-r14-referee-response/historical/COM
PENDIUM_R12.pdf>] [56 <./revisions/2026-09-19-r14-referee-response/historical/C
OMPENDIUM_R12.pdf>] [57 <./revisions/2026-09-19-r14-referee-response/historical
/COMPENDIUM_R12.pdf>] [58 <./revisions/2026-09-19-r14-referee-response/historic
al/COMPENDIUM_R12.pdf>] [59 <./revisions/2026-09-19-r14-referee-response/histor
ical/COMPENDIUM_R12.pdf>] [60 <./revisions/2026-09-19-r14-referee-response/hist
orical/COMPENDIUM_R12.pdf>] [61 <./revisions/2026-09-19-r14-referee-response/hi
storical/COMPENDIUM_R12.pdf>] [62 <./revisions/2026-09-19-r14-referee-response/
historical/COMPENDIUM_R12.pdf>] [63 <./revisions/2026-09-19-r14-referee-respons
e/historical/COMPENDIUM_R12.pdf>] [64 <./revisions/2026-09-19-r14-referee-respo
nse/historical/COMPENDIUM_R12.pdf>] [65 <./revisions/2026-09-19-r14-referee-res
ponse/historical/COMPENDIUM_R12.pdf>] [66 <./revisions/2026-09-19-r14-referee-r
esponse/historical/COMPENDIUM_R12.pdf>] [67 <./revisions/2026-09-19-r14-referee
-response/historical/COMPENDIUM_R12.pdf>] [68 <./revisions/2026-09-19-r14-refer
ee-response/historical/COMPENDIUM_R12.pdf>] [69 <./revisions/2026-09-19-r14-ref
eree-response/historical/COMPENDIUM_R12.pdf>] [70 <./revisions/2026-09-19-r14-r
eferee-response/historical/COMPENDIUM_R12.pdf>] [71 <./revisions/2026-09-19-r14
-referee-response/historical/COMPENDIUM_R12.pdf>] [72 <./revisions/2026-09-19-r
14-referee-response/historical/COMPENDIUM_R12.pdf>] [73 <./revisions/2026-09-19
-r14-referee-response/historical/COMPENDIUM_R12.pdf>] [74 <./revisions/2026-09-
19-r14-referee-response/historical/COMPENDIUM_R12.pdf>] [75 <./revisions/2026-0
9-19-r14-referee-response/historical/COMPENDIUM_R12.pdf>] [76 <./revisions/2026
-09-19-r14-referee-response/historical/COMPENDIUM_R12.pdf>] [77 <./revisions/20
26-09-19-r14-referee-response/historical/COMPENDIUM_R12.pdf>] [78 <./revisions/
2026-09-19-r14-referee-response/historical/COMPENDIUM_R12.pdf>] [79 <./revision
s/2026-09-19-r14-referee-response/historical/COMPENDIUM_R12.pdf>] [80 <./revisi
ons/2026-09-19-r14-referee-response/historical/COMPENDIUM_R12.pdf>] [81 <./revi
sions/2026-09-19-r14-referee-response/historical/COMPENDIUM_R12.pdf>] [82 <./re
visions/2026-09-19-r14-referee-response/historical/COMPENDIUM_R12.pdf>]
[83 <./revisions/2026-09-19-r14-referee-response/historical/COMPENDIUM_R12.pdf>
] [84 <./revisions/2026-09-19-r14-referee-response/historical/COMPENDIUM_R12.pd
f>] [85 <./revisions/2026-09-19-r14-referee-response/historical/COMPENDIUM_R12.
pdf>] [86 <./revisions/2026-09-19-r14-referee-response/historical/COMPENDIUM_R1
2.pdf>] [87 <./revisions/2026-09-19-r14-referee-response/historical/COMPENDIUM_
R12.pdf>] [88 <./revisions/2026-09-19-r14-referee-response/historical/COMPENDIU
M_R12.pdf>] [89 <./revisions/2026-09-19-r14-referee-response/historical/COMPEND
IUM_R12.pdf>] [90 <./revisions/2026-09-19-r14-referee-response/historical/COMPE
NDIUM_R12.pdf>] [91 <./revisions/2026-09-19-r14-referee-response/historical/COM
PENDIUM_R12.pdf>] [92 <./revisions/2026-09-19-r14-referee-response/historical/C
OMPENDIUM_R12.pdf>] [93 <./revisions/2026-09-19-r14-referee-response/historical
/COMPENDIUM_R12.pdf>] [94 <./revisions/2026-09-19-r14-referee-response/historic
al/COMPENDIUM_R12.pdf>] [95 <./revisions/2026-09-19-r14-referee-response/histor
ical/COMPENDIUM_R12.pdf>] [96 <./revisions/2026-09-19-r14-referee-response/hist
orical/COMPENDIUM_R12.pdf>] [97 <./revisions/2026-09-19-r14-referee-response/hi
storical/COMPENDIUM_R12.pdf>] [98 <./revisions/2026-09-19-r14-referee-response/
historical/COMPENDIUM_R12.pdf>] [99 <./revisions/2026-09-19-r14-referee-respons
e/historical/COMPENDIUM_R12.pdf>] [100 <./revisions/2026-09-19-r14-referee-resp
onse/historical/COMPENDIUM_R12.pdf>] [101 <./revisions/2026-09-19-r14-referee-r
esponse/historical/COMPENDIUM_R12.pdf>] [102 <./revisions/2026-09-19-r14-refere
e-response/historical/COMPENDIUM_R12.pdf>] [103 <./revisions/2026-09-19-r14-ref
eree-response/historical/COMPENDIUM_R12.pdf>] [104 <./revisions/2026-09-19-r14-
referee-response/historical/COMPENDIUM_R12.pdf>] [105 <./revisions/2026-09-19-r
14-referee-response/historical/COMPENDIUM_R12.pdf>] [106 <./revisions/2026-09-1
9-r14-referee-response/historical/COMPENDIUM_R12.pdf>] [107 <./revisions/2026-0
9-19-r14-referee-response/historical/COMPENDIUM_R12.pdf>] [108 <./revisions/202
6-09-19-r14-referee-response/historical/COMPENDIUM_R12.pdf>] [109 <./revisions/
2026-09-19-r14-referee-response/historical/COMPENDIUM_R12.pdf>] [110 <./revisio
ns/2026-09-19-r14-referee-response/historical/COMPENDIUM_R12.pdf>] [111 <./revi
sions/2026-09-19-r14-referee-response/historical/COMPENDIUM_R12.pdf>] [112 <./r
evisions/2026-09-19-r14-referee-response/historical/COMPENDIUM_R12.pdf>]
[113 <./revisions/2026-09-19-r14-referee-response/historical/COMPENDIUM_R12.pdf
>] [114 <./revisions/2026-09-19-r14-referee-response/historical/COMPENDIUM_R12.
pdf>] [115 <./revisions/2026-09-19-r14-referee-response/historical/COMPENDIUM_R
12.pdf>] [116 <./revisions/2026-09-19-r14-referee-response/historical/COMPENDIU
M_R12.pdf>] [117 <./revisions/2026-09-19-r14-referee-response/historical/COMPEN
DIUM_R12.pdf>] [118 <./revisions/2026-09-19-r14-referee-response/historical/COM
PENDIUM_R12.pdf>] [119 <./revisions/2026-09-19-r14-referee-response/historical/
SUPP_R12.pdf>] [120 <./revisions/2026-09-19-r14-referee-response/historical/SUP
P_R12.pdf>] [121 <./revisions/2026-09-19-r14-referee-response/historical/SUPP_R
12.pdf>] [122 <./revisions/2026-09-19-r14-referee-response/historical/SUPP_R12.
pdf>] [123 <./revisions/2026-09-19-r14-referee-response/historical/SUPP_R12.pdf
>] [124 <./revisions/2026-09-19-r14-referee-response/historical/SUPP_R12.pdf>]
[125 <./revisions/2026-09-19-r14-referee-response/historical/SUPP_R12.pdf>]
[126 <./revisions/2026-09-19-r14-referee-response/historical/SUPP_R12.pdf>]
[127 <./revisions/2026-09-19-r14-referee-response/historical/SUPP_R12.pdf>]
[128 <./revisions/2026-09-19-r14-referee-response/historical/SUPP_R12.pdf>]
[129 <./revisions/2026-09-19-r14-referee-response/historical/SUPP_R12.pdf>]
[130 <./revisions/2026-09-19-r14-referee-response/historical/SUPP_R12.pdf>]
[131 <./revisions/2026-09-19-r14-referee-response/historical/SUPP_R12.pdf>]
[132 <./revisions/2026-09-19-r14-referee-response/historical/SUPP_R12.pdf>]
[133 <./revisions/2026-09-19-r14-referee-response/historical/SUPP_R12.pdf>]
[134 <./revisions/2026-09-19-r14-referee-response/historical/SUPP_R12.pdf>]
[135 <./revisions/2026-09-19-r14-referee-response/historical/SUPP_R12.pdf>]
[136 <./revisions/2026-09-19-r14-referee-response/historical/SUPP_R12.pdf>]
[137 <./revisions/2026-09-19-r14-referee-response/historical/SUPP_R12.pdf>]
[138 <./revisions/2026-09-19-r14-referee-response/historical/SUPP_R12.pdf>]
[139 <./revisions/2026-09-19-r14-referee-response/historical/SUPP_R12.pdf>]
[140 <./revisions/2026-09-19-r14-referee-response/historical/SUPP_R12.pdf>]
[141 <./revisions/2026-09-19-r14-referee-response/historical/SUPP_R12.pdf>]
[142 <./revisions/2026-09-19-r14-referee-response/historical/SUPP_R12.pdf>]
[143 <./revisions/2026-09-19-r14-referee-response/historical/SUPP_R12.pdf>]
[144 <./revisions/2026-09-19-r14-referee-response/historical/SUPP_R12.pdf>]
[145 <./revisions/2026-09-19-r14-referee-response/historical/SUPP_R12.pdf>]
[146 <./revisions/2026-09-19-r14-referee-response/historical/SUPP_R12.pdf>]
[147 <./revisions/2026-09-19-r14-referee-response/historical/SUPP_R12.pdf>]
[148 <./revisions/2026-09-19-r14-referee-response/historical/SUPP_R12.pdf>]
[149 <./revisions/2026-09-19-r14-referee-response/historical/SUPP_R12.pdf>]
[150 <./revisions/2026-09-19-r14-referee-response/historical/SUPP_R12.pdf>]
[151 <./revisions/2026-09-19-r14-referee-response/historical/SUPP_R12.pdf>]
[152 <./revisions/2026-09-19-r14-referee-response/historical/SUPP_R12.pdf>]
[153 <./revisions/2026-09-19-r14-referee-response/historical/SUPP_R12.pdf>]
[154 <./revisions/2026-09-19-r14-referee-response/historical/SUPP_R12.pdf>]
[155 <./revisions/2026-09-19-r14-referee-response/historical/SUPP_R12.pdf>]
[156 <./revisions/2026-09-19-r14-referee-response/historical/SUPP_R12.pdf>]
[157 <./revisions/2026-09-19-r14-referee-response/historical/SUPP_R12.pdf>]
[158 <./revisions/2026-09-19-r14-referee-response/historical/SUPP_R12.pdf>]
[159 <./revisions/2026-09-19-r14-referee-response/historical/SUPP_R12.pdf>]
[160 <./revisions/2026-09-19-r14-referee-response/historical/SUPP_R12.pdf>]
[161 <./revisions/2026-09-19-r14-referee-response/historical/SUPP_R12.pdf>]
[162 <./revisions/2026-09-19-r14-referee-response/historical/SUPP_R12.pdf>]
[163 <./revisions/2026-09-19-r14-referee-response/historical/SUPP_R12.pdf>]
[164 <./revisions/2026-09-19-r14-referee-response/historical/SUPP_R12.pdf>]
[165 <./revisions/2026-09-19-r14-referee-response/historical/SUPP_R12.pdf>]
[166 <./revisions/2026-09-19-r14-referee-response/historical/SUPP_R12.pdf>]
(revisions/2026-09-19-r14-referee-response/COMPENDIUM_R14.aux) ){/usr/share/tex
live/texmf-dist/fonts/enc/dvips/base/8r.enc}</usr/share/texlive/texmf-dist/font
s/type1/public/amsfonts/cm/cmex10.pfb></usr/share/texlive/texmf-dist/fonts/type
1/public/amsfonts/cm/cmmi10.pfb></usr/share/texlive/texmf-dist/fonts/type1/publ
ic/amsfonts/cm/cmr10.pfb></usr/share/texlive/texmf-dist/fonts/type1/public/amsf
onts/cm/cmss8.pfb></usr/share/texlive/texmf-dist/fonts/type1/public/amsfonts/cm
/cmsy10.pfb></usr/share/texlive/texmf-dist/fonts/type1/public/mathpazo/fplmbb.p
fb></usr/share/texlive/texmf-dist/fonts/type1/public/mathpazo/fplmr.pfb></usr/s
hare/texlive/texmf-dist/fonts/type1/public/mathpazo/fplmri.pfb></usr/share/texl
ive/texmf-dist/fonts/type1/urw/courier/ucrr8a.pfb></usr/share/texlive/texmf-dis
t/fonts/type1/urw/palatino/uplb8a.pfb></usr/share/texlive/texmf-dist/fonts/type
1/urw/palatino/uplr8a.pfb></usr/share/texlive/texmf-dist/fonts/type1/urw/palati
no/uplri8a.pfb>
Output written on revisions/2026-09-19-r14-referee-response/COMPENDIUM_R14.pdf 
(166 pages, 937201 bytes).
Transcript written on revisions/2026-09-19-r14-referee-response/COMPENDIUM_R14.
log.
Latexmk: Log file says output to 'revisions/2026-09-19-r14-referee-response/COMPENDIUM_R14.pdf'
Latexmk: Examining 'revisions/2026-09-19-r14-referee-response/COMPENDIUM_R14.log'
=== TeX engine is 'pdfTeX'
Latexmk: All targets (revisions/2026-09-19-r14-referee-response/COMPENDIUM_R14.pdf) are up-to-date

This is pdfTeX, Version 3.141592653-2.6-1.40.22 (TeX Live 2022/dev/Debian) (preloaded format=pdflatex 2026.9.19)  19 SEP 2026 00:00
entering extended mode
 restricted \write18 enabled.
 file:line:error style messages enabled.
 %&-line parsing enabled.
**COMPENDIUM_R14.tex
(./COMPENDIUM_R14.tex
LaTeX2e <2021-11-15> patch level 1
L3 programming layer <2022-01-21> (./econsocart.cls
Document Class: econsocart 2022/11/21 v1.4.1, The Econometric Society Journals
(/usr/share/texlive/texmf-dist/tex/latex/etoolbox/etoolbox.sty
Package: etoolbox 2020/10/05 v2.5k e-TeX tools for LaTeX (JAW)
\etb@tempcnta=\count185
)
(./econsocart.cfg
File: econsocart.cfg 2023/02/04 v1.0.5 configuration for econsocart class
) (/usr/share/texlive/texmf-dist/tex/latex/base/fix-cm.sty
Package: fix-cm 2020/11/24 v1.1t fixes to LaTeX

(/usr/share/texlive/texmf-dist/tex/latex/base/ts1enc.def
File: ts1enc.def 2001/06/05 v3.0e (jk/car/fm) Standard LaTeX file
LaTeX Font Info:    Redeclaring font encoding TS1 on input line 47.
))
(/usr/share/texlive/texmf-dist/tex/latex/graphics/graphicx.sty
Package: graphicx 2021/09/16 v1.2d Enhanced LaTeX Graphics (DPC,SPQR)

(/usr/share/texlive/texmf-dist/tex/latex/graphics/keyval.sty
Package: keyval 2014/10/28 v1.15 key=value parser (DPC)
\KV@toks@=\toks16
)
(/usr/share/texlive/texmf-dist/tex/latex/graphics/graphics.sty
Package: graphics 2021/03/04 v1.4d Standard LaTeX Graphics (DPC,SPQR)

(/usr/share/texlive/texmf-dist/tex/latex/graphics/trig.sty
Package: trig 2021/08/11 v1.11 sin cos tan (DPC)
)
(/usr/share/texlive/texmf-dist/tex/latex/graphics-cfg/graphics.cfg
File: graphics.cfg 2016/06/04 v1.11 sample graphics configuration
)
Package graphics Info: Driver file: pdftex.def on input line 107.

(/usr/share/texlive/texmf-dist/tex/latex/graphics-def/pdftex.def
File: pdftex.def 2020/10/05 v1.2a Graphics/color driver for pdftex
))
\Gin@req@height=\dimen138
\Gin@req@width=\dimen139
)
(/usr/share/texlive/texmf-dist/tex/latex/base/fontenc.sty
Package: fontenc 2021/04/29 v2.0v Standard LaTeX package
)
(/usr/share/texlive/texmf-dist/tex/latex/psnfss/times.sty
Package: times 2020/03/25 PSNFSS-v9.3 (SPQR) 
)
(/usr/share/texlive/texmf-dist/tex/latex/textcase/textcase.sty
Package: textcase 2019/09/14 v1.00 Text only upper/lower case changing (DPC)
)
(/usr/share/texlive/texmf-dist/tex/latex/psnfss/helvet.sty
Package: helvet 2020/03/25 PSNFSS-v9.3 (WaS) 
)
(/usr/share/texlive/texmf-dist/tex/latex/base/textcomp.sty
Package: textcomp 2020/02/02 v2.0n Standard LaTeX package
)
LaTeX Font Info:    Trying to load font information for T1+ptm on input line 46
1.

(/usr/share/texlive/texmf-dist/tex/latex/psnfss/t1ptm.fd
File: t1ptm.fd 2001/06/04 font definitions for T1/ptm.
)
(/usr/share/texlive/texmf-dist/tex/latex/amsfonts/amssymb.sty
Package: amssymb 2013/01/14 v3.01 AMS font symbols

(/usr/share/texlive/texmf-dist/tex/latex/amsfonts/amsfonts.sty
Package: amsfonts 2013/01/14 v3.01 Basic AMSFonts support
\@emptytoks=\toks17
\symAMSa=\mathgroup4
\symAMSb=\mathgroup5
LaTeX Font Info:    Redeclaring math symbol \hbar on input line 98.
LaTeX Font Info:    Overwriting math alphabet `\mathfrak' in version `bold'
(Font)                  U/euf/m/n --> U/euf/b/n on input line 106.
))
(/usr/share/texlive/texmf-dist/tex/latex/tools/bm.sty
Package: bm 2021/04/25 v1.2e Bold Symbol Support (DPC/FMi)
\symboldoperators=\mathgroup6
Package bm Info: No bold for \OMX/cmex/m/n, using \pmb.
Package bm Info: No bold for \U/msa/m/n, using \pmb.
Package bm Info: No bold for \U/msb/m/n, using \pmb.
LaTeX Font Info:    Redeclaring math alphabet \mathbf on input line 149.
)
\@pubyear=\count186
\@copyear=\count187
\c@thanks=\count188

(/usr/share/texlive/texmf-dist/tex/latex/url/url.sty
\Urlmuskip=\muskip16
Package: url 2013/09/16  ver 3.4  Verb mode for urls, etc.
)
\c@longlist=\count189
\c@part=\count190
\c@chapter=\count191
\c@section=\count192
\c@subsection=\count193
\c@subsubsection=\count194
\c@paragraph=\count195
\c@subparagraph=\count196

(/usr/share/texlive/texmf-dist/tex/latex/amsmath/amsmath.sty
Package: amsmath 2021/10/15 v2.17l AMS math features
\@mathmargin=\skip47

For additional information on amsmath, use the `?' option.
(/usr/share/texlive/texmf-dist/tex/latex/amsmath/amstext.sty
Package: amstext 2021/08/26 v2.01 AMS text

(/usr/share/texlive/texmf-dist/tex/latex/amsmath/amsgen.sty
File: amsgen.sty 1999/11/30 v2.0 generic functions
\@emptytoks=\toks18
\ex@=\dimen140
))
(/usr/share/texlive/texmf-dist/tex/latex/amsmath/amsbsy.sty
Package: amsbsy 1999/11/29 v1.2d Bold Symbols
LaTeX Info: Redefining \boldsymbol on input line 28.
\pmbraise@=\dimen141
)
(/usr/share/texlive/texmf-dist/tex/latex/amsmath/amsopn.sty
Package: amsopn 2021/08/26 v2.02 operator names
)
\inf@bad=\count197
LaTeX Info: Redefining \frac on input line 234.
\uproot@=\count198
\leftroot@=\count199
LaTeX Info: Redefining \overline on input line 399.
\classnum@=\count266
\DOTSCASE@=\count267
LaTeX Info: Redefining \ldots on input line 496.
LaTeX Info: Redefining \dots on input line 499.
LaTeX Info: Redefining \cdots on input line 620.
\Mathstrutbox@=\box50
\strutbox@=\box51
\big@size=\dimen142
LaTeX Font Info:    Redeclaring font encoding OML on input line 743.
LaTeX Font Info:    Redeclaring font encoding OMS on input line 744.
\macc@depth=\count268
\c@MaxMatrixCols=\count269
\dotsspace@=\muskip17
\c@parentequation=\count270
\dspbrk@lvl=\count271
\tag@help=\toks19
\row@=\count272
\column@=\count273
\maxfields@=\count274
\andhelp@=\toks20
\eqnshift@=\dimen143
\alignsep@=\dimen144
\tagshift@=\dimen145
\tagwidth@=\dimen146
\totwidth@=\dimen147
\lineht@=\dimen148
\@envbody=\toks21
\multlinegap=\skip48
\multlinetaggap=\skip49
\mathdisplay@stack=\toks22
LaTeX Info: Redefining \[ on input line 2938.
LaTeX Info: Redefining \] on input line 2939.
)
\mathindent=\skip50

(/usr/share/texlive/texmf-dist/tex/latex/amscls/amsthm.sty
Package: amsthm 2020/05/29 v2.20.6
\thm@style=\toks23
\thm@bodyfont=\toks24
\thm@headfont=\toks25
\thm@notefont=\toks26
\thm@headpunct=\toks27
\thm@preskip=\skip51
\thm@postskip=\skip52
\thm@headsep=\skip53
\dth@everypar=\toks28
)
LaTeX Info: Redefining \qed on input line 753.

(/usr/share/texlive/texmf-dist/tex/latex/natbib/natbib.sty
Package: natbib 2010/09/13 8.31b (PWD, AO)
\bibhang=\skip54
\bibsep=\skip55
LaTeX Info: Redefining \cite on input line 694.
\c@NAT@ctr=\count275
)
\c@figure=\count276
\c@table=\count277
\tablewidth=\dimen149
\c@tabnote=\count278
\c@econsocart@legend@count=\count279
\c@author=\count280
\c@address=\count281
\sv@mathsurround=\dimen150
\@tempcntc=\count282
\@tempcntd=\count283
\@tempcnte=\count284
\fm@box=\box52
\fm@size=\dimen151
\t@xtheight=\dimen152
\c@econsocartaddressref=\count285
\abstract@box=\box53
\keyword@box=\box54
\pre@kwd@depth=\dimen153
\authors@list=\toks29
\keywords@list=\toks30
)
(./revisions/2026-09-17-r9-participation-permissions/paper/preamble.tex
(/usr/share/texlive/texmf-dist/tex/latex/hyperref/hyperref.sty
Package: hyperref 2021-06-07 v7.00m Hypertext links for LaTeX

(/usr/share/texlive/texmf-dist/tex/generic/ltxcmds/ltxcmds.sty
Package: ltxcmds 2020-05-10 v1.25 LaTeX kernel commands for general use (HO)
)
(/usr/share/texlive/texmf-dist/tex/generic/iftex/iftex.sty
Package: iftex 2020/03/06 v1.0d TeX engine tests
)
(/usr/share/texlive/texmf-dist/tex/generic/pdftexcmds/pdftexcmds.sty
Package: pdftexcmds 2020-06-27 v0.33 Utility functions of pdfTeX for LuaTeX (HO
)

(/usr/share/texlive/texmf-dist/tex/generic/infwarerr/infwarerr.sty
Package: infwarerr 2019/12/03 v1.5 Providing info/warning/error messages (HO)
)
Package pdftexcmds Info: \pdf@primitive is available.
Package pdftexcmds Info: \pdf@ifprimitive is available.
Package pdftexcmds Info: \pdfdraftmode found.
)
(/usr/share/texlive/texmf-dist/tex/generic/kvsetkeys/kvsetkeys.sty
Package: kvsetkeys 2019/12/15 v1.18 Key value parser (HO)
)
(/usr/share/texlive/texmf-dist/tex/generic/kvdefinekeys/kvdefinekeys.sty
Package: kvdefinekeys 2019-12-19 v1.6 Define keys (HO)
)
(/usr/share/texlive/texmf-dist/tex/generic/pdfescape/pdfescape.sty
Package: pdfescape 2019/12/09 v1.15 Implements pdfTeX's escape features (HO)
)
(/usr/share/texlive/texmf-dist/tex/latex/hycolor/hycolor.sty
Package: hycolor 2020-01-27 v1.10 Color options for hyperref/bookmark (HO)
)
(/usr/share/texlive/texmf-dist/tex/latex/letltxmacro/letltxmacro.sty
Package: letltxmacro 2019/12/03 v1.6 Let assignment for LaTeX macros (HO)
)
(/usr/share/texlive/texmf-dist/tex/latex/auxhook/auxhook.sty
Package: auxhook 2019-12-17 v1.6 Hooks for auxiliary files (HO)
)
(/usr/share/texlive/texmf-dist/tex/latex/kvoptions/kvoptions.sty
Package: kvoptions 2020-10-07 v3.14 Key value format for package options (HO)
)
\@linkdim=\dimen154
\Hy@linkcounter=\count286
\Hy@pagecounter=\count287

(/usr/share/texlive/texmf-dist/tex/latex/hyperref/pd1enc.def
File: pd1enc.def 2021-06-07 v7.00m Hyperref: PDFDocEncoding definition (HO)
Now handling font encoding PD1 ...
... no UTF-8 mapping file for font encoding PD1
)
(/usr/share/texlive/texmf-dist/tex/latex/hyperref/hyperref-langpatches.def
File: hyperref-langpatches.def 2021-06-07 v7.00m Hyperref: patches for babel la
nguages
)
(/usr/share/texlive/texmf-dist/tex/generic/intcalc/intcalc.sty
Package: intcalc 2019/12/15 v1.3 Expandable calculations with integers (HO)
)
(/usr/share/texlive/texmf-dist/tex/generic/etexcmds/etexcmds.sty
Package: etexcmds 2019/12/15 v1.7 Avoid name clashes with e-TeX commands (HO)
)
\Hy@SavedSpaceFactor=\count288

(/usr/share/texlive/texmf-dist/tex/latex/hyperref/puenc.def
File: puenc.def 2021-06-07 v7.00m Hyperref: PDF Unicode definition (HO)
Now handling font encoding PU ...
... no UTF-8 mapping file for font encoding PU
)
Package hyperref Info: Option `setpagesize' set `false' on input line 4073.
Package hyperref Info: Option `colorlinks' set `true' on input line 4073.
Package hyperref Info: Hyper figures OFF on input line 4192.
Package hyperref Info: Link nesting OFF on input line 4197.
Package hyperref Info: Hyper index ON on input line 4200.
Package hyperref Info: Plain pages OFF on input line 4207.
Package hyperref Info: Backreferencing OFF on input line 4212.
Package hyperref Info: Implicit mode ON; LaTeX internals redefined.
Package hyperref Info: Bookmarks ON on input line 4445.
\c@Hy@tempcnt=\count289
LaTeX Info: Redefining \url on input line 4804.
\XeTeXLinkMargin=\dimen155

(/usr/share/texlive/texmf-dist/tex/generic/bitset/bitset.sty
Package: bitset 2019/12/09 v1.3 Handle bit-vector datatype (HO)

(/usr/share/texlive/texmf-dist/tex/generic/bigintcalc/bigintcalc.sty
Package: bigintcalc 2019/12/15 v1.5 Expandable calculations on big integers (HO
)
))
\Fld@menulength=\count290
\Field@Width=\dimen156
\Fld@charsize=\dimen157
Package hyperref Info: Hyper figures OFF on input line 6076.
Package hyperref Info: Link nesting OFF on input line 6081.
Package hyperref Info: Hyper index ON on input line 6084.
Package hyperref Info: backreferencing OFF on input line 6091.
Package hyperref Info: Link coloring ON on input line 6094.
Package hyperref Info: Link coloring with OCG OFF on input line 6101.
Package hyperref Info: PDF/A mode OFF on input line 6106.
LaTeX Info: Redefining \ref on input line 6146.
LaTeX Info: Redefining \pageref on input line 6150.

(/usr/share/texlive/texmf-dist/tex/latex/base/atbegshi-ltx.sty
Package: atbegshi-ltx 2021/01/10 v1.0c Emulation of the original atbegshi
package with kernel methods
)
\Hy@abspage=\count291
\c@Item=\count292
\c@Hfootnote=\count293
)
Package hyperref Info: Driver (autodetected): hpdftex.

(/usr/share/texlive/texmf-dist/tex/latex/hyperref/hpdftex.def
File: hpdftex.def 2021-06-07 v7.00m Hyperref driver for pdfTeX

(/usr/share/texlive/texmf-dist/tex/latex/base/atveryend-ltx.sty
Package: atveryend-ltx 2020/08/19 v1.0a Emulation of the original atveryend pac
kage
with kernel methods
)
\Fld@listcount=\count294
\c@bookmark@seq@number=\count295

(/usr/share/texlive/texmf-dist/tex/latex/rerunfilecheck/rerunfilecheck.sty
Package: rerunfilecheck 2019/12/05 v1.9 Rerun checks for auxiliary files (HO)

(/usr/share/texlive/texmf-dist/tex/generic/uniquecounter/uniquecounter.sty
Package: uniquecounter 2019/12/15 v1.4 Provide unlimited unique counter (HO)
)
Package uniquecounter Info: New unique counter `rerunfilecheck' on input line 2
86.
)
\Hy@SectionHShift=\skip56
)
(/usr/share/texlive/texmf-dist/tex/latex/booktabs/booktabs.sty
Package: booktabs 2020/01/12 v1.61803398 Publication quality tables
\heavyrulewidth=\dimen158
\lightrulewidth=\dimen159
\cmidrulewidth=\dimen160
\belowrulesep=\dimen161
\belowbottomsep=\dimen162
\aboverulesep=\dimen163
\abovetopsep=\dimen164
\cmidrulesep=\dimen165
\cmidrulekern=\dimen166
\defaultaddspace=\dimen167
\@cmidla=\count296
\@cmidlb=\count297
\@aboverulesep=\dimen168
\@belowrulesep=\dimen169
\@thisruleclass=\count298
\@lastruleclass=\count299
\@thisrulewidth=\dimen170
)
(/usr/share/texlive/texmf-dist/tex/latex/tools/tabularx.sty
Package: tabularx 2020/01/15 v2.11c `tabularx' package (DPC)

(/usr/share/texlive/texmf-dist/tex/latex/tools/array.sty
Package: array 2021/10/04 v2.5f Tabular extension package (FMi)
\col@sep=\dimen171
\ar@mcellbox=\box55
\extrarowheight=\dimen172
\NC@list=\toks31
\extratabsurround=\skip57
\backup@length=\skip58
\ar@cellbox=\box56
)
\TX@col@width=\dimen173
\TX@old@table=\dimen174
\TX@old@col=\dimen175
\TX@target=\dimen176
\TX@delta=\dimen177
\TX@cols=\count300
\TX@ftn=\toks32
)
(/usr/share/texlive/texmf-dist/tex/latex/enumitem/enumitem.sty
Package: enumitem 2019/06/20 v3.9 Customized lists
\labelindent=\skip59
\enit@outerparindent=\dimen178
\enit@toks=\toks33
\enit@inbox=\box57
\enit@count@id=\count301
\enitdp@description=\count302
)
(/usr/share/texlive/texmf-dist/tex/latex/psnfss/mathpazo.sty
Package: mathpazo 2020/03/25 PSNFSS-v9.3 Palatino w/ Pazo Math (D.Puga, WaS) 
\symupright=\mathgroup7
)
(/usr/share/texlive/texmf-dist/tex/latex/base/fontenc.sty
Package: fontenc 2021/04/29 v2.0v Standard LaTeX package
LaTeX Font Info:    Trying to load font information for T1+ppl on input line 11
2.

(/usr/share/texlive/texmf-dist/tex/latex/psnfss/t1ppl.fd
File: t1ppl.fd 2001/06/04 font definitions for T1/ppl.
))
(/usr/share/texlive/texmf-dist/tex/latex/microtype/microtype.sty
Package: microtype 2021/12/10 v3.0b Micro-typographical refinements (RS)
\MT@toks=\toks34
\MT@count=\count303
\MT@tempbox=\box58
LaTeX Info: Redefining \leftprotrusion on input line 1010.
LaTeX Info: Redefining \rightprotrusion on input line 1018.
LaTeX Info: Redefining \textls on input line 1173.
\MT@outer@kern=\dimen179
LaTeX Info: Redefining \textmicrotypecontext on input line 1759.
\MT@listname@count=\count304

(/usr/share/texlive/texmf-dist/tex/latex/microtype/microtype-pdftex.def
File: microtype-pdftex.def 2021/12/10 v3.0b Definitions specific to pdftex (RS)

LaTeX Info: Redefining \lsstyle on input line 897.
LaTeX Info: Redefining \lslig on input line 897.
\MT@outer@space=\skip60
)
Package microtype Info: Loading configuration file microtype.cfg.

(/usr/share/texlive/texmf-dist/tex/latex/microtype/microtype.cfg
File: microtype.cfg 2021/12/10 v3.0b microtype main configuration file (RS)
))
\c@theorem=\count305
\c@assumption=\count306
\c@definition=\count307
\c@remark=\count308
\c@example=\count309
)
(/usr/share/texlive/texmf-dist/tex/latex/pdfpages/pdfpages.sty
Package: pdfpages 2022/01/29 v0.5u Insert pages of external PDF documents (AM)

(/usr/share/texlive/texmf-dist/tex/latex/base/ifthen.sty
Package: ifthen 2020/11/24 v1.1c Standard LaTeX ifthen package (DPC)
)
(/usr/share/texlive/texmf-dist/tex/latex/tools/calc.sty
Package: calc 2017/05/25 v4.3 Infix arithmetic (KKT,FJ)
\calc@Acount=\count310
\calc@Bcount=\count311
\calc@Adimen=\dimen180
\calc@Bdimen=\dimen181
\calc@Askip=\skip61
\calc@Bskip=\skip62
LaTeX Info: Redefining \setlength on input line 80.
LaTeX Info: Redefining \addtolength on input line 81.
\calc@Ccount=\count312
\calc@Cskip=\skip63
)
(/usr/share/texlive/texmf-dist/tex/latex/eso-pic/eso-pic.sty
Package: eso-pic 2020/10/14 v3.0a eso-pic (RN)
\ESO@tempdima=\dimen182
\ESO@tempdimb=\dimen183

(/usr/share/texlive/texmf-dist/tex/latex/xcolor/xcolor.sty
Package: xcolor 2021/10/31 v2.13 LaTeX color extensions (UK)

(/usr/share/texlive/texmf-dist/tex/latex/graphics-cfg/color.cfg
File: color.cfg 2016/01/02 v1.6 sample color configuration
)
Package xcolor Info: Driver file: pdftex.def on input line 227.
Package xcolor Info: Model `cmy' substituted by `cmy0' on input line 1352.
Package xcolor Info: Model `hsb' substituted by `rgb' on input line 1356.
Package xcolor Info: Model `RGB' extended on input line 1368.
Package xcolor Info: Model `HTML' substituted by `rgb' on input line 1370.
Package xcolor Info: Model `Hsb' substituted by `hsb' on input line 1371.
Package xcolor Info: Model `tHsb' substituted by `hsb' on input line 1372.
Package xcolor Info: Model `HSB' substituted by `hsb' on input line 1373.
Package xcolor Info: Model `Gray' substituted by `gray' on input line 1374.
Package xcolor Info: Model `wave' substituted by `hsb' on input line 1375.
))
\AM@pagewidth=\dimen184
\AM@pageheight=\dimen185
\AM@fboxrule=\dimen186

(/usr/share/texlive/texmf-dist/tex/latex/pdfpages/pppdftex.def
File: pppdftex.def 2022/01/29 v0.5u Pdfpages driver for pdfTeX (AM)
)
\pdfpages@includegraphics@status=\count313
\AM@pagebox=\box59
\AM@global@opts=\toks35
\AM@pagecnt=\count314
\AM@toc@title=\toks36
\c@AM@survey=\count315
\AM@templatesizebox=\box60
)
(/usr/share/texlive/texmf-dist/tex/latex/hyperref/backref.sty
Package: backref 2021/02/04 v1.41 Bibliographical back referencing
)
(/usr/share/texlive/texmf-dist/tex/latex/l3backend/l3backend-pdftex.def
File: l3backend-pdftex.def 2022-01-12 L3 backend support: PDF output (pdfTeX)
\l__color_backend_stack_int=\count316
\l__pdf_internal_box=\box61
)
(revisions/2026-09-19-r14-referee-response/COMPENDIUM_R14.aux)
\openout1 = `COMPENDIUM_R14.aux'.

LaTeX Font Info:    Checking defaults for OML/cmm/m/it on input line 4.
LaTeX Font Info:    ... okay on input line 4.
LaTeX Font Info:    Checking defaults for OMS/cmsy/m/n on input line 4.
LaTeX Font Info:    ... okay on input line 4.
LaTeX Font Info:    Checking defaults for OT1/cmr/m/n on input line 4.
LaTeX Font Info:    ... okay on input line 4.
LaTeX Font Info:    Checking defaults for T1/cmr/m/n on input line 4.
LaTeX Font Info:    ... okay on input line 4.
LaTeX Font Info:    Checking defaults for TS1/cmr/m/n on input line 4.
LaTeX Font Info:    ... okay on input line 4.
LaTeX Font Info:    Checking defaults for OMX/cmex/m/n on input line 4.
LaTeX Font Info:    ... okay on input line 4.
LaTeX Font Info:    Checking defaults for U/cmr/m/n on input line 4.
LaTeX Font Info:    ... okay on input line 4.
LaTeX Font Info:    Checking defaults for PD1/pdf/m/n on input line 4.
LaTeX Font Info:    ... okay on input line 4.
LaTeX Font Info:    Checking defaults for PU/pdf/m/n on input line 4.
LaTeX Font Info:    ... okay on input line 4.

(/usr/share/texlive/texmf-dist/tex/context/base/mkii/supp-pdf.mkii
[Loading MPS to PDF converter (version 2006.09.02).]
\scratchcounter=\count317
\scratchdimen=\dimen187
\scratchbox=\box62
\nofMPsegments=\count318
\nofMParguments=\count319
\everyMPshowfont=\toks37
\MPscratchCnt=\count320
\MPscratchDim=\dimen188
\MPnumerator=\count321
\makeMPintoPDFobject=\count322
\everyMPtoPDFconversion=\toks38
) (/usr/share/texlive/texmf-dist/tex/latex/epstopdf-pkg/epstopdf-base.sty
Package: epstopdf-base 2020-01-24 v2.11 Base part for package epstopdf
Package epstopdf-base Info: Redefining graphics rule for `.eps' on input line 4
85.

(/usr/share/texlive/texmf-dist/tex/latex/latexconfig/epstopdf-sys.cfg
File: epstopdf-sys.cfg 2010/07/13 v1.3 Configuration of (r)epstopdf for TeX Liv
e
))
Package hyperref Info: Link coloring ON on input line 4.

(/usr/share/texlive/texmf-dist/tex/latex/hyperref/nameref.sty
Package: nameref 2021-04-02 v2.47 Cross-referencing by name of section

(/usr/share/texlive/texmf-dist/tex/latex/refcount/refcount.sty
Package: refcount 2019/12/15 v3.6 Data extraction from label references (HO)
)
(/usr/share/texlive/texmf-dist/tex/generic/gettitlestring/gettitlestring.sty
Package: gettitlestring 2019/12/15 v1.6 Cleanup title references (HO)
)
\c@section@level=\count323
)
LaTeX Info: Redefining \ref on input line 4.
LaTeX Info: Redefining \pageref on input line 4.
LaTeX Info: Redefining \nameref on input line 4.

(revisions/2026-09-19-r14-referee-response/COMPENDIUM_R14.out)
(revisions/2026-09-19-r14-referee-response/COMPENDIUM_R14.out)
\@outlinefile=\write3
\openout3 = `COMPENDIUM_R14.out'.

LaTeX Info: Redefining \microtypecontext on input line 4.
Package microtype Info: Applying patch `item' on input line 4.
Package microtype Info: Applying patch `toc' on input line 4.
Package microtype Info: Applying patch `eqnum' on input line 4.
Package microtype Info: Applying patch `footnote' on input line 4.
Package microtype Info: Generating PDF output.
Package microtype Info: Character protrusion enabled (level 2).
Package microtype Info: Using default protrusion set `alltext'.
Package microtype Info: Automatic font expansion enabled (level 2),
(microtype)             stretch: 20, shrink: 20, step: 1, non-selected.
Package microtype Info: Using default expansion set `alltext-nott'.
LaTeX Info: Redefining \showhyphens on input line 4.
Package microtype Info: No adjustment of tracking.
Package microtype Info: No adjustment of interword spacing.
Package microtype Info: No adjustment of character kerning.

(/usr/share/texlive/texmf-dist/tex/latex/microtype/mt-ppl.cfg
File: mt-ppl.cfg 2005/11/16 v1.6 microtype config. file: Palatino (RS)
)
(/usr/share/texlive/texmf-dist/tex/latex/pdflscape/pdflscape.sty
Package: pdflscape 2019/12/05 v0.12 Display of landscape pages in PDF (HO)

(/usr/share/texlive/texmf-dist/tex/latex/graphics/lscape.sty
Package: lscape 2020/05/28 v3.02 Landscape Pages (DPC)
)
Package pdflscape Info: Auto-detected driver: pdftex on input line 81.
)
Package backref Info: ** backref set up for natbib ** on input line 4.
\@address@1=\toks39
LaTeX Font Info:    Trying to load font information for OT1+ppl on input line 1
1.

(/usr/share/texlive/texmf-dist/tex/latex/psnfss/ot1ppl.fd
File: ot1ppl.fd 2001/06/04 font definitions for OT1/ppl.
)
LaTeX Font Info:    Trying to load font information for OML+zplm on input line 
11.

(/usr/share/texlive/texmf-dist/tex/latex/psnfss/omlzplm.fd
File: omlzplm.fd 2002/09/08 Fontinst v1.914 font definitions for OML/zplm.
)
LaTeX Font Info:    Trying to load font information for OMS+zplm on input line 
11.

(/usr/share/texlive/texmf-dist/tex/latex/psnfss/omszplm.fd
File: omszplm.fd 2002/09/08 Fontinst v1.914 font definitions for OMS/zplm.
)
LaTeX Font Info:    Trying to load font information for OMX+zplm on input line 
11.

(/usr/share/texlive/texmf-dist/tex/latex/psnfss/omxzplm.fd
File: omxzplm.fd 2002/09/08 Fontinst v1.914 font definitions for OMX/zplm.
)
LaTeX Font Info:    Font shape `U/msa/m/n' will be
(Font)              scaled to size 8.85706pt on input line 11.

(/usr/share/texlive/texmf-dist/tex/latex/microtype/mt-msa.cfg
File: mt-msa.cfg 2006/02/04 v1.1 microtype config. file: AMS symbols (a) (RS)
)
LaTeX Font Info:    Font shape `U/msa/m/n' will be
(Font)              scaled to size 5.73103pt on input line 11.
LaTeX Font Info:    Font shape `U/msa/m/n' will be
(Font)              scaled to size 4.68903pt on input line 11.
LaTeX Font Info:    Font shape `U/msb/m/n' will be
(Font)              scaled to size 8.85706pt on input line 11.

(/usr/share/texlive/texmf-dist/tex/latex/microtype/mt-msb.cfg
File: mt-msb.cfg 2005/06/01 v1.0 microtype config. file: AMS symbols (b) (RS)
)
LaTeX Font Info:    Font shape `U/msb/m/n' will be
(Font)              scaled to size 5.73103pt on input line 11.
LaTeX Font Info:    Font shape `U/msb/m/n' will be
(Font)              scaled to size 4.68903pt on input line 11.

(/usr/share/texlive/texmf-dist/tex/latex/microtype/mt-cmr.cfg
File: mt-cmr.cfg 2013/05/19 v2.2 microtype config. file: Computer Modern Roman 
(RS)
)
LaTeX Font Info:    Trying to load font information for OT1+zplm on input line 
11.

(/usr/share/texlive/texmf-dist/tex/latex/psnfss/ot1zplm.fd
File: ot1zplm.fd 2002/09/08 Fontinst v1.914 font definitions for OT1/zplm.
)
Package microtype Info: Loading generic protrusion settings for font family
(microtype)             `zplm' (encoding: OT1).
(microtype)             For optimal results, create family-specific settings.
(microtype)             See the microtype manual for details.


Package hyperref Warning: Ignoring empty anchor on input line 11.

<revisions/2026-09-19-r14-referee-response/ECTA_R14.pdf, id=25, 487.8225pt x 70
4.6325pt>
File: revisions/2026-09-19-r14-referee-response/ECTA_R14.pdf Graphic file (type
 pdf)
<use revisions/2026-09-19-r14-referee-response/ECTA_R14.pdf>
Package pdftex.def Info: revisions/2026-09-19-r14-referee-response/ECTA_R14.pdf
  used on input line 18.
(pdftex.def)             Requested size: 487.8213pt x 704.6308pt.
File: revisions/2026-09-19-r14-referee-response/ECTA_R14.pdf Graphic file (type
 pdf)
<use revisions/2026-09-19-r14-referee-response/ECTA_R14.pdf>
Package pdftex.def Info: revisions/2026-09-19-r14-referee-response/ECTA_R14.pdf
  used on input line 18.
(pdftex.def)             Requested size: 487.8213pt x 704.6308pt.
<revisions/2026-09-19-r14-referee-response/ECTA_R14.pdf, id=28, page=1, 487.822
5pt x 704.6325pt>
File: revisions/2026-09-19-r14-referee-response/ECTA_R14.pdf Graphic file (type
 pdf)
<use revisions/2026-09-19-r14-referee-response/ECTA_R14.pdf, page 1>
Package pdftex.def Info: revisions/2026-09-19-r14-referee-response/ECTA_R14.pdf
 , page1 used on input line 18.
(pdftex.def)             Requested size: 487.8213pt x 704.6308pt.
File: revisions/2026-09-19-r14-referee-response/ECTA_R14.pdf Graphic file (type
 pdf)
<use revisions/2026-09-19-r14-referee-response/ECTA_R14.pdf, page 1>
Package pdftex.def Info: revisions/2026-09-19-r14-referee-response/ECTA_R14.pdf
 , page1 used on input line 18.
(pdftex.def)             Requested size: 488.25302pt x 705.2544pt.
[1
Non-PDF special ignored!
<special> papersize=487.8225pt,704.63249pt
{/var/lib/texmf/fonts/map/pdftex/updmap/pdftex.map}

]
File: revisions/2026-09-19-r14-referee-response/ECTA_R14.pdf Graphic file (type
 pdf)
<use revisions/2026-09-19-r14-referee-response/ECTA_R14.pdf, page 1>
Package pdftex.def Info: revisions/2026-09-19-r14-referee-response/ECTA_R14.pdf
 , page1 used on input line 18.
(pdftex.def)             Requested size: 488.25302pt x 705.2544pt.
File: revisions/2026-09-19-r14-referee-response/ECTA_R14.pdf Graphic file (type
 pdf)
<use revisions/2026-09-19-r14-referee-response/ECTA_R14.pdf, page 1>
Package pdftex.def Info: revisions/2026-09-19-r14-referee-response/ECTA_R14.pdf
 , page1 used on input line 18.
(pdftex.def)             Requested size: 488.25302pt x 705.2544pt.
File: revisions/2026-09-19-r14-referee-response/ECTA_R14.pdf Graphic file (type
 pdf)
<use revisions/2026-09-19-r14-referee-response/ECTA_R14.pdf, page 1>
Package pdftex.def Info: revisions/2026-09-19-r14-referee-response/ECTA_R14.pdf
 , page1 used on input line 18.
(pdftex.def)             Requested size: 488.25302pt x 705.2544pt.
 [2 <./revisions/2026-09-19-r14-referee-response/ECTA_R14.pdf>]
<revisions/2026-09-19-r14-referee-response/ECTA_R14.pdf, id=46, page=2, 487.822
5pt x 704.6325pt>
File: revisions/2026-09-19-r14-referee-response/ECTA_R14.pdf Graphic file (type
 pdf)
<use revisions/2026-09-19-r14-referee-response/ECTA_R14.pdf, page 2>
Package pdftex.def Info: revisions/2026-09-19-r14-referee-response/ECTA_R14.pdf
 , page2 used on input line 18.
(pdftex.def)             Requested size: 488.25302pt x 705.2544pt.
File: revisions/2026-09-19-r14-referee-response/ECTA_R14.pdf Graphic file (type
 pdf)
<use revisions/2026-09-19-r14-referee-response/ECTA_R14.pdf, page 2>
Package pdftex.def Info: revisions/2026-09-19-r14-referee-response/ECTA_R14.pdf
 , page2 used on input line 18.
(pdftex.def)             Requested size: 488.25302pt x 705.2544pt.
File: revisions/2026-09-19-r14-referee-response/ECTA_R14.pdf Graphic file (type
 pdf)
<use revisions/2026-09-19-r14-referee-response/ECTA_R14.pdf, page 2>
Package pdftex.def Info: revisions/2026-09-19-r14-referee-response/ECTA_R14.pdf
 , page2 used on input line 18.
(pdftex.def)             Requested size: 488.25302pt x 705.2544pt.
 [3 <./revisions/2026-09-19-r14-referee-response/ECTA_R14.pdf>]
<revisions/2026-09-19-r14-referee-response/ECTA_R14.pdf, id=51, page=3, 487.822
5pt x 704.6325pt>
File: revisions/2026-09-19-r14-referee-response/ECTA_R14.pdf Graphic file (type
 pdf)
<use revisions/2026-09-19-r14-referee-response/ECTA_R14.pdf, page 3>
Package pdftex.def Info: revisions/2026-09-19-r14-referee-response/ECTA_R14.pdf
 , page3 used on input line 18.
(pdftex.def)             Requested size: 488.25302pt x 705.2544pt.
File: revisions/2026-09-19-r14-referee-response/ECTA_R14.pdf Graphic file (type
 pdf)
<use revisions/2026-09-19-r14-referee-response/ECTA_R14.pdf, page 3>
Package pdftex.def Info: revisions/2026-09-19-r14-referee-response/ECTA_R14.pdf
 , page3 used on input line 18.
(pdftex.def)             Requested size: 488.25302pt x 705.2544pt.
File: revisions/2026-09-19-r14-referee-response/ECTA_R14.pdf Graphic file (type
 pdf)
<use revisions/2026-09-19-r14-referee-response/ECTA_R14.pdf, page 3>
Package pdftex.def Info: revisions/2026-09-19-r14-referee-response/ECTA_R14.pdf
 , page3 used on input line 18.
(pdftex.def)             Requested size: 488.25302pt x 705.2544pt.
 [4 <./revisions/2026-09-19-r14-referee-response/ECTA_R14.pdf>]
<revisions/2026-09-19-r14-referee-response/ECTA_R14.pdf, id=74, page=4, 487.822
5pt x 704.6325pt>
File: revisions/2026-09-19-r14-referee-response/ECTA_R14.pdf Graphic file (type
 pdf)
<use revisions/2026-09-19-r14-referee-response/ECTA_R14.pdf, page 4>
Package pdftex.def Info: revisions/2026-09-19-r14-referee-response/ECTA_R14.pdf
 , page4 used on input line 18.
(pdftex.def)             Requested size: 488.25302pt x 705.2544pt.
File: revisions/2026-09-19-r14-referee-response/ECTA_R14.pdf Graphic file (type
 pdf)
<use revisions/2026-09-19-r14-referee-response/ECTA_R14.pdf, page 4>
Package pdftex.def Info: revisions/2026-09-19-r14-referee-response/ECTA_R14.pdf
 , page4 used on input line 18.
(pdftex.def)             Requested size: 488.25302pt x 705.2544pt.
File: revisions/2026-09-19-r14-referee-response/ECTA_R14.pdf Graphic file (type
 pdf)
<use revisions/2026-09-19-r14-referee-response/ECTA_R14.pdf, page 4>
Package pdftex.def Info: revisions/2026-09-19-r14-referee-response/ECTA_R14.pdf
 , page4 used on input line 18.
(pdftex.def)             Requested size: 488.25302pt x 705.2544pt.
 [5 <./revisions/2026-09-19-r14-referee-response/ECTA_R14.pdf>]
<revisions/2026-09-19-r14-referee-response/ECTA_R14.pdf, id=103, page=5, 487.82
25pt x 704.6325pt>
File: revisions/2026-09-19-r14-referee-response/ECTA_R14.pdf Graphic file (type
 pdf)
<use revisions/2026-09-19-r14-referee-response/ECTA_R14.pdf, page 5>
Package pdftex.def Info: revisions/2026-09-19-r14-referee-response/ECTA_R14.pdf
 , page5 used on input line 18.
(pdftex.def)             Requested size: 488.25302pt x 705.2544pt.
File: revisions/2026-09-19-r14-referee-response/ECTA_R14.pdf Graphic file (type
 pdf)
<use revisions/2026-09-19-r14-referee-response/ECTA_R14.pdf, page 5>
Package pdftex.def Info: revisions/2026-09-19-r14-referee-response/ECTA_R14.pdf
 , page5 used on input line 18.
(pdftex.def)             Requested size: 488.25302pt x 705.2544pt.
File: revisions/2026-09-19-r14-referee-response/ECTA_R14.pdf Graphic file (type
 pdf)
<use revisions/2026-09-19-r14-referee-response/ECTA_R14.pdf, page 5>
Package pdftex.def Info: revisions/2026-09-19-r14-referee-response/ECTA_R14.pdf
 , page5 used on input line 18.
(pdftex.def)             Requested size: 488.25302pt x 705.2544pt.
 [6 <./revisions/2026-09-19-r14-referee-response/ECTA_R14.pdf>]
<revisions/2026-09-19-r14-referee-response/ECTA_R14.pdf, id=108, page=6, 487.82
25pt x 704.6325pt>
File: revisions/2026-09-19-r14-referee-response/ECTA_R14.pdf Graphic file (type
 pdf)
<use revisions/2026-09-19-r14-referee-response/ECTA_R14.pdf, page 6>
Package pdftex.def Info: revisions/2026-09-19-r14-referee-response/ECTA_R14.pdf
 , page6 used on input line 18.
(pdftex.def)             Requested size: 488.25302pt x 705.2544pt.
File: revisions/2026-09-19-r14-referee-response/ECTA_R14.pdf Graphic file (type
 pdf)
<use revisions/2026-09-19-r14-referee-response/ECTA_R14.pdf, page 6>
Package pdftex.def Info: revisions/2026-09-19-r14-referee-response/ECTA_R14.pdf
 , page6 used on input line 18.
(pdftex.def)             Requested size: 488.25302pt x 705.2544pt.
File: revisions/2026-09-19-r14-referee-response/ECTA_R14.pdf Graphic file (type
 pdf)
<use revisions/2026-09-19-r14-referee-response/ECTA_R14.pdf, page 6>
Package pdftex.def Info: revisions/2026-09-19-r14-referee-response/ECTA_R14.pdf
 , page6 used on input line 18.
(pdftex.def)             Requested size: 488.25302pt x 705.2544pt.
 [7 <./revisions/2026-09-19-r14-referee-response/ECTA_R14.pdf>]
<revisions/2026-09-19-r14-referee-response/ECTA_R14.pdf, id=120, page=7, 487.82
25pt x 704.6325pt>
File: revisions/2026-09-19-r14-referee-response/ECTA_R14.pdf Graphic file (type
 pdf)
<use revisions/2026-09-19-r14-referee-response/ECTA_R14.pdf, page 7>
Package pdftex.def Info: revisions/2026-09-19-r14-referee-response/ECTA_R14.pdf
 , page7 used on input line 18.
(pdftex.def)             Requested size: 488.25302pt x 705.2544pt.
File: revisions/2026-09-19-r14-referee-response/ECTA_R14.pdf Graphic file (type
 pdf)
<use revisions/2026-09-19-r14-referee-response/ECTA_R14.pdf, page 7>
Package pdftex.def Info: revisions/2026-09-19-r14-referee-response/ECTA_R14.pdf
 , page7 used on input line 18.
(pdftex.def)             Requested size: 488.25302pt x 705.2544pt.
File: revisions/2026-09-19-r14-referee-response/ECTA_R14.pdf Graphic file (type
 pdf)
<use revisions/2026-09-19-r14-referee-response/ECTA_R14.pdf, page 7>
Package pdftex.def Info: revisions/2026-09-19-r14-referee-response/ECTA_R14.pdf
 , page7 used on input line 18.
(pdftex.def)             Requested size: 488.25302pt x 705.2544pt.
 [8 <./revisions/2026-09-19-r14-referee-response/ECTA_R14.pdf>]
<revisions/2026-09-19-r14-referee-response/ECTA_R14.pdf, id=125, page=8, 487.82
25pt x 704.6325pt>
File: revisions/2026-09-19-r14-referee-response/ECTA_R14.pdf Graphic file (type
 pdf)
<use revisions/2026-09-19-r14-referee-response/ECTA_R14.pdf, page 8>
Package pdftex.def Info: revisions/2026-09-19-r14-referee-response/ECTA_R14.pdf
 , page8 used on input line 18.
(pdftex.def)             Requested size: 488.25302pt x 705.2544pt.
File: revisions/2026-09-19-r14-referee-response/ECTA_R14.pdf Graphic file (type
 pdf)
<use revisions/2026-09-19-r14-referee-response/ECTA_R14.pdf, page 8>
Package pdftex.def Info: revisions/2026-09-19-r14-referee-response/ECTA_R14.pdf
 , page8 used on input line 18.
(pdftex.def)             Requested size: 488.25302pt x 705.2544pt.
File: revisions/2026-09-19-r14-referee-response/ECTA_R14.pdf Graphic file (type
 pdf)
<use revisions/2026-09-19-r14-referee-response/ECTA_R14.pdf, page 8>
Package pdftex.def Info: revisions/2026-09-19-r14-referee-response/ECTA_R14.pdf
 , page8 used on input line 18.
(pdftex.def)             Requested size: 488.25302pt x 705.2544pt.
 [9 <./revisions/2026-09-19-r14-referee-response/ECTA_R14.pdf>]
<revisions/2026-09-19-r14-referee-response/ECTA_R14.pdf, id=130, page=9, 487.82
25pt x 704.6325pt>
File: revisions/2026-09-19-r14-referee-response/ECTA_R14.pdf Graphic file (type
 pdf)
<use revisions/2026-09-19-r14-referee-response/ECTA_R14.pdf, page 9>
Package pdftex.def Info: revisions/2026-09-19-r14-referee-response/ECTA_R14.pdf
 , page9 used on input line 18.
(pdftex.def)             Requested size: 488.25302pt x 705.2544pt.
File: revisions/2026-09-19-r14-referee-response/ECTA_R14.pdf Graphic file (type
 pdf)
<use revisions/2026-09-19-r14-referee-response/ECTA_R14.pdf, page 9>
Package pdftex.def Info: revisions/2026-09-19-r14-referee-response/ECTA_R14.pdf
 , page9 used on input line 18.
(pdftex.def)             Requested size: 488.25302pt x 705.2544pt.
File: revisions/2026-09-19-r14-referee-response/ECTA_R14.pdf Graphic file (type
 pdf)
<use revisions/2026-09-19-r14-referee-response/ECTA_R14.pdf, page 9>
Package pdftex.def Info: revisions/2026-09-19-r14-referee-response/ECTA_R14.pdf
 , page9 used on input line 18.
(pdftex.def)             Requested size: 488.25302pt x 705.2544pt.
 [10 <./revisions/2026-09-19-r14-referee-response/ECTA_R14.pdf>]
<revisions/2026-09-19-r14-referee-response/ECTA_R14.pdf, id=141, page=10, 487.8
225pt x 704.6325pt>
File: revisions/2026-09-19-r14-referee-response/ECTA_R14.pdf Graphic file (type
 pdf)
<use revisions/2026-09-19-r14-referee-response/ECTA_R14.pdf, page 10>
Package pdftex.def Info: revisions/2026-09-19-r14-referee-response/ECTA_R14.pdf
 , page10 used on input line 18.
(pdftex.def)             Requested size: 488.25302pt x 705.2544pt.
File: revisions/2026-09-19-r14-referee-response/ECTA_R14.pdf Graphic file (type
 pdf)
<use revisions/2026-09-19-r14-referee-response/ECTA_R14.pdf, page 10>
Package pdftex.def Info: revisions/2026-09-19-r14-referee-response/ECTA_R14.pdf
 , page10 used on input line 18.
(pdftex.def)             Requested size: 488.25302pt x 705.2544pt.
File: revisions/2026-09-19-r14-referee-response/ECTA_R14.pdf Graphic file (type
 pdf)
<use revisions/2026-09-19-r14-referee-response/ECTA_R14.pdf, page 10>
Package pdftex.def Info: revisions/2026-09-19-r14-referee-response/ECTA_R14.pdf
 , page10 used on input line 18.
(pdftex.def)             Requested size: 488.25302pt x 705.2544pt.
 [11 <./revisions/2026-09-19-r14-referee-response/ECTA_R14.pdf>]
<revisions/2026-09-19-r14-referee-response/ECTA_R14.pdf, id=146, page=11, 487.8
225pt x 704.6325pt>
File: revisions/2026-09-19-r14-referee-response/ECTA_R14.pdf Graphic file (type
 pdf)
<use revisions/2026-09-19-r14-referee-response/ECTA_R14.pdf, page 11>
Package pdftex.def Info: revisions/2026-09-19-r14-referee-response/ECTA_R14.pdf
 , page11 used on input line 18.
(pdftex.def)             Requested size: 488.25302pt x 705.2544pt.
File: revisions/2026-09-19-r14-referee-response/ECTA_R14.pdf Graphic file (type
 pdf)
<use revisions/2026-09-19-r14-referee-response/ECTA_R14.pdf, page 11>
Package pdftex.def Info: revisions/2026-09-19-r14-referee-response/ECTA_R14.pdf
 , page11 used on input line 18.
(pdftex.def)             Requested size: 488.25302pt x 705.2544pt.
File: revisions/2026-09-19-r14-referee-response/ECTA_R14.pdf Graphic file (type
 pdf)
<use revisions/2026-09-19-r14-referee-response/ECTA_R14.pdf, page 11>
Package pdftex.def Info: revisions/2026-09-19-r14-referee-response/ECTA_R14.pdf
 , page11 used on input line 18.
(pdftex.def)             Requested size: 488.25302pt x 705.2544pt.
 [12 <./revisions/2026-09-19-r14-referee-response/ECTA_R14.pdf>]
<revisions/2026-09-19-r14-referee-response/ECTA_R14.pdf, id=151, page=12, 487.8
225pt x 704.6325pt>
File: revisions/2026-09-19-r14-referee-response/ECTA_R14.pdf Graphic file (type
 pdf)
<use revisions/2026-09-19-r14-referee-response/ECTA_R14.pdf, page 12>
Package pdftex.def Info: revisions/2026-09-19-r14-referee-response/ECTA_R14.pdf
 , page12 used on input line 18.
(pdftex.def)             Requested size: 488.25302pt x 705.2544pt.
File: revisions/2026-09-19-r14-referee-response/ECTA_R14.pdf Graphic file (type
 pdf)
<use revisions/2026-09-19-r14-referee-response/ECTA_R14.pdf, page 12>
Package pdftex.def Info: revisions/2026-09-19-r14-referee-response/ECTA_R14.pdf
 , page12 used on input line 18.
(pdftex.def)             Requested size: 488.25302pt x 705.2544pt.
File: revisions/2026-09-19-r14-referee-response/ECTA_R14.pdf Graphic file (type
 pdf)
<use revisions/2026-09-19-r14-referee-response/ECTA_R14.pdf, page 12>
Package pdftex.def Info: revisions/2026-09-19-r14-referee-response/ECTA_R14.pdf
 , page12 used on input line 18.
(pdftex.def)             Requested size: 488.25302pt x 705.2544pt.
 [13 <./revisions/2026-09-19-r14-referee-response/ECTA_R14.pdf>]
<revisions/2026-09-19-r14-referee-response/ECTA_R14.pdf, id=157, page=13, 487.8
225pt x 704.6325pt>
File: revisions/2026-09-19-r14-referee-response/ECTA_R14.pdf Graphic file (type
 pdf)
<use revisions/2026-09-19-r14-referee-response/ECTA_R14.pdf, page 13>
Package pdftex.def Info: revisions/2026-09-19-r14-referee-response/ECTA_R14.pdf
 , page13 used on input line 18.
(pdftex.def)             Requested size: 488.25302pt x 705.2544pt.
File: revisions/2026-09-19-r14-referee-response/ECTA_R14.pdf Graphic file (type
 pdf)
<use revisions/2026-09-19-r14-referee-response/ECTA_R14.pdf, page 13>
Package pdftex.def Info: revisions/2026-09-19-r14-referee-response/ECTA_R14.pdf
 , page13 used on input line 18.
(pdftex.def)             Requested size: 488.25302pt x 705.2544pt.
File: revisions/2026-09-19-r14-referee-response/ECTA_R14.pdf Graphic file (type
 pdf)
<use revisions/2026-09-19-r14-referee-response/ECTA_R14.pdf, page 13>
Package pdftex.def Info: revisions/2026-09-19-r14-referee-response/ECTA_R14.pdf
 , page13 used on input line 18.
(pdftex.def)             Requested size: 488.25302pt x 705.2544pt.
 [14 <./revisions/2026-09-19-r14-referee-response/ECTA_R14.pdf>]
<revisions/2026-09-19-r14-referee-response/ECTA_R14.pdf, id=162, page=14, 487.8
225pt x 704.6325pt>
File: revisions/2026-09-19-r14-referee-response/ECTA_R14.pdf Graphic file (type
 pdf)
<use revisions/2026-09-19-r14-referee-response/ECTA_R14.pdf, page 14>
Package pdftex.def Info: revisions/2026-09-19-r14-referee-response/ECTA_R14.pdf
 , page14 used on input line 18.
(pdftex.def)             Requested size: 488.25302pt x 705.2544pt.
File: revisions/2026-09-19-r14-referee-response/ECTA_R14.pdf Graphic file (type
 pdf)
<use revisions/2026-09-19-r14-referee-response/ECTA_R14.pdf, page 14>
Package pdftex.def Info: revisions/2026-09-19-r14-referee-response/ECTA_R14.pdf
 , page14 used on input line 18.
(pdftex.def)             Requested size: 488.25302pt x 705.2544pt.
File: revisions/2026-09-19-r14-referee-response/ECTA_R14.pdf Graphic file (type
 pdf)
<use revisions/2026-09-19-r14-referee-response/ECTA_R14.pdf, page 14>
Package pdftex.def Info: revisions/2026-09-19-r14-referee-response/ECTA_R14.pdf
 , page14 used on input line 18.
(pdftex.def)             Requested size: 488.25302pt x 705.2544pt.
 [15 <./revisions/2026-09-19-r14-referee-response/ECTA_R14.pdf>]
<revisions/2026-09-19-r14-referee-response/ECTA_R14.pdf, id=167, page=15, 487.8
225pt x 704.6325pt>
File: revisions/2026-09-19-r14-referee-response/ECTA_R14.pdf Graphic file (type
 pdf)
<use revisions/2026-09-19-r14-referee-response/ECTA_R14.pdf, page 15>
Package pdftex.def Info: revisions/2026-09-19-r14-referee-response/ECTA_R14.pdf
 , page15 used on input line 18.
(pdftex.def)             Requested size: 488.25302pt x 705.2544pt.
File: revisions/2026-09-19-r14-referee-response/ECTA_R14.pdf Graphic file (type
 pdf)
<use revisions/2026-09-19-r14-referee-response/ECTA_R14.pdf, page 15>
Package pdftex.def Info: revisions/2026-09-19-r14-referee-response/ECTA_R14.pdf
 , page15 used on input line 18.
(pdftex.def)             Requested size: 488.25302pt x 705.2544pt.
File: revisions/2026-09-19-r14-referee-response/ECTA_R14.pdf Graphic file (type
 pdf)
<use revisions/2026-09-19-r14-referee-response/ECTA_R14.pdf, page 15>
Package pdftex.def Info: revisions/2026-09-19-r14-referee-response/ECTA_R14.pdf
 , page15 used on input line 18.
(pdftex.def)             Requested size: 488.25302pt x 705.2544pt.

[16 <./revisions/2026-09-19-r14-referee-response/ECTA_R14.pdf>]
<revisions/2026-09-19-r14-referee-response/ECTA_R14.pdf, id=172, page=16, 487.8
225pt x 704.6325pt>
File: revisions/2026-09-19-r14-referee-response/ECTA_R14.pdf Graphic file (type
 pdf)
<use revisions/2026-09-19-r14-referee-response/ECTA_R14.pdf, page 16>
Package pdftex.def Info: revisions/2026-09-19-r14-referee-response/ECTA_R14.pdf
 , page16 used on input line 18.
(pdftex.def)             Requested size: 488.25302pt x 705.2544pt.
File: revisions/2026-09-19-r14-referee-response/ECTA_R14.pdf Graphic file (type
 pdf)
<use revisions/2026-09-19-r14-referee-response/ECTA_R14.pdf, page 16>
Package pdftex.def Info: revisions/2026-09-19-r14-referee-response/ECTA_R14.pdf
 , page16 used on input line 18.
(pdftex.def)             Requested size: 488.25302pt x 705.2544pt.
File: revisions/2026-09-19-r14-referee-response/ECTA_R14.pdf Graphic file (type
 pdf)
<use revisions/2026-09-19-r14-referee-response/ECTA_R14.pdf, page 16>
Package pdftex.def Info: revisions/2026-09-19-r14-referee-response/ECTA_R14.pdf
 , page16 used on input line 18.
(pdftex.def)             Requested size: 488.25302pt x 705.2544pt.
 [17 <./revisions/2026-09-19-r14-referee-response/ECTA_R14.pdf>]
<revisions/2026-09-19-r14-referee-response/ECTA_R14.pdf, id=177, page=17, 487.8
225pt x 704.6325pt>
File: revisions/2026-09-19-r14-referee-response/ECTA_R14.pdf Graphic file (type
 pdf)
<use revisions/2026-09-19-r14-referee-response/ECTA_R14.pdf, page 17>
Package pdftex.def Info: revisions/2026-09-19-r14-referee-response/ECTA_R14.pdf
 , page17 used on input line 18.
(pdftex.def)             Requested size: 488.25302pt x 705.2544pt.
File: revisions/2026-09-19-r14-referee-response/ECTA_R14.pdf Graphic file (type
 pdf)
<use revisions/2026-09-19-r14-referee-response/ECTA_R14.pdf, page 17>
Package pdftex.def Info: revisions/2026-09-19-r14-referee-response/ECTA_R14.pdf
 , page17 used on input line 18.
(pdftex.def)             Requested size: 488.25302pt x 705.2544pt.
File: revisions/2026-09-19-r14-referee-response/ECTA_R14.pdf Graphic file (type
 pdf)
<use revisions/2026-09-19-r14-referee-response/ECTA_R14.pdf, page 17>
Package pdftex.def Info: revisions/2026-09-19-r14-referee-response/ECTA_R14.pdf
 , page17 used on input line 18.
(pdftex.def)             Requested size: 488.25302pt x 705.2544pt.
 [18 <./revisions/2026-09-19-r14-referee-response/ECTA_R14.pdf>]
<revisions/2026-09-19-r14-referee-response/ECTA_R14.pdf, id=182, page=18, 487.8
225pt x 704.6325pt>
File: revisions/2026-09-19-r14-referee-response/ECTA_R14.pdf Graphic file (type
 pdf)
<use revisions/2026-09-19-r14-referee-response/ECTA_R14.pdf, page 18>
Package pdftex.def Info: revisions/2026-09-19-r14-referee-response/ECTA_R14.pdf
 , page18 used on input line 18.
(pdftex.def)             Requested size: 488.25302pt x 705.2544pt.
File: revisions/2026-09-19-r14-referee-response/ECTA_R14.pdf Graphic file (type
 pdf)
<use revisions/2026-09-19-r14-referee-response/ECTA_R14.pdf, page 18>
Package pdftex.def Info: revisions/2026-09-19-r14-referee-response/ECTA_R14.pdf
 , page18 used on input line 18.
(pdftex.def)             Requested size: 488.25302pt x 705.2544pt.
File: revisions/2026-09-19-r14-referee-response/ECTA_R14.pdf Graphic file (type
 pdf)
<use revisions/2026-09-19-r14-referee-response/ECTA_R14.pdf, page 18>
Package pdftex.def Info: revisions/2026-09-19-r14-referee-response/ECTA_R14.pdf
 , page18 used on input line 18.
(pdftex.def)             Requested size: 488.25302pt x 705.2544pt.
 [19 <./revisions/2026-09-19-r14-referee-response/ECTA_R14.pdf>]
<revisions/2026-09-19-r14-referee-response/SUPP_R14.pdf, id=189, 487.8225pt x 7
04.6325pt>
File: revisions/2026-09-19-r14-referee-response/SUPP_R14.pdf Graphic file (type
 pdf)
<use revisions/2026-09-19-r14-referee-response/SUPP_R14.pdf>
Package pdftex.def Info: revisions/2026-09-19-r14-referee-response/SUPP_R14.pdf
  used on input line 19.
(pdftex.def)             Requested size: 487.8213pt x 704.6308pt.
File: revisions/2026-09-19-r14-referee-response/SUPP_R14.pdf Graphic file (type
 pdf)
<use revisions/2026-09-19-r14-referee-response/SUPP_R14.pdf>
Package pdftex.def Info: revisions/2026-09-19-r14-referee-response/SUPP_R14.pdf
  used on input line 19.
(pdftex.def)             Requested size: 487.8213pt x 704.6308pt.
<revisions/2026-09-19-r14-referee-response/SUPP_R14.pdf, id=192, page=1, 487.82
25pt x 704.6325pt>
File: revisions/2026-09-19-r14-referee-response/SUPP_R14.pdf Graphic file (type
 pdf)
<use revisions/2026-09-19-r14-referee-response/SUPP_R14.pdf, page 1>
Package pdftex.def Info: revisions/2026-09-19-r14-referee-response/SUPP_R14.pdf
 , page1 used on input line 19.
(pdftex.def)             Requested size: 487.8213pt x 704.6308pt.
File: revisions/2026-09-19-r14-referee-response/SUPP_R14.pdf Graphic file (type
 pdf)
<use revisions/2026-09-19-r14-referee-response/SUPP_R14.pdf, page 1>
Package pdftex.def Info: revisions/2026-09-19-r14-referee-response/SUPP_R14.pdf
 , page1 used on input line 19.
(pdftex.def)             Requested size: 488.25302pt x 705.2544pt.
File: revisions/2026-09-19-r14-referee-response/SUPP_R14.pdf Graphic file (type
 pdf)
<use revisions/2026-09-19-r14-referee-response/SUPP_R14.pdf, page 1>
Package pdftex.def Info: revisions/2026-09-19-r14-referee-response/SUPP_R14.pdf
 , page1 used on input line 19.
(pdftex.def)             Requested size: 488.25302pt x 705.2544pt.
File: revisions/2026-09-19-r14-referee-response/SUPP_R14.pdf Graphic file (type
 pdf)
<use revisions/2026-09-19-r14-referee-response/SUPP_R14.pdf, page 1>
Package pdftex.def Info: revisions/2026-09-19-r14-referee-response/SUPP_R14.pdf
 , page1 used on input line 19.
(pdftex.def)             Requested size: 488.25302pt x 705.2544pt.
File: revisions/2026-09-19-r14-referee-response/SUPP_R14.pdf Graphic file (type
 pdf)
<use revisions/2026-09-19-r14-referee-response/SUPP_R14.pdf, page 1>
Package pdftex.def Info: revisions/2026-09-19-r14-referee-response/SUPP_R14.pdf
 , page1 used on input line 19.
(pdftex.def)             Requested size: 488.25302pt x 705.2544pt.
 [20 <./revisions/2026-09-19-r14-referee-response/SUPP_R14.pdf>]
<revisions/2026-09-19-r14-referee-response/SUPP_R14.pdf, id=218, page=2, 487.82
25pt x 704.6325pt>
File: revisions/2026-09-19-r14-referee-response/SUPP_R14.pdf Graphic file (type
 pdf)
<use revisions/2026-09-19-r14-referee-response/SUPP_R14.pdf, page 2>
Package pdftex.def Info: revisions/2026-09-19-r14-referee-response/SUPP_R14.pdf
 , page2 used on input line 19.
(pdftex.def)             Requested size: 488.25302pt x 705.2544pt.
File: revisions/2026-09-19-r14-referee-response/SUPP_R14.pdf Graphic file (type
 pdf)
<use revisions/2026-09-19-r14-referee-response/SUPP_R14.pdf, page 2>
Package pdftex.def Info: revisions/2026-09-19-r14-referee-response/SUPP_R14.pdf
 , page2 used on input line 19.
(pdftex.def)             Requested size: 488.25302pt x 705.2544pt.
File: revisions/2026-09-19-r14-referee-response/SUPP_R14.pdf Graphic file (type
 pdf)
<use revisions/2026-09-19-r14-referee-response/SUPP_R14.pdf, page 2>
Package pdftex.def Info: revisions/2026-09-19-r14-referee-response/SUPP_R14.pdf
 , page2 used on input line 19.
(pdftex.def)             Requested size: 488.25302pt x 705.2544pt.
 [21 <./revisions/2026-09-19-r14-referee-response/SUPP_R14.pdf>]
<revisions/2026-09-19-r14-referee-response/SUPP_R14.pdf, id=231, page=3, 487.82
25pt x 704.6325pt>
File: revisions/2026-09-19-r14-referee-response/SUPP_R14.pdf Graphic file (type
 pdf)
<use revisions/2026-09-19-r14-referee-response/SUPP_R14.pdf, page 3>
Package pdftex.def Info: revisions/2026-09-19-r14-referee-response/SUPP_R14.pdf
 , page3 used on input line 19.
(pdftex.def)             Requested size: 488.25302pt x 705.2544pt.
File: revisions/2026-09-19-r14-referee-response/SUPP_R14.pdf Graphic file (type
 pdf)
<use revisions/2026-09-19-r14-referee-response/SUPP_R14.pdf, page 3>
Package pdftex.def Info: revisions/2026-09-19-r14-referee-response/SUPP_R14.pdf
 , page3 used on input line 19.
(pdftex.def)             Requested size: 488.25302pt x 705.2544pt.
File: revisions/2026-09-19-r14-referee-response/SUPP_R14.pdf Graphic file (type
 pdf)
<use revisions/2026-09-19-r14-referee-response/SUPP_R14.pdf, page 3>
Package pdftex.def Info: revisions/2026-09-19-r14-referee-response/SUPP_R14.pdf
 , page3 used on input line 19.
(pdftex.def)             Requested size: 488.25302pt x 705.2544pt.
 [22 <./revisions/2026-09-19-r14-referee-response/SUPP_R14.pdf>]
<revisions/2026-09-19-r14-referee-response/SUPP_R14.pdf, id=236, page=4, 487.82
25pt x 704.6325pt>
File: revisions/2026-09-19-r14-referee-response/SUPP_R14.pdf Graphic file (type
 pdf)
<use revisions/2026-09-19-r14-referee-response/SUPP_R14.pdf, page 4>
Package pdftex.def Info: revisions/2026-09-19-r14-referee-response/SUPP_R14.pdf
 , page4 used on input line 19.
(pdftex.def)             Requested size: 488.25302pt x 705.2544pt.
File: revisions/2026-09-19-r14-referee-response/SUPP_R14.pdf Graphic file (type
 pdf)
<use revisions/2026-09-19-r14-referee-response/SUPP_R14.pdf, page 4>
Package pdftex.def Info: revisions/2026-09-19-r14-referee-response/SUPP_R14.pdf
 , page4 used on input line 19.
(pdftex.def)             Requested size: 488.25302pt x 705.2544pt.
File: revisions/2026-09-19-r14-referee-response/SUPP_R14.pdf Graphic file (type
 pdf)
<use revisions/2026-09-19-r14-referee-response/SUPP_R14.pdf, page 4>
Package pdftex.def Info: revisions/2026-09-19-r14-referee-response/SUPP_R14.pdf
 , page4 used on input line 19.
(pdftex.def)             Requested size: 488.25302pt x 705.2544pt.
 [23 <./revisions/2026-09-19-r14-referee-response/SUPP_R14.pdf>]
<revisions/2026-09-19-r14-referee-response/SUPP_R14.pdf, id=241, page=5, 487.82
25pt x 704.6325pt>
File: revisions/2026-09-19-r14-referee-response/SUPP_R14.pdf Graphic file (type
 pdf)
<use revisions/2026-09-19-r14-referee-response/SUPP_R14.pdf, page 5>
Package pdftex.def Info: revisions/2026-09-19-r14-referee-response/SUPP_R14.pdf
 , page5 used on input line 19.
(pdftex.def)             Requested size: 488.25302pt x 705.2544pt.
File: revisions/2026-09-19-r14-referee-response/SUPP_R14.pdf Graphic file (type
 pdf)
<use revisions/2026-09-19-r14-referee-response/SUPP_R14.pdf, page 5>
Package pdftex.def Info: revisions/2026-09-19-r14-referee-response/SUPP_R14.pdf
 , page5 used on input line 19.
(pdftex.def)             Requested size: 488.25302pt x 705.2544pt.
File: revisions/2026-09-19-r14-referee-response/SUPP_R14.pdf Graphic file (type
 pdf)
<use revisions/2026-09-19-r14-referee-response/SUPP_R14.pdf, page 5>
Package pdftex.def Info: revisions/2026-09-19-r14-referee-response/SUPP_R14.pdf
 , page5 used on input line 19.
(pdftex.def)             Requested size: 488.25302pt x 705.2544pt.
 [24 <./revisions/2026-09-19-r14-referee-response/SUPP_R14.pdf>]
<revisions/2026-09-19-r14-referee-response/SUPP_R14.pdf, id=246, page=6, 487.82
25pt x 704.6325pt>
File: revisions/2026-09-19-r14-referee-response/SUPP_R14.pdf Graphic file (type
 pdf)
<use revisions/2026-09-19-r14-referee-response/SUPP_R14.pdf, page 6>
Package pdftex.def Info: revisions/2026-09-19-r14-referee-response/SUPP_R14.pdf
 , page6 used on input line 19.
(pdftex.def)             Requested size: 488.25302pt x 705.2544pt.
File: revisions/2026-09-19-r14-referee-response/SUPP_R14.pdf Graphic file (type
 pdf)
<use revisions/2026-09-19-r14-referee-response/SUPP_R14.pdf, page 6>
Package pdftex.def Info: revisions/2026-09-19-r14-referee-response/SUPP_R14.pdf
 , page6 used on input line 19.
(pdftex.def)             Requested size: 488.25302pt x 705.2544pt.
File: revisions/2026-09-19-r14-referee-response/SUPP_R14.pdf Graphic file (type
 pdf)
<use revisions/2026-09-19-r14-referee-response/SUPP_R14.pdf, page 6>
Package pdftex.def Info: revisions/2026-09-19-r14-referee-response/SUPP_R14.pdf
 , page6 used on input line 19.
(pdftex.def)             Requested size: 488.25302pt x 705.2544pt.
 [25 <./revisions/2026-09-19-r14-referee-response/SUPP_R14.pdf>]
<revisions/2026-09-19-r14-referee-response/SUPP_R14.pdf, id=252, page=7, 487.82
25pt x 704.6325pt>
File: revisions/2026-09-19-r14-referee-response/SUPP_R14.pdf Graphic file (type
 pdf)
<use revisions/2026-09-19-r14-referee-response/SUPP_R14.pdf, page 7>
Package pdftex.def Info: revisions/2026-09-19-r14-referee-response/SUPP_R14.pdf
 , page7 used on input line 19.
(pdftex.def)             Requested size: 488.25302pt x 705.2544pt.
File: revisions/2026-09-19-r14-referee-response/SUPP_R14.pdf Graphic file (type
 pdf)
<use revisions/2026-09-19-r14-referee-response/SUPP_R14.pdf, page 7>
Package pdftex.def Info: revisions/2026-09-19-r14-referee-response/SUPP_R14.pdf
 , page7 used on input line 19.
(pdftex.def)             Requested size: 488.25302pt x 705.2544pt.
File: revisions/2026-09-19-r14-referee-response/SUPP_R14.pdf Graphic file (type
 pdf)
<use revisions/2026-09-19-r14-referee-response/SUPP_R14.pdf, page 7>
Package pdftex.def Info: revisions/2026-09-19-r14-referee-response/SUPP_R14.pdf
 , page7 used on input line 19.
(pdftex.def)             Requested size: 488.25302pt x 705.2544pt.
 [26 <./revisions/2026-09-19-r14-referee-response/SUPP_R14.pdf>]
<revisions/2026-09-19-r14-referee-response/SUPP_R14.pdf, id=265, page=8, 487.82
25pt x 704.6325pt>
File: revisions/2026-09-19-r14-referee-response/SUPP_R14.pdf Graphic file (type
 pdf)
<use revisions/2026-09-19-r14-referee-response/SUPP_R14.pdf, page 8>
Package pdftex.def Info: revisions/2026-09-19-r14-referee-response/SUPP_R14.pdf
 , page8 used on input line 19.
(pdftex.def)             Requested size: 488.25302pt x 705.2544pt.
File: revisions/2026-09-19-r14-referee-response/SUPP_R14.pdf Graphic file (type
 pdf)
<use revisions/2026-09-19-r14-referee-response/SUPP_R14.pdf, page 8>
Package pdftex.def Info: revisions/2026-09-19-r14-referee-response/SUPP_R14.pdf
 , page8 used on input line 19.
(pdftex.def)             Requested size: 488.25302pt x 705.2544pt.
File: revisions/2026-09-19-r14-referee-response/SUPP_R14.pdf Graphic file (type
 pdf)
<use revisions/2026-09-19-r14-referee-response/SUPP_R14.pdf, page 8>
Package pdftex.def Info: revisions/2026-09-19-r14-referee-response/SUPP_R14.pdf
 , page8 used on input line 19.
(pdftex.def)             Requested size: 488.25302pt x 705.2544pt.

[27 <./revisions/2026-09-19-r14-referee-response/SUPP_R14.pdf>]
<revisions/2026-09-19-r14-referee-response/SUPP_R14.pdf, id=270, page=9, 487.82
25pt x 704.6325pt>
File: revisions/2026-09-19-r14-referee-response/SUPP_R14.pdf Graphic file (type
 pdf)
<use revisions/2026-09-19-r14-referee-response/SUPP_R14.pdf, page 9>
Package pdftex.def Info: revisions/2026-09-19-r14-referee-response/SUPP_R14.pdf
 , page9 used on input line 19.
(pdftex.def)             Requested size: 488.25302pt x 705.2544pt.
File: revisions/2026-09-19-r14-referee-response/SUPP_R14.pdf Graphic file (type
 pdf)
<use revisions/2026-09-19-r14-referee-response/SUPP_R14.pdf, page 9>
Package pdftex.def Info: revisions/2026-09-19-r14-referee-response/SUPP_R14.pdf
 , page9 used on input line 19.
(pdftex.def)             Requested size: 488.25302pt x 705.2544pt.
File: revisions/2026-09-19-r14-referee-response/SUPP_R14.pdf Graphic file (type
 pdf)
<use revisions/2026-09-19-r14-referee-response/SUPP_R14.pdf, page 9>
Package pdftex.def Info: revisions/2026-09-19-r14-referee-response/SUPP_R14.pdf
 , page9 used on input line 19.
(pdftex.def)             Requested size: 488.25302pt x 705.2544pt.
 [28 <./revisions/2026-09-19-r14-referee-response/SUPP_R14.pdf>]
<revisions/2026-09-19-r14-referee-response/SUPP_R14.pdf, id=275, page=10, 487.8
225pt x 704.6325pt>
File: revisions/2026-09-19-r14-referee-response/SUPP_R14.pdf Graphic file (type
 pdf)
<use revisions/2026-09-19-r14-referee-response/SUPP_R14.pdf, page 10>
Package pdftex.def Info: revisions/2026-09-19-r14-referee-response/SUPP_R14.pdf
 , page10 used on input line 19.
(pdftex.def)             Requested size: 488.25302pt x 705.2544pt.
File: revisions/2026-09-19-r14-referee-response/SUPP_R14.pdf Graphic file (type
 pdf)
<use revisions/2026-09-19-r14-referee-response/SUPP_R14.pdf, page 10>
Package pdftex.def Info: revisions/2026-09-19-r14-referee-response/SUPP_R14.pdf
 , page10 used on input line 19.
(pdftex.def)             Requested size: 488.25302pt x 705.2544pt.
File: revisions/2026-09-19-r14-referee-response/SUPP_R14.pdf Graphic file (type
 pdf)
<use revisions/2026-09-19-r14-referee-response/SUPP_R14.pdf, page 10>
Package pdftex.def Info: revisions/2026-09-19-r14-referee-response/SUPP_R14.pdf
 , page10 used on input line 19.
(pdftex.def)             Requested size: 488.25302pt x 705.2544pt.
 [29 <./revisions/2026-09-19-r14-referee-response/SUPP_R14.pdf>]
<revisions/2026-09-19-r14-referee-response/SUPP_R14.pdf, id=280, page=11, 487.8
225pt x 704.6325pt>
File: revisions/2026-09-19-r14-referee-response/SUPP_R14.pdf Graphic file (type
 pdf)
<use revisions/2026-09-19-r14-referee-response/SUPP_R14.pdf, page 11>
Package pdftex.def Info: revisions/2026-09-19-r14-referee-response/SUPP_R14.pdf
 , page11 used on input line 19.
(pdftex.def)             Requested size: 488.25302pt x 705.2544pt.
File: revisions/2026-09-19-r14-referee-response/SUPP_R14.pdf Graphic file (type
 pdf)
<use revisions/2026-09-19-r14-referee-response/SUPP_R14.pdf, page 11>
Package pdftex.def Info: revisions/2026-09-19-r14-referee-response/SUPP_R14.pdf
 , page11 used on input line 19.
(pdftex.def)             Requested size: 488.25302pt x 705.2544pt.
File: revisions/2026-09-19-r14-referee-response/SUPP_R14.pdf Graphic file (type
 pdf)
<use revisions/2026-09-19-r14-referee-response/SUPP_R14.pdf, page 11>
Package pdftex.def Info: revisions/2026-09-19-r14-referee-response/SUPP_R14.pdf
 , page11 used on input line 19.
(pdftex.def)             Requested size: 488.25302pt x 705.2544pt.
 [30 <./revisions/2026-09-19-r14-referee-response/SUPP_R14.pdf>]
<revisions/2026-09-19-r14-referee-response/SUPP_R14.pdf, id=289, page=12, 487.8
225pt x 704.6325pt>
File: revisions/2026-09-19-r14-referee-response/SUPP_R14.pdf Graphic file (type
 pdf)
<use revisions/2026-09-19-r14-referee-response/SUPP_R14.pdf, page 12>
Package pdftex.def Info: revisions/2026-09-19-r14-referee-response/SUPP_R14.pdf
 , page12 used on input line 19.
(pdftex.def)             Requested size: 488.25302pt x 705.2544pt.
File: revisions/2026-09-19-r14-referee-response/SUPP_R14.pdf Graphic file (type
 pdf)
<use revisions/2026-09-19-r14-referee-response/SUPP_R14.pdf, page 12>
Package pdftex.def Info: revisions/2026-09-19-r14-referee-response/SUPP_R14.pdf
 , page12 used on input line 19.
(pdftex.def)             Requested size: 488.25302pt x 705.2544pt.
File: revisions/2026-09-19-r14-referee-response/SUPP_R14.pdf Graphic file (type
 pdf)
<use revisions/2026-09-19-r14-referee-response/SUPP_R14.pdf, page 12>
Package pdftex.def Info: revisions/2026-09-19-r14-referee-response/SUPP_R14.pdf
 , page12 used on input line 19.
(pdftex.def)             Requested size: 488.25302pt x 705.2544pt.
 [31 <./revisions/2026-09-19-r14-referee-response/SUPP_R14.pdf>]
<revisions/2026-09-19-r14-referee-response/SUPP_R14.pdf, id=295, page=13, 487.8
225pt x 704.6325pt>
File: revisions/2026-09-19-r14-referee-response/SUPP_R14.pdf Graphic file (type
 pdf)
<use revisions/2026-09-19-r14-referee-response/SUPP_R14.pdf, page 13>
Package pdftex.def Info: revisions/2026-09-19-r14-referee-response/SUPP_R14.pdf
 , page13 used on input line 19.
(pdftex.def)             Requested size: 488.25302pt x 705.2544pt.
File: revisions/2026-09-19-r14-referee-response/SUPP_R14.pdf Graphic file (type
 pdf)
<use revisions/2026-09-19-r14-referee-response/SUPP_R14.pdf, page 13>
Package pdftex.def Info: revisions/2026-09-19-r14-referee-response/SUPP_R14.pdf
 , page13 used on input line 19.
(pdftex.def)             Requested size: 488.25302pt x 705.2544pt.
File: revisions/2026-09-19-r14-referee-response/SUPP_R14.pdf Graphic file (type
 pdf)
<use revisions/2026-09-19-r14-referee-response/SUPP_R14.pdf, page 13>
Package pdftex.def Info: revisions/2026-09-19-r14-referee-response/SUPP_R14.pdf
 , page13 used on input line 19.
(pdftex.def)             Requested size: 488.25302pt x 705.2544pt.
 [32 <./revisions/2026-09-19-r14-referee-response/SUPP_R14.pdf>]
<revisions/2026-09-19-r14-referee-response/SUPP_R14.pdf, id=300, page=14, 487.8
225pt x 704.6325pt>
File: revisions/2026-09-19-r14-referee-response/SUPP_R14.pdf Graphic file (type
 pdf)
<use revisions/2026-09-19-r14-referee-response/SUPP_R14.pdf, page 14>
Package pdftex.def Info: revisions/2026-09-19-r14-referee-response/SUPP_R14.pdf
 , page14 used on input line 19.
(pdftex.def)             Requested size: 488.25302pt x 705.2544pt.
File: revisions/2026-09-19-r14-referee-response/SUPP_R14.pdf Graphic file (type
 pdf)
<use revisions/2026-09-19-r14-referee-response/SUPP_R14.pdf, page 14>
Package pdftex.def Info: revisions/2026-09-19-r14-referee-response/SUPP_R14.pdf
 , page14 used on input line 19.
(pdftex.def)             Requested size: 488.25302pt x 705.2544pt.
File: revisions/2026-09-19-r14-referee-response/SUPP_R14.pdf Graphic file (type
 pdf)
<use revisions/2026-09-19-r14-referee-response/SUPP_R14.pdf, page 14>
Package pdftex.def Info: revisions/2026-09-19-r14-referee-response/SUPP_R14.pdf
 , page14 used on input line 19.
(pdftex.def)             Requested size: 488.25302pt x 705.2544pt.
 [33 <./revisions/2026-09-19-r14-referee-response/SUPP_R14.pdf>]
<revisions/2026-09-19-r14-referee-response/historical/ECTA_R12.pdf, id=305, 487
.8225pt x 704.6325pt>
File: revisions/2026-09-19-r14-referee-response/historical/ECTA_R12.pdf Graphic
 file (type pdf)
<use revisions/2026-09-19-r14-referee-response/historical/ECTA_R12.pdf>
Package pdftex.def Info: revisions/2026-09-19-r14-referee-response/historical/E
CTA_R12.pdf  used on input line 20.
(pdftex.def)             Requested size: 487.8213pt x 704.6308pt.
File: revisions/2026-09-19-r14-referee-response/historical/ECTA_R12.pdf Graphic
 file (type pdf)
<use revisions/2026-09-19-r14-referee-response/historical/ECTA_R12.pdf>
Package pdftex.def Info: revisions/2026-09-19-r14-referee-response/historical/E
CTA_R12.pdf  used on input line 20.
(pdftex.def)             Requested size: 487.8213pt x 704.6308pt.
<revisions/2026-09-19-r14-referee-response/historical/ECTA_R12.pdf, id=308, pag
e=1, 487.8225pt x 704.6325pt>
File: revisions/2026-09-19-r14-referee-response/historical/ECTA_R12.pdf Graphic
 file (type pdf)
<use revisions/2026-09-19-r14-referee-response/historical/ECTA_R12.pdf, page 1>

Package pdftex.def Info: revisions/2026-09-19-r14-referee-response/historical/E
CTA_R12.pdf , page1 used on input line 20.
(pdftex.def)             Requested size: 487.8213pt x 704.6308pt.
File: revisions/2026-09-19-r14-referee-response/historical/ECTA_R12.pdf Graphic
 file (type pdf)
<use revisions/2026-09-19-r14-referee-response/historical/ECTA_R12.pdf, page 1>

Package pdftex.def Info: revisions/2026-09-19-r14-referee-response/historical/E
CTA_R12.pdf , page1 used on input line 20.
(pdftex.def)             Requested size: 488.25302pt x 705.2544pt.
File: revisions/2026-09-19-r14-referee-response/historical/ECTA_R12.pdf Graphic
 file (type pdf)
<use revisions/2026-09-19-r14-referee-response/historical/ECTA_R12.pdf, page 1>

Package pdftex.def Info: revisions/2026-09-19-r14-referee-response/historical/E
CTA_R12.pdf , page1 used on input line 20.
(pdftex.def)             Requested size: 488.25302pt x 705.2544pt.
File: revisions/2026-09-19-r14-referee-response/historical/ECTA_R12.pdf Graphic
 file (type pdf)
<use revisions/2026-09-19-r14-referee-response/historical/ECTA_R12.pdf, page 1>

Package pdftex.def Info: revisions/2026-09-19-r14-referee-response/historical/E
CTA_R12.pdf , page1 used on input line 20.
(pdftex.def)             Requested size: 488.25302pt x 705.2544pt.
File: revisions/2026-09-19-r14-referee-response/historical/ECTA_R12.pdf Graphic
 file (type pdf)
<use revisions/2026-09-19-r14-referee-response/historical/ECTA_R12.pdf, page 1>

Package pdftex.def Info: revisions/2026-09-19-r14-referee-response/historical/E
CTA_R12.pdf , page1 used on input line 20.
(pdftex.def)             Requested size: 488.25302pt x 705.2544pt.
 [34 <./revisions/2026-09-19-r14-referee-response/historical/ECTA_R12.pdf>]
<revisions/2026-09-19-r14-referee-response/historical/ECTA_R12.pdf, id=318, pag
e=2, 487.8225pt x 704.6325pt>
File: revisions/2026-09-19-r14-referee-response/historical/ECTA_R12.pdf Graphic
 file (type pdf)
<use revisions/2026-09-19-r14-referee-response/historical/ECTA_R12.pdf, page 2>

Package pdftex.def Info: revisions/2026-09-19-r14-referee-response/historical/E
CTA_R12.pdf , page2 used on input line 20.
(pdftex.def)             Requested size: 488.25302pt x 705.2544pt.
File: revisions/2026-09-19-r14-referee-response/historical/ECTA_R12.pdf Graphic
 file (type pdf)
<use revisions/2026-09-19-r14-referee-response/historical/ECTA_R12.pdf, page 2>

Package pdftex.def Info: revisions/2026-09-19-r14-referee-response/historical/E
CTA_R12.pdf , page2 used on input line 20.
(pdftex.def)             Requested size: 488.25302pt x 705.2544pt.
File: revisions/2026-09-19-r14-referee-response/historical/ECTA_R12.pdf Graphic
 file (type pdf)
<use revisions/2026-09-19-r14-referee-response/historical/ECTA_R12.pdf, page 2>

Package pdftex.def Info: revisions/2026-09-19-r14-referee-response/historical/E
CTA_R12.pdf , page2 used on input line 20.
(pdftex.def)             Requested size: 488.25302pt x 705.2544pt.
 [35 <./revisions/2026-09-19-r14-referee-response/historical/ECTA_R12.pdf>]
<revisions/2026-09-19-r14-referee-response/historical/ECTA_R12.pdf, id=327, pag
e=3, 487.8225pt x 704.6325pt>
File: revisions/2026-09-19-r14-referee-response/historical/ECTA_R12.pdf Graphic
 file (type pdf)
<use revisions/2026-09-19-r14-referee-response/historical/ECTA_R12.pdf, page 3>

Package pdftex.def Info: revisions/2026-09-19-r14-referee-response/historical/E
CTA_R12.pdf , page3 used on input line 20.
(pdftex.def)             Requested size: 488.25302pt x 705.2544pt.
File: revisions/2026-09-19-r14-referee-response/historical/ECTA_R12.pdf Graphic
 file (type pdf)
<use revisions/2026-09-19-r14-referee-response/historical/ECTA_R12.pdf, page 3>

Package pdftex.def Info: revisions/2026-09-19-r14-referee-response/historical/E
CTA_R12.pdf , page3 used on input line 20.
(pdftex.def)             Requested size: 488.25302pt x 705.2544pt.
File: revisions/2026-09-19-r14-referee-response/historical/ECTA_R12.pdf Graphic
 file (type pdf)
<use revisions/2026-09-19-r14-referee-response/historical/ECTA_R12.pdf, page 3>

Package pdftex.def Info: revisions/2026-09-19-r14-referee-response/historical/E
CTA_R12.pdf , page3 used on input line 20.
(pdftex.def)             Requested size: 488.25302pt x 705.2544pt.
 [36 <./revisions/2026-09-19-r14-referee-response/historical/ECTA_R12.pdf>]
<revisions/2026-09-19-r14-referee-response/historical/ECTA_R12.pdf, id=349, pag
e=4, 487.8225pt x 704.6325pt>
File: revisions/2026-09-19-r14-referee-response/historical/ECTA_R12.pdf Graphic
 file (type pdf)
<use revisions/2026-09-19-r14-referee-response/historical/ECTA_R12.pdf, page 4>

Package pdftex.def Info: revisions/2026-09-19-r14-referee-response/historical/E
CTA_R12.pdf , page4 used on input line 20.
(pdftex.def)             Requested size: 488.25302pt x 705.2544pt.
File: revisions/2026-09-19-r14-referee-response/historical/ECTA_R12.pdf Graphic
 file (type pdf)
<use revisions/2026-09-19-r14-referee-response/historical/ECTA_R12.pdf, page 4>

Package pdftex.def Info: revisions/2026-09-19-r14-referee-response/historical/E
CTA_R12.pdf , page4 used on input line 20.
(pdftex.def)             Requested size: 488.25302pt x 705.2544pt.
File: revisions/2026-09-19-r14-referee-response/historical/ECTA_R12.pdf Graphic
 file (type pdf)
<use revisions/2026-09-19-r14-referee-response/historical/ECTA_R12.pdf, page 4>

Package pdftex.def Info: revisions/2026-09-19-r14-referee-response/historical/E
CTA_R12.pdf , page4 used on input line 20.
(pdftex.def)             Requested size: 488.25302pt x 705.2544pt.
 [37 <./revisions/2026-09-19-r14-referee-response/historical/ECTA_R12.pdf>]
<revisions/2026-09-19-r14-referee-response/historical/ECTA_R12.pdf, id=359, pag
e=5, 487.8225pt x 704.6325pt>
File: revisions/2026-09-19-r14-referee-response/historical/ECTA_R12.pdf Graphic
 file (type pdf)
<use revisions/2026-09-19-r14-referee-response/historical/ECTA_R12.pdf, page 5>

Package pdftex.def Info: revisions/2026-09-19-r14-referee-response/historical/E
CTA_R12.pdf , page5 used on input line 20.
(pdftex.def)             Requested size: 488.25302pt x 705.2544pt.
File: revisions/2026-09-19-r14-referee-response/historical/ECTA_R12.pdf Graphic
 file (type pdf)
<use revisions/2026-09-19-r14-referee-response/historical/ECTA_R12.pdf, page 5>

Package pdftex.def Info: revisions/2026-09-19-r14-referee-response/historical/E
CTA_R12.pdf , page5 used on input line 20.
(pdftex.def)             Requested size: 488.25302pt x 705.2544pt.
File: revisions/2026-09-19-r14-referee-response/historical/ECTA_R12.pdf Graphic
 file (type pdf)
<use revisions/2026-09-19-r14-referee-response/historical/ECTA_R12.pdf, page 5>

Package pdftex.def Info: revisions/2026-09-19-r14-referee-response/historical/E
CTA_R12.pdf , page5 used on input line 20.
(pdftex.def)             Requested size: 488.25302pt x 705.2544pt.
 [38 <./revisions/2026-09-19-r14-referee-response/historical/ECTA_R12.pdf>]
<revisions/2026-09-19-r14-referee-response/historical/ECTA_R12.pdf, id=368, pag
e=6, 487.8225pt x 704.6325pt>
File: revisions/2026-09-19-r14-referee-response/historical/ECTA_R12.pdf Graphic
 file (type pdf)
<use revisions/2026-09-19-r14-referee-response/historical/ECTA_R12.pdf, page 6>

Package pdftex.def Info: revisions/2026-09-19-r14-referee-response/historical/E
CTA_R12.pdf , page6 used on input line 20.
(pdftex.def)             Requested size: 488.25302pt x 705.2544pt.
File: revisions/2026-09-19-r14-referee-response/historical/ECTA_R12.pdf Graphic
 file (type pdf)
<use revisions/2026-09-19-r14-referee-response/historical/ECTA_R12.pdf, page 6>

Package pdftex.def Info: revisions/2026-09-19-r14-referee-response/historical/E
CTA_R12.pdf , page6 used on input line 20.
(pdftex.def)             Requested size: 488.25302pt x 705.2544pt.
File: revisions/2026-09-19-r14-referee-response/historical/ECTA_R12.pdf Graphic
 file (type pdf)
<use revisions/2026-09-19-r14-referee-response/historical/ECTA_R12.pdf, page 6>

Package pdftex.def Info: revisions/2026-09-19-r14-referee-response/historical/E
CTA_R12.pdf , page6 used on input line 20.
(pdftex.def)             Requested size: 488.25302pt x 705.2544pt.
 [39 <./revisions/2026-09-19-r14-referee-response/historical/ECTA_R12.pdf>]
<revisions/2026-09-19-r14-referee-response/historical/ECTA_R12.pdf, id=373, pag
e=7, 487.8225pt x 704.6325pt>
File: revisions/2026-09-19-r14-referee-response/historical/ECTA_R12.pdf Graphic
 file (type pdf)
<use revisions/2026-09-19-r14-referee-response/historical/ECTA_R12.pdf, page 7>

Package pdftex.def Info: revisions/2026-09-19-r14-referee-response/historical/E
CTA_R12.pdf , page7 used on input line 20.
(pdftex.def)             Requested size: 488.25302pt x 705.2544pt.
File: revisions/2026-09-19-r14-referee-response/historical/ECTA_R12.pdf Graphic
 file (type pdf)
<use revisions/2026-09-19-r14-referee-response/historical/ECTA_R12.pdf, page 7>

Package pdftex.def Info: revisions/2026-09-19-r14-referee-response/historical/E
CTA_R12.pdf , page7 used on input line 20.
(pdftex.def)             Requested size: 488.25302pt x 705.2544pt.
File: revisions/2026-09-19-r14-referee-response/historical/ECTA_R12.pdf Graphic
 file (type pdf)
<use revisions/2026-09-19-r14-referee-response/historical/ECTA_R12.pdf, page 7>

Package pdftex.def Info: revisions/2026-09-19-r14-referee-response/historical/E
CTA_R12.pdf , page7 used on input line 20.
(pdftex.def)             Requested size: 488.25302pt x 705.2544pt.
 [40 <./revisions/2026-09-19-r14-referee-response/historical/ECTA_R12.pdf>]
<revisions/2026-09-19-r14-referee-response/historical/ECTA_R12.pdf, id=378, pag
e=8, 487.8225pt x 704.6325pt>
File: revisions/2026-09-19-r14-referee-response/historical/ECTA_R12.pdf Graphic
 file (type pdf)
<use revisions/2026-09-19-r14-referee-response/historical/ECTA_R12.pdf, page 8>

Package pdftex.def Info: revisions/2026-09-19-r14-referee-response/historical/E
CTA_R12.pdf , page8 used on input line 20.
(pdftex.def)             Requested size: 488.25302pt x 705.2544pt.
File: revisions/2026-09-19-r14-referee-response/historical/ECTA_R12.pdf Graphic
 file (type pdf)
<use revisions/2026-09-19-r14-referee-response/historical/ECTA_R12.pdf, page 8>

Package pdftex.def Info: revisions/2026-09-19-r14-referee-response/historical/E
CTA_R12.pdf , page8 used on input line 20.
(pdftex.def)             Requested size: 488.25302pt x 705.2544pt.
File: revisions/2026-09-19-r14-referee-response/historical/ECTA_R12.pdf Graphic
 file (type pdf)
<use revisions/2026-09-19-r14-referee-response/historical/ECTA_R12.pdf, page 8>

Package pdftex.def Info: revisions/2026-09-19-r14-referee-response/historical/E
CTA_R12.pdf , page8 used on input line 20.
(pdftex.def)             Requested size: 488.25302pt x 705.2544pt.
 [41 <./revisions/2026-09-19-r14-referee-response/historical/ECTA_R12.pdf>]
<revisions/2026-09-19-r14-referee-response/historical/ECTA_R12.pdf, id=383, pag
e=9, 487.8225pt x 704.6325pt>
File: revisions/2026-09-19-r14-referee-response/historical/ECTA_R12.pdf Graphic
 file (type pdf)
<use revisions/2026-09-19-r14-referee-response/historical/ECTA_R12.pdf, page 9>

Package pdftex.def Info: revisions/2026-09-19-r14-referee-response/historical/E
CTA_R12.pdf , page9 used on input line 20.
(pdftex.def)             Requested size: 488.25302pt x 705.2544pt.
File: revisions/2026-09-19-r14-referee-response/historical/ECTA_R12.pdf Graphic
 file (type pdf)
<use revisions/2026-09-19-r14-referee-response/historical/ECTA_R12.pdf, page 9>

Package pdftex.def Info: revisions/2026-09-19-r14-referee-response/historical/E
CTA_R12.pdf , page9 used on input line 20.
(pdftex.def)             Requested size: 488.25302pt x 705.2544pt.
File: revisions/2026-09-19-r14-referee-response/historical/ECTA_R12.pdf Graphic
 file (type pdf)
<use revisions/2026-09-19-r14-referee-response/historical/ECTA_R12.pdf, page 9>

Package pdftex.def Info: revisions/2026-09-19-r14-referee-response/historical/E
CTA_R12.pdf , page9 used on input line 20.
(pdftex.def)             Requested size: 488.25302pt x 705.2544pt.
 [42 <./revisions/2026-09-19-r14-referee-response/historical/ECTA_R12.pdf>]
<revisions/2026-09-19-r14-referee-response/historical/ECTA_R12.pdf, id=388, pag
e=10, 487.8225pt x 704.6325pt>
File: revisions/2026-09-19-r14-referee-response/historical/ECTA_R12.pdf Graphic
 file (type pdf)
<use revisions/2026-09-19-r14-referee-response/historical/ECTA_R12.pdf, page 10
>
Package pdftex.def Info: revisions/2026-09-19-r14-referee-response/historical/E
CTA_R12.pdf , page10 used on input line 20.
(pdftex.def)             Requested size: 488.25302pt x 705.2544pt.
File: revisions/2026-09-19-r14-referee-response/historical/ECTA_R12.pdf Graphic
 file (type pdf)
<use revisions/2026-09-19-r14-referee-response/historical/ECTA_R12.pdf, page 10
>
Package pdftex.def Info: revisions/2026-09-19-r14-referee-response/historical/E
CTA_R12.pdf , page10 used on input line 20.
(pdftex.def)             Requested size: 488.25302pt x 705.2544pt.
File: revisions/2026-09-19-r14-referee-response/historical/ECTA_R12.pdf Graphic
 file (type pdf)
<use revisions/2026-09-19-r14-referee-response/historical/ECTA_R12.pdf, page 10
>
Package pdftex.def Info: revisions/2026-09-19-r14-referee-response/historical/E
CTA_R12.pdf , page10 used on input line 20.
(pdftex.def)             Requested size: 488.25302pt x 705.2544pt.
 [43 <./revisions/2026-09-19-r14-referee-response/historical/ECTA_R12.pdf>]
<revisions/2026-09-19-r14-referee-response/historical/ECTA_R12.pdf, id=394, pag
e=11, 487.8225pt x 704.6325pt>
File: revisions/2026-09-19-r14-referee-response/historical/ECTA_R12.pdf Graphic
 file (type pdf)
<use revisions/2026-09-19-r14-referee-response/historical/ECTA_R12.pdf, page 11
>
Package pdftex.def Info: revisions/2026-09-19-r14-referee-response/historical/E
CTA_R12.pdf , page11 used on input line 20.
(pdftex.def)             Requested size: 488.25302pt x 705.2544pt.
File: revisions/2026-09-19-r14-referee-response/historical/ECTA_R12.pdf Graphic
 file (type pdf)
<use revisions/2026-09-19-r14-referee-response/historical/ECTA_R12.pdf, page 11
>
Package pdftex.def Info: revisions/2026-09-19-r14-referee-response/historical/E
CTA_R12.pdf , page11 used on input line 20.
(pdftex.def)             Requested size: 488.25302pt x 705.2544pt.
File: revisions/2026-09-19-r14-referee-response/historical/ECTA_R12.pdf Graphic
 file (type pdf)
<use revisions/2026-09-19-r14-referee-response/historical/ECTA_R12.pdf, page 11
>
Package pdftex.def Info: revisions/2026-09-19-r14-referee-response/historical/E
CTA_R12.pdf , page11 used on input line 20.
(pdftex.def)             Requested size: 488.25302pt x 705.2544pt.
 [44 <./revisions/2026-09-19-r14-referee-response/historical/ECTA_R12.pdf>]
<revisions/2026-09-19-r14-referee-response/historical/ECTA_R12.pdf, id=399, pag
e=12, 487.8225pt x 704.6325pt>
File: revisions/2026-09-19-r14-referee-response/historical/ECTA_R12.pdf Graphic
 file (type pdf)
<use revisions/2026-09-19-r14-referee-response/historical/ECTA_R12.pdf, page 12
>
Package pdftex.def Info: revisions/2026-09-19-r14-referee-response/historical/E
CTA_R12.pdf , page12 used on input line 20.
(pdftex.def)             Requested size: 488.25302pt x 705.2544pt.
File: revisions/2026-09-19-r14-referee-response/historical/ECTA_R12.pdf Graphic
 file (type pdf)
<use revisions/2026-09-19-r14-referee-response/historical/ECTA_R12.pdf, page 12
>
Package pdftex.def Info: revisions/2026-09-19-r14-referee-response/historical/E
CTA_R12.pdf , page12 used on input line 20.
(pdftex.def)             Requested size: 488.25302pt x 705.2544pt.
File: revisions/2026-09-19-r14-referee-response/historical/ECTA_R12.pdf Graphic
 file (type pdf)
<use revisions/2026-09-19-r14-referee-response/historical/ECTA_R12.pdf, page 12
>
Package pdftex.def Info: revisions/2026-09-19-r14-referee-response/historical/E
CTA_R12.pdf , page12 used on input line 20.
(pdftex.def)             Requested size: 488.25302pt x 705.2544pt.
 [45 <./revisions/2026-09-19-r14-referee-response/historical/ECTA_R12.pdf>]
<revisions/2026-09-19-r14-referee-response/historical/ECTA_R12.pdf, id=404, pag
e=13, 487.8225pt x 704.6325pt>
File: revisions/2026-09-19-r14-referee-response/historical/ECTA_R12.pdf Graphic
 file (type pdf)
<use revisions/2026-09-19-r14-referee-response/historical/ECTA_R12.pdf, page 13
>
Package pdftex.def Info: revisions/2026-09-19-r14-referee-response/historical/E
CTA_R12.pdf , page13 used on input line 20.
(pdftex.def)             Requested size: 488.25302pt x 705.2544pt.
File: revisions/2026-09-19-r14-referee-response/historical/ECTA_R12.pdf Graphic
 file (type pdf)
<use revisions/2026-09-19-r14-referee-response/historical/ECTA_R12.pdf, page 13
>
Package pdftex.def Info: revisions/2026-09-19-r14-referee-response/historical/E
CTA_R12.pdf , page13 used on input line 20.
(pdftex.def)             Requested size: 488.25302pt x 705.2544pt.
File: revisions/2026-09-19-r14-referee-response/historical/ECTA_R12.pdf Graphic
 file (type pdf)
<use revisions/2026-09-19-r14-referee-response/historical/ECTA_R12.pdf, page 13
>
Package pdftex.def Info: revisions/2026-09-19-r14-referee-response/historical/E
CTA_R12.pdf , page13 used on input line 20.
(pdftex.def)             Requested size: 488.25302pt x 705.2544pt.
 [46 <./revisions/2026-09-19-r14-referee-response/historical/ECTA_R12.pdf>]
<revisions/2026-09-19-r14-referee-response/historical/COMPENDIUM_R12.pdf, id=40
9, 487.8225pt x 704.6325pt>
File: revisions/2026-09-19-r14-referee-response/historical/COMPENDIUM_R12.pdf G
raphic file (type pdf)
<use revisions/2026-09-19-r14-referee-response/historical/COMPENDIUM_R12.pdf>
Package pdftex.def Info: revisions/2026-09-19-r14-referee-response/historical/C
OMPENDIUM_R12.pdf  used on input line 21.
(pdftex.def)             Requested size: 487.8213pt x 704.6308pt.
File: revisions/2026-09-19-r14-referee-response/historical/COMPENDIUM_R12.pdf G
raphic file (type pdf)
<use revisions/2026-09-19-r14-referee-response/historical/COMPENDIUM_R12.pdf>
Package pdftex.def Info: revisions/2026-09-19-r14-referee-response/historical/C
OMPENDIUM_R12.pdf  used on input line 21.
(pdftex.def)             Requested size: 487.8213pt x 704.6308pt.
<revisions/2026-09-19-r14-referee-response/historical/COMPENDIUM_R12.pdf, id=41
2, page=1, 487.8225pt x 704.6325pt>
File: revisions/2026-09-19-r14-referee-response/historical/COMPENDIUM_R12.pdf G
raphic file (type pdf)
<use revisions/2026-09-19-r14-referee-response/historical/COMPENDIUM_R12.pdf, p
age 1>
Package pdftex.def Info: revisions/2026-09-19-r14-referee-response/historical/C
OMPENDIUM_R12.pdf , page1 used on input line 21.
(pdftex.def)             Requested size: 487.8213pt x 704.6308pt.
File: revisions/2026-09-19-r14-referee-response/historical/COMPENDIUM_R12.pdf G
raphic file (type pdf)
<use revisions/2026-09-19-r14-referee-response/historical/COMPENDIUM_R12.pdf, p
age 1>
Package pdftex.def Info: revisions/2026-09-19-r14-referee-response/historical/C
OMPENDIUM_R12.pdf , page1 used on input line 21.
(pdftex.def)             Requested size: 488.25302pt x 705.2544pt.
File: revisions/2026-09-19-r14-referee-response/historical/COMPENDIUM_R12.pdf G
raphic file (type pdf)
<use revisions/2026-09-19-r14-referee-response/historical/COMPENDIUM_R12.pdf, p
age 1>
Package pdftex.def Info: revisions/2026-09-19-r14-referee-response/historical/C
OMPENDIUM_R12.pdf , page1 used on input line 21.
(pdftex.def)             Requested size: 488.25302pt x 705.2544pt.
File: revisions/2026-09-19-r14-referee-response/historical/COMPENDIUM_R12.pdf G
raphic file (type pdf)
<use revisions/2026-09-19-r14-referee-response/historical/COMPENDIUM_R12.pdf, p
age 1>
Package pdftex.def Info: revisions/2026-09-19-r14-referee-response/historical/C
OMPENDIUM_R12.pdf , page1 used on input line 21.
(pdftex.def)             Requested size: 488.25302pt x 705.2544pt.
File: revisions/2026-09-19-r14-referee-response/historical/COMPENDIUM_R12.pdf G
raphic file (type pdf)
<use revisions/2026-09-19-r14-referee-response/historical/COMPENDIUM_R12.pdf, p
age 1>
Package pdftex.def Info: revisions/2026-09-19-r14-referee-response/historical/C
OMPENDIUM_R12.pdf , page1 used on input line 21.
(pdftex.def)             Requested size: 488.25302pt x 705.2544pt.
[47 <./revisions/2026-09-19-r14-referee-response/historical/COMPENDIUM_R12.pdf>
]
<revisions/2026-09-19-r14-referee-response/historical/COMPENDIUM_R12.pdf, id=42
2, page=2, 487.8225pt x 704.6325pt>
File: revisions/2026-09-19-r14-referee-response/historical/COMPENDIUM_R12.pdf G
raphic file (type pdf)
<use revisions/2026-09-19-r14-referee-response/historical/COMPENDIUM_R12.pdf, p
age 2>
Package pdftex.def Info: revisions/2026-09-19-r14-referee-response/historical/C
OMPENDIUM_R12.pdf , page2 used on input line 21.
(pdftex.def)             Requested size: 488.25302pt x 705.2544pt.
File: revisions/2026-09-19-r14-referee-response/historical/COMPENDIUM_R12.pdf G
raphic file (type pdf)
<use revisions/2026-09-19-r14-referee-response/historical/COMPENDIUM_R12.pdf, p
age 2>
Package pdftex.def Info: revisions/2026-09-19-r14-referee-response/historical/C
OMPENDIUM_R12.pdf , page2 used on input line 21.
(pdftex.def)             Requested size: 488.25302pt x 705.2544pt.
File: revisions/2026-09-19-r14-referee-response/historical/COMPENDIUM_R12.pdf G
raphic file (type pdf)
<use revisions/2026-09-19-r14-referee-response/historical/COMPENDIUM_R12.pdf, p
age 2>
Package pdftex.def Info: revisions/2026-09-19-r14-referee-response/historical/C
OMPENDIUM_R12.pdf , page2 used on input line 21.
(pdftex.def)             Requested size: 488.25302pt x 705.2544pt.
 [48 <./revisions/2026-09-19-r14-referee-response/historical/COMPENDIUM_R12.pdf
>]
<revisions/2026-09-19-r14-referee-response/historical/COMPENDIUM_R12.pdf, id=42
7, page=3, 487.8225pt x 704.6325pt>
File: revisions/2026-09-19-r14-referee-response/historical/COMPENDIUM_R12.pdf G
raphic file (type pdf)
<use revisions/2026-09-19-r14-referee-response/historical/COMPENDIUM_R12.pdf, p
age 3>
Package pdftex.def Info: revisions/2026-09-19-r14-referee-response/historical/C
OMPENDIUM_R12.pdf , page3 used on input line 21.
(pdftex.def)             Requested size: 488.25302pt x 705.2544pt.
File: revisions/2026-09-19-r14-referee-response/historical/COMPENDIUM_R12.pdf G
raphic file (type pdf)
<use revisions/2026-09-19-r14-referee-response/historical/COMPENDIUM_R12.pdf, p
age 3>
Package pdftex.def Info: revisions/2026-09-19-r14-referee-response/historical/C
OMPENDIUM_R12.pdf , page3 used on input line 21.
(pdftex.def)             Requested size: 488.25302pt x 705.2544pt.
File: revisions/2026-09-19-r14-referee-response/historical/COMPENDIUM_R12.pdf G
raphic file (type pdf)
<use revisions/2026-09-19-r14-referee-response/historical/COMPENDIUM_R12.pdf, p
age 3>
Package pdftex.def Info: revisions/2026-09-19-r14-referee-response/historical/C
OMPENDIUM_R12.pdf , page3 used on input line 21.
(pdftex.def)             Requested size: 488.25302pt x 705.2544pt.
 [49 <./revisions/2026-09-19-r14-referee-response/historical/COMPENDIUM_R12.pdf
>]
<revisions/2026-09-19-r14-referee-response/historical/COMPENDIUM_R12.pdf, id=45
3, page=4, 487.8225pt x 704.6325pt>
File: revisions/2026-09-19-r14-referee-response/historical/COMPENDIUM_R12.pdf G
raphic file (type pdf)
<use revisions/2026-09-19-r14-referee-response/historical/COMPENDIUM_R12.pdf, p
age 4>
Package pdftex.def Info: revisions/2026-09-19-r14-referee-response/historical/C
OMPENDIUM_R12.pdf , page4 used on input line 21.
(pdftex.def)             Requested size: 488.25302pt x 705.2544pt.
File: revisions/2026-09-19-r14-referee-response/historical/COMPENDIUM_R12.pdf G
raphic file (type pdf)
<use revisions/2026-09-19-r14-referee-response/historical/COMPENDIUM_R12.pdf, p
age 4>
Package pdftex.def Info: revisions/2026-09-19-r14-referee-response/historical/C
OMPENDIUM_R12.pdf , page4 used on input line 21.
(pdftex.def)             Requested size: 488.25302pt x 705.2544pt.
File: revisions/2026-09-19-r14-referee-response/historical/COMPENDIUM_R12.pdf G
raphic file (type pdf)
<use revisions/2026-09-19-r14-referee-response/historical/COMPENDIUM_R12.pdf, p
age 4>
Package pdftex.def Info: revisions/2026-09-19-r14-referee-response/historical/C
OMPENDIUM_R12.pdf , page4 used on input line 21.
(pdftex.def)             Requested size: 488.25302pt x 705.2544pt.
 [50 <./revisions/2026-09-19-r14-referee-response/historical/COMPENDIUM_R12.pdf
>]
<revisions/2026-09-19-r14-referee-response/historical/COMPENDIUM_R12.pdf, id=45
8, page=5, 487.8225pt x 704.6325pt>
File: revisions/2026-09-19-r14-referee-response/historical/COMPENDIUM_R12.pdf G
raphic file (type pdf)
<use revisions/2026-09-19-r14-referee-response/historical/COMPENDIUM_R12.pdf, p
age 5>
Package pdftex.def Info: revisions/2026-09-19-r14-referee-response/historical/C
OMPENDIUM_R12.pdf , page5 used on input line 21.
(pdftex.def)             Requested size: 488.25302pt x 705.2544pt.
File: revisions/2026-09-19-r14-referee-response/historical/COMPENDIUM_R12.pdf G
raphic file (type pdf)
<use revisions/2026-09-19-r14-referee-response/historical/COMPENDIUM_R12.pdf, p
age 5>
Package pdftex.def Info: revisions/2026-09-19-r14-referee-response/historical/C
OMPENDIUM_R12.pdf , page5 used on input line 21.
(pdftex.def)             Requested size: 488.25302pt x 705.2544pt.
File: revisions/2026-09-19-r14-referee-response/historical/COMPENDIUM_R12.pdf G
raphic file (type pdf)
<use revisions/2026-09-19-r14-referee-response/historical/COMPENDIUM_R12.pdf, p
age 5>
Package pdftex.def Info: revisions/2026-09-19-r14-referee-response/historical/C
OMPENDIUM_R12.pdf , page5 used on input line 21.
(pdftex.def)             Requested size: 488.25302pt x 705.2544pt.
 [51 <./revisions/2026-09-19-r14-referee-response/historical/COMPENDIUM_R12.pdf
>]
<revisions/2026-09-19-r14-referee-response/historical/COMPENDIUM_R12.pdf, id=46
3, page=6, 487.8225pt x 704.6325pt>
File: revisions/2026-09-19-r14-referee-response/historical/COMPENDIUM_R12.pdf G
raphic file (type pdf)
<use revisions/2026-09-19-r14-referee-response/historical/COMPENDIUM_R12.pdf, p
age 6>
Package pdftex.def Info: revisions/2026-09-19-r14-referee-response/historical/C
OMPENDIUM_R12.pdf , page6 used on input line 21.
(pdftex.def)             Requested size: 488.25302pt x 705.2544pt.
File: revisions/2026-09-19-r14-referee-response/historical/COMPENDIUM_R12.pdf G
raphic file (type pdf)
<use revisions/2026-09-19-r14-referee-response/historical/COMPENDIUM_R12.pdf, p
age 6>
Package pdftex.def Info: revisions/2026-09-19-r14-referee-response/historical/C
OMPENDIUM_R12.pdf , page6 used on input line 21.
(pdftex.def)             Requested size: 488.25302pt x 705.2544pt.
File: revisions/2026-09-19-r14-referee-response/historical/COMPENDIUM_R12.pdf G
raphic file (type pdf)
<use revisions/2026-09-19-r14-referee-response/historical/COMPENDIUM_R12.pdf, p
age 6>
Package pdftex.def Info: revisions/2026-09-19-r14-referee-response/historical/C
OMPENDIUM_R12.pdf , page6 used on input line 21.
(pdftex.def)             Requested size: 488.25302pt x 705.2544pt.
 [52 <./revisions/2026-09-19-r14-referee-response/historical/COMPENDIUM_R12.pdf
>]
<revisions/2026-09-19-r14-referee-response/historical/COMPENDIUM_R12.pdf, id=47
2, page=7, 487.8225pt x 704.6325pt>
File: revisions/2026-09-19-r14-referee-response/historical/COMPENDIUM_R12.pdf G
raphic file (type pdf)
<use revisions/2026-09-19-r14-referee-response/historical/COMPENDIUM_R12.pdf, p
age 7>
Package pdftex.def Info: revisions/2026-09-19-r14-referee-response/historical/C
OMPENDIUM_R12.pdf , page7 used on input line 21.
(pdftex.def)             Requested size: 488.25302pt x 705.2544pt.
File: revisions/2026-09-19-r14-referee-response/historical/COMPENDIUM_R12.pdf G
raphic file (type pdf)
<use revisions/2026-09-19-r14-referee-response/historical/COMPENDIUM_R12.pdf, p
age 7>
Package pdftex.def Info: revisions/2026-09-19-r14-referee-response/historical/C
OMPENDIUM_R12.pdf , page7 used on input line 21.
(pdftex.def)             Requested size: 488.25302pt x 705.2544pt.
File: revisions/2026-09-19-r14-referee-response/historical/COMPENDIUM_R12.pdf G
raphic file (type pdf)
<use revisions/2026-09-19-r14-referee-response/historical/COMPENDIUM_R12.pdf, p
age 7>
Package pdftex.def Info: revisions/2026-09-19-r14-referee-response/historical/C
OMPENDIUM_R12.pdf , page7 used on input line 21.
(pdftex.def)             Requested size: 488.25302pt x 705.2544pt.
 [53 <./revisions/2026-09-19-r14-referee-response/historical/COMPENDIUM_R12.pdf
>]
<revisions/2026-09-19-r14-referee-response/historical/COMPENDIUM_R12.pdf, id=48
5, page=8, 487.8225pt x 704.6325pt>
File: revisions/2026-09-19-r14-referee-response/historical/COMPENDIUM_R12.pdf G
raphic file (type pdf)
<use revisions/2026-09-19-r14-referee-response/historical/COMPENDIUM_R12.pdf, p
age 8>
Package pdftex.def Info: revisions/2026-09-19-r14-referee-response/historical/C
OMPENDIUM_R12.pdf , page8 used on input line 21.
(pdftex.def)             Requested size: 488.25302pt x 705.2544pt.
File: revisions/2026-09-19-r14-referee-response/historical/COMPENDIUM_R12.pdf G
raphic file (type pdf)
<use revisions/2026-09-19-r14-referee-response/historical/COMPENDIUM_R12.pdf, p
age 8>
Package pdftex.def Info: revisions/2026-09-19-r14-referee-response/historical/C
OMPENDIUM_R12.pdf , page8 used on input line 21.
(pdftex.def)             Requested size: 488.25302pt x 705.2544pt.
File: revisions/2026-09-19-r14-referee-response/historical/COMPENDIUM_R12.pdf G
raphic file (type pdf)
<use revisions/2026-09-19-r14-referee-response/historical/COMPENDIUM_R12.pdf, p
age 8>
Package pdftex.def Info: revisions/2026-09-19-r14-referee-response/historical/C
OMPENDIUM_R12.pdf , page8 used on input line 21.
(pdftex.def)             Requested size: 488.25302pt x 705.2544pt.
 [54 <./revisions/2026-09-19-r14-referee-response/historical/COMPENDIUM_R12.pdf
>]
<revisions/2026-09-19-r14-referee-response/historical/COMPENDIUM_R12.pdf, id=49
0, page=9, 487.8225pt x 704.6325pt>
File: revisions/2026-09-19-r14-referee-response/historical/COMPENDIUM_R12.pdf G
raphic file (type pdf)
<use revisions/2026-09-19-r14-referee-response/historical/COMPENDIUM_R12.pdf, p
age 9>
Package pdftex.def Info: revisions/2026-09-19-r14-referee-response/historical/C
OMPENDIUM_R12.pdf , page9 used on input line 21.
(pdftex.def)             Requested size: 488.25302pt x 705.2544pt.
File: revisions/2026-09-19-r14-referee-response/historical/COMPENDIUM_R12.pdf G
raphic file (type pdf)
<use revisions/2026-09-19-r14-referee-response/historical/COMPENDIUM_R12.pdf, p
age 9>
Package pdftex.def Info: revisions/2026-09-19-r14-referee-response/historical/C
OMPENDIUM_R12.pdf , page9 used on input line 21.
(pdftex.def)             Requested size: 488.25302pt x 705.2544pt.
File: revisions/2026-09-19-r14-referee-response/historical/COMPENDIUM_R12.pdf G
raphic file (type pdf)
<use revisions/2026-09-19-r14-referee-response/historical/COMPENDIUM_R12.pdf, p
age 9>
Package pdftex.def Info: revisions/2026-09-19-r14-referee-response/historical/C
OMPENDIUM_R12.pdf , page9 used on input line 21.
(pdftex.def)             Requested size: 488.25302pt x 705.2544pt.
 [55 <./revisions/2026-09-19-r14-referee-response/historical/COMPENDIUM_R12.pdf
>]
<revisions/2026-09-19-r14-referee-response/historical/COMPENDIUM_R12.pdf, id=49
6, page=10, 487.8225pt x 704.6325pt>
File: revisions/2026-09-19-r14-referee-response/historical/COMPENDIUM_R12.pdf G
raphic file (type pdf)
<use revisions/2026-09-19-r14-referee-response/historical/COMPENDIUM_R12.pdf, p
age 10>
Package pdftex.def Info: revisions/2026-09-19-r14-referee-response/historical/C
OMPENDIUM_R12.pdf , page10 used on input line 21.
(pdftex.def)             Requested size: 488.25302pt x 705.2544pt.
File: revisions/2026-09-19-r14-referee-response/historical/COMPENDIUM_R12.pdf G
raphic file (type pdf)
<use revisions/2026-09-19-r14-referee-response/historical/COMPENDIUM_R12.pdf, p
age 10>
Package pdftex.def Info: revisions/2026-09-19-r14-referee-response/historical/C
OMPENDIUM_R12.pdf , page10 used on input line 21.
(pdftex.def)             Requested size: 488.25302pt x 705.2544pt.
File: revisions/2026-09-19-r14-referee-response/historical/COMPENDIUM_R12.pdf G
raphic file (type pdf)
<use revisions/2026-09-19-r14-referee-response/historical/COMPENDIUM_R12.pdf, p
age 10>
Package pdftex.def Info: revisions/2026-09-19-r14-referee-response/historical/C
OMPENDIUM_R12.pdf , page10 used on input line 21.
(pdftex.def)             Requested size: 488.25302pt x 705.2544pt.
 [56 <./revisions/2026-09-19-r14-referee-response/historical/COMPENDIUM_R12.pdf
>]
<revisions/2026-09-19-r14-referee-response/historical/COMPENDIUM_R12.pdf, id=50
8, page=11, 487.8225pt x 704.6325pt>
File: revisions/2026-09-19-r14-referee-response/historical/COMPENDIUM_R12.pdf G
raphic file (type pdf)
<use revisions/2026-09-19-r14-referee-response/historical/COMPENDIUM_R12.pdf, p
age 11>
Package pdftex.def Info: revisions/2026-09-19-r14-referee-response/historical/C
OMPENDIUM_R12.pdf , page11 used on input line 21.
(pdftex.def)             Requested size: 488.25302pt x 705.2544pt.
File: revisions/2026-09-19-r14-referee-response/historical/COMPENDIUM_R12.pdf G
raphic file (type pdf)
<use revisions/2026-09-19-r14-referee-response/historical/COMPENDIUM_R12.pdf, p
age 11>
Package pdftex.def Info: revisions/2026-09-19-r14-referee-response/historical/C
OMPENDIUM_R12.pdf , page11 used on input line 21.
(pdftex.def)             Requested size: 488.25302pt x 705.2544pt.
File: revisions/2026-09-19-r14-referee-response/historical/COMPENDIUM_R12.pdf G
raphic file (type pdf)
<use revisions/2026-09-19-r14-referee-response/historical/COMPENDIUM_R12.pdf, p
age 11>
Package pdftex.def Info: revisions/2026-09-19-r14-referee-response/historical/C
OMPENDIUM_R12.pdf , page11 used on input line 21.
(pdftex.def)             Requested size: 488.25302pt x 705.2544pt.
 [57 <./revisions/2026-09-19-r14-referee-response/historical/COMPENDIUM_R12.pdf
>]
<revisions/2026-09-19-r14-referee-response/historical/COMPENDIUM_R12.pdf, id=51
3, page=12, 487.8225pt x 704.6325pt>
File: revisions/2026-09-19-r14-referee-response/historical/COMPENDIUM_R12.pdf G
raphic file (type pdf)
<use revisions/2026-09-19-r14-referee-response/historical/COMPENDIUM_R12.pdf, p
age 12>
Package pdftex.def Info: revisions/2026-09-19-r14-referee-response/historical/C
OMPENDIUM_R12.pdf , page12 used on input line 21.
(pdftex.def)             Requested size: 488.25302pt x 705.2544pt.
File: revisions/2026-09-19-r14-referee-response/historical/COMPENDIUM_R12.pdf G
raphic file (type pdf)
<use revisions/2026-09-19-r14-referee-response/historical/COMPENDIUM_R12.pdf, p
age 12>
Package pdftex.def Info: revisions/2026-09-19-r14-referee-response/historical/C
OMPENDIUM_R12.pdf , page12 used on input line 21.
(pdftex.def)             Requested size: 488.25302pt x 705.2544pt.
File: revisions/2026-09-19-r14-referee-response/historical/COMPENDIUM_R12.pdf G
raphic file (type pdf)
<use revisions/2026-09-19-r14-referee-response/historical/COMPENDIUM_R12.pdf, p
age 12>
Package pdftex.def Info: revisions/2026-09-19-r14-referee-response/historical/C
OMPENDIUM_R12.pdf , page12 used on input line 21.
(pdftex.def)             Requested size: 488.25302pt x 705.2544pt.
 [58 <./revisions/2026-09-19-r14-referee-response/historical/COMPENDIUM_R12.pdf
>]
<revisions/2026-09-19-r14-referee-response/historical/COMPENDIUM_R12.pdf, id=51
8, page=13, 487.8225pt x 704.6325pt>
File: revisions/2026-09-19-r14-referee-response/historical/COMPENDIUM_R12.pdf G
raphic file (type pdf)
<use revisions/2026-09-19-r14-referee-response/historical/COMPENDIUM_R12.pdf, p
age 13>
Package pdftex.def Info: revisions/2026-09-19-r14-referee-response/historical/C
OMPENDIUM_R12.pdf , page13 used on input line 21.
(pdftex.def)             Requested size: 488.25302pt x 705.2544pt.
File: revisions/2026-09-19-r14-referee-response/historical/COMPENDIUM_R12.pdf G
raphic file (type pdf)
<use revisions/2026-09-19-r14-referee-response/historical/COMPENDIUM_R12.pdf, p
age 13>
Package pdftex.def Info: revisions/2026-09-19-r14-referee-response/historical/C
OMPENDIUM_R12.pdf , page13 used on input line 21.
(pdftex.def)             Requested size: 488.25302pt x 705.2544pt.
File: revisions/2026-09-19-r14-referee-response/historical/COMPENDIUM_R12.pdf G
raphic file (type pdf)
<use revisions/2026-09-19-r14-referee-response/historical/COMPENDIUM_R12.pdf, p
age 13>
Package pdftex.def Info: revisions/2026-09-19-r14-referee-response/historical/C
OMPENDIUM_R12.pdf , page13 used on input line 21.
(pdftex.def)             Requested size: 488.25302pt x 705.2544pt.
 [59 <./revisions/2026-09-19-r14-referee-response/historical/COMPENDIUM_R12.pdf
>]
<revisions/2026-09-19-r14-referee-response/historical/COMPENDIUM_R12.pdf, id=52
3, page=14, 487.8225pt x 704.6325pt>
File: revisions/2026-09-19-r14-referee-response/historical/COMPENDIUM_R12.pdf G
raphic file (type pdf)
<use revisions/2026-09-19-r14-referee-response/historical/COMPENDIUM_R12.pdf, p
age 14>
Package pdftex.def Info: revisions/2026-09-19-r14-referee-response/historical/C
OMPENDIUM_R12.pdf , page14 used on input line 21.
(pdftex.def)             Requested size: 488.25302pt x 705.2544pt.
File: revisions/2026-09-19-r14-referee-response/historical/COMPENDIUM_R12.pdf G
raphic file (type pdf)
<use revisions/2026-09-19-r14-referee-response/historical/COMPENDIUM_R12.pdf, p
age 14>
Package pdftex.def Info: revisions/2026-09-19-r14-referee-response/historical/C
OMPENDIUM_R12.pdf , page14 used on input line 21.
(pdftex.def)             Requested size: 488.25302pt x 705.2544pt.
File: revisions/2026-09-19-r14-referee-response/historical/COMPENDIUM_R12.pdf G
raphic file (type pdf)
<use revisions/2026-09-19-r14-referee-response/historical/COMPENDIUM_R12.pdf, p
age 14>
Package pdftex.def Info: revisions/2026-09-19-r14-referee-response/historical/C
OMPENDIUM_R12.pdf , page14 used on input line 21.
(pdftex.def)             Requested size: 488.25302pt x 705.2544pt.
 [60 <./revisions/2026-09-19-r14-referee-response/historical/COMPENDIUM_R12.pdf
>]
<revisions/2026-09-19-r14-referee-response/historical/COMPENDIUM_R12.pdf, id=52
8, page=15, 487.8225pt x 704.6325pt>
File: revisions/2026-09-19-r14-referee-response/historical/COMPENDIUM_R12.pdf G
raphic file (type pdf)
<use revisions/2026-09-19-r14-referee-response/historical/COMPENDIUM_R12.pdf, p
age 15>
Package pdftex.def Info: revisions/2026-09-19-r14-referee-response/historical/C
OMPENDIUM_R12.pdf , page15 used on input line 21.
(pdftex.def)             Requested size: 488.25302pt x 705.2544pt.
File: revisions/2026-09-19-r14-referee-response/historical/COMPENDIUM_R12.pdf G
raphic file (type pdf)
<use revisions/2026-09-19-r14-referee-response/historical/COMPENDIUM_R12.pdf, p
age 15>
Package pdftex.def Info: revisions/2026-09-19-r14-referee-response/historical/C
OMPENDIUM_R12.pdf , page15 used on input line 21.
(pdftex.def)             Requested size: 488.25302pt x 705.2544pt.
File: revisions/2026-09-19-r14-referee-response/historical/COMPENDIUM_R12.pdf G
raphic file (type pdf)
<use revisions/2026-09-19-r14-referee-response/historical/COMPENDIUM_R12.pdf, p
age 15>
Package pdftex.def Info: revisions/2026-09-19-r14-referee-response/historical/C
OMPENDIUM_R12.pdf , page15 used on input line 21.
(pdftex.def)             Requested size: 488.25302pt x 705.2544pt.
 [61 <./revisions/2026-09-19-r14-referee-response/historical/COMPENDIUM_R12.pdf
>]
<revisions/2026-09-19-r14-referee-response/historical/COMPENDIUM_R12.pdf, id=53
4, page=16, 487.8225pt x 704.6325pt>
File: revisions/2026-09-19-r14-referee-response/historical/COMPENDIUM_R12.pdf G
raphic file (type pdf)
<use revisions/2026-09-19-r14-referee-response/historical/COMPENDIUM_R12.pdf, p
age 16>
Package pdftex.def Info: revisions/2026-09-19-r14-referee-response/historical/C
OMPENDIUM_R12.pdf , page16 used on input line 21.
(pdftex.def)             Requested size: 488.25302pt x 705.2544pt.
File: revisions/2026-09-19-r14-referee-response/historical/COMPENDIUM_R12.pdf G
raphic file (type pdf)
<use revisions/2026-09-19-r14-referee-response/historical/COMPENDIUM_R12.pdf, p
age 16>
Package pdftex.def Info: revisions/2026-09-19-r14-referee-response/historical/C
OMPENDIUM_R12.pdf , page16 used on input line 21.
(pdftex.def)             Requested size: 488.25302pt x 705.2544pt.
File: revisions/2026-09-19-r14-referee-response/historical/COMPENDIUM_R12.pdf G
raphic file (type pdf)
<use revisions/2026-09-19-r14-referee-response/historical/COMPENDIUM_R12.pdf, p
age 16>
Package pdftex.def Info: revisions/2026-09-19-r14-referee-response/historical/C
OMPENDIUM_R12.pdf , page16 used on input line 21.
(pdftex.def)             Requested size: 488.25302pt x 705.2544pt.
 [62 <./revisions/2026-09-19-r14-referee-response/historical/COMPENDIUM_R12.pdf
>]
<revisions/2026-09-19-r14-referee-response/historical/COMPENDIUM_R12.pdf, id=53
9, page=17, 487.8225pt x 704.6325pt>
File: revisions/2026-09-19-r14-referee-response/historical/COMPENDIUM_R12.pdf G
raphic file (type pdf)
<use revisions/2026-09-19-r14-referee-response/historical/COMPENDIUM_R12.pdf, p
age 17>
Package pdftex.def Info: revisions/2026-09-19-r14-referee-response/historical/C
OMPENDIUM_R12.pdf , page17 used on input line 21.
(pdftex.def)             Requested size: 488.25302pt x 705.2544pt.
File: revisions/2026-09-19-r14-referee-response/historical/COMPENDIUM_R12.pdf G
raphic file (type pdf)
<use revisions/2026-09-19-r14-referee-response/historical/COMPENDIUM_R12.pdf, p
age 17>
Package pdftex.def Info: revisions/2026-09-19-r14-referee-response/historical/C
OMPENDIUM_R12.pdf , page17 used on input line 21.
(pdftex.def)             Requested size: 488.25302pt x 705.2544pt.
File: revisions/2026-09-19-r14-referee-response/historical/COMPENDIUM_R12.pdf G
raphic file (type pdf)
<use revisions/2026-09-19-r14-referee-response/historical/COMPENDIUM_R12.pdf, p
age 17>
Package pdftex.def Info: revisions/2026-09-19-r14-referee-response/historical/C
OMPENDIUM_R12.pdf , page17 used on input line 21.
(pdftex.def)             Requested size: 488.25302pt x 705.2544pt.
 [63 <./revisions/2026-09-19-r14-referee-response/historical/COMPENDIUM_R12.pdf
>]
<revisions/2026-09-19-r14-referee-response/historical/COMPENDIUM_R12.pdf, id=54
4, page=18, 487.8225pt x 704.6325pt>
File: revisions/2026-09-19-r14-referee-response/historical/COMPENDIUM_R12.pdf G
raphic file (type pdf)
<use revisions/2026-09-19-r14-referee-response/historical/COMPENDIUM_R12.pdf, p
age 18>
Package pdftex.def Info: revisions/2026-09-19-r14-referee-response/historical/C
OMPENDIUM_R12.pdf , page18 used on input line 21.
(pdftex.def)             Requested size: 488.25302pt x 705.2544pt.
File: revisions/2026-09-19-r14-referee-response/historical/COMPENDIUM_R12.pdf G
raphic file (type pdf)
<use revisions/2026-09-19-r14-referee-response/historical/COMPENDIUM_R12.pdf, p
age 18>
Package pdftex.def Info: revisions/2026-09-19-r14-referee-response/historical/C
OMPENDIUM_R12.pdf , page18 used on input line 21.
(pdftex.def)             Requested size: 488.25302pt x 705.2544pt.
File: revisions/2026-09-19-r14-referee-response/historical/COMPENDIUM_R12.pdf G
raphic file (type pdf)
<use revisions/2026-09-19-r14-referee-response/historical/COMPENDIUM_R12.pdf, p
age 18>
Package pdftex.def Info: revisions/2026-09-19-r14-referee-response/historical/C
OMPENDIUM_R12.pdf , page18 used on input line 21.
(pdftex.def)             Requested size: 488.25302pt x 705.2544pt.
 [64 <./revisions/2026-09-19-r14-referee-response/historical/COMPENDIUM_R12.pdf
>]
<revisions/2026-09-19-r14-referee-response/historical/COMPENDIUM_R12.pdf, id=54
9, page=19, 487.8225pt x 704.6325pt>
File: revisions/2026-09-19-r14-referee-response/historical/COMPENDIUM_R12.pdf G
raphic file (type pdf)
<use revisions/2026-09-19-r14-referee-response/historical/COMPENDIUM_R12.pdf, p
age 19>
Package pdftex.def Info: revisions/2026-09-19-r14-referee-response/historical/C
OMPENDIUM_R12.pdf , page19 used on input line 21.
(pdftex.def)             Requested size: 488.25302pt x 705.2544pt.
File: revisions/2026-09-19-r14-referee-response/historical/COMPENDIUM_R12.pdf G
raphic file (type pdf)
<use revisions/2026-09-19-r14-referee-response/historical/COMPENDIUM_R12.pdf, p
age 19>
Package pdftex.def Info: revisions/2026-09-19-r14-referee-response/historical/C
OMPENDIUM_R12.pdf , page19 used on input line 21.
(pdftex.def)             Requested size: 488.25302pt x 705.2544pt.
File: revisions/2026-09-19-r14-referee-response/historical/COMPENDIUM_R12.pdf G
raphic file (type pdf)
<use revisions/2026-09-19-r14-referee-response/historical/COMPENDIUM_R12.pdf, p
age 19>
Package pdftex.def Info: revisions/2026-09-19-r14-referee-response/historical/C
OMPENDIUM_R12.pdf , page19 used on input line 21.
(pdftex.def)             Requested size: 488.25302pt x 705.2544pt.
 [65 <./revisions/2026-09-19-r14-referee-response/historical/COMPENDIUM_R12.pdf
>]
<revisions/2026-09-19-r14-referee-response/historical/COMPENDIUM_R12.pdf, id=55
4, page=20, 487.8225pt x 704.6325pt>
File: revisions/2026-09-19-r14-referee-response/historical/COMPENDIUM_R12.pdf G
raphic file (type pdf)
<use revisions/2026-09-19-r14-referee-response/historical/COMPENDIUM_R12.pdf, p
age 20>
Package pdftex.def Info: revisions/2026-09-19-r14-referee-response/historical/C
OMPENDIUM_R12.pdf , page20 used on input line 21.
(pdftex.def)             Requested size: 488.25302pt x 705.2544pt.
File: revisions/2026-09-19-r14-referee-response/historical/COMPENDIUM_R12.pdf G
raphic file (type pdf)
<use revisions/2026-09-19-r14-referee-response/historical/COMPENDIUM_R12.pdf, p
age 20>
Package pdftex.def Info: revisions/2026-09-19-r14-referee-response/historical/C
OMPENDIUM_R12.pdf , page20 used on input line 21.
(pdftex.def)             Requested size: 488.25302pt x 705.2544pt.
File: revisions/2026-09-19-r14-referee-response/historical/COMPENDIUM_R12.pdf G
raphic file (type pdf)
<use revisions/2026-09-19-r14-referee-response/historical/COMPENDIUM_R12.pdf, p
age 20>
Package pdftex.def Info: revisions/2026-09-19-r14-referee-response/historical/C
OMPENDIUM_R12.pdf , page20 used on input line 21.
(pdftex.def)             Requested size: 488.25302pt x 705.2544pt.
 [66 <./revisions/2026-09-19-r14-referee-response/historical/COMPENDIUM_R12.pdf
>]
<revisions/2026-09-19-r14-referee-response/historical/COMPENDIUM_R12.pdf, id=55
9, page=21, 487.8225pt x 704.6325pt>
File: revisions/2026-09-19-r14-referee-response/historical/COMPENDIUM_R12.pdf G
raphic file (type pdf)
<use revisions/2026-09-19-r14-referee-response/historical/COMPENDIUM_R12.pdf, p
age 21>
Package pdftex.def Info: revisions/2026-09-19-r14-referee-response/historical/C
OMPENDIUM_R12.pdf , page21 used on input line 21.
(pdftex.def)             Requested size: 488.25302pt x 705.2544pt.
File: revisions/2026-09-19-r14-referee-response/historical/COMPENDIUM_R12.pdf G
raphic file (type pdf)
<use revisions/2026-09-19-r14-referee-response/historical/COMPENDIUM_R12.pdf, p
age 21>
Package pdftex.def Info: revisions/2026-09-19-r14-referee-response/historical/C
OMPENDIUM_R12.pdf , page21 used on input line 21.
(pdftex.def)             Requested size: 488.25302pt x 705.2544pt.
File: revisions/2026-09-19-r14-referee-response/historical/COMPENDIUM_R12.pdf G
raphic file (type pdf)
<use revisions/2026-09-19-r14-referee-response/historical/COMPENDIUM_R12.pdf, p
age 21>
Package pdftex.def Info: revisions/2026-09-19-r14-referee-response/historical/C
OMPENDIUM_R12.pdf , page21 used on input line 21.
(pdftex.def)             Requested size: 488.25302pt x 705.2544pt.
 [67 <./revisions/2026-09-19-r14-referee-response/historical/COMPENDIUM_R12.pdf
>]
<revisions/2026-09-19-r14-referee-response/historical/COMPENDIUM_R12.pdf, id=56
5, page=22, 487.8225pt x 704.6325pt>
File: revisions/2026-09-19-r14-referee-response/historical/COMPENDIUM_R12.pdf G
raphic file (type pdf)
<use revisions/2026-09-19-r14-referee-response/historical/COMPENDIUM_R12.pdf, p
age 22>
Package pdftex.def Info: revisions/2026-09-19-r14-referee-response/historical/C
OMPENDIUM_R12.pdf , page22 used on input line 21.
(pdftex.def)             Requested size: 488.25302pt x 705.2544pt.
File: revisions/2026-09-19-r14-referee-response/historical/COMPENDIUM_R12.pdf G
raphic file (type pdf)
<use revisions/2026-09-19-r14-referee-response/historical/COMPENDIUM_R12.pdf, p
age 22>
Package pdftex.def Info: revisions/2026-09-19-r14-referee-response/historical/C
OMPENDIUM_R12.pdf , page22 used on input line 21.
(pdftex.def)             Requested size: 488.25302pt x 705.2544pt.
File: revisions/2026-09-19-r14-referee-response/historical/COMPENDIUM_R12.pdf G
raphic file (type pdf)
<use revisions/2026-09-19-r14-referee-response/historical/COMPENDIUM_R12.pdf, p
age 22>
Package pdftex.def Info: revisions/2026-09-19-r14-referee-response/historical/C
OMPENDIUM_R12.pdf , page22 used on input line 21.
(pdftex.def)             Requested size: 488.25302pt x 705.2544pt.
 [68 <./revisions/2026-09-19-r14-referee-response/historical/COMPENDIUM_R12.pdf
>]
<revisions/2026-09-19-r14-referee-response/historical/COMPENDIUM_R12.pdf, id=57
0, page=23, 487.8225pt x 704.6325pt>
File: revisions/2026-09-19-r14-referee-response/historical/COMPENDIUM_R12.pdf G
raphic file (type pdf)
<use revisions/2026-09-19-r14-referee-response/historical/COMPENDIUM_R12.pdf, p
age 23>
Package pdftex.def Info: revisions/2026-09-19-r14-referee-response/historical/C
OMPENDIUM_R12.pdf , page23 used on input line 21.
(pdftex.def)             Requested size: 488.25302pt x 705.2544pt.
File: revisions/2026-09-19-r14-referee-response/historical/COMPENDIUM_R12.pdf G
raphic file (type pdf)
<use revisions/2026-09-19-r14-referee-response/historical/COMPENDIUM_R12.pdf, p
age 23>
Package pdftex.def Info: revisions/2026-09-19-r14-referee-response/historical/C
OMPENDIUM_R12.pdf , page23 used on input line 21.
(pdftex.def)             Requested size: 488.25302pt x 705.2544pt.
File: revisions/2026-09-19-r14-referee-response/historical/COMPENDIUM_R12.pdf G
raphic file (type pdf)
<use revisions/2026-09-19-r14-referee-response/historical/COMPENDIUM_R12.pdf, p
age 23>
Package pdftex.def Info: revisions/2026-09-19-r14-referee-response/historical/C
OMPENDIUM_R12.pdf , page23 used on input line 21.
(pdftex.def)             Requested size: 488.25302pt x 705.2544pt.
 [69 <./revisions/2026-09-19-r14-referee-response/historical/COMPENDIUM_R12.pdf
>]
<revisions/2026-09-19-r14-referee-response/historical/COMPENDIUM_R12.pdf, id=57
5, page=24, 487.8225pt x 704.6325pt>
File: revisions/2026-09-19-r14-referee-response/historical/COMPENDIUM_R12.pdf G
raphic file (type pdf)
<use revisions/2026-09-19-r14-referee-response/historical/COMPENDIUM_R12.pdf, p
age 24>
Package pdftex.def Info: revisions/2026-09-19-r14-referee-response/historical/C
OMPENDIUM_R12.pdf , page24 used on input line 21.
(pdftex.def)             Requested size: 488.25302pt x 705.2544pt.
File: revisions/2026-09-19-r14-referee-response/historical/COMPENDIUM_R12.pdf G
raphic file (type pdf)
<use revisions/2026-09-19-r14-referee-response/historical/COMPENDIUM_R12.pdf, p
age 24>
Package pdftex.def Info: revisions/2026-09-19-r14-referee-response/historical/C
OMPENDIUM_R12.pdf , page24 used on input line 21.
(pdftex.def)             Requested size: 488.25302pt x 705.2544pt.
File: revisions/2026-09-19-r14-referee-response/historical/COMPENDIUM_R12.pdf G
raphic file (type pdf)
<use revisions/2026-09-19-r14-referee-response/historical/COMPENDIUM_R12.pdf, p
age 24>
Package pdftex.def Info: revisions/2026-09-19-r14-referee-response/historical/C
OMPENDIUM_R12.pdf , page24 used on input line 21.
(pdftex.def)             Requested size: 488.25302pt x 705.2544pt.
 [70 <./revisions/2026-09-19-r14-referee-response/historical/COMPENDIUM_R12.pdf
>]
<revisions/2026-09-19-r14-referee-response/historical/COMPENDIUM_R12.pdf, id=58
0, page=25, 487.8225pt x 704.6325pt>
File: revisions/2026-09-19-r14-referee-response/historical/COMPENDIUM_R12.pdf G
raphic file (type pdf)
<use revisions/2026-09-19-r14-referee-response/historical/COMPENDIUM_R12.pdf, p
age 25>
Package pdftex.def Info: revisions/2026-09-19-r14-referee-response/historical/C
OMPENDIUM_R12.pdf , page25 used on input line 21.
(pdftex.def)             Requested size: 488.25302pt x 705.2544pt.
File: revisions/2026-09-19-r14-referee-response/historical/COMPENDIUM_R12.pdf G
raphic file (type pdf)
<use revisions/2026-09-19-r14-referee-response/historical/COMPENDIUM_R12.pdf, p
age 25>
Package pdftex.def Info: revisions/2026-09-19-r14-referee-response/historical/C
OMPENDIUM_R12.pdf , page25 used on input line 21.
(pdftex.def)             Requested size: 488.25302pt x 705.2544pt.
File: revisions/2026-09-19-r14-referee-response/historical/COMPENDIUM_R12.pdf G
raphic file (type pdf)
<use revisions/2026-09-19-r14-referee-response/historical/COMPENDIUM_R12.pdf, p
age 25>
Package pdftex.def Info: revisions/2026-09-19-r14-referee-response/historical/C
OMPENDIUM_R12.pdf , page25 used on input line 21.
(pdftex.def)             Requested size: 488.25302pt x 705.2544pt.
 [71 <./revisions/2026-09-19-r14-referee-response/historical/COMPENDIUM_R12.pdf
>]
<revisions/2026-09-19-r14-referee-response/historical/COMPENDIUM_R12.pdf, id=58
5, page=26, 487.8225pt x 704.6325pt>
File: revisions/2026-09-19-r14-referee-response/historical/COMPENDIUM_R12.pdf G
raphic file (type pdf)
<use revisions/2026-09-19-r14-referee-response/historical/COMPENDIUM_R12.pdf, p
age 26>
Package pdftex.def Info: revisions/2026-09-19-r14-referee-response/historical/C
OMPENDIUM_R12.pdf , page26 used on input line 21.
(pdftex.def)             Requested size: 488.25302pt x 705.2544pt.
File: revisions/2026-09-19-r14-referee-response/historical/COMPENDIUM_R12.pdf G
raphic file (type pdf)
<use revisions/2026-09-19-r14-referee-response/historical/COMPENDIUM_R12.pdf, p
age 26>
Package pdftex.def Info: revisions/2026-09-19-r14-referee-response/historical/C
OMPENDIUM_R12.pdf , page26 used on input line 21.
(pdftex.def)             Requested size: 488.25302pt x 705.2544pt.
File: revisions/2026-09-19-r14-referee-response/historical/COMPENDIUM_R12.pdf G
raphic file (type pdf)
<use revisions/2026-09-19-r14-referee-response/historical/COMPENDIUM_R12.pdf, p
age 26>
Package pdftex.def Info: revisions/2026-09-19-r14-referee-response/historical/C
OMPENDIUM_R12.pdf , page26 used on input line 21.
(pdftex.def)             Requested size: 488.25302pt x 705.2544pt.
 [72 <./revisions/2026-09-19-r14-referee-response/historical/COMPENDIUM_R12.pdf
>]
<revisions/2026-09-19-r14-referee-response/historical/COMPENDIUM_R12.pdf, id=59
0, page=27, 487.8225pt x 704.6325pt>
File: revisions/2026-09-19-r14-referee-response/historical/COMPENDIUM_R12.pdf G
raphic file (type pdf)
<use revisions/2026-09-19-r14-referee-response/historical/COMPENDIUM_R12.pdf, p
age 27>
Package pdftex.def Info: revisions/2026-09-19-r14-referee-response/historical/C
OMPENDIUM_R12.pdf , page27 used on input line 21.
(pdftex.def)             Requested size: 488.25302pt x 705.2544pt.
File: revisions/2026-09-19-r14-referee-response/historical/COMPENDIUM_R12.pdf G
raphic file (type pdf)
<use revisions/2026-09-19-r14-referee-response/historical/COMPENDIUM_R12.pdf, p
age 27>
Package pdftex.def Info: revisions/2026-09-19-r14-referee-response/historical/C
OMPENDIUM_R12.pdf , page27 used on input line 21.
(pdftex.def)             Requested size: 488.25302pt x 705.2544pt.
File: revisions/2026-09-19-r14-referee-response/historical/COMPENDIUM_R12.pdf G
raphic file (type pdf)
<use revisions/2026-09-19-r14-referee-response/historical/COMPENDIUM_R12.pdf, p
age 27>
Package pdftex.def Info: revisions/2026-09-19-r14-referee-response/historical/C
OMPENDIUM_R12.pdf , page27 used on input line 21.
(pdftex.def)             Requested size: 488.25302pt x 705.2544pt.
 [73 <./revisions/2026-09-19-r14-referee-response/historical/COMPENDIUM_R12.pdf
>]
<revisions/2026-09-19-r14-referee-response/historical/COMPENDIUM_R12.pdf, id=59
6, page=28, 487.8225pt x 704.6325pt>
File: revisions/2026-09-19-r14-referee-response/historical/COMPENDIUM_R12.pdf G
raphic file (type pdf)
<use revisions/2026-09-19-r14-referee-response/historical/COMPENDIUM_R12.pdf, p
age 28>
Package pdftex.def Info: revisions/2026-09-19-r14-referee-response/historical/C
OMPENDIUM_R12.pdf , page28 used on input line 21.
(pdftex.def)             Requested size: 488.25302pt x 705.2544pt.
File: revisions/2026-09-19-r14-referee-response/historical/COMPENDIUM_R12.pdf G
raphic file (type pdf)
<use revisions/2026-09-19-r14-referee-response/historical/COMPENDIUM_R12.pdf, p
age 28>
Package pdftex.def Info: revisions/2026-09-19-r14-referee-response/historical/C
OMPENDIUM_R12.pdf , page28 used on input line 21.
(pdftex.def)             Requested size: 488.25302pt x 705.2544pt.
File: revisions/2026-09-19-r14-referee-response/historical/COMPENDIUM_R12.pdf G
raphic file (type pdf)
<use revisions/2026-09-19-r14-referee-response/historical/COMPENDIUM_R12.pdf, p
age 28>
Package pdftex.def Info: revisions/2026-09-19-r14-referee-response/historical/C
OMPENDIUM_R12.pdf , page28 used on input line 21.
(pdftex.def)             Requested size: 488.25302pt x 705.2544pt.
 [74 <./revisions/2026-09-19-r14-referee-response/historical/COMPENDIUM_R12.pdf
>]
<revisions/2026-09-19-r14-referee-response/historical/COMPENDIUM_R12.pdf, id=60
1, page=29, 487.8225pt x 704.6325pt>
File: revisions/2026-09-19-r14-referee-response/historical/COMPENDIUM_R12.pdf G
raphic file (type pdf)
<use revisions/2026-09-19-r14-referee-response/historical/COMPENDIUM_R12.pdf, p
age 29>
Package pdftex.def Info: revisions/2026-09-19-r14-referee-response/historical/C
OMPENDIUM_R12.pdf , page29 used on input line 21.
(pdftex.def)             Requested size: 488.25302pt x 705.2544pt.
File: revisions/2026-09-19-r14-referee-response/historical/COMPENDIUM_R12.pdf G
raphic file (type pdf)
<use revisions/2026-09-19-r14-referee-response/historical/COMPENDIUM_R12.pdf, p
age 29>
Package pdftex.def Info: revisions/2026-09-19-r14-referee-response/historical/C
OMPENDIUM_R12.pdf , page29 used on input line 21.
(pdftex.def)             Requested size: 488.25302pt x 705.2544pt.
File: revisions/2026-09-19-r14-referee-response/historical/COMPENDIUM_R12.pdf G
raphic file (type pdf)
<use revisions/2026-09-19-r14-referee-response/historical/COMPENDIUM_R12.pdf, p
age 29>
Package pdftex.def Info: revisions/2026-09-19-r14-referee-response/historical/C
OMPENDIUM_R12.pdf , page29 used on input line 21.
(pdftex.def)             Requested size: 488.25302pt x 705.2544pt.
 [75 <./revisions/2026-09-19-r14-referee-response/historical/COMPENDIUM_R12.pdf
>]
<revisions/2026-09-19-r14-referee-response/historical/COMPENDIUM_R12.pdf, id=60
6, page=30, 487.8225pt x 704.6325pt>
File: revisions/2026-09-19-r14-referee-response/historical/COMPENDIUM_R12.pdf G
raphic file (type pdf)
<use revisions/2026-09-19-r14-referee-response/historical/COMPENDIUM_R12.pdf, p
age 30>
Package pdftex.def Info: revisions/2026-09-19-r14-referee-response/historical/C
OMPENDIUM_R12.pdf , page30 used on input line 21.
(pdftex.def)             Requested size: 488.25302pt x 705.2544pt.
File: revisions/2026-09-19-r14-referee-response/historical/COMPENDIUM_R12.pdf G
raphic file (type pdf)
<use revisions/2026-09-19-r14-referee-response/historical/COMPENDIUM_R12.pdf, p
age 30>
Package pdftex.def Info: revisions/2026-09-19-r14-referee-response/historical/C
OMPENDIUM_R12.pdf , page30 used on input line 21.
(pdftex.def)             Requested size: 488.25302pt x 705.2544pt.
File: revisions/2026-09-19-r14-referee-response/historical/COMPENDIUM_R12.pdf G
raphic file (type pdf)
<use revisions/2026-09-19-r14-referee-response/historical/COMPENDIUM_R12.pdf, p
age 30>
Package pdftex.def Info: revisions/2026-09-19-r14-referee-response/historical/C
OMPENDIUM_R12.pdf , page30 used on input line 21.
(pdftex.def)             Requested size: 488.25302pt x 705.2544pt.
 [76 <./revisions/2026-09-19-r14-referee-response/historical/COMPENDIUM_R12.pdf
>]
<revisions/2026-09-19-r14-referee-response/historical/COMPENDIUM_R12.pdf, id=61
1, page=31, 487.8225pt x 704.6325pt>
File: revisions/2026-09-19-r14-referee-response/historical/COMPENDIUM_R12.pdf G
raphic file (type pdf)
<use revisions/2026-09-19-r14-referee-response/historical/COMPENDIUM_R12.pdf, p
age 31>
Package pdftex.def Info: revisions/2026-09-19-r14-referee-response/historical/C
OMPENDIUM_R12.pdf , page31 used on input line 21.
(pdftex.def)             Requested size: 488.25302pt x 705.2544pt.
File: revisions/2026-09-19-r14-referee-response/historical/COMPENDIUM_R12.pdf G
raphic file (type pdf)
<use revisions/2026-09-19-r14-referee-response/historical/COMPENDIUM_R12.pdf, p
age 31>
Package pdftex.def Info: revisions/2026-09-19-r14-referee-response/historical/C
OMPENDIUM_R12.pdf , page31 used on input line 21.
(pdftex.def)             Requested size: 488.25302pt x 705.2544pt.
File: revisions/2026-09-19-r14-referee-response/historical/COMPENDIUM_R12.pdf G
raphic file (type pdf)
<use revisions/2026-09-19-r14-referee-response/historical/COMPENDIUM_R12.pdf, p
age 31>
Package pdftex.def Info: revisions/2026-09-19-r14-referee-response/historical/C
OMPENDIUM_R12.pdf , page31 used on input line 21.
(pdftex.def)             Requested size: 488.25302pt x 705.2544pt.
 [77 <./revisions/2026-09-19-r14-referee-response/historical/COMPENDIUM_R12.pdf
>]
<revisions/2026-09-19-r14-referee-response/historical/COMPENDIUM_R12.pdf, id=61
6, page=32, 487.8225pt x 704.6325pt>
File: revisions/2026-09-19-r14-referee-response/historical/COMPENDIUM_R12.pdf G
raphic file (type pdf)
<use revisions/2026-09-19-r14-referee-response/historical/COMPENDIUM_R12.pdf, p
age 32>
Package pdftex.def Info: revisions/2026-09-19-r14-referee-response/historical/C
OMPENDIUM_R12.pdf , page32 used on input line 21.
(pdftex.def)             Requested size: 488.25302pt x 705.2544pt.
File: revisions/2026-09-19-r14-referee-response/historical/COMPENDIUM_R12.pdf G
raphic file (type pdf)
<use revisions/2026-09-19-r14-referee-response/historical/COMPENDIUM_R12.pdf, p
age 32>
Package pdftex.def Info: revisions/2026-09-19-r14-referee-response/historical/C
OMPENDIUM_R12.pdf , page32 used on input line 21.
(pdftex.def)             Requested size: 488.25302pt x 705.2544pt.
File: revisions/2026-09-19-r14-referee-response/historical/COMPENDIUM_R12.pdf G
raphic file (type pdf)
<use revisions/2026-09-19-r14-referee-response/historical/COMPENDIUM_R12.pdf, p
age 32>
Package pdftex.def Info: revisions/2026-09-19-r14-referee-response/historical/C
OMPENDIUM_R12.pdf , page32 used on input line 21.
(pdftex.def)             Requested size: 488.25302pt x 705.2544pt.
 [78 <./revisions/2026-09-19-r14-referee-response/historical/COMPENDIUM_R12.pdf
>]
<revisions/2026-09-19-r14-referee-response/historical/COMPENDIUM_R12.pdf, id=62
1, page=33, 487.8225pt x 704.6325pt>
File: revisions/2026-09-19-r14-referee-response/historical/COMPENDIUM_R12.pdf G
raphic file (type pdf)
<use revisions/2026-09-19-r14-referee-response/historical/COMPENDIUM_R12.pdf, p
age 33>
Package pdftex.def Info: revisions/2026-09-19-r14-referee-response/historical/C
OMPENDIUM_R12.pdf , page33 used on input line 21.
(pdftex.def)             Requested size: 488.25302pt x 705.2544pt.
File: revisions/2026-09-19-r14-referee-response/historical/COMPENDIUM_R12.pdf G
raphic file (type pdf)
<use revisions/2026-09-19-r14-referee-response/historical/COMPENDIUM_R12.pdf, p
age 33>
Package pdftex.def Info: revisions/2026-09-19-r14-referee-response/historical/C
OMPENDIUM_R12.pdf , page33 used on input line 21.
(pdftex.def)             Requested size: 488.25302pt x 705.2544pt.
File: revisions/2026-09-19-r14-referee-response/historical/COMPENDIUM_R12.pdf G
raphic file (type pdf)
<use revisions/2026-09-19-r14-referee-response/historical/COMPENDIUM_R12.pdf, p
age 33>
Package pdftex.def Info: revisions/2026-09-19-r14-referee-response/historical/C
OMPENDIUM_R12.pdf , page33 used on input line 21.
(pdftex.def)             Requested size: 488.25302pt x 705.2544pt.
 [79 <./revisions/2026-09-19-r14-referee-response/historical/COMPENDIUM_R12.pdf
>]
<revisions/2026-09-19-r14-referee-response/historical/COMPENDIUM_R12.pdf, id=62
7, page=34, 487.8225pt x 704.6325pt>
File: revisions/2026-09-19-r14-referee-response/historical/COMPENDIUM_R12.pdf G
raphic file (type pdf)
<use revisions/2026-09-19-r14-referee-response/historical/COMPENDIUM_R12.pdf, p
age 34>
Package pdftex.def Info: revisions/2026-09-19-r14-referee-response/historical/C
OMPENDIUM_R12.pdf , page34 used on input line 21.
(pdftex.def)             Requested size: 488.25302pt x 705.2544pt.
File: revisions/2026-09-19-r14-referee-response/historical/COMPENDIUM_R12.pdf G
raphic file (type pdf)
<use revisions/2026-09-19-r14-referee-response/historical/COMPENDIUM_R12.pdf, p
age 34>
Package pdftex.def Info: revisions/2026-09-19-r14-referee-response/historical/C
OMPENDIUM_R12.pdf , page34 used on input line 21.
(pdftex.def)             Requested size: 488.25302pt x 705.2544pt.
File: revisions/2026-09-19-r14-referee-response/historical/COMPENDIUM_R12.pdf G
raphic file (type pdf)
<use revisions/2026-09-19-r14-referee-response/historical/COMPENDIUM_R12.pdf, p
age 34>
Package pdftex.def Info: revisions/2026-09-19-r14-referee-response/historical/C
OMPENDIUM_R12.pdf , page34 used on input line 21.
(pdftex.def)             Requested size: 488.25302pt x 705.2544pt.
 [80 <./revisions/2026-09-19-r14-referee-response/historical/COMPENDIUM_R12.pdf
>]
<revisions/2026-09-19-r14-referee-response/historical/COMPENDIUM_R12.pdf, id=63
2, page=35, 487.8225pt x 704.6325pt>
File: revisions/2026-09-19-r14-referee-response/historical/COMPENDIUM_R12.pdf G
raphic file (type pdf)
<use revisions/2026-09-19-r14-referee-response/historical/COMPENDIUM_R12.pdf, p
age 35>
Package pdftex.def Info: revisions/2026-09-19-r14-referee-response/historical/C
OMPENDIUM_R12.pdf , page35 used on input line 21.
(pdftex.def)             Requested size: 488.25302pt x 705.2544pt.
File: revisions/2026-09-19-r14-referee-response/historical/COMPENDIUM_R12.pdf G
raphic file (type pdf)
<use revisions/2026-09-19-r14-referee-response/historical/COMPENDIUM_R12.pdf, p
age 35>
Package pdftex.def Info: revisions/2026-09-19-r14-referee-response/historical/C
OMPENDIUM_R12.pdf , page35 used on input line 21.
(pdftex.def)             Requested size: 488.25302pt x 705.2544pt.
File: revisions/2026-09-19-r14-referee-response/historical/COMPENDIUM_R12.pdf G
raphic file (type pdf)
<use revisions/2026-09-19-r14-referee-response/historical/COMPENDIUM_R12.pdf, p
age 35>
Package pdftex.def Info: revisions/2026-09-19-r14-referee-response/historical/C
OMPENDIUM_R12.pdf , page35 used on input line 21.
(pdftex.def)             Requested size: 488.25302pt x 705.2544pt.
 [81 <./revisions/2026-09-19-r14-referee-response/historical/COMPENDIUM_R12.pdf
>]
<revisions/2026-09-19-r14-referee-response/historical/COMPENDIUM_R12.pdf, id=63
7, page=36, 487.8225pt x 704.6325pt>
File: revisions/2026-09-19-r14-referee-response/historical/COMPENDIUM_R12.pdf G
raphic file (type pdf)
<use revisions/2026-09-19-r14-referee-response/historical/COMPENDIUM_R12.pdf, p
age 36>
Package pdftex.def Info: revisions/2026-09-19-r14-referee-response/historical/C
OMPENDIUM_R12.pdf , page36 used on input line 21.
(pdftex.def)             Requested size: 488.25302pt x 705.2544pt.
File: revisions/2026-09-19-r14-referee-response/historical/COMPENDIUM_R12.pdf G
raphic file (type pdf)
<use revisions/2026-09-19-r14-referee-response/historical/COMPENDIUM_R12.pdf, p
age 36>
Package pdftex.def Info: revisions/2026-09-19-r14-referee-response/historical/C
OMPENDIUM_R12.pdf , page36 used on input line 21.
(pdftex.def)             Requested size: 488.25302pt x 705.2544pt.
File: revisions/2026-09-19-r14-referee-response/historical/COMPENDIUM_R12.pdf G
raphic file (type pdf)
<use revisions/2026-09-19-r14-referee-response/historical/COMPENDIUM_R12.pdf, p
age 36>
Package pdftex.def Info: revisions/2026-09-19-r14-referee-response/historical/C
OMPENDIUM_R12.pdf , page36 used on input line 21.
(pdftex.def)             Requested size: 488.25302pt x 705.2544pt.
 [82 <./revisions/2026-09-19-r14-referee-response/historical/COMPENDIUM_R12.pdf
>]
<revisions/2026-09-19-r14-referee-response/historical/COMPENDIUM_R12.pdf, id=64
8, page=37, 487.8225pt x 704.6325pt>
File: revisions/2026-09-19-r14-referee-response/historical/COMPENDIUM_R12.pdf G
raphic file (type pdf)
<use revisions/2026-09-19-r14-referee-response/historical/COMPENDIUM_R12.pdf, p
age 37>
Package pdftex.def Info: revisions/2026-09-19-r14-referee-response/historical/C
OMPENDIUM_R12.pdf , page37 used on input line 21.
(pdftex.def)             Requested size: 488.25302pt x 705.2544pt.
File: revisions/2026-09-19-r14-referee-response/historical/COMPENDIUM_R12.pdf G
raphic file (type pdf)
<use revisions/2026-09-19-r14-referee-response/historical/COMPENDIUM_R12.pdf, p
age 37>
Package pdftex.def Info: revisions/2026-09-19-r14-referee-response/historical/C
OMPENDIUM_R12.pdf , page37 used on input line 21.
(pdftex.def)             Requested size: 488.25302pt x 705.2544pt.
File: revisions/2026-09-19-r14-referee-response/historical/COMPENDIUM_R12.pdf G
raphic file (type pdf)
<use revisions/2026-09-19-r14-referee-response/historical/COMPENDIUM_R12.pdf, p
age 37>
Package pdftex.def Info: revisions/2026-09-19-r14-referee-response/historical/C
OMPENDIUM_R12.pdf , page37 used on input line 21.
(pdftex.def)             Requested size: 488.25302pt x 705.2544pt.

[83 <./revisions/2026-09-19-r14-referee-response/historical/COMPENDIUM_R12.pdf>
]
<revisions/2026-09-19-r14-referee-response/historical/COMPENDIUM_R12.pdf, id=65
3, page=38, 487.8225pt x 704.6325pt>
File: revisions/2026-09-19-r14-referee-response/historical/COMPENDIUM_R12.pdf G
raphic file (type pdf)
<use revisions/2026-09-19-r14-referee-response/historical/COMPENDIUM_R12.pdf, p
age 38>
Package pdftex.def Info: revisions/2026-09-19-r14-referee-response/historical/C
OMPENDIUM_R12.pdf , page38 used on input line 21.
(pdftex.def)             Requested size: 488.25302pt x 705.2544pt.
File: revisions/2026-09-19-r14-referee-response/historical/COMPENDIUM_R12.pdf G
raphic file (type pdf)
<use revisions/2026-09-19-r14-referee-response/historical/COMPENDIUM_R12.pdf, p
age 38>
Package pdftex.def Info: revisions/2026-09-19-r14-referee-response/historical/C
OMPENDIUM_R12.pdf , page38 used on input line 21.
(pdftex.def)             Requested size: 488.25302pt x 705.2544pt.
File: revisions/2026-09-19-r14-referee-response/historical/COMPENDIUM_R12.pdf G
raphic file (type pdf)
<use revisions/2026-09-19-r14-referee-response/historical/COMPENDIUM_R12.pdf, p
age 38>
Package pdftex.def Info: revisions/2026-09-19-r14-referee-response/historical/C
OMPENDIUM_R12.pdf , page38 used on input line 21.
(pdftex.def)             Requested size: 488.25302pt x 705.2544pt.
 [84 <./revisions/2026-09-19-r14-referee-response/historical/COMPENDIUM_R12.pdf
>]
<revisions/2026-09-19-r14-referee-response/historical/COMPENDIUM_R12.pdf, id=65
8, page=39, 487.8225pt x 704.6325pt>
File: revisions/2026-09-19-r14-referee-response/historical/COMPENDIUM_R12.pdf G
raphic file (type pdf)
<use revisions/2026-09-19-r14-referee-response/historical/COMPENDIUM_R12.pdf, p
age 39>
Package pdftex.def Info: revisions/2026-09-19-r14-referee-response/historical/C
OMPENDIUM_R12.pdf , page39 used on input line 21.
(pdftex.def)             Requested size: 488.25302pt x 705.2544pt.
File: revisions/2026-09-19-r14-referee-response/historical/COMPENDIUM_R12.pdf G
raphic file (type pdf)
<use revisions/2026-09-19-r14-referee-response/historical/COMPENDIUM_R12.pdf, p
age 39>
Package pdftex.def Info: revisions/2026-09-19-r14-referee-response/historical/C
OMPENDIUM_R12.pdf , page39 used on input line 21.
(pdftex.def)             Requested size: 488.25302pt x 705.2544pt.
File: revisions/2026-09-19-r14-referee-response/historical/COMPENDIUM_R12.pdf G
raphic file (type pdf)
<use revisions/2026-09-19-r14-referee-response/historical/COMPENDIUM_R12.pdf, p
age 39>
Package pdftex.def Info: revisions/2026-09-19-r14-referee-response/historical/C
OMPENDIUM_R12.pdf , page39 used on input line 21.
(pdftex.def)             Requested size: 488.25302pt x 705.2544pt.
 [85 <./revisions/2026-09-19-r14-referee-response/historical/COMPENDIUM_R12.pdf
>]
<revisions/2026-09-19-r14-referee-response/historical/COMPENDIUM_R12.pdf, id=66
4, page=40, 487.8225pt x 704.6325pt>
File: revisions/2026-09-19-r14-referee-response/historical/COMPENDIUM_R12.pdf G
raphic file (type pdf)
<use revisions/2026-09-19-r14-referee-response/historical/COMPENDIUM_R12.pdf, p
age 40>
Package pdftex.def Info: revisions/2026-09-19-r14-referee-response/historical/C
OMPENDIUM_R12.pdf , page40 used on input line 21.
(pdftex.def)             Requested size: 488.25302pt x 705.2544pt.
File: revisions/2026-09-19-r14-referee-response/historical/COMPENDIUM_R12.pdf G
raphic file (type pdf)
<use revisions/2026-09-19-r14-referee-response/historical/COMPENDIUM_R12.pdf, p
age 40>
Package pdftex.def Info: revisions/2026-09-19-r14-referee-response/historical/C
OMPENDIUM_R12.pdf , page40 used on input line 21.
(pdftex.def)             Requested size: 488.25302pt x 705.2544pt.
File: revisions/2026-09-19-r14-referee-response/historical/COMPENDIUM_R12.pdf G
raphic file (type pdf)
<use revisions/2026-09-19-r14-referee-response/historical/COMPENDIUM_R12.pdf, p
age 40>
Package pdftex.def Info: revisions/2026-09-19-r14-referee-response/historical/C
OMPENDIUM_R12.pdf , page40 used on input line 21.
(pdftex.def)             Requested size: 488.25302pt x 705.2544pt.
 [86 <./revisions/2026-09-19-r14-referee-response/historical/COMPENDIUM_R12.pdf
>]
<revisions/2026-09-19-r14-referee-response/historical/COMPENDIUM_R12.pdf, id=66
9, page=41, 487.8225pt x 704.6325pt>
File: revisions/2026-09-19-r14-referee-response/historical/COMPENDIUM_R12.pdf G
raphic file (type pdf)
<use revisions/2026-09-19-r14-referee-response/historical/COMPENDIUM_R12.pdf, p
age 41>
Package pdftex.def Info: revisions/2026-09-19-r14-referee-response/historical/C
OMPENDIUM_R12.pdf , page41 used on input line 21.
(pdftex.def)             Requested size: 488.25302pt x 705.2544pt.
File: revisions/2026-09-19-r14-referee-response/historical/COMPENDIUM_R12.pdf G
raphic file (type pdf)
<use revisions/2026-09-19-r14-referee-response/historical/COMPENDIUM_R12.pdf, p
age 41>
Package pdftex.def Info: revisions/2026-09-19-r14-referee-response/historical/C
OMPENDIUM_R12.pdf , page41 used on input line 21.
(pdftex.def)             Requested size: 488.25302pt x 705.2544pt.
File: revisions/2026-09-19-r14-referee-response/historical/COMPENDIUM_R12.pdf G
raphic file (type pdf)
<use revisions/2026-09-19-r14-referee-response/historical/COMPENDIUM_R12.pdf, p
age 41>
Package pdftex.def Info: revisions/2026-09-19-r14-referee-response/historical/C
OMPENDIUM_R12.pdf , page41 used on input line 21.
(pdftex.def)             Requested size: 488.25302pt x 705.2544pt.
 [87 <./revisions/2026-09-19-r14-referee-response/historical/COMPENDIUM_R12.pdf
>]
<revisions/2026-09-19-r14-referee-response/historical/COMPENDIUM_R12.pdf, id=67
4, page=42, 487.8225pt x 704.6325pt>
File: revisions/2026-09-19-r14-referee-response/historical/COMPENDIUM_R12.pdf G
raphic file (type pdf)
<use revisions/2026-09-19-r14-referee-response/historical/COMPENDIUM_R12.pdf, p
age 42>
Package pdftex.def Info: revisions/2026-09-19-r14-referee-response/historical/C
OMPENDIUM_R12.pdf , page42 used on input line 21.
(pdftex.def)             Requested size: 488.25302pt x 705.2544pt.
File: revisions/2026-09-19-r14-referee-response/historical/COMPENDIUM_R12.pdf G
raphic file (type pdf)
<use revisions/2026-09-19-r14-referee-response/historical/COMPENDIUM_R12.pdf, p
age 42>
Package pdftex.def Info: revisions/2026-09-19-r14-referee-response/historical/C
OMPENDIUM_R12.pdf , page42 used on input line 21.
(pdftex.def)             Requested size: 488.25302pt x 705.2544pt.
File: revisions/2026-09-19-r14-referee-response/historical/COMPENDIUM_R12.pdf G
raphic file (type pdf)
<use revisions/2026-09-19-r14-referee-response/historical/COMPENDIUM_R12.pdf, p
age 42>
Package pdftex.def Info: revisions/2026-09-19-r14-referee-response/historical/C
OMPENDIUM_R12.pdf , page42 used on input line 21.
(pdftex.def)             Requested size: 488.25302pt x 705.2544pt.
 [88 <./revisions/2026-09-19-r14-referee-response/historical/COMPENDIUM_R12.pdf
>]
<revisions/2026-09-19-r14-referee-response/historical/COMPENDIUM_R12.pdf, id=68
0, page=43, 487.8225pt x 704.6325pt>
File: revisions/2026-09-19-r14-referee-response/historical/COMPENDIUM_R12.pdf G
raphic file (type pdf)
<use revisions/2026-09-19-r14-referee-response/historical/COMPENDIUM_R12.pdf, p
age 43>
Package pdftex.def Info: revisions/2026-09-19-r14-referee-response/historical/C
OMPENDIUM_R12.pdf , page43 used on input line 21.
(pdftex.def)             Requested size: 488.25302pt x 705.2544pt.
File: revisions/2026-09-19-r14-referee-response/historical/COMPENDIUM_R12.pdf G
raphic file (type pdf)
<use revisions/2026-09-19-r14-referee-response/historical/COMPENDIUM_R12.pdf, p
age 43>
Package pdftex.def Info: revisions/2026-09-19-r14-referee-response/historical/C
OMPENDIUM_R12.pdf , page43 used on input line 21.
(pdftex.def)             Requested size: 488.25302pt x 705.2544pt.
File: revisions/2026-09-19-r14-referee-response/historical/COMPENDIUM_R12.pdf G
raphic file (type pdf)
<use revisions/2026-09-19-r14-referee-response/historical/COMPENDIUM_R12.pdf, p
age 43>
Package pdftex.def Info: revisions/2026-09-19-r14-referee-response/historical/C
OMPENDIUM_R12.pdf , page43 used on input line 21.
(pdftex.def)             Requested size: 488.25302pt x 705.2544pt.
 [89 <./revisions/2026-09-19-r14-referee-response/historical/COMPENDIUM_R12.pdf
>]
<revisions/2026-09-19-r14-referee-response/historical/COMPENDIUM_R12.pdf, id=68
5, page=44, 487.8225pt x 704.6325pt>
File: revisions/2026-09-19-r14-referee-response/historical/COMPENDIUM_R12.pdf G
raphic file (type pdf)
<use revisions/2026-09-19-r14-referee-response/historical/COMPENDIUM_R12.pdf, p
age 44>
Package pdftex.def Info: revisions/2026-09-19-r14-referee-response/historical/C
OMPENDIUM_R12.pdf , page44 used on input line 21.
(pdftex.def)             Requested size: 488.25302pt x 705.2544pt.
File: revisions/2026-09-19-r14-referee-response/historical/COMPENDIUM_R12.pdf G
raphic file (type pdf)
<use revisions/2026-09-19-r14-referee-response/historical/COMPENDIUM_R12.pdf, p
age 44>
Package pdftex.def Info: revisions/2026-09-19-r14-referee-response/historical/C
OMPENDIUM_R12.pdf , page44 used on input line 21.
(pdftex.def)             Requested size: 488.25302pt x 705.2544pt.
File: revisions/2026-09-19-r14-referee-response/historical/COMPENDIUM_R12.pdf G
raphic file (type pdf)
<use revisions/2026-09-19-r14-referee-response/historical/COMPENDIUM_R12.pdf, p
age 44>
Package pdftex.def Info: revisions/2026-09-19-r14-referee-response/historical/C
OMPENDIUM_R12.pdf , page44 used on input line 21.
(pdftex.def)             Requested size: 488.25302pt x 705.2544pt.
 [90 <./revisions/2026-09-19-r14-referee-response/historical/COMPENDIUM_R12.pdf
>]
<revisions/2026-09-19-r14-referee-response/historical/COMPENDIUM_R12.pdf, id=69
0, page=45, 487.8225pt x 704.6325pt>
File: revisions/2026-09-19-r14-referee-response/historical/COMPENDIUM_R12.pdf G
raphic file (type pdf)
<use revisions/2026-09-19-r14-referee-response/historical/COMPENDIUM_R12.pdf, p
age 45>
Package pdftex.def Info: revisions/2026-09-19-r14-referee-response/historical/C
OMPENDIUM_R12.pdf , page45 used on input line 21.
(pdftex.def)             Requested size: 488.25302pt x 705.2544pt.
File: revisions/2026-09-19-r14-referee-response/historical/COMPENDIUM_R12.pdf G
raphic file (type pdf)
<use revisions/2026-09-19-r14-referee-response/historical/COMPENDIUM_R12.pdf, p
age 45>
Package pdftex.def Info: revisions/2026-09-19-r14-referee-response/historical/C
OMPENDIUM_R12.pdf , page45 used on input line 21.
(pdftex.def)             Requested size: 488.25302pt x 705.2544pt.
File: revisions/2026-09-19-r14-referee-response/historical/COMPENDIUM_R12.pdf G
raphic file (type pdf)
<use revisions/2026-09-19-r14-referee-response/historical/COMPENDIUM_R12.pdf, p
age 45>
Package pdftex.def Info: revisions/2026-09-19-r14-referee-response/historical/C
OMPENDIUM_R12.pdf , page45 used on input line 21.
(pdftex.def)             Requested size: 488.25302pt x 705.2544pt.
 [91 <./revisions/2026-09-19-r14-referee-response/historical/COMPENDIUM_R12.pdf
>]
<revisions/2026-09-19-r14-referee-response/historical/COMPENDIUM_R12.pdf, id=69
6, page=46, 487.8225pt x 704.6325pt>
File: revisions/2026-09-19-r14-referee-response/historical/COMPENDIUM_R12.pdf G
raphic file (type pdf)
<use revisions/2026-09-19-r14-referee-response/historical/COMPENDIUM_R12.pdf, p
age 46>
Package pdftex.def Info: revisions/2026-09-19-r14-referee-response/historical/C
OMPENDIUM_R12.pdf , page46 used on input line 21.
(pdftex.def)             Requested size: 488.25302pt x 705.2544pt.
File: revisions/2026-09-19-r14-referee-response/historical/COMPENDIUM_R12.pdf G
raphic file (type pdf)
<use revisions/2026-09-19-r14-referee-response/historical/COMPENDIUM_R12.pdf, p
age 46>
Package pdftex.def Info: revisions/2026-09-19-r14-referee-response/historical/C
OMPENDIUM_R12.pdf , page46 used on input line 21.
(pdftex.def)             Requested size: 488.25302pt x 705.2544pt.
File: revisions/2026-09-19-r14-referee-response/historical/COMPENDIUM_R12.pdf G
raphic file (type pdf)
<use revisions/2026-09-19-r14-referee-response/historical/COMPENDIUM_R12.pdf, p
age 46>
Package pdftex.def Info: revisions/2026-09-19-r14-referee-response/historical/C
OMPENDIUM_R12.pdf , page46 used on input line 21.
(pdftex.def)             Requested size: 488.25302pt x 705.2544pt.
 [92 <./revisions/2026-09-19-r14-referee-response/historical/COMPENDIUM_R12.pdf
>]
<revisions/2026-09-19-r14-referee-response/historical/COMPENDIUM_R12.pdf, id=70
1, page=47, 487.8225pt x 704.6325pt>
File: revisions/2026-09-19-r14-referee-response/historical/COMPENDIUM_R12.pdf G
raphic file (type pdf)
<use revisions/2026-09-19-r14-referee-response/historical/COMPENDIUM_R12.pdf, p
age 47>
Package pdftex.def Info: revisions/2026-09-19-r14-referee-response/historical/C
OMPENDIUM_R12.pdf , page47 used on input line 21.
(pdftex.def)             Requested size: 488.25302pt x 705.2544pt.
File: revisions/2026-09-19-r14-referee-response/historical/COMPENDIUM_R12.pdf G
raphic file (type pdf)
<use revisions/2026-09-19-r14-referee-response/historical/COMPENDIUM_R12.pdf, p
age 47>
Package pdftex.def Info: revisions/2026-09-19-r14-referee-response/historical/C
OMPENDIUM_R12.pdf , page47 used on input line 21.
(pdftex.def)             Requested size: 488.25302pt x 705.2544pt.
File: revisions/2026-09-19-r14-referee-response/historical/COMPENDIUM_R12.pdf G
raphic file (type pdf)
<use revisions/2026-09-19-r14-referee-response/historical/COMPENDIUM_R12.pdf, p
age 47>
Package pdftex.def Info: revisions/2026-09-19-r14-referee-response/historical/C
OMPENDIUM_R12.pdf , page47 used on input line 21.
(pdftex.def)             Requested size: 488.25302pt x 705.2544pt.
 [93 <./revisions/2026-09-19-r14-referee-response/historical/COMPENDIUM_R12.pdf
>]
<revisions/2026-09-19-r14-referee-response/historical/COMPENDIUM_R12.pdf, id=70
6, page=48, 487.8225pt x 704.6325pt>
File: revisions/2026-09-19-r14-referee-response/historical/COMPENDIUM_R12.pdf G
raphic file (type pdf)
<use revisions/2026-09-19-r14-referee-response/historical/COMPENDIUM_R12.pdf, p
age 48>
Package pdftex.def Info: revisions/2026-09-19-r14-referee-response/historical/C
OMPENDIUM_R12.pdf , page48 used on input line 21.
(pdftex.def)             Requested size: 488.25302pt x 705.2544pt.
File: revisions/2026-09-19-r14-referee-response/historical/COMPENDIUM_R12.pdf G
raphic file (type pdf)
<use revisions/2026-09-19-r14-referee-response/historical/COMPENDIUM_R12.pdf, p
age 48>
Package pdftex.def Info: revisions/2026-09-19-r14-referee-response/historical/C
OMPENDIUM_R12.pdf , page48 used on input line 21.
(pdftex.def)             Requested size: 488.25302pt x 705.2544pt.
File: revisions/2026-09-19-r14-referee-response/historical/COMPENDIUM_R12.pdf G
raphic file (type pdf)
<use revisions/2026-09-19-r14-referee-response/historical/COMPENDIUM_R12.pdf, p
age 48>
Package pdftex.def Info: revisions/2026-09-19-r14-referee-response/historical/C
OMPENDIUM_R12.pdf , page48 used on input line 21.
(pdftex.def)             Requested size: 488.25302pt x 705.2544pt.
 [94 <./revisions/2026-09-19-r14-referee-response/historical/COMPENDIUM_R12.pdf
>]
<revisions/2026-09-19-r14-referee-response/historical/COMPENDIUM_R12.pdf, id=71
1, page=49, 487.8225pt x 704.6325pt>
File: revisions/2026-09-19-r14-referee-response/historical/COMPENDIUM_R12.pdf G
raphic file (type pdf)
<use revisions/2026-09-19-r14-referee-response/historical/COMPENDIUM_R12.pdf, p
age 49>
Package pdftex.def Info: revisions/2026-09-19-r14-referee-response/historical/C
OMPENDIUM_R12.pdf , page49 used on input line 21.
(pdftex.def)             Requested size: 488.25302pt x 705.2544pt.
File: revisions/2026-09-19-r14-referee-response/historical/COMPENDIUM_R12.pdf G
raphic file (type pdf)
<use revisions/2026-09-19-r14-referee-response/historical/COMPENDIUM_R12.pdf, p
age 49>
Package pdftex.def Info: revisions/2026-09-19-r14-referee-response/historical/C
OMPENDIUM_R12.pdf , page49 used on input line 21.
(pdftex.def)             Requested size: 488.25302pt x 705.2544pt.
File: revisions/2026-09-19-r14-referee-response/historical/COMPENDIUM_R12.pdf G
raphic file (type pdf)
<use revisions/2026-09-19-r14-referee-response/historical/COMPENDIUM_R12.pdf, p
age 49>
Package pdftex.def Info: revisions/2026-09-19-r14-referee-response/historical/C
OMPENDIUM_R12.pdf , page49 used on input line 21.
(pdftex.def)             Requested size: 488.25302pt x 705.2544pt.
 [95 <./revisions/2026-09-19-r14-referee-response/historical/COMPENDIUM_R12.pdf
>]
<revisions/2026-09-19-r14-referee-response/historical/COMPENDIUM_R12.pdf, id=71
6, page=50, 487.8225pt x 704.6325pt>
File: revisions/2026-09-19-r14-referee-response/historical/COMPENDIUM_R12.pdf G
raphic file (type pdf)
<use revisions/2026-09-19-r14-referee-response/historical/COMPENDIUM_R12.pdf, p
age 50>
Package pdftex.def Info: revisions/2026-09-19-r14-referee-response/historical/C
OMPENDIUM_R12.pdf , page50 used on input line 21.
(pdftex.def)             Requested size: 488.25302pt x 705.2544pt.
File: revisions/2026-09-19-r14-referee-response/historical/COMPENDIUM_R12.pdf G
raphic file (type pdf)
<use revisions/2026-09-19-r14-referee-response/historical/COMPENDIUM_R12.pdf, p
age 50>
Package pdftex.def Info: revisions/2026-09-19-r14-referee-response/historical/C
OMPENDIUM_R12.pdf , page50 used on input line 21.
(pdftex.def)             Requested size: 488.25302pt x 705.2544pt.
File: revisions/2026-09-19-r14-referee-response/historical/COMPENDIUM_R12.pdf G
raphic file (type pdf)
<use revisions/2026-09-19-r14-referee-response/historical/COMPENDIUM_R12.pdf, p
age 50>
Package pdftex.def Info: revisions/2026-09-19-r14-referee-response/historical/C
OMPENDIUM_R12.pdf , page50 used on input line 21.
(pdftex.def)             Requested size: 488.25302pt x 705.2544pt.
 [96 <./revisions/2026-09-19-r14-referee-response/historical/COMPENDIUM_R12.pdf
>]
<revisions/2026-09-19-r14-referee-response/historical/COMPENDIUM_R12.pdf, id=72
1, page=51, 487.8225pt x 704.6325pt>
File: revisions/2026-09-19-r14-referee-response/historical/COMPENDIUM_R12.pdf G
raphic file (type pdf)
<use revisions/2026-09-19-r14-referee-response/historical/COMPENDIUM_R12.pdf, p
age 51>
Package pdftex.def Info: revisions/2026-09-19-r14-referee-response/historical/C
OMPENDIUM_R12.pdf , page51 used on input line 21.
(pdftex.def)             Requested size: 488.25302pt x 705.2544pt.
File: revisions/2026-09-19-r14-referee-response/historical/COMPENDIUM_R12.pdf G
raphic file (type pdf)
<use revisions/2026-09-19-r14-referee-response/historical/COMPENDIUM_R12.pdf, p
age 51>
Package pdftex.def Info: revisions/2026-09-19-r14-referee-response/historical/C
OMPENDIUM_R12.pdf , page51 used on input line 21.
(pdftex.def)             Requested size: 488.25302pt x 705.2544pt.
File: revisions/2026-09-19-r14-referee-response/historical/COMPENDIUM_R12.pdf G
raphic file (type pdf)
<use revisions/2026-09-19-r14-referee-response/historical/COMPENDIUM_R12.pdf, p
age 51>
Package pdftex.def Info: revisions/2026-09-19-r14-referee-response/historical/C
OMPENDIUM_R12.pdf , page51 used on input line 21.
(pdftex.def)             Requested size: 488.25302pt x 705.2544pt.
 [97 <./revisions/2026-09-19-r14-referee-response/historical/COMPENDIUM_R12.pdf
>]
<revisions/2026-09-19-r14-referee-response/historical/COMPENDIUM_R12.pdf, id=72
7, page=52, 487.8225pt x 704.6325pt>
File: revisions/2026-09-19-r14-referee-response/historical/COMPENDIUM_R12.pdf G
raphic file (type pdf)
<use revisions/2026-09-19-r14-referee-response/historical/COMPENDIUM_R12.pdf, p
age 52>
Package pdftex.def Info: revisions/2026-09-19-r14-referee-response/historical/C
OMPENDIUM_R12.pdf , page52 used on input line 21.
(pdftex.def)             Requested size: 488.25302pt x 705.2544pt.
File: revisions/2026-09-19-r14-referee-response/historical/COMPENDIUM_R12.pdf G
raphic file (type pdf)
<use revisions/2026-09-19-r14-referee-response/historical/COMPENDIUM_R12.pdf, p
age 52>
Package pdftex.def Info: revisions/2026-09-19-r14-referee-response/historical/C
OMPENDIUM_R12.pdf , page52 used on input line 21.
(pdftex.def)             Requested size: 488.25302pt x 705.2544pt.
File: revisions/2026-09-19-r14-referee-response/historical/COMPENDIUM_R12.pdf G
raphic file (type pdf)
<use revisions/2026-09-19-r14-referee-response/historical/COMPENDIUM_R12.pdf, p
age 52>
Package pdftex.def Info: revisions/2026-09-19-r14-referee-response/historical/C
OMPENDIUM_R12.pdf , page52 used on input line 21.
(pdftex.def)             Requested size: 488.25302pt x 705.2544pt.
 [98 <./revisions/2026-09-19-r14-referee-response/historical/COMPENDIUM_R12.pdf
>]
<revisions/2026-09-19-r14-referee-response/historical/COMPENDIUM_R12.pdf, id=73
2, page=53, 487.8225pt x 704.6325pt>
File: revisions/2026-09-19-r14-referee-response/historical/COMPENDIUM_R12.pdf G
raphic file (type pdf)
<use revisions/2026-09-19-r14-referee-response/historical/COMPENDIUM_R12.pdf, p
age 53>
Package pdftex.def Info: revisions/2026-09-19-r14-referee-response/historical/C
OMPENDIUM_R12.pdf , page53 used on input line 21.
(pdftex.def)             Requested size: 488.25302pt x 705.2544pt.
File: revisions/2026-09-19-r14-referee-response/historical/COMPENDIUM_R12.pdf G
raphic file (type pdf)
<use revisions/2026-09-19-r14-referee-response/historical/COMPENDIUM_R12.pdf, p
age 53>
Package pdftex.def Info: revisions/2026-09-19-r14-referee-response/historical/C
OMPENDIUM_R12.pdf , page53 used on input line 21.
(pdftex.def)             Requested size: 488.25302pt x 705.2544pt.
File: revisions/2026-09-19-r14-referee-response/historical/COMPENDIUM_R12.pdf G
raphic file (type pdf)
<use revisions/2026-09-19-r14-referee-response/historical/COMPENDIUM_R12.pdf, p
age 53>
Package pdftex.def Info: revisions/2026-09-19-r14-referee-response/historical/C
OMPENDIUM_R12.pdf , page53 used on input line 21.
(pdftex.def)             Requested size: 488.25302pt x 705.2544pt.
 [99 <./revisions/2026-09-19-r14-referee-response/historical/COMPENDIUM_R12.pdf
>]
<revisions/2026-09-19-r14-referee-response/historical/COMPENDIUM_R12.pdf, id=73
7, page=54, 487.8225pt x 704.6325pt>
File: revisions/2026-09-19-r14-referee-response/historical/COMPENDIUM_R12.pdf G
raphic file (type pdf)
<use revisions/2026-09-19-r14-referee-response/historical/COMPENDIUM_R12.pdf, p
age 54>
Package pdftex.def Info: revisions/2026-09-19-r14-referee-response/historical/C
OMPENDIUM_R12.pdf , page54 used on input line 21.
(pdftex.def)             Requested size: 488.25302pt x 705.2544pt.
File: revisions/2026-09-19-r14-referee-response/historical/COMPENDIUM_R12.pdf G
raphic file (type pdf)
<use revisions/2026-09-19-r14-referee-response/historical/COMPENDIUM_R12.pdf, p
age 54>
Package pdftex.def Info: revisions/2026-09-19-r14-referee-response/historical/C
OMPENDIUM_R12.pdf , page54 used on input line 21.
(pdftex.def)             Requested size: 488.25302pt x 705.2544pt.
File: revisions/2026-09-19-r14-referee-response/historical/COMPENDIUM_R12.pdf G
raphic file (type pdf)
<use revisions/2026-09-19-r14-referee-response/historical/COMPENDIUM_R12.pdf, p
age 54>
Package pdftex.def Info: revisions/2026-09-19-r14-referee-response/historical/C
OMPENDIUM_R12.pdf , page54 used on input line 21.
(pdftex.def)             Requested size: 488.25302pt x 705.2544pt.
 [100 <./revisions/2026-09-19-r14-referee-response/historical/COMPENDIUM_R12.pd
f>]
<revisions/2026-09-19-r14-referee-response/historical/COMPENDIUM_R12.pdf, id=74
2, page=55, 487.8225pt x 704.6325pt>
File: revisions/2026-09-19-r14-referee-response/historical/COMPENDIUM_R12.pdf G
raphic file (type pdf)
<use revisions/2026-09-19-r14-referee-response/historical/COMPENDIUM_R12.pdf, p
age 55>
Package pdftex.def Info: revisions/2026-09-19-r14-referee-response/historical/C
OMPENDIUM_R12.pdf , page55 used on input line 21.
(pdftex.def)             Requested size: 488.25302pt x 705.2544pt.
File: revisions/2026-09-19-r14-referee-response/historical/COMPENDIUM_R12.pdf G
raphic file (type pdf)
<use revisions/2026-09-19-r14-referee-response/historical/COMPENDIUM_R12.pdf, p
age 55>
Package pdftex.def Info: revisions/2026-09-19-r14-referee-response/historical/C
OMPENDIUM_R12.pdf , page55 used on input line 21.
(pdftex.def)             Requested size: 488.25302pt x 705.2544pt.
File: revisions/2026-09-19-r14-referee-response/historical/COMPENDIUM_R12.pdf G
raphic file (type pdf)
<use revisions/2026-09-19-r14-referee-response/historical/COMPENDIUM_R12.pdf, p
age 55>
Package pdftex.def Info: revisions/2026-09-19-r14-referee-response/historical/C
OMPENDIUM_R12.pdf , page55 used on input line 21.
(pdftex.def)             Requested size: 488.25302pt x 705.2544pt.
 [101 <./revisions/2026-09-19-r14-referee-response/historical/COMPENDIUM_R12.pd
f>]
<revisions/2026-09-19-r14-referee-response/historical/COMPENDIUM_R12.pdf, id=74
7, page=56, 487.8225pt x 704.6325pt>
File: revisions/2026-09-19-r14-referee-response/historical/COMPENDIUM_R12.pdf G
raphic file (type pdf)
<use revisions/2026-09-19-r14-referee-response/historical/COMPENDIUM_R12.pdf, p
age 56>
Package pdftex.def Info: revisions/2026-09-19-r14-referee-response/historical/C
OMPENDIUM_R12.pdf , page56 used on input line 21.
(pdftex.def)             Requested size: 488.25302pt x 705.2544pt.
File: revisions/2026-09-19-r14-referee-response/historical/COMPENDIUM_R12.pdf G
raphic file (type pdf)
<use revisions/2026-09-19-r14-referee-response/historical/COMPENDIUM_R12.pdf, p
age 56>
Package pdftex.def Info: revisions/2026-09-19-r14-referee-response/historical/C
OMPENDIUM_R12.pdf , page56 used on input line 21.
(pdftex.def)             Requested size: 488.25302pt x 705.2544pt.
File: revisions/2026-09-19-r14-referee-response/historical/COMPENDIUM_R12.pdf G
raphic file (type pdf)
<use revisions/2026-09-19-r14-referee-response/historical/COMPENDIUM_R12.pdf, p
age 56>
Package pdftex.def Info: revisions/2026-09-19-r14-referee-response/historical/C
OMPENDIUM_R12.pdf , page56 used on input line 21.
(pdftex.def)             Requested size: 488.25302pt x 705.2544pt.
 [102 <./revisions/2026-09-19-r14-referee-response/historical/COMPENDIUM_R12.pd
f>]
<revisions/2026-09-19-r14-referee-response/historical/COMPENDIUM_R12.pdf, id=75
2, page=57, 487.8225pt x 704.6325pt>
File: revisions/2026-09-19-r14-referee-response/historical/COMPENDIUM_R12.pdf G
raphic file (type pdf)
<use revisions/2026-09-19-r14-referee-response/historical/COMPENDIUM_R12.pdf, p
age 57>
Package pdftex.def Info: revisions/2026-09-19-r14-referee-response/historical/C
OMPENDIUM_R12.pdf , page57 used on input line 21.
(pdftex.def)             Requested size: 488.25302pt x 705.2544pt.
File: revisions/2026-09-19-r14-referee-response/historical/COMPENDIUM_R12.pdf G
raphic file (type pdf)
<use revisions/2026-09-19-r14-referee-response/historical/COMPENDIUM_R12.pdf, p
age 57>
Package pdftex.def Info: revisions/2026-09-19-r14-referee-response/historical/C
OMPENDIUM_R12.pdf , page57 used on input line 21.
(pdftex.def)             Requested size: 488.25302pt x 705.2544pt.
File: revisions/2026-09-19-r14-referee-response/historical/COMPENDIUM_R12.pdf G
raphic file (type pdf)
<use revisions/2026-09-19-r14-referee-response/historical/COMPENDIUM_R12.pdf, p
age 57>
Package pdftex.def Info: revisions/2026-09-19-r14-referee-response/historical/C
OMPENDIUM_R12.pdf , page57 used on input line 21.
(pdftex.def)             Requested size: 488.25302pt x 705.2544pt.
 [103 <./revisions/2026-09-19-r14-referee-response/historical/COMPENDIUM_R12.pd
f>]
<revisions/2026-09-19-r14-referee-response/historical/COMPENDIUM_R12.pdf, id=75
8, page=58, 487.8225pt x 704.6325pt>
File: revisions/2026-09-19-r14-referee-response/historical/COMPENDIUM_R12.pdf G
raphic file (type pdf)
<use revisions/2026-09-19-r14-referee-response/historical/COMPENDIUM_R12.pdf, p
age 58>
Package pdftex.def Info: revisions/2026-09-19-r14-referee-response/historical/C
OMPENDIUM_R12.pdf , page58 used on input line 21.
(pdftex.def)             Requested size: 488.25302pt x 705.2544pt.
File: revisions/2026-09-19-r14-referee-response/historical/COMPENDIUM_R12.pdf G
raphic file (type pdf)
<use revisions/2026-09-19-r14-referee-response/historical/COMPENDIUM_R12.pdf, p
age 58>
Package pdftex.def Info: revisions/2026-09-19-r14-referee-response/historical/C
OMPENDIUM_R12.pdf , page58 used on input line 21.
(pdftex.def)             Requested size: 488.25302pt x 705.2544pt.
File: revisions/2026-09-19-r14-referee-response/historical/COMPENDIUM_R12.pdf G
raphic file (type pdf)
<use revisions/2026-09-19-r14-referee-response/historical/COMPENDIUM_R12.pdf, p
age 58>
Package pdftex.def Info: revisions/2026-09-19-r14-referee-response/historical/C
OMPENDIUM_R12.pdf , page58 used on input line 21.
(pdftex.def)             Requested size: 488.25302pt x 705.2544pt.
 [104 <./revisions/2026-09-19-r14-referee-response/historical/COMPENDIUM_R12.pd
f>]
<revisions/2026-09-19-r14-referee-response/historical/COMPENDIUM_R12.pdf, id=76
3, page=59, 487.8225pt x 704.6325pt>
File: revisions/2026-09-19-r14-referee-response/historical/COMPENDIUM_R12.pdf G
raphic file (type pdf)
<use revisions/2026-09-19-r14-referee-response/historical/COMPENDIUM_R12.pdf, p
age 59>
Package pdftex.def Info: revisions/2026-09-19-r14-referee-response/historical/C
OMPENDIUM_R12.pdf , page59 used on input line 21.
(pdftex.def)             Requested size: 488.25302pt x 705.2544pt.
File: revisions/2026-09-19-r14-referee-response/historical/COMPENDIUM_R12.pdf G
raphic file (type pdf)
<use revisions/2026-09-19-r14-referee-response/historical/COMPENDIUM_R12.pdf, p
age 59>
Package pdftex.def Info: revisions/2026-09-19-r14-referee-response/historical/C
OMPENDIUM_R12.pdf , page59 used on input line 21.
(pdftex.def)             Requested size: 488.25302pt x 705.2544pt.
File: revisions/2026-09-19-r14-referee-response/historical/COMPENDIUM_R12.pdf G
raphic file (type pdf)
<use revisions/2026-09-19-r14-referee-response/historical/COMPENDIUM_R12.pdf, p
age 59>
Package pdftex.def Info: revisions/2026-09-19-r14-referee-response/historical/C
OMPENDIUM_R12.pdf , page59 used on input line 21.
(pdftex.def)             Requested size: 488.25302pt x 705.2544pt.
 [105 <./revisions/2026-09-19-r14-referee-response/historical/COMPENDIUM_R12.pd
f>]
<revisions/2026-09-19-r14-referee-response/historical/COMPENDIUM_R12.pdf, id=76
8, page=60, 487.8225pt x 704.6325pt>
File: revisions/2026-09-19-r14-referee-response/historical/COMPENDIUM_R12.pdf G
raphic file (type pdf)
<use revisions/2026-09-19-r14-referee-response/historical/COMPENDIUM_R12.pdf, p
age 60>
Package pdftex.def Info: revisions/2026-09-19-r14-referee-response/historical/C
OMPENDIUM_R12.pdf , page60 used on input line 21.
(pdftex.def)             Requested size: 488.25302pt x 705.2544pt.
File: revisions/2026-09-19-r14-referee-response/historical/COMPENDIUM_R12.pdf G
raphic file (type pdf)
<use revisions/2026-09-19-r14-referee-response/historical/COMPENDIUM_R12.pdf, p
age 60>
Package pdftex.def Info: revisions/2026-09-19-r14-referee-response/historical/C
OMPENDIUM_R12.pdf , page60 used on input line 21.
(pdftex.def)             Requested size: 488.25302pt x 705.2544pt.
File: revisions/2026-09-19-r14-referee-response/historical/COMPENDIUM_R12.pdf G
raphic file (type pdf)
<use revisions/2026-09-19-r14-referee-response/historical/COMPENDIUM_R12.pdf, p
age 60>
Package pdftex.def Info: revisions/2026-09-19-r14-referee-response/historical/C
OMPENDIUM_R12.pdf , page60 used on input line 21.
(pdftex.def)             Requested size: 488.25302pt x 705.2544pt.
 [106 <./revisions/2026-09-19-r14-referee-response/historical/COMPENDIUM_R12.pd
f>]
<revisions/2026-09-19-r14-referee-response/historical/COMPENDIUM_R12.pdf, id=77
3, page=61, 487.8225pt x 704.6325pt>
File: revisions/2026-09-19-r14-referee-response/historical/COMPENDIUM_R12.pdf G
raphic file (type pdf)
<use revisions/2026-09-19-r14-referee-response/historical/COMPENDIUM_R12.pdf, p
age 61>
Package pdftex.def Info: revisions/2026-09-19-r14-referee-response/historical/C
OMPENDIUM_R12.pdf , page61 used on input line 21.
(pdftex.def)             Requested size: 488.25302pt x 705.2544pt.
File: revisions/2026-09-19-r14-referee-response/historical/COMPENDIUM_R12.pdf G
raphic file (type pdf)
<use revisions/2026-09-19-r14-referee-response/historical/COMPENDIUM_R12.pdf, p
age 61>
Package pdftex.def Info: revisions/2026-09-19-r14-referee-response/historical/C
OMPENDIUM_R12.pdf , page61 used on input line 21.
(pdftex.def)             Requested size: 488.25302pt x 705.2544pt.
File: revisions/2026-09-19-r14-referee-response/historical/COMPENDIUM_R12.pdf G
raphic file (type pdf)
<use revisions/2026-09-19-r14-referee-response/historical/COMPENDIUM_R12.pdf, p
age 61>
Package pdftex.def Info: revisions/2026-09-19-r14-referee-response/historical/C
OMPENDIUM_R12.pdf , page61 used on input line 21.
(pdftex.def)             Requested size: 488.25302pt x 705.2544pt.
 [107 <./revisions/2026-09-19-r14-referee-response/historical/COMPENDIUM_R12.pd
f>]
<revisions/2026-09-19-r14-referee-response/historical/COMPENDIUM_R12.pdf, id=77
8, page=62, 487.8225pt x 704.6325pt>
File: revisions/2026-09-19-r14-referee-response/historical/COMPENDIUM_R12.pdf G
raphic file (type pdf)
<use revisions/2026-09-19-r14-referee-response/historical/COMPENDIUM_R12.pdf, p
age 62>
Package pdftex.def Info: revisions/2026-09-19-r14-referee-response/historical/C
OMPENDIUM_R12.pdf , page62 used on input line 21.
(pdftex.def)             Requested size: 488.25302pt x 705.2544pt.
File: revisions/2026-09-19-r14-referee-response/historical/COMPENDIUM_R12.pdf G
raphic file (type pdf)
<use revisions/2026-09-19-r14-referee-response/historical/COMPENDIUM_R12.pdf, p
age 62>
Package pdftex.def Info: revisions/2026-09-19-r14-referee-response/historical/C
OMPENDIUM_R12.pdf , page62 used on input line 21.
(pdftex.def)             Requested size: 488.25302pt x 705.2544pt.
File: revisions/2026-09-19-r14-referee-response/historical/COMPENDIUM_R12.pdf G
raphic file (type pdf)
<use revisions/2026-09-19-r14-referee-response/historical/COMPENDIUM_R12.pdf, p
age 62>
Package pdftex.def Info: revisions/2026-09-19-r14-referee-response/historical/C
OMPENDIUM_R12.pdf , page62 used on input line 21.
(pdftex.def)             Requested size: 488.25302pt x 705.2544pt.
 [108 <./revisions/2026-09-19-r14-referee-response/historical/COMPENDIUM_R12.pd
f>]
<revisions/2026-09-19-r14-referee-response/historical/COMPENDIUM_R12.pdf, id=78
3, page=63, 487.8225pt x 704.6325pt>
File: revisions/2026-09-19-r14-referee-response/historical/COMPENDIUM_R12.pdf G
raphic file (type pdf)
<use revisions/2026-09-19-r14-referee-response/historical/COMPENDIUM_R12.pdf, p
age 63>
Package pdftex.def Info: revisions/2026-09-19-r14-referee-response/historical/C
OMPENDIUM_R12.pdf , page63 used on input line 21.
(pdftex.def)             Requested size: 488.25302pt x 705.2544pt.
File: revisions/2026-09-19-r14-referee-response/historical/COMPENDIUM_R12.pdf G
raphic file (type pdf)
<use revisions/2026-09-19-r14-referee-response/historical/COMPENDIUM_R12.pdf, p
age 63>
Package pdftex.def Info: revisions/2026-09-19-r14-referee-response/historical/C
OMPENDIUM_R12.pdf , page63 used on input line 21.
(pdftex.def)             Requested size: 488.25302pt x 705.2544pt.
File: revisions/2026-09-19-r14-referee-response/historical/COMPENDIUM_R12.pdf G
raphic file (type pdf)
<use revisions/2026-09-19-r14-referee-response/historical/COMPENDIUM_R12.pdf, p
age 63>
Package pdftex.def Info: revisions/2026-09-19-r14-referee-response/historical/C
OMPENDIUM_R12.pdf , page63 used on input line 21.
(pdftex.def)             Requested size: 488.25302pt x 705.2544pt.
 [109 <./revisions/2026-09-19-r14-referee-response/historical/COMPENDIUM_R12.pd
f>]
<revisions/2026-09-19-r14-referee-response/historical/COMPENDIUM_R12.pdf, id=78
9, page=64, 487.8225pt x 704.6325pt>
File: revisions/2026-09-19-r14-referee-response/historical/COMPENDIUM_R12.pdf G
raphic file (type pdf)
<use revisions/2026-09-19-r14-referee-response/historical/COMPENDIUM_R12.pdf, p
age 64>
Package pdftex.def Info: revisions/2026-09-19-r14-referee-response/historical/C
OMPENDIUM_R12.pdf , page64 used on input line 21.
(pdftex.def)             Requested size: 488.25302pt x 705.2544pt.
File: revisions/2026-09-19-r14-referee-response/historical/COMPENDIUM_R12.pdf G
raphic file (type pdf)
<use revisions/2026-09-19-r14-referee-response/historical/COMPENDIUM_R12.pdf, p
age 64>
Package pdftex.def Info: revisions/2026-09-19-r14-referee-response/historical/C
OMPENDIUM_R12.pdf , page64 used on input line 21.
(pdftex.def)             Requested size: 488.25302pt x 705.2544pt.
File: revisions/2026-09-19-r14-referee-response/historical/COMPENDIUM_R12.pdf G
raphic file (type pdf)
<use revisions/2026-09-19-r14-referee-response/historical/COMPENDIUM_R12.pdf, p
age 64>
Package pdftex.def Info: revisions/2026-09-19-r14-referee-response/historical/C
OMPENDIUM_R12.pdf , page64 used on input line 21.
(pdftex.def)             Requested size: 488.25302pt x 705.2544pt.
 [110 <./revisions/2026-09-19-r14-referee-response/historical/COMPENDIUM_R12.pd
f>]
<revisions/2026-09-19-r14-referee-response/historical/COMPENDIUM_R12.pdf, id=79
4, page=65, 487.8225pt x 704.6325pt>
File: revisions/2026-09-19-r14-referee-response/historical/COMPENDIUM_R12.pdf G
raphic file (type pdf)
<use revisions/2026-09-19-r14-referee-response/historical/COMPENDIUM_R12.pdf, p
age 65>
Package pdftex.def Info: revisions/2026-09-19-r14-referee-response/historical/C
OMPENDIUM_R12.pdf , page65 used on input line 21.
(pdftex.def)             Requested size: 488.25302pt x 705.2544pt.
File: revisions/2026-09-19-r14-referee-response/historical/COMPENDIUM_R12.pdf G
raphic file (type pdf)
<use revisions/2026-09-19-r14-referee-response/historical/COMPENDIUM_R12.pdf, p
age 65>
Package pdftex.def Info: revisions/2026-09-19-r14-referee-response/historical/C
OMPENDIUM_R12.pdf , page65 used on input line 21.
(pdftex.def)             Requested size: 488.25302pt x 705.2544pt.
File: revisions/2026-09-19-r14-referee-response/historical/COMPENDIUM_R12.pdf G
raphic file (type pdf)
<use revisions/2026-09-19-r14-referee-response/historical/COMPENDIUM_R12.pdf, p
age 65>
Package pdftex.def Info: revisions/2026-09-19-r14-referee-response/historical/C
OMPENDIUM_R12.pdf , page65 used on input line 21.
(pdftex.def)             Requested size: 488.25302pt x 705.2544pt.
 [111 <./revisions/2026-09-19-r14-referee-response/historical/COMPENDIUM_R12.pd
f>]
<revisions/2026-09-19-r14-referee-response/historical/COMPENDIUM_R12.pdf, id=79
9, page=66, 487.8225pt x 704.6325pt>
File: revisions/2026-09-19-r14-referee-response/historical/COMPENDIUM_R12.pdf G
raphic file (type pdf)
<use revisions/2026-09-19-r14-referee-response/historical/COMPENDIUM_R12.pdf, p
age 66>
Package pdftex.def Info: revisions/2026-09-19-r14-referee-response/historical/C
OMPENDIUM_R12.pdf , page66 used on input line 21.
(pdftex.def)             Requested size: 488.25302pt x 705.2544pt.
File: revisions/2026-09-19-r14-referee-response/historical/COMPENDIUM_R12.pdf G
raphic file (type pdf)
<use revisions/2026-09-19-r14-referee-response/historical/COMPENDIUM_R12.pdf, p
age 66>
Package pdftex.def Info: revisions/2026-09-19-r14-referee-response/historical/C
OMPENDIUM_R12.pdf , page66 used on input line 21.
(pdftex.def)             Requested size: 488.25302pt x 705.2544pt.
File: revisions/2026-09-19-r14-referee-response/historical/COMPENDIUM_R12.pdf G
raphic file (type pdf)
<use revisions/2026-09-19-r14-referee-response/historical/COMPENDIUM_R12.pdf, p
age 66>
Package pdftex.def Info: revisions/2026-09-19-r14-referee-response/historical/C
OMPENDIUM_R12.pdf , page66 used on input line 21.
(pdftex.def)             Requested size: 488.25302pt x 705.2544pt.
 [112 <./revisions/2026-09-19-r14-referee-response/historical/COMPENDIUM_R12.pd
f>]
<revisions/2026-09-19-r14-referee-response/historical/COMPENDIUM_R12.pdf, id=80
4, page=67, 487.8225pt x 704.6325pt>
File: revisions/2026-09-19-r14-referee-response/historical/COMPENDIUM_R12.pdf G
raphic file (type pdf)
<use revisions/2026-09-19-r14-referee-response/historical/COMPENDIUM_R12.pdf, p
age 67>
Package pdftex.def Info: revisions/2026-09-19-r14-referee-response/historical/C
OMPENDIUM_R12.pdf , page67 used on input line 21.
(pdftex.def)             Requested size: 488.25302pt x 705.2544pt.
File: revisions/2026-09-19-r14-referee-response/historical/COMPENDIUM_R12.pdf G
raphic file (type pdf)
<use revisions/2026-09-19-r14-referee-response/historical/COMPENDIUM_R12.pdf, p
age 67>
Package pdftex.def Info: revisions/2026-09-19-r14-referee-response/historical/C
OMPENDIUM_R12.pdf , page67 used on input line 21.
(pdftex.def)             Requested size: 488.25302pt x 705.2544pt.
File: revisions/2026-09-19-r14-referee-response/historical/COMPENDIUM_R12.pdf G
raphic file (type pdf)
<use revisions/2026-09-19-r14-referee-response/historical/COMPENDIUM_R12.pdf, p
age 67>
Package pdftex.def Info: revisions/2026-09-19-r14-referee-response/historical/C
OMPENDIUM_R12.pdf , page67 used on input line 21.
(pdftex.def)             Requested size: 488.25302pt x 705.2544pt.

[113 <./revisions/2026-09-19-r14-referee-response/historical/COMPENDIUM_R12.pdf
>]
<revisions/2026-09-19-r14-referee-response/historical/COMPENDIUM_R12.pdf, id=80
9, page=68, 487.8225pt x 704.6325pt>
File: revisions/2026-09-19-r14-referee-response/historical/COMPENDIUM_R12.pdf G
raphic file (type pdf)
<use revisions/2026-09-19-r14-referee-response/historical/COMPENDIUM_R12.pdf, p
age 68>
Package pdftex.def Info: revisions/2026-09-19-r14-referee-response/historical/C
OMPENDIUM_R12.pdf , page68 used on input line 21.
(pdftex.def)             Requested size: 488.25302pt x 705.2544pt.
File: revisions/2026-09-19-r14-referee-response/historical/COMPENDIUM_R12.pdf G
raphic file (type pdf)
<use revisions/2026-09-19-r14-referee-response/historical/COMPENDIUM_R12.pdf, p
age 68>
Package pdftex.def Info: revisions/2026-09-19-r14-referee-response/historical/C
OMPENDIUM_R12.pdf , page68 used on input line 21.
(pdftex.def)             Requested size: 488.25302pt x 705.2544pt.
File: revisions/2026-09-19-r14-referee-response/historical/COMPENDIUM_R12.pdf G
raphic file (type pdf)
<use revisions/2026-09-19-r14-referee-response/historical/COMPENDIUM_R12.pdf, p
age 68>
Package pdftex.def Info: revisions/2026-09-19-r14-referee-response/historical/C
OMPENDIUM_R12.pdf , page68 used on input line 21.
(pdftex.def)             Requested size: 488.25302pt x 705.2544pt.
 [114 <./revisions/2026-09-19-r14-referee-response/historical/COMPENDIUM_R12.pd
f>]
<revisions/2026-09-19-r14-referee-response/historical/COMPENDIUM_R12.pdf, id=81
4, page=69, 487.8225pt x 704.6325pt>
File: revisions/2026-09-19-r14-referee-response/historical/COMPENDIUM_R12.pdf G
raphic file (type pdf)
<use revisions/2026-09-19-r14-referee-response/historical/COMPENDIUM_R12.pdf, p
age 69>
Package pdftex.def Info: revisions/2026-09-19-r14-referee-response/historical/C
OMPENDIUM_R12.pdf , page69 used on input line 21.
(pdftex.def)             Requested size: 488.25302pt x 705.2544pt.
File: revisions/2026-09-19-r14-referee-response/historical/COMPENDIUM_R12.pdf G
raphic file (type pdf)
<use revisions/2026-09-19-r14-referee-response/historical/COMPENDIUM_R12.pdf, p
age 69>
Package pdftex.def Info: revisions/2026-09-19-r14-referee-response/historical/C
OMPENDIUM_R12.pdf , page69 used on input line 21.
(pdftex.def)             Requested size: 488.25302pt x 705.2544pt.
File: revisions/2026-09-19-r14-referee-response/historical/COMPENDIUM_R12.pdf G
raphic file (type pdf)
<use revisions/2026-09-19-r14-referee-response/historical/COMPENDIUM_R12.pdf, p
age 69>
Package pdftex.def Info: revisions/2026-09-19-r14-referee-response/historical/C
OMPENDIUM_R12.pdf , page69 used on input line 21.
(pdftex.def)             Requested size: 488.25302pt x 705.2544pt.
 [115 <./revisions/2026-09-19-r14-referee-response/historical/COMPENDIUM_R12.pd
f>]
<revisions/2026-09-19-r14-referee-response/historical/COMPENDIUM_R12.pdf, id=82
0, page=70, 487.8225pt x 704.6325pt>
File: revisions/2026-09-19-r14-referee-response/historical/COMPENDIUM_R12.pdf G
raphic file (type pdf)
<use revisions/2026-09-19-r14-referee-response/historical/COMPENDIUM_R12.pdf, p
age 70>
Package pdftex.def Info: revisions/2026-09-19-r14-referee-response/historical/C
OMPENDIUM_R12.pdf , page70 used on input line 21.
(pdftex.def)             Requested size: 488.25302pt x 705.2544pt.
File: revisions/2026-09-19-r14-referee-response/historical/COMPENDIUM_R12.pdf G
raphic file (type pdf)
<use revisions/2026-09-19-r14-referee-response/historical/COMPENDIUM_R12.pdf, p
age 70>
Package pdftex.def Info: revisions/2026-09-19-r14-referee-response/historical/C
OMPENDIUM_R12.pdf , page70 used on input line 21.
(pdftex.def)             Requested size: 488.25302pt x 705.2544pt.
File: revisions/2026-09-19-r14-referee-response/historical/COMPENDIUM_R12.pdf G
raphic file (type pdf)
<use revisions/2026-09-19-r14-referee-response/historical/COMPENDIUM_R12.pdf, p
age 70>
Package pdftex.def Info: revisions/2026-09-19-r14-referee-response/historical/C
OMPENDIUM_R12.pdf , page70 used on input line 21.
(pdftex.def)             Requested size: 488.25302pt x 705.2544pt.
 [116 <./revisions/2026-09-19-r14-referee-response/historical/COMPENDIUM_R12.pd
f>]
<revisions/2026-09-19-r14-referee-response/historical/COMPENDIUM_R12.pdf, id=82
5, page=71, 487.8225pt x 704.6325pt>
File: revisions/2026-09-19-r14-referee-response/historical/COMPENDIUM_R12.pdf G
raphic file (type pdf)
<use revisions/2026-09-19-r14-referee-response/historical/COMPENDIUM_R12.pdf, p
age 71>
Package pdftex.def Info: revisions/2026-09-19-r14-referee-response/historical/C
OMPENDIUM_R12.pdf , page71 used on input line 21.
(pdftex.def)             Requested size: 488.25302pt x 705.2544pt.
File: revisions/2026-09-19-r14-referee-response/historical/COMPENDIUM_R12.pdf G
raphic file (type pdf)
<use revisions/2026-09-19-r14-referee-response/historical/COMPENDIUM_R12.pdf, p
age 71>
Package pdftex.def Info: revisions/2026-09-19-r14-referee-response/historical/C
OMPENDIUM_R12.pdf , page71 used on input line 21.
(pdftex.def)             Requested size: 488.25302pt x 705.2544pt.
File: revisions/2026-09-19-r14-referee-response/historical/COMPENDIUM_R12.pdf G
raphic file (type pdf)
<use revisions/2026-09-19-r14-referee-response/historical/COMPENDIUM_R12.pdf, p
age 71>
Package pdftex.def Info: revisions/2026-09-19-r14-referee-response/historical/C
OMPENDIUM_R12.pdf , page71 used on input line 21.
(pdftex.def)             Requested size: 488.25302pt x 705.2544pt.
 [117 <./revisions/2026-09-19-r14-referee-response/historical/COMPENDIUM_R12.pd
f>]
<revisions/2026-09-19-r14-referee-response/historical/COMPENDIUM_R12.pdf, id=83
0, page=72, 487.8225pt x 704.6325pt>
File: revisions/2026-09-19-r14-referee-response/historical/COMPENDIUM_R12.pdf G
raphic file (type pdf)
<use revisions/2026-09-19-r14-referee-response/historical/COMPENDIUM_R12.pdf, p
age 72>
Package pdftex.def Info: revisions/2026-09-19-r14-referee-response/historical/C
OMPENDIUM_R12.pdf , page72 used on input line 21.
(pdftex.def)             Requested size: 488.25302pt x 705.2544pt.
File: revisions/2026-09-19-r14-referee-response/historical/COMPENDIUM_R12.pdf G
raphic file (type pdf)
<use revisions/2026-09-19-r14-referee-response/historical/COMPENDIUM_R12.pdf, p
age 72>
Package pdftex.def Info: revisions/2026-09-19-r14-referee-response/historical/C
OMPENDIUM_R12.pdf , page72 used on input line 21.
(pdftex.def)             Requested size: 488.25302pt x 705.2544pt.
File: revisions/2026-09-19-r14-referee-response/historical/COMPENDIUM_R12.pdf G
raphic file (type pdf)
<use revisions/2026-09-19-r14-referee-response/historical/COMPENDIUM_R12.pdf, p
age 72>
Package pdftex.def Info: revisions/2026-09-19-r14-referee-response/historical/C
OMPENDIUM_R12.pdf , page72 used on input line 21.
(pdftex.def)             Requested size: 488.25302pt x 705.2544pt.
 [118 <./revisions/2026-09-19-r14-referee-response/historical/COMPENDIUM_R12.pd
f>]
<revisions/2026-09-19-r14-referee-response/historical/SUPP_R12.pdf, id=835, 487
.8225pt x 704.6325pt>
File: revisions/2026-09-19-r14-referee-response/historical/SUPP_R12.pdf Graphic
 file (type pdf)
<use revisions/2026-09-19-r14-referee-response/historical/SUPP_R12.pdf>
Package pdftex.def Info: revisions/2026-09-19-r14-referee-response/historical/S
UPP_R12.pdf  used on input line 22.
(pdftex.def)             Requested size: 487.8213pt x 704.6308pt.
File: revisions/2026-09-19-r14-referee-response/historical/SUPP_R12.pdf Graphic
 file (type pdf)
<use revisions/2026-09-19-r14-referee-response/historical/SUPP_R12.pdf>
Package pdftex.def Info: revisions/2026-09-19-r14-referee-response/historical/S
UPP_R12.pdf  used on input line 22.
(pdftex.def)             Requested size: 487.8213pt x 704.6308pt.
<revisions/2026-09-19-r14-referee-response/historical/SUPP_R12.pdf, id=838, pag
e=1, 487.8225pt x 704.6325pt>
File: revisions/2026-09-19-r14-referee-response/historical/SUPP_R12.pdf Graphic
 file (type pdf)
<use revisions/2026-09-19-r14-referee-response/historical/SUPP_R12.pdf, page 1>

Package pdftex.def Info: revisions/2026-09-19-r14-referee-response/historical/S
UPP_R12.pdf , page1 used on input line 22.
(pdftex.def)             Requested size: 487.8213pt x 704.6308pt.
File: revisions/2026-09-19-r14-referee-response/historical/SUPP_R12.pdf Graphic
 file (type pdf)
<use revisions/2026-09-19-r14-referee-response/historical/SUPP_R12.pdf, page 1>

Package pdftex.def Info: revisions/2026-09-19-r14-referee-response/historical/S
UPP_R12.pdf , page1 used on input line 22.
(pdftex.def)             Requested size: 488.25302pt x 705.2544pt.
File: revisions/2026-09-19-r14-referee-response/historical/SUPP_R12.pdf Graphic
 file (type pdf)
<use revisions/2026-09-19-r14-referee-response/historical/SUPP_R12.pdf, page 1>

Package pdftex.def Info: revisions/2026-09-19-r14-referee-response/historical/S
UPP_R12.pdf , page1 used on input line 22.
(pdftex.def)             Requested size: 488.25302pt x 705.2544pt.
File: revisions/2026-09-19-r14-referee-response/historical/SUPP_R12.pdf Graphic
 file (type pdf)
<use revisions/2026-09-19-r14-referee-response/historical/SUPP_R12.pdf, page 1>

Package pdftex.def Info: revisions/2026-09-19-r14-referee-response/historical/S
UPP_R12.pdf , page1 used on input line 22.
(pdftex.def)             Requested size: 488.25302pt x 705.2544pt.
File: revisions/2026-09-19-r14-referee-response/historical/SUPP_R12.pdf Graphic
 file (type pdf)
<use revisions/2026-09-19-r14-referee-response/historical/SUPP_R12.pdf, page 1>

Package pdftex.def Info: revisions/2026-09-19-r14-referee-response/historical/S
UPP_R12.pdf , page1 used on input line 22.
(pdftex.def)             Requested size: 488.25302pt x 705.2544pt.
 [119 <./revisions/2026-09-19-r14-referee-response/historical/SUPP_R12.pdf>]
<revisions/2026-09-19-r14-referee-response/historical/SUPP_R12.pdf, id=861, pag
e=2, 487.8225pt x 704.6325pt>
File: revisions/2026-09-19-r14-referee-response/historical/SUPP_R12.pdf Graphic
 file (type pdf)
<use revisions/2026-09-19-r14-referee-response/historical/SUPP_R12.pdf, page 2>

Package pdftex.def Info: revisions/2026-09-19-r14-referee-response/historical/S
UPP_R12.pdf , page2 used on input line 22.
(pdftex.def)             Requested size: 488.25302pt x 705.2544pt.
File: revisions/2026-09-19-r14-referee-response/historical/SUPP_R12.pdf Graphic
 file (type pdf)
<use revisions/2026-09-19-r14-referee-response/historical/SUPP_R12.pdf, page 2>

Package pdftex.def Info: revisions/2026-09-19-r14-referee-response/historical/S
UPP_R12.pdf , page2 used on input line 22.
(pdftex.def)             Requested size: 488.25302pt x 705.2544pt.
File: revisions/2026-09-19-r14-referee-response/historical/SUPP_R12.pdf Graphic
 file (type pdf)
<use revisions/2026-09-19-r14-referee-response/historical/SUPP_R12.pdf, page 2>

Package pdftex.def Info: revisions/2026-09-19-r14-referee-response/historical/S
UPP_R12.pdf , page2 used on input line 22.
(pdftex.def)             Requested size: 488.25302pt x 705.2544pt.
 [120 <./revisions/2026-09-19-r14-referee-response/historical/SUPP_R12.pdf>]
<revisions/2026-09-19-r14-referee-response/historical/SUPP_R12.pdf, id=882, pag
e=3, 487.8225pt x 704.6325pt>
File: revisions/2026-09-19-r14-referee-response/historical/SUPP_R12.pdf Graphic
 file (type pdf)
<use revisions/2026-09-19-r14-referee-response/historical/SUPP_R12.pdf, page 3>

Package pdftex.def Info: revisions/2026-09-19-r14-referee-response/historical/S
UPP_R12.pdf , page3 used on input line 22.
(pdftex.def)             Requested size: 488.25302pt x 705.2544pt.
File: revisions/2026-09-19-r14-referee-response/historical/SUPP_R12.pdf Graphic
 file (type pdf)
<use revisions/2026-09-19-r14-referee-response/historical/SUPP_R12.pdf, page 3>

Package pdftex.def Info: revisions/2026-09-19-r14-referee-response/historical/S
UPP_R12.pdf , page3 used on input line 22.
(pdftex.def)             Requested size: 488.25302pt x 705.2544pt.
File: revisions/2026-09-19-r14-referee-response/historical/SUPP_R12.pdf Graphic
 file (type pdf)
<use revisions/2026-09-19-r14-referee-response/historical/SUPP_R12.pdf, page 3>

Package pdftex.def Info: revisions/2026-09-19-r14-referee-response/historical/S
UPP_R12.pdf , page3 used on input line 22.
(pdftex.def)             Requested size: 488.25302pt x 705.2544pt.
 [121 <./revisions/2026-09-19-r14-referee-response/historical/SUPP_R12.pdf>]
<revisions/2026-09-19-r14-referee-response/historical/SUPP_R12.pdf, id=892, pag
e=4, 487.8225pt x 704.6325pt>
File: revisions/2026-09-19-r14-referee-response/historical/SUPP_R12.pdf Graphic
 file (type pdf)
<use revisions/2026-09-19-r14-referee-response/historical/SUPP_R12.pdf, page 4>

Package pdftex.def Info: revisions/2026-09-19-r14-referee-response/historical/S
UPP_R12.pdf , page4 used on input line 22.
(pdftex.def)             Requested size: 488.25302pt x 705.2544pt.
File: revisions/2026-09-19-r14-referee-response/historical/SUPP_R12.pdf Graphic
 file (type pdf)
<use revisions/2026-09-19-r14-referee-response/historical/SUPP_R12.pdf, page 4>

Package pdftex.def Info: revisions/2026-09-19-r14-referee-response/historical/S
UPP_R12.pdf , page4 used on input line 22.
(pdftex.def)             Requested size: 488.25302pt x 705.2544pt.
File: revisions/2026-09-19-r14-referee-response/historical/SUPP_R12.pdf Graphic
 file (type pdf)
<use revisions/2026-09-19-r14-referee-response/historical/SUPP_R12.pdf, page 4>

Package pdftex.def Info: revisions/2026-09-19-r14-referee-response/historical/S
UPP_R12.pdf , page4 used on input line 22.
(pdftex.def)             Requested size: 488.25302pt x 705.2544pt.
 [122 <./revisions/2026-09-19-r14-referee-response/historical/SUPP_R12.pdf>]
<revisions/2026-09-19-r14-referee-response/historical/SUPP_R12.pdf, id=897, pag
e=5, 487.8225pt x 704.6325pt>
File: revisions/2026-09-19-r14-referee-response/historical/SUPP_R12.pdf Graphic
 file (type pdf)
<use revisions/2026-09-19-r14-referee-response/historical/SUPP_R12.pdf, page 5>

Package pdftex.def Info: revisions/2026-09-19-r14-referee-response/historical/S
UPP_R12.pdf , page5 used on input line 22.
(pdftex.def)             Requested size: 488.25302pt x 705.2544pt.
File: revisions/2026-09-19-r14-referee-response/historical/SUPP_R12.pdf Graphic
 file (type pdf)
<use revisions/2026-09-19-r14-referee-response/historical/SUPP_R12.pdf, page 5>

Package pdftex.def Info: revisions/2026-09-19-r14-referee-response/historical/S
UPP_R12.pdf , page5 used on input line 22.
(pdftex.def)             Requested size: 488.25302pt x 705.2544pt.
File: revisions/2026-09-19-r14-referee-response/historical/SUPP_R12.pdf Graphic
 file (type pdf)
<use revisions/2026-09-19-r14-referee-response/historical/SUPP_R12.pdf, page 5>

Package pdftex.def Info: revisions/2026-09-19-r14-referee-response/historical/S
UPP_R12.pdf , page5 used on input line 22.
(pdftex.def)             Requested size: 488.25302pt x 705.2544pt.
 [123 <./revisions/2026-09-19-r14-referee-response/historical/SUPP_R12.pdf>]
<revisions/2026-09-19-r14-referee-response/historical/SUPP_R12.pdf, id=902, pag
e=6, 487.8225pt x 704.6325pt>
File: revisions/2026-09-19-r14-referee-response/historical/SUPP_R12.pdf Graphic
 file (type pdf)
<use revisions/2026-09-19-r14-referee-response/historical/SUPP_R12.pdf, page 6>

Package pdftex.def Info: revisions/2026-09-19-r14-referee-response/historical/S
UPP_R12.pdf , page6 used on input line 22.
(pdftex.def)             Requested size: 488.25302pt x 705.2544pt.
File: revisions/2026-09-19-r14-referee-response/historical/SUPP_R12.pdf Graphic
 file (type pdf)
<use revisions/2026-09-19-r14-referee-response/historical/SUPP_R12.pdf, page 6>

Package pdftex.def Info: revisions/2026-09-19-r14-referee-response/historical/S
UPP_R12.pdf , page6 used on input line 22.
(pdftex.def)             Requested size: 488.25302pt x 705.2544pt.
File: revisions/2026-09-19-r14-referee-response/historical/SUPP_R12.pdf Graphic
 file (type pdf)
<use revisions/2026-09-19-r14-referee-response/historical/SUPP_R12.pdf, page 6>

Package pdftex.def Info: revisions/2026-09-19-r14-referee-response/historical/S
UPP_R12.pdf , page6 used on input line 22.
(pdftex.def)             Requested size: 488.25302pt x 705.2544pt.
 [124 <./revisions/2026-09-19-r14-referee-response/historical/SUPP_R12.pdf>]
<revisions/2026-09-19-r14-referee-response/historical/SUPP_R12.pdf, id=907, pag
e=7, 487.8225pt x 704.6325pt>
File: revisions/2026-09-19-r14-referee-response/historical/SUPP_R12.pdf Graphic
 file (type pdf)
<use revisions/2026-09-19-r14-referee-response/historical/SUPP_R12.pdf, page 7>

Package pdftex.def Info: revisions/2026-09-19-r14-referee-response/historical/S
UPP_R12.pdf , page7 used on input line 22.
(pdftex.def)             Requested size: 488.25302pt x 705.2544pt.
File: revisions/2026-09-19-r14-referee-response/historical/SUPP_R12.pdf Graphic
 file (type pdf)
<use revisions/2026-09-19-r14-referee-response/historical/SUPP_R12.pdf, page 7>

Package pdftex.def Info: revisions/2026-09-19-r14-referee-response/historical/S
UPP_R12.pdf , page7 used on input line 22.
(pdftex.def)             Requested size: 488.25302pt x 705.2544pt.
File: revisions/2026-09-19-r14-referee-response/historical/SUPP_R12.pdf Graphic
 file (type pdf)
<use revisions/2026-09-19-r14-referee-response/historical/SUPP_R12.pdf, page 7>

Package pdftex.def Info: revisions/2026-09-19-r14-referee-response/historical/S
UPP_R12.pdf , page7 used on input line 22.
(pdftex.def)             Requested size: 488.25302pt x 705.2544pt.

[125 <./revisions/2026-09-19-r14-referee-response/historical/SUPP_R12.pdf>]
<revisions/2026-09-19-r14-referee-response/historical/SUPP_R12.pdf, id=912, pag
e=8, 487.8225pt x 704.6325pt>
File: revisions/2026-09-19-r14-referee-response/historical/SUPP_R12.pdf Graphic
 file (type pdf)
<use revisions/2026-09-19-r14-referee-response/historical/SUPP_R12.pdf, page 8>

Package pdftex.def Info: revisions/2026-09-19-r14-referee-response/historical/S
UPP_R12.pdf , page8 used on input line 22.
(pdftex.def)             Requested size: 488.25302pt x 705.2544pt.
File: revisions/2026-09-19-r14-referee-response/historical/SUPP_R12.pdf Graphic
 file (type pdf)
<use revisions/2026-09-19-r14-referee-response/historical/SUPP_R12.pdf, page 8>

Package pdftex.def Info: revisions/2026-09-19-r14-referee-response/historical/S
UPP_R12.pdf , page8 used on input line 22.
(pdftex.def)             Requested size: 488.25302pt x 705.2544pt.
File: revisions/2026-09-19-r14-referee-response/historical/SUPP_R12.pdf Graphic
 file (type pdf)
<use revisions/2026-09-19-r14-referee-response/historical/SUPP_R12.pdf, page 8>

Package pdftex.def Info: revisions/2026-09-19-r14-referee-response/historical/S
UPP_R12.pdf , page8 used on input line 22.
(pdftex.def)             Requested size: 488.25302pt x 705.2544pt.

[126 <./revisions/2026-09-19-r14-referee-response/historical/SUPP_R12.pdf>]
<revisions/2026-09-19-r14-referee-response/historical/SUPP_R12.pdf, id=917, pag
e=9, 487.8225pt x 704.6325pt>
File: revisions/2026-09-19-r14-referee-response/historical/SUPP_R12.pdf Graphic
 file (type pdf)
<use revisions/2026-09-19-r14-referee-response/historical/SUPP_R12.pdf, page 9>

Package pdftex.def Info: revisions/2026-09-19-r14-referee-response/historical/S
UPP_R12.pdf , page9 used on input line 22.
(pdftex.def)             Requested size: 488.25302pt x 705.2544pt.
File: revisions/2026-09-19-r14-referee-response/historical/SUPP_R12.pdf Graphic
 file (type pdf)
<use revisions/2026-09-19-r14-referee-response/historical/SUPP_R12.pdf, page 9>

Package pdftex.def Info: revisions/2026-09-19-r14-referee-response/historical/S
UPP_R12.pdf , page9 used on input line 22.
(pdftex.def)             Requested size: 488.25302pt x 705.2544pt.
File: revisions/2026-09-19-r14-referee-response/historical/SUPP_R12.pdf Graphic
 file (type pdf)
<use revisions/2026-09-19-r14-referee-response/historical/SUPP_R12.pdf, page 9>

Package pdftex.def Info: revisions/2026-09-19-r14-referee-response/historical/S
UPP_R12.pdf , page9 used on input line 22.
(pdftex.def)             Requested size: 488.25302pt x 705.2544pt.

[127 <./revisions/2026-09-19-r14-referee-response/historical/SUPP_R12.pdf>]
<revisions/2026-09-19-r14-referee-response/historical/SUPP_R12.pdf, id=923, pag
e=10, 487.8225pt x 704.6325pt>
File: revisions/2026-09-19-r14-referee-response/historical/SUPP_R12.pdf Graphic
 file (type pdf)
<use revisions/2026-09-19-r14-referee-response/historical/SUPP_R12.pdf, page 10
>
Package pdftex.def Info: revisions/2026-09-19-r14-referee-response/historical/S
UPP_R12.pdf , page10 used on input line 22.
(pdftex.def)             Requested size: 488.25302pt x 705.2544pt.
File: revisions/2026-09-19-r14-referee-response/historical/SUPP_R12.pdf Graphic
 file (type pdf)
<use revisions/2026-09-19-r14-referee-response/historical/SUPP_R12.pdf, page 10
>
Package pdftex.def Info: revisions/2026-09-19-r14-referee-response/historical/S
UPP_R12.pdf , page10 used on input line 22.
(pdftex.def)             Requested size: 488.25302pt x 705.2544pt.
File: revisions/2026-09-19-r14-referee-response/historical/SUPP_R12.pdf Graphic
 file (type pdf)
<use revisions/2026-09-19-r14-referee-response/historical/SUPP_R12.pdf, page 10
>
Package pdftex.def Info: revisions/2026-09-19-r14-referee-response/historical/S
UPP_R12.pdf , page10 used on input line 22.
(pdftex.def)             Requested size: 488.25302pt x 705.2544pt.

[128 <./revisions/2026-09-19-r14-referee-response/historical/SUPP_R12.pdf>]
<revisions/2026-09-19-r14-referee-response/historical/SUPP_R12.pdf, id=932, pag
e=11, 487.8225pt x 704.6325pt>
File: revisions/2026-09-19-r14-referee-response/historical/SUPP_R12.pdf Graphic
 file (type pdf)
<use revisions/2026-09-19-r14-referee-response/historical/SUPP_R12.pdf, page 11
>
Package pdftex.def Info: revisions/2026-09-19-r14-referee-response/historical/S
UPP_R12.pdf , page11 used on input line 22.
(pdftex.def)             Requested size: 488.25302pt x 705.2544pt.
File: revisions/2026-09-19-r14-referee-response/historical/SUPP_R12.pdf Graphic
 file (type pdf)
<use revisions/2026-09-19-r14-referee-response/historical/SUPP_R12.pdf, page 11
>
Package pdftex.def Info: revisions/2026-09-19-r14-referee-response/historical/S
UPP_R12.pdf , page11 used on input line 22.
(pdftex.def)             Requested size: 488.25302pt x 705.2544pt.
File: revisions/2026-09-19-r14-referee-response/historical/SUPP_R12.pdf Graphic
 file (type pdf)
<use revisions/2026-09-19-r14-referee-response/historical/SUPP_R12.pdf, page 11
>
Package pdftex.def Info: revisions/2026-09-19-r14-referee-response/historical/S
UPP_R12.pdf , page11 used on input line 22.
(pdftex.def)             Requested size: 488.25302pt x 705.2544pt.

[129 <./revisions/2026-09-19-r14-referee-response/historical/SUPP_R12.pdf>]
<revisions/2026-09-19-r14-referee-response/historical/SUPP_R12.pdf, id=937, pag
e=12, 487.8225pt x 704.6325pt>
File: revisions/2026-09-19-r14-referee-response/historical/SUPP_R12.pdf Graphic
 file (type pdf)
<use revisions/2026-09-19-r14-referee-response/historical/SUPP_R12.pdf, page 12
>
Package pdftex.def Info: revisions/2026-09-19-r14-referee-response/historical/S
UPP_R12.pdf , page12 used on input line 22.
(pdftex.def)             Requested size: 488.25302pt x 705.2544pt.
File: revisions/2026-09-19-r14-referee-response/historical/SUPP_R12.pdf Graphic
 file (type pdf)
<use revisions/2026-09-19-r14-referee-response/historical/SUPP_R12.pdf, page 12
>
Package pdftex.def Info: revisions/2026-09-19-r14-referee-response/historical/S
UPP_R12.pdf , page12 used on input line 22.
(pdftex.def)             Requested size: 488.25302pt x 705.2544pt.
File: revisions/2026-09-19-r14-referee-response/historical/SUPP_R12.pdf Graphic
 file (type pdf)
<use revisions/2026-09-19-r14-referee-response/historical/SUPP_R12.pdf, page 12
>
Package pdftex.def Info: revisions/2026-09-19-r14-referee-response/historical/S
UPP_R12.pdf , page12 used on input line 22.
(pdftex.def)             Requested size: 488.25302pt x 705.2544pt.

[130 <./revisions/2026-09-19-r14-referee-response/historical/SUPP_R12.pdf>]
<revisions/2026-09-19-r14-referee-response/historical/SUPP_R12.pdf, id=942, pag
e=13, 487.8225pt x 704.6325pt>
File: revisions/2026-09-19-r14-referee-response/historical/SUPP_R12.pdf Graphic
 file (type pdf)
<use revisions/2026-09-19-r14-referee-response/historical/SUPP_R12.pdf, page 13
>
Package pdftex.def Info: revisions/2026-09-19-r14-referee-response/historical/S
UPP_R12.pdf , page13 used on input line 22.
(pdftex.def)             Requested size: 488.25302pt x 705.2544pt.
File: revisions/2026-09-19-r14-referee-response/historical/SUPP_R12.pdf Graphic
 file (type pdf)
<use revisions/2026-09-19-r14-referee-response/historical/SUPP_R12.pdf, page 13
>
Package pdftex.def Info: revisions/2026-09-19-r14-referee-response/historical/S
UPP_R12.pdf , page13 used on input line 22.
(pdftex.def)             Requested size: 488.25302pt x 705.2544pt.
File: revisions/2026-09-19-r14-referee-response/historical/SUPP_R12.pdf Graphic
 file (type pdf)
<use revisions/2026-09-19-r14-referee-response/historical/SUPP_R12.pdf, page 13
>
Package pdftex.def Info: revisions/2026-09-19-r14-referee-response/historical/S
UPP_R12.pdf , page13 used on input line 22.
(pdftex.def)             Requested size: 488.25302pt x 705.2544pt.

[131 <./revisions/2026-09-19-r14-referee-response/historical/SUPP_R12.pdf>]
<revisions/2026-09-19-r14-referee-response/historical/SUPP_R12.pdf, id=951, pag
e=14, 487.8225pt x 704.6325pt>
File: revisions/2026-09-19-r14-referee-response/historical/SUPP_R12.pdf Graphic
 file (type pdf)
<use revisions/2026-09-19-r14-referee-response/historical/SUPP_R12.pdf, page 14
>
Package pdftex.def Info: revisions/2026-09-19-r14-referee-response/historical/S
UPP_R12.pdf , page14 used on input line 22.
(pdftex.def)             Requested size: 488.25302pt x 705.2544pt.
File: revisions/2026-09-19-r14-referee-response/historical/SUPP_R12.pdf Graphic
 file (type pdf)
<use revisions/2026-09-19-r14-referee-response/historical/SUPP_R12.pdf, page 14
>
Package pdftex.def Info: revisions/2026-09-19-r14-referee-response/historical/S
UPP_R12.pdf , page14 used on input line 22.
(pdftex.def)             Requested size: 488.25302pt x 705.2544pt.
File: revisions/2026-09-19-r14-referee-response/historical/SUPP_R12.pdf Graphic
 file (type pdf)
<use revisions/2026-09-19-r14-referee-response/historical/SUPP_R12.pdf, page 14
>
Package pdftex.def Info: revisions/2026-09-19-r14-referee-response/historical/S
UPP_R12.pdf , page14 used on input line 22.
(pdftex.def)             Requested size: 488.25302pt x 705.2544pt.

[132 <./revisions/2026-09-19-r14-referee-response/historical/SUPP_R12.pdf>]
<revisions/2026-09-19-r14-referee-response/historical/SUPP_R12.pdf, id=956, pag
e=15, 487.8225pt x 704.6325pt>
File: revisions/2026-09-19-r14-referee-response/historical/SUPP_R12.pdf Graphic
 file (type pdf)
<use revisions/2026-09-19-r14-referee-response/historical/SUPP_R12.pdf, page 15
>
Package pdftex.def Info: revisions/2026-09-19-r14-referee-response/historical/S
UPP_R12.pdf , page15 used on input line 22.
(pdftex.def)             Requested size: 488.25302pt x 705.2544pt.
File: revisions/2026-09-19-r14-referee-response/historical/SUPP_R12.pdf Graphic
 file (type pdf)
<use revisions/2026-09-19-r14-referee-response/historical/SUPP_R12.pdf, page 15
>
Package pdftex.def Info: revisions/2026-09-19-r14-referee-response/historical/S
UPP_R12.pdf , page15 used on input line 22.
(pdftex.def)             Requested size: 488.25302pt x 705.2544pt.
File: revisions/2026-09-19-r14-referee-response/historical/SUPP_R12.pdf Graphic
 file (type pdf)
<use revisions/2026-09-19-r14-referee-response/historical/SUPP_R12.pdf, page 15
>
Package pdftex.def Info: revisions/2026-09-19-r14-referee-response/historical/S
UPP_R12.pdf , page15 used on input line 22.
(pdftex.def)             Requested size: 488.25302pt x 705.2544pt.

[133 <./revisions/2026-09-19-r14-referee-response/historical/SUPP_R12.pdf>]
<revisions/2026-09-19-r14-referee-response/historical/SUPP_R12.pdf, id=962, pag
e=16, 487.8225pt x 704.6325pt>
File: revisions/2026-09-19-r14-referee-response/historical/SUPP_R12.pdf Graphic
 file (type pdf)
<use revisions/2026-09-19-r14-referee-response/historical/SUPP_R12.pdf, page 16
>
Package pdftex.def Info: revisions/2026-09-19-r14-referee-response/historical/S
UPP_R12.pdf , page16 used on input line 22.
(pdftex.def)             Requested size: 488.25302pt x 705.2544pt.
File: revisions/2026-09-19-r14-referee-response/historical/SUPP_R12.pdf Graphic
 file (type pdf)
<use revisions/2026-09-19-r14-referee-response/historical/SUPP_R12.pdf, page 16
>
Package pdftex.def Info: revisions/2026-09-19-r14-referee-response/historical/S
UPP_R12.pdf , page16 used on input line 22.
(pdftex.def)             Requested size: 488.25302pt x 705.2544pt.
File: revisions/2026-09-19-r14-referee-response/historical/SUPP_R12.pdf Graphic
 file (type pdf)
<use revisions/2026-09-19-r14-referee-response/historical/SUPP_R12.pdf, page 16
>
Package pdftex.def Info: revisions/2026-09-19-r14-referee-response/historical/S
UPP_R12.pdf , page16 used on input line 22.
(pdftex.def)             Requested size: 488.25302pt x 705.2544pt.

[134 <./revisions/2026-09-19-r14-referee-response/historical/SUPP_R12.pdf>]
<revisions/2026-09-19-r14-referee-response/historical/SUPP_R12.pdf, id=967, pag
e=17, 487.8225pt x 704.6325pt>
File: revisions/2026-09-19-r14-referee-response/historical/SUPP_R12.pdf Graphic
 file (type pdf)
<use revisions/2026-09-19-r14-referee-response/historical/SUPP_R12.pdf, page 17
>
Package pdftex.def Info: revisions/2026-09-19-r14-referee-response/historical/S
UPP_R12.pdf , page17 used on input line 22.
(pdftex.def)             Requested size: 488.25302pt x 705.2544pt.
File: revisions/2026-09-19-r14-referee-response/historical/SUPP_R12.pdf Graphic
 file (type pdf)
<use revisions/2026-09-19-r14-referee-response/historical/SUPP_R12.pdf, page 17
>
Package pdftex.def Info: revisions/2026-09-19-r14-referee-response/historical/S
UPP_R12.pdf , page17 used on input line 22.
(pdftex.def)             Requested size: 488.25302pt x 705.2544pt.
File: revisions/2026-09-19-r14-referee-response/historical/SUPP_R12.pdf Graphic
 file (type pdf)
<use revisions/2026-09-19-r14-referee-response/historical/SUPP_R12.pdf, page 17
>
Package pdftex.def Info: revisions/2026-09-19-r14-referee-response/historical/S
UPP_R12.pdf , page17 used on input line 22.
(pdftex.def)             Requested size: 488.25302pt x 705.2544pt.

[135 <./revisions/2026-09-19-r14-referee-response/historical/SUPP_R12.pdf>]
<revisions/2026-09-19-r14-referee-response/historical/SUPP_R12.pdf, id=972, pag
e=18, 487.8225pt x 704.6325pt>
File: revisions/2026-09-19-r14-referee-response/historical/SUPP_R12.pdf Graphic
 file (type pdf)
<use revisions/2026-09-19-r14-referee-response/historical/SUPP_R12.pdf, page 18
>
Package pdftex.def Info: revisions/2026-09-19-r14-referee-response/historical/S
UPP_R12.pdf , page18 used on input line 22.
(pdftex.def)             Requested size: 488.25302pt x 705.2544pt.
File: revisions/2026-09-19-r14-referee-response/historical/SUPP_R12.pdf Graphic
 file (type pdf)
<use revisions/2026-09-19-r14-referee-response/historical/SUPP_R12.pdf, page 18
>
Package pdftex.def Info: revisions/2026-09-19-r14-referee-response/historical/S
UPP_R12.pdf , page18 used on input line 22.
(pdftex.def)             Requested size: 488.25302pt x 705.2544pt.
File: revisions/2026-09-19-r14-referee-response/historical/SUPP_R12.pdf Graphic
 file (type pdf)
<use revisions/2026-09-19-r14-referee-response/historical/SUPP_R12.pdf, page 18
>
Package pdftex.def Info: revisions/2026-09-19-r14-referee-response/historical/S
UPP_R12.pdf , page18 used on input line 22.
(pdftex.def)             Requested size: 488.25302pt x 705.2544pt.

[136 <./revisions/2026-09-19-r14-referee-response/historical/SUPP_R12.pdf>]
<revisions/2026-09-19-r14-referee-response/historical/SUPP_R12.pdf, id=977, pag
e=19, 487.8225pt x 704.6325pt>
File: revisions/2026-09-19-r14-referee-response/historical/SUPP_R12.pdf Graphic
 file (type pdf)
<use revisions/2026-09-19-r14-referee-response/historical/SUPP_R12.pdf, page 19
>
Package pdftex.def Info: revisions/2026-09-19-r14-referee-response/historical/S
UPP_R12.pdf , page19 used on input line 22.
(pdftex.def)             Requested size: 488.25302pt x 705.2544pt.
File: revisions/2026-09-19-r14-referee-response/historical/SUPP_R12.pdf Graphic
 file (type pdf)
<use revisions/2026-09-19-r14-referee-response/historical/SUPP_R12.pdf, page 19
>
Package pdftex.def Info: revisions/2026-09-19-r14-referee-response/historical/S
UPP_R12.pdf , page19 used on input line 22.
(pdftex.def)             Requested size: 488.25302pt x 705.2544pt.
File: revisions/2026-09-19-r14-referee-response/historical/SUPP_R12.pdf Graphic
 file (type pdf)
<use revisions/2026-09-19-r14-referee-response/historical/SUPP_R12.pdf, page 19
>
Package pdftex.def Info: revisions/2026-09-19-r14-referee-response/historical/S
UPP_R12.pdf , page19 used on input line 22.
(pdftex.def)             Requested size: 488.25302pt x 705.2544pt.

[137 <./revisions/2026-09-19-r14-referee-response/historical/SUPP_R12.pdf>]
<revisions/2026-09-19-r14-referee-response/historical/SUPP_R12.pdf, id=986, pag
e=20, 487.8225pt x 704.6325pt>
File: revisions/2026-09-19-r14-referee-response/historical/SUPP_R12.pdf Graphic
 file (type pdf)
<use revisions/2026-09-19-r14-referee-response/historical/SUPP_R12.pdf, page 20
>
Package pdftex.def Info: revisions/2026-09-19-r14-referee-response/historical/S
UPP_R12.pdf , page20 used on input line 22.
(pdftex.def)             Requested size: 488.25302pt x 705.2544pt.
File: revisions/2026-09-19-r14-referee-response/historical/SUPP_R12.pdf Graphic
 file (type pdf)
<use revisions/2026-09-19-r14-referee-response/historical/SUPP_R12.pdf, page 20
>
Package pdftex.def Info: revisions/2026-09-19-r14-referee-response/historical/S
UPP_R12.pdf , page20 used on input line 22.
(pdftex.def)             Requested size: 488.25302pt x 705.2544pt.
File: revisions/2026-09-19-r14-referee-response/historical/SUPP_R12.pdf Graphic
 file (type pdf)
<use revisions/2026-09-19-r14-referee-response/historical/SUPP_R12.pdf, page 20
>
Package pdftex.def Info: revisions/2026-09-19-r14-referee-response/historical/S
UPP_R12.pdf , page20 used on input line 22.
(pdftex.def)             Requested size: 488.25302pt x 705.2544pt.

[138 <./revisions/2026-09-19-r14-referee-response/historical/SUPP_R12.pdf>]
<revisions/2026-09-19-r14-referee-response/historical/SUPP_R12.pdf, id=991, pag
e=21, 487.8225pt x 704.6325pt>
File: revisions/2026-09-19-r14-referee-response/historical/SUPP_R12.pdf Graphic
 file (type pdf)
<use revisions/2026-09-19-r14-referee-response/historical/SUPP_R12.pdf, page 21
>
Package pdftex.def Info: revisions/2026-09-19-r14-referee-response/historical/S
UPP_R12.pdf , page21 used on input line 22.
(pdftex.def)             Requested size: 488.25302pt x 705.2544pt.
File: revisions/2026-09-19-r14-referee-response/historical/SUPP_R12.pdf Graphic
 file (type pdf)
<use revisions/2026-09-19-r14-referee-response/historical/SUPP_R12.pdf, page 21
>
Package pdftex.def Info: revisions/2026-09-19-r14-referee-response/historical/S
UPP_R12.pdf , page21 used on input line 22.
(pdftex.def)             Requested size: 488.25302pt x 705.2544pt.
File: revisions/2026-09-19-r14-referee-response/historical/SUPP_R12.pdf Graphic
 file (type pdf)
<use revisions/2026-09-19-r14-referee-response/historical/SUPP_R12.pdf, page 21
>
Package pdftex.def Info: revisions/2026-09-19-r14-referee-response/historical/S
UPP_R12.pdf , page21 used on input line 22.
(pdftex.def)             Requested size: 488.25302pt x 705.2544pt.

[139 <./revisions/2026-09-19-r14-referee-response/historical/SUPP_R12.pdf>]
<revisions/2026-09-19-r14-referee-response/historical/SUPP_R12.pdf, id=997, pag
e=22, 487.8225pt x 704.6325pt>
File: revisions/2026-09-19-r14-referee-response/historical/SUPP_R12.pdf Graphic
 file (type pdf)
<use revisions/2026-09-19-r14-referee-response/historical/SUPP_R12.pdf, page 22
>
Package pdftex.def Info: revisions/2026-09-19-r14-referee-response/historical/S
UPP_R12.pdf , page22 used on input line 22.
(pdftex.def)             Requested size: 488.25302pt x 705.2544pt.
File: revisions/2026-09-19-r14-referee-response/historical/SUPP_R12.pdf Graphic
 file (type pdf)
<use revisions/2026-09-19-r14-referee-response/historical/SUPP_R12.pdf, page 22
>
Package pdftex.def Info: revisions/2026-09-19-r14-referee-response/historical/S
UPP_R12.pdf , page22 used on input line 22.
(pdftex.def)             Requested size: 488.25302pt x 705.2544pt.
File: revisions/2026-09-19-r14-referee-response/historical/SUPP_R12.pdf Graphic
 file (type pdf)
<use revisions/2026-09-19-r14-referee-response/historical/SUPP_R12.pdf, page 22
>
Package pdftex.def Info: revisions/2026-09-19-r14-referee-response/historical/S
UPP_R12.pdf , page22 used on input line 22.
(pdftex.def)             Requested size: 488.25302pt x 705.2544pt.

[140 <./revisions/2026-09-19-r14-referee-response/historical/SUPP_R12.pdf>]
<revisions/2026-09-19-r14-referee-response/historical/SUPP_R12.pdf, id=1002, pa
ge=23, 487.8225pt x 704.6325pt>
File: revisions/2026-09-19-r14-referee-response/historical/SUPP_R12.pdf Graphic
 file (type pdf)
<use revisions/2026-09-19-r14-referee-response/historical/SUPP_R12.pdf, page 23
>
Package pdftex.def Info: revisions/2026-09-19-r14-referee-response/historical/S
UPP_R12.pdf , page23 used on input line 22.
(pdftex.def)             Requested size: 488.25302pt x 705.2544pt.
File: revisions/2026-09-19-r14-referee-response/historical/SUPP_R12.pdf Graphic
 file (type pdf)
<use revisions/2026-09-19-r14-referee-response/historical/SUPP_R12.pdf, page 23
>
Package pdftex.def Info: revisions/2026-09-19-r14-referee-response/historical/S
UPP_R12.pdf , page23 used on input line 22.
(pdftex.def)             Requested size: 488.25302pt x 705.2544pt.
File: revisions/2026-09-19-r14-referee-response/historical/SUPP_R12.pdf Graphic
 file (type pdf)
<use revisions/2026-09-19-r14-referee-response/historical/SUPP_R12.pdf, page 23
>
Package pdftex.def Info: revisions/2026-09-19-r14-referee-response/historical/S
UPP_R12.pdf , page23 used on input line 22.
(pdftex.def)             Requested size: 488.25302pt x 705.2544pt.

[141 <./revisions/2026-09-19-r14-referee-response/historical/SUPP_R12.pdf>]
<revisions/2026-09-19-r14-referee-response/historical/SUPP_R12.pdf, id=1007, pa
ge=24, 487.8225pt x 704.6325pt>
File: revisions/2026-09-19-r14-referee-response/historical/SUPP_R12.pdf Graphic
 file (type pdf)
<use revisions/2026-09-19-r14-referee-response/historical/SUPP_R12.pdf, page 24
>
Package pdftex.def Info: revisions/2026-09-19-r14-referee-response/historical/S
UPP_R12.pdf , page24 used on input line 22.
(pdftex.def)             Requested size: 488.25302pt x 705.2544pt.
File: revisions/2026-09-19-r14-referee-response/historical/SUPP_R12.pdf Graphic
 file (type pdf)
<use revisions/2026-09-19-r14-referee-response/historical/SUPP_R12.pdf, page 24
>
Package pdftex.def Info: revisions/2026-09-19-r14-referee-response/historical/S
UPP_R12.pdf , page24 used on input line 22.
(pdftex.def)             Requested size: 488.25302pt x 705.2544pt.
File: revisions/2026-09-19-r14-referee-response/historical/SUPP_R12.pdf Graphic
 file (type pdf)
<use revisions/2026-09-19-r14-referee-response/historical/SUPP_R12.pdf, page 24
>
Package pdftex.def Info: revisions/2026-09-19-r14-referee-response/historical/S
UPP_R12.pdf , page24 used on input line 22.
(pdftex.def)             Requested size: 488.25302pt x 705.2544pt.

[142 <./revisions/2026-09-19-r14-referee-response/historical/SUPP_R12.pdf>]
<revisions/2026-09-19-r14-referee-response/historical/SUPP_R12.pdf, id=1013, pa
ge=25, 487.8225pt x 704.6325pt>
File: revisions/2026-09-19-r14-referee-response/historical/SUPP_R12.pdf Graphic
 file (type pdf)
<use revisions/2026-09-19-r14-referee-response/historical/SUPP_R12.pdf, page 25
>
Package pdftex.def Info: revisions/2026-09-19-r14-referee-response/historical/S
UPP_R12.pdf , page25 used on input line 22.
(pdftex.def)             Requested size: 488.25302pt x 705.2544pt.
File: revisions/2026-09-19-r14-referee-response/historical/SUPP_R12.pdf Graphic
 file (type pdf)
<use revisions/2026-09-19-r14-referee-response/historical/SUPP_R12.pdf, page 25
>
Package pdftex.def Info: revisions/2026-09-19-r14-referee-response/historical/S
UPP_R12.pdf , page25 used on input line 22.
(pdftex.def)             Requested size: 488.25302pt x 705.2544pt.
File: revisions/2026-09-19-r14-referee-response/historical/SUPP_R12.pdf Graphic
 file (type pdf)
<use revisions/2026-09-19-r14-referee-response/historical/SUPP_R12.pdf, page 25
>
Package pdftex.def Info: revisions/2026-09-19-r14-referee-response/historical/S
UPP_R12.pdf , page25 used on input line 22.
(pdftex.def)             Requested size: 488.25302pt x 705.2544pt.

[143 <./revisions/2026-09-19-r14-referee-response/historical/SUPP_R12.pdf>]
<revisions/2026-09-19-r14-referee-response/historical/SUPP_R12.pdf, id=1018, pa
ge=26, 487.8225pt x 704.6325pt>
File: revisions/2026-09-19-r14-referee-response/historical/SUPP_R12.pdf Graphic
 file (type pdf)
<use revisions/2026-09-19-r14-referee-response/historical/SUPP_R12.pdf, page 26
>
Package pdftex.def Info: revisions/2026-09-19-r14-referee-response/historical/S
UPP_R12.pdf , page26 used on input line 22.
(pdftex.def)             Requested size: 488.25302pt x 705.2544pt.
File: revisions/2026-09-19-r14-referee-response/historical/SUPP_R12.pdf Graphic
 file (type pdf)
<use revisions/2026-09-19-r14-referee-response/historical/SUPP_R12.pdf, page 26
>
Package pdftex.def Info: revisions/2026-09-19-r14-referee-response/historical/S
UPP_R12.pdf , page26 used on input line 22.
(pdftex.def)             Requested size: 488.25302pt x 705.2544pt.
File: revisions/2026-09-19-r14-referee-response/historical/SUPP_R12.pdf Graphic
 file (type pdf)
<use revisions/2026-09-19-r14-referee-response/historical/SUPP_R12.pdf, page 26
>
Package pdftex.def Info: revisions/2026-09-19-r14-referee-response/historical/S
UPP_R12.pdf , page26 used on input line 22.
(pdftex.def)             Requested size: 488.25302pt x 705.2544pt.

[144 <./revisions/2026-09-19-r14-referee-response/historical/SUPP_R12.pdf>]
<revisions/2026-09-19-r14-referee-response/historical/SUPP_R12.pdf, id=1023, pa
ge=27, 487.8225pt x 704.6325pt>
File: revisions/2026-09-19-r14-referee-response/historical/SUPP_R12.pdf Graphic
 file (type pdf)
<use revisions/2026-09-19-r14-referee-response/historical/SUPP_R12.pdf, page 27
>
Package pdftex.def Info: revisions/2026-09-19-r14-referee-response/historical/S
UPP_R12.pdf , page27 used on input line 22.
(pdftex.def)             Requested size: 488.25302pt x 705.2544pt.
File: revisions/2026-09-19-r14-referee-response/historical/SUPP_R12.pdf Graphic
 file (type pdf)
<use revisions/2026-09-19-r14-referee-response/historical/SUPP_R12.pdf, page 27
>
Package pdftex.def Info: revisions/2026-09-19-r14-referee-response/historical/S
UPP_R12.pdf , page27 used on input line 22.
(pdftex.def)             Requested size: 488.25302pt x 705.2544pt.
File: revisions/2026-09-19-r14-referee-response/historical/SUPP_R12.pdf Graphic
 file (type pdf)
<use revisions/2026-09-19-r14-referee-response/historical/SUPP_R12.pdf, page 27
>
Package pdftex.def Info: revisions/2026-09-19-r14-referee-response/historical/S
UPP_R12.pdf , page27 used on input line 22.
(pdftex.def)             Requested size: 488.25302pt x 705.2544pt.

[145 <./revisions/2026-09-19-r14-referee-response/historical/SUPP_R12.pdf>]
<revisions/2026-09-19-r14-referee-response/historical/SUPP_R12.pdf, id=1029, pa
ge=28, 487.8225pt x 704.6325pt>
File: revisions/2026-09-19-r14-referee-response/historical/SUPP_R12.pdf Graphic
 file (type pdf)
<use revisions/2026-09-19-r14-referee-response/historical/SUPP_R12.pdf, page 28
>
Package pdftex.def Info: revisions/2026-09-19-r14-referee-response/historical/S
UPP_R12.pdf , page28 used on input line 22.
(pdftex.def)             Requested size: 488.25302pt x 705.2544pt.
File: revisions/2026-09-19-r14-referee-response/historical/SUPP_R12.pdf Graphic
 file (type pdf)
<use revisions/2026-09-19-r14-referee-response/historical/SUPP_R12.pdf, page 28
>
Package pdftex.def Info: revisions/2026-09-19-r14-referee-response/historical/S
UPP_R12.pdf , page28 used on input line 22.
(pdftex.def)             Requested size: 488.25302pt x 705.2544pt.
File: revisions/2026-09-19-r14-referee-response/historical/SUPP_R12.pdf Graphic
 file (type pdf)
<use revisions/2026-09-19-r14-referee-response/historical/SUPP_R12.pdf, page 28
>
Package pdftex.def Info: revisions/2026-09-19-r14-referee-response/historical/S
UPP_R12.pdf , page28 used on input line 22.
(pdftex.def)             Requested size: 488.25302pt x 705.2544pt.

[146 <./revisions/2026-09-19-r14-referee-response/historical/SUPP_R12.pdf>]
<revisions/2026-09-19-r14-referee-response/historical/SUPP_R12.pdf, id=1034, pa
ge=29, 487.8225pt x 704.6325pt>
File: revisions/2026-09-19-r14-referee-response/historical/SUPP_R12.pdf Graphic
 file (type pdf)
<use revisions/2026-09-19-r14-referee-response/historical/SUPP_R12.pdf, page 29
>
Package pdftex.def Info: revisions/2026-09-19-r14-referee-response/historical/S
UPP_R12.pdf , page29 used on input line 22.
(pdftex.def)             Requested size: 488.25302pt x 705.2544pt.
File: revisions/2026-09-19-r14-referee-response/historical/SUPP_R12.pdf Graphic
 file (type pdf)
<use revisions/2026-09-19-r14-referee-response/historical/SUPP_R12.pdf, page 29
>
Package pdftex.def Info: revisions/2026-09-19-r14-referee-response/historical/S
UPP_R12.pdf , page29 used on input line 22.
(pdftex.def)             Requested size: 488.25302pt x 705.2544pt.
File: revisions/2026-09-19-r14-referee-response/historical/SUPP_R12.pdf Graphic
 file (type pdf)
<use revisions/2026-09-19-r14-referee-response/historical/SUPP_R12.pdf, page 29
>
Package pdftex.def Info: revisions/2026-09-19-r14-referee-response/historical/S
UPP_R12.pdf , page29 used on input line 22.
(pdftex.def)             Requested size: 488.25302pt x 705.2544pt.

[147 <./revisions/2026-09-19-r14-referee-response/historical/SUPP_R12.pdf>]
<revisions/2026-09-19-r14-referee-response/historical/SUPP_R12.pdf, id=1039, pa
ge=30, 487.8225pt x 704.6325pt>
File: revisions/2026-09-19-r14-referee-response/historical/SUPP_R12.pdf Graphic
 file (type pdf)
<use revisions/2026-09-19-r14-referee-response/historical/SUPP_R12.pdf, page 30
>
Package pdftex.def Info: revisions/2026-09-19-r14-referee-response/historical/S
UPP_R12.pdf , page30 used on input line 22.
(pdftex.def)             Requested size: 488.25302pt x 705.2544pt.
File: revisions/2026-09-19-r14-referee-response/historical/SUPP_R12.pdf Graphic
 file (type pdf)
<use revisions/2026-09-19-r14-referee-response/historical/SUPP_R12.pdf, page 30
>
Package pdftex.def Info: revisions/2026-09-19-r14-referee-response/historical/S
UPP_R12.pdf , page30 used on input line 22.
(pdftex.def)             Requested size: 488.25302pt x 705.2544pt.
File: revisions/2026-09-19-r14-referee-response/historical/SUPP_R12.pdf Graphic
 file (type pdf)
<use revisions/2026-09-19-r14-referee-response/historical/SUPP_R12.pdf, page 30
>
Package pdftex.def Info: revisions/2026-09-19-r14-referee-response/historical/S
UPP_R12.pdf , page30 used on input line 22.
(pdftex.def)             Requested size: 488.25302pt x 705.2544pt.

[148 <./revisions/2026-09-19-r14-referee-response/historical/SUPP_R12.pdf>]
<revisions/2026-09-19-r14-referee-response/historical/SUPP_R12.pdf, id=1044, pa
ge=31, 487.8225pt x 704.6325pt>
File: revisions/2026-09-19-r14-referee-response/historical/SUPP_R12.pdf Graphic
 file (type pdf)
<use revisions/2026-09-19-r14-referee-response/historical/SUPP_R12.pdf, page 31
>
Package pdftex.def Info: revisions/2026-09-19-r14-referee-response/historical/S
UPP_R12.pdf , page31 used on input line 22.
(pdftex.def)             Requested size: 488.25302pt x 705.2544pt.
File: revisions/2026-09-19-r14-referee-response/historical/SUPP_R12.pdf Graphic
 file (type pdf)
<use revisions/2026-09-19-r14-referee-response/historical/SUPP_R12.pdf, page 31
>
Package pdftex.def Info: revisions/2026-09-19-r14-referee-response/historical/S
UPP_R12.pdf , page31 used on input line 22.
(pdftex.def)             Requested size: 488.25302pt x 705.2544pt.
File: revisions/2026-09-19-r14-referee-response/historical/SUPP_R12.pdf Graphic
 file (type pdf)
<use revisions/2026-09-19-r14-referee-response/historical/SUPP_R12.pdf, page 31
>
Package pdftex.def Info: revisions/2026-09-19-r14-referee-response/historical/S
UPP_R12.pdf , page31 used on input line 22.
(pdftex.def)             Requested size: 488.25302pt x 705.2544pt.

[149 <./revisions/2026-09-19-r14-referee-response/historical/SUPP_R12.pdf>]
<revisions/2026-09-19-r14-referee-response/historical/SUPP_R12.pdf, id=1049, pa
ge=32, 487.8225pt x 704.6325pt>
File: revisions/2026-09-19-r14-referee-response/historical/SUPP_R12.pdf Graphic
 file (type pdf)
<use revisions/2026-09-19-r14-referee-response/historical/SUPP_R12.pdf, page 32
>
Package pdftex.def Info: revisions/2026-09-19-r14-referee-response/historical/S
UPP_R12.pdf , page32 used on input line 22.
(pdftex.def)             Requested size: 488.25302pt x 705.2544pt.
File: revisions/2026-09-19-r14-referee-response/historical/SUPP_R12.pdf Graphic
 file (type pdf)
<use revisions/2026-09-19-r14-referee-response/historical/SUPP_R12.pdf, page 32
>
Package pdftex.def Info: revisions/2026-09-19-r14-referee-response/historical/S
UPP_R12.pdf , page32 used on input line 22.
(pdftex.def)             Requested size: 488.25302pt x 705.2544pt.
File: revisions/2026-09-19-r14-referee-response/historical/SUPP_R12.pdf Graphic
 file (type pdf)
<use revisions/2026-09-19-r14-referee-response/historical/SUPP_R12.pdf, page 32
>
Package pdftex.def Info: revisions/2026-09-19-r14-referee-response/historical/S
UPP_R12.pdf , page32 used on input line 22.
(pdftex.def)             Requested size: 488.25302pt x 705.2544pt.

[150 <./revisions/2026-09-19-r14-referee-response/historical/SUPP_R12.pdf>]
<revisions/2026-09-19-r14-referee-response/historical/SUPP_R12.pdf, id=1054, pa
ge=33, 487.8225pt x 704.6325pt>
File: revisions/2026-09-19-r14-referee-response/historical/SUPP_R12.pdf Graphic
 file (type pdf)
<use revisions/2026-09-19-r14-referee-response/historical/SUPP_R12.pdf, page 33
>
Package pdftex.def Info: revisions/2026-09-19-r14-referee-response/historical/S
UPP_R12.pdf , page33 used on input line 22.
(pdftex.def)             Requested size: 488.25302pt x 705.2544pt.
File: revisions/2026-09-19-r14-referee-response/historical/SUPP_R12.pdf Graphic
 file (type pdf)
<use revisions/2026-09-19-r14-referee-response/historical/SUPP_R12.pdf, page 33
>
Package pdftex.def Info: revisions/2026-09-19-r14-referee-response/historical/S
UPP_R12.pdf , page33 used on input line 22.
(pdftex.def)             Requested size: 488.25302pt x 705.2544pt.
File: revisions/2026-09-19-r14-referee-response/historical/SUPP_R12.pdf Graphic
 file (type pdf)
<use revisions/2026-09-19-r14-referee-response/historical/SUPP_R12.pdf, page 33
>
Package pdftex.def Info: revisions/2026-09-19-r14-referee-response/historical/S
UPP_R12.pdf , page33 used on input line 22.
(pdftex.def)             Requested size: 488.25302pt x 705.2544pt.

[151 <./revisions/2026-09-19-r14-referee-response/historical/SUPP_R12.pdf>]
<revisions/2026-09-19-r14-referee-response/historical/SUPP_R12.pdf, id=1060, pa
ge=34, 487.8225pt x 704.6325pt>
File: revisions/2026-09-19-r14-referee-response/historical/SUPP_R12.pdf Graphic
 file (type pdf)
<use revisions/2026-09-19-r14-referee-response/historical/SUPP_R12.pdf, page 34
>
Package pdftex.def Info: revisions/2026-09-19-r14-referee-response/historical/S
UPP_R12.pdf , page34 used on input line 22.
(pdftex.def)             Requested size: 488.25302pt x 705.2544pt.
File: revisions/2026-09-19-r14-referee-response/historical/SUPP_R12.pdf Graphic
 file (type pdf)
<use revisions/2026-09-19-r14-referee-response/historical/SUPP_R12.pdf, page 34
>
Package pdftex.def Info: revisions/2026-09-19-r14-referee-response/historical/S
UPP_R12.pdf , page34 used on input line 22.
(pdftex.def)             Requested size: 488.25302pt x 705.2544pt.
File: revisions/2026-09-19-r14-referee-response/historical/SUPP_R12.pdf Graphic
 file (type pdf)
<use revisions/2026-09-19-r14-referee-response/historical/SUPP_R12.pdf, page 34
>
Package pdftex.def Info: revisions/2026-09-19-r14-referee-response/historical/S
UPP_R12.pdf , page34 used on input line 22.
(pdftex.def)             Requested size: 488.25302pt x 705.2544pt.

[152 <./revisions/2026-09-19-r14-referee-response/historical/SUPP_R12.pdf>]
<revisions/2026-09-19-r14-referee-response/historical/SUPP_R12.pdf, id=1065, pa
ge=35, 487.8225pt x 704.6325pt>
File: revisions/2026-09-19-r14-referee-response/historical/SUPP_R12.pdf Graphic
 file (type pdf)
<use revisions/2026-09-19-r14-referee-response/historical/SUPP_R12.pdf, page 35
>
Package pdftex.def Info: revisions/2026-09-19-r14-referee-response/historical/S
UPP_R12.pdf , page35 used on input line 22.
(pdftex.def)             Requested size: 488.25302pt x 705.2544pt.
File: revisions/2026-09-19-r14-referee-response/historical/SUPP_R12.pdf Graphic
 file (type pdf)
<use revisions/2026-09-19-r14-referee-response/historical/SUPP_R12.pdf, page 35
>
Package pdftex.def Info: revisions/2026-09-19-r14-referee-response/historical/S
UPP_R12.pdf , page35 used on input line 22.
(pdftex.def)             Requested size: 488.25302pt x 705.2544pt.
File: revisions/2026-09-19-r14-referee-response/historical/SUPP_R12.pdf Graphic
 file (type pdf)
<use revisions/2026-09-19-r14-referee-response/historical/SUPP_R12.pdf, page 35
>
Package pdftex.def Info: revisions/2026-09-19-r14-referee-response/historical/S
UPP_R12.pdf , page35 used on input line 22.
(pdftex.def)             Requested size: 488.25302pt x 705.2544pt.

[153 <./revisions/2026-09-19-r14-referee-response/historical/SUPP_R12.pdf>]
<revisions/2026-09-19-r14-referee-response/historical/SUPP_R12.pdf, id=1070, pa
ge=36, 487.8225pt x 704.6325pt>
File: revisions/2026-09-19-r14-referee-response/historical/SUPP_R12.pdf Graphic
 file (type pdf)
<use revisions/2026-09-19-r14-referee-response/historical/SUPP_R12.pdf, page 36
>
Package pdftex.def Info: revisions/2026-09-19-r14-referee-response/historical/S
UPP_R12.pdf , page36 used on input line 22.
(pdftex.def)             Requested size: 488.25302pt x 705.2544pt.
File: revisions/2026-09-19-r14-referee-response/historical/SUPP_R12.pdf Graphic
 file (type pdf)
<use revisions/2026-09-19-r14-referee-response/historical/SUPP_R12.pdf, page 36
>
Package pdftex.def Info: revisions/2026-09-19-r14-referee-response/historical/S
UPP_R12.pdf , page36 used on input line 22.
(pdftex.def)             Requested size: 488.25302pt x 705.2544pt.
File: revisions/2026-09-19-r14-referee-response/historical/SUPP_R12.pdf Graphic
 file (type pdf)
<use revisions/2026-09-19-r14-referee-response/historical/SUPP_R12.pdf, page 36
>
Package pdftex.def Info: revisions/2026-09-19-r14-referee-response/historical/S
UPP_R12.pdf , page36 used on input line 22.
(pdftex.def)             Requested size: 488.25302pt x 705.2544pt.

[154 <./revisions/2026-09-19-r14-referee-response/historical/SUPP_R12.pdf>]
<revisions/2026-09-19-r14-referee-response/historical/SUPP_R12.pdf, id=1075, pa
ge=37, 487.8225pt x 704.6325pt>
File: revisions/2026-09-19-r14-referee-response/historical/SUPP_R12.pdf Graphic
 file (type pdf)
<use revisions/2026-09-19-r14-referee-response/historical/SUPP_R12.pdf, page 37
>
Package pdftex.def Info: revisions/2026-09-19-r14-referee-response/historical/S
UPP_R12.pdf , page37 used on input line 22.
(pdftex.def)             Requested size: 488.25302pt x 705.2544pt.
File: revisions/2026-09-19-r14-referee-response/historical/SUPP_R12.pdf Graphic
 file (type pdf)
<use revisions/2026-09-19-r14-referee-response/historical/SUPP_R12.pdf, page 37
>
Package pdftex.def Info: revisions/2026-09-19-r14-referee-response/historical/S
UPP_R12.pdf , page37 used on input line 22.
(pdftex.def)             Requested size: 488.25302pt x 705.2544pt.
File: revisions/2026-09-19-r14-referee-response/historical/SUPP_R12.pdf Graphic
 file (type pdf)
<use revisions/2026-09-19-r14-referee-response/historical/SUPP_R12.pdf, page 37
>
Package pdftex.def Info: revisions/2026-09-19-r14-referee-response/historical/S
UPP_R12.pdf , page37 used on input line 22.
(pdftex.def)             Requested size: 488.25302pt x 705.2544pt.

[155 <./revisions/2026-09-19-r14-referee-response/historical/SUPP_R12.pdf>]
<revisions/2026-09-19-r14-referee-response/historical/SUPP_R12.pdf, id=1080, pa
ge=38, 487.8225pt x 704.6325pt>
File: revisions/2026-09-19-r14-referee-response/historical/SUPP_R12.pdf Graphic
 file (type pdf)
<use revisions/2026-09-19-r14-referee-response/historical/SUPP_R12.pdf, page 38
>
Package pdftex.def Info: revisions/2026-09-19-r14-referee-response/historical/S
UPP_R12.pdf , page38 used on input line 22.
(pdftex.def)             Requested size: 488.25302pt x 705.2544pt.
File: revisions/2026-09-19-r14-referee-response/historical/SUPP_R12.pdf Graphic
 file (type pdf)
<use revisions/2026-09-19-r14-referee-response/historical/SUPP_R12.pdf, page 38
>
Package pdftex.def Info: revisions/2026-09-19-r14-referee-response/historical/S
UPP_R12.pdf , page38 used on input line 22.
(pdftex.def)             Requested size: 488.25302pt x 705.2544pt.
File: revisions/2026-09-19-r14-referee-response/historical/SUPP_R12.pdf Graphic
 file (type pdf)
<use revisions/2026-09-19-r14-referee-response/historical/SUPP_R12.pdf, page 38
>
Package pdftex.def Info: revisions/2026-09-19-r14-referee-response/historical/S
UPP_R12.pdf , page38 used on input line 22.
(pdftex.def)             Requested size: 488.25302pt x 705.2544pt.

[156 <./revisions/2026-09-19-r14-referee-response/historical/SUPP_R12.pdf>]
<revisions/2026-09-19-r14-referee-response/historical/SUPP_R12.pdf, id=1085, pa
ge=39, 487.8225pt x 704.6325pt>
File: revisions/2026-09-19-r14-referee-response/historical/SUPP_R12.pdf Graphic
 file (type pdf)
<use revisions/2026-09-19-r14-referee-response/historical/SUPP_R12.pdf, page 39
>
Package pdftex.def Info: revisions/2026-09-19-r14-referee-response/historical/S
UPP_R12.pdf , page39 used on input line 22.
(pdftex.def)             Requested size: 488.25302pt x 705.2544pt.
File: revisions/2026-09-19-r14-referee-response/historical/SUPP_R12.pdf Graphic
 file (type pdf)
<use revisions/2026-09-19-r14-referee-response/historical/SUPP_R12.pdf, page 39
>
Package pdftex.def Info: revisions/2026-09-19-r14-referee-response/historical/S
UPP_R12.pdf , page39 used on input line 22.
(pdftex.def)             Requested size: 488.25302pt x 705.2544pt.
File: revisions/2026-09-19-r14-referee-response/historical/SUPP_R12.pdf Graphic
 file (type pdf)
<use revisions/2026-09-19-r14-referee-response/historical/SUPP_R12.pdf, page 39
>
Package pdftex.def Info: revisions/2026-09-19-r14-referee-response/historical/S
UPP_R12.pdf , page39 used on input line 22.
(pdftex.def)             Requested size: 488.25302pt x 705.2544pt.

[157 <./revisions/2026-09-19-r14-referee-response/historical/SUPP_R12.pdf>]
<revisions/2026-09-19-r14-referee-response/historical/SUPP_R12.pdf, id=1091, pa
ge=40, 487.8225pt x 704.6325pt>
File: revisions/2026-09-19-r14-referee-response/historical/SUPP_R12.pdf Graphic
 file (type pdf)
<use revisions/2026-09-19-r14-referee-response/historical/SUPP_R12.pdf, page 40
>
Package pdftex.def Info: revisions/2026-09-19-r14-referee-response/historical/S
UPP_R12.pdf , page40 used on input line 22.
(pdftex.def)             Requested size: 488.25302pt x 705.2544pt.
File: revisions/2026-09-19-r14-referee-response/historical/SUPP_R12.pdf Graphic
 file (type pdf)
<use revisions/2026-09-19-r14-referee-response/historical/SUPP_R12.pdf, page 40
>
Package pdftex.def Info: revisions/2026-09-19-r14-referee-response/historical/S
UPP_R12.pdf , page40 used on input line 22.
(pdftex.def)             Requested size: 488.25302pt x 705.2544pt.
File: revisions/2026-09-19-r14-referee-response/historical/SUPP_R12.pdf Graphic
 file (type pdf)
<use revisions/2026-09-19-r14-referee-response/historical/SUPP_R12.pdf, page 40
>
Package pdftex.def Info: revisions/2026-09-19-r14-referee-response/historical/S
UPP_R12.pdf , page40 used on input line 22.
(pdftex.def)             Requested size: 488.25302pt x 705.2544pt.

[158 <./revisions/2026-09-19-r14-referee-response/historical/SUPP_R12.pdf>]
<revisions/2026-09-19-r14-referee-response/historical/SUPP_R12.pdf, id=1096, pa
ge=41, 487.8225pt x 704.6325pt>
File: revisions/2026-09-19-r14-referee-response/historical/SUPP_R12.pdf Graphic
 file (type pdf)
<use revisions/2026-09-19-r14-referee-response/historical/SUPP_R12.pdf, page 41
>
Package pdftex.def Info: revisions/2026-09-19-r14-referee-response/historical/S
UPP_R12.pdf , page41 used on input line 22.
(pdftex.def)             Requested size: 488.25302pt x 705.2544pt.
File: revisions/2026-09-19-r14-referee-response/historical/SUPP_R12.pdf Graphic
 file (type pdf)
<use revisions/2026-09-19-r14-referee-response/historical/SUPP_R12.pdf, page 41
>
Package pdftex.def Info: revisions/2026-09-19-r14-referee-response/historical/S
UPP_R12.pdf , page41 used on input line 22.
(pdftex.def)             Requested size: 488.25302pt x 705.2544pt.
File: revisions/2026-09-19-r14-referee-response/historical/SUPP_R12.pdf Graphic
 file (type pdf)
<use revisions/2026-09-19-r14-referee-response/historical/SUPP_R12.pdf, page 41
>
Package pdftex.def Info: revisions/2026-09-19-r14-referee-response/historical/S
UPP_R12.pdf , page41 used on input line 22.
(pdftex.def)             Requested size: 488.25302pt x 705.2544pt.

[159 <./revisions/2026-09-19-r14-referee-response/historical/SUPP_R12.pdf>]
<revisions/2026-09-19-r14-referee-response/historical/SUPP_R12.pdf, id=1101, pa
ge=42, 487.8225pt x 704.6325pt>
File: revisions/2026-09-19-r14-referee-response/historical/SUPP_R12.pdf Graphic
 file (type pdf)
<use revisions/2026-09-19-r14-referee-response/historical/SUPP_R12.pdf, page 42
>
Package pdftex.def Info: revisions/2026-09-19-r14-referee-response/historical/S
UPP_R12.pdf , page42 used on input line 22.
(pdftex.def)             Requested size: 488.25302pt x 705.2544pt.
File: revisions/2026-09-19-r14-referee-response/historical/SUPP_R12.pdf Graphic
 file (type pdf)
<use revisions/2026-09-19-r14-referee-response/historical/SUPP_R12.pdf, page 42
>
Package pdftex.def Info: revisions/2026-09-19-r14-referee-response/historical/S
UPP_R12.pdf , page42 used on input line 22.
(pdftex.def)             Requested size: 488.25302pt x 705.2544pt.
File: revisions/2026-09-19-r14-referee-response/historical/SUPP_R12.pdf Graphic
 file (type pdf)
<use revisions/2026-09-19-r14-referee-response/historical/SUPP_R12.pdf, page 42
>
Package pdftex.def Info: revisions/2026-09-19-r14-referee-response/historical/S
UPP_R12.pdf , page42 used on input line 22.
(pdftex.def)             Requested size: 488.25302pt x 705.2544pt.

[160 <./revisions/2026-09-19-r14-referee-response/historical/SUPP_R12.pdf>]
<revisions/2026-09-19-r14-referee-response/historical/SUPP_R12.pdf, id=1106, pa
ge=43, 487.8225pt x 704.6325pt>
File: revisions/2026-09-19-r14-referee-response/historical/SUPP_R12.pdf Graphic
 file (type pdf)
<use revisions/2026-09-19-r14-referee-response/historical/SUPP_R12.pdf, page 43
>
Package pdftex.def Info: revisions/2026-09-19-r14-referee-response/historical/S
UPP_R12.pdf , page43 used on input line 22.
(pdftex.def)             Requested size: 488.25302pt x 705.2544pt.
File: revisions/2026-09-19-r14-referee-response/historical/SUPP_R12.pdf Graphic
 file (type pdf)
<use revisions/2026-09-19-r14-referee-response/historical/SUPP_R12.pdf, page 43
>
Package pdftex.def Info: revisions/2026-09-19-r14-referee-response/historical/S
UPP_R12.pdf , page43 used on input line 22.
(pdftex.def)             Requested size: 488.25302pt x 705.2544pt.
File: revisions/2026-09-19-r14-referee-response/historical/SUPP_R12.pdf Graphic
 file (type pdf)
<use revisions/2026-09-19-r14-referee-response/historical/SUPP_R12.pdf, page 43
>
Package pdftex.def Info: revisions/2026-09-19-r14-referee-response/historical/S
UPP_R12.pdf , page43 used on input line 22.
(pdftex.def)             Requested size: 488.25302pt x 705.2544pt.

[161 <./revisions/2026-09-19-r14-referee-response/historical/SUPP_R12.pdf>]
<revisions/2026-09-19-r14-referee-response/historical/SUPP_R12.pdf, id=1111, pa
ge=44, 487.8225pt x 704.6325pt>
File: revisions/2026-09-19-r14-referee-response/historical/SUPP_R12.pdf Graphic
 file (type pdf)
<use revisions/2026-09-19-r14-referee-response/historical/SUPP_R12.pdf, page 44
>
Package pdftex.def Info: revisions/2026-09-19-r14-referee-response/historical/S
UPP_R12.pdf , page44 used on input line 22.
(pdftex.def)             Requested size: 488.25302pt x 705.2544pt.
File: revisions/2026-09-19-r14-referee-response/historical/SUPP_R12.pdf Graphic
 file (type pdf)
<use revisions/2026-09-19-r14-referee-response/historical/SUPP_R12.pdf, page 44
>
Package pdftex.def Info: revisions/2026-09-19-r14-referee-response/historical/S
UPP_R12.pdf , page44 used on input line 22.
(pdftex.def)             Requested size: 488.25302pt x 705.2544pt.
File: revisions/2026-09-19-r14-referee-response/historical/SUPP_R12.pdf Graphic
 file (type pdf)
<use revisions/2026-09-19-r14-referee-response/historical/SUPP_R12.pdf, page 44
>
Package pdftex.def Info: revisions/2026-09-19-r14-referee-response/historical/S
UPP_R12.pdf , page44 used on input line 22.
(pdftex.def)             Requested size: 488.25302pt x 705.2544pt.

[162 <./revisions/2026-09-19-r14-referee-response/historical/SUPP_R12.pdf>]
<revisions/2026-09-19-r14-referee-response/historical/SUPP_R12.pdf, id=1116, pa
ge=45, 487.8225pt x 704.6325pt>
File: revisions/2026-09-19-r14-referee-response/historical/SUPP_R12.pdf Graphic
 file (type pdf)
<use revisions/2026-09-19-r14-referee-response/historical/SUPP_R12.pdf, page 45
>
Package pdftex.def Info: revisions/2026-09-19-r14-referee-response/historical/S
UPP_R12.pdf , page45 used on input line 22.
(pdftex.def)             Requested size: 488.25302pt x 705.2544pt.
File: revisions/2026-09-19-r14-referee-response/historical/SUPP_R12.pdf Graphic
 file (type pdf)
<use revisions/2026-09-19-r14-referee-response/historical/SUPP_R12.pdf, page 45
>
Package pdftex.def Info: revisions/2026-09-19-r14-referee-response/historical/S
UPP_R12.pdf , page45 used on input line 22.
(pdftex.def)             Requested size: 488.25302pt x 705.2544pt.
File: revisions/2026-09-19-r14-referee-response/historical/SUPP_R12.pdf Graphic
 file (type pdf)
<use revisions/2026-09-19-r14-referee-response/historical/SUPP_R12.pdf, page 45
>
Package pdftex.def Info: revisions/2026-09-19-r14-referee-response/historical/S
UPP_R12.pdf , page45 used on input line 22.
(pdftex.def)             Requested size: 488.25302pt x 705.2544pt.

[163 <./revisions/2026-09-19-r14-referee-response/historical/SUPP_R12.pdf>]
<revisions/2026-09-19-r14-referee-response/historical/SUPP_R12.pdf, id=1122, pa
ge=46, 487.8225pt x 704.6325pt>
File: revisions/2026-09-19-r14-referee-response/historical/SUPP_R12.pdf Graphic
 file (type pdf)
<use revisions/2026-09-19-r14-referee-response/historical/SUPP_R12.pdf, page 46
>
Package pdftex.def Info: revisions/2026-09-19-r14-referee-response/historical/S
UPP_R12.pdf , page46 used on input line 22.
(pdftex.def)             Requested size: 488.25302pt x 705.2544pt.
File: revisions/2026-09-19-r14-referee-response/historical/SUPP_R12.pdf Graphic
 file (type pdf)
<use revisions/2026-09-19-r14-referee-response/historical/SUPP_R12.pdf, page 46
>
Package pdftex.def Info: revisions/2026-09-19-r14-referee-response/historical/S
UPP_R12.pdf , page46 used on input line 22.
(pdftex.def)             Requested size: 488.25302pt x 705.2544pt.
File: revisions/2026-09-19-r14-referee-response/historical/SUPP_R12.pdf Graphic
 file (type pdf)
<use revisions/2026-09-19-r14-referee-response/historical/SUPP_R12.pdf, page 46
>
Package pdftex.def Info: revisions/2026-09-19-r14-referee-response/historical/S
UPP_R12.pdf , page46 used on input line 22.
(pdftex.def)             Requested size: 488.25302pt x 705.2544pt.

[164 <./revisions/2026-09-19-r14-referee-response/historical/SUPP_R12.pdf>]
<revisions/2026-09-19-r14-referee-response/historical/SUPP_R12.pdf, id=1127, pa
ge=47, 487.8225pt x 704.6325pt>
File: revisions/2026-09-19-r14-referee-response/historical/SUPP_R12.pdf Graphic
 file (type pdf)
<use revisions/2026-09-19-r14-referee-response/historical/SUPP_R12.pdf, page 47
>
Package pdftex.def Info: revisions/2026-09-19-r14-referee-response/historical/S
UPP_R12.pdf , page47 used on input line 22.
(pdftex.def)             Requested size: 488.25302pt x 705.2544pt.
File: revisions/2026-09-19-r14-referee-response/historical/SUPP_R12.pdf Graphic
 file (type pdf)
<use revisions/2026-09-19-r14-referee-response/historical/SUPP_R12.pdf, page 47
>
Package pdftex.def Info: revisions/2026-09-19-r14-referee-response/historical/S
UPP_R12.pdf , page47 used on input line 22.
(pdftex.def)             Requested size: 488.25302pt x 705.2544pt.
File: revisions/2026-09-19-r14-referee-response/historical/SUPP_R12.pdf Graphic
 file (type pdf)
<use revisions/2026-09-19-r14-referee-response/historical/SUPP_R12.pdf, page 47
>
Package pdftex.def Info: revisions/2026-09-19-r14-referee-response/historical/S
UPP_R12.pdf , page47 used on input line 22.
(pdftex.def)             Requested size: 488.25302pt x 705.2544pt.

[165 <./revisions/2026-09-19-r14-referee-response/historical/SUPP_R12.pdf>]
<revisions/2026-09-19-r14-referee-response/historical/SUPP_R12.pdf, id=1132, pa
ge=48, 487.8225pt x 704.6325pt>
File: revisions/2026-09-19-r14-referee-response/historical/SUPP_R12.pdf Graphic
 file (type pdf)
<use revisions/2026-09-19-r14-referee-response/historical/SUPP_R12.pdf, page 48
>
Package pdftex.def Info: revisions/2026-09-19-r14-referee-response/historical/S
UPP_R12.pdf , page48 used on input line 22.
(pdftex.def)             Requested size: 488.25302pt x 705.2544pt.
File: revisions/2026-09-19-r14-referee-response/historical/SUPP_R12.pdf Graphic
 file (type pdf)
<use revisions/2026-09-19-r14-referee-response/historical/SUPP_R12.pdf, page 48
>
Package pdftex.def Info: revisions/2026-09-19-r14-referee-response/historical/S
UPP_R12.pdf , page48 used on input line 22.
(pdftex.def)             Requested size: 488.25302pt x 705.2544pt.
File: revisions/2026-09-19-r14-referee-response/historical/SUPP_R12.pdf Graphic
 file (type pdf)
<use revisions/2026-09-19-r14-referee-response/historical/SUPP_R12.pdf, page 48
>
Package pdftex.def Info: revisions/2026-09-19-r14-referee-response/historical/S
UPP_R12.pdf , page48 used on input line 22.
(pdftex.def)             Requested size: 488.25302pt x 705.2544pt.

[166 <./revisions/2026-09-19-r14-referee-response/historical/SUPP_R12.pdf>]
(revisions/2026-09-19-r14-referee-response/COMPENDIUM_R14.aux)
Package rerunfilecheck Info: File `COMPENDIUM_R14.out' has not changed.
(rerunfilecheck)             Checksum: 5BDFE033650FF3DB1509B7FE0D111A45;1179.
 ) 
Here is how much of TeX's memory you used:
 16232 strings out of 480247
 292542 string characters out of 5896151
 584624 words of memory out of 5000000
 33694 multiletter control sequences out of 15000+600000
 490355 words of font info for 98 fonts, out of 8000000 for 9000
 14 hyphenation exceptions out of 8191
 70i,17n,76p,1011b,478s stack positions out of 5000i,500n,10000p,200000b,80000s
{/usr/share/texlive/texmf-dist/fonts/enc/dvips/base/8r.enc}</usr/share/texliv
e/texmf-dist/fonts/type1/public/amsfonts/cm/cmex10.pfb></usr/share/texlive/texm
f-dist/fonts/type1/public/amsfonts/cm/cmmi10.pfb></usr/share/texlive/texmf-dist
/fonts/type1/public/amsfonts/cm/cmr10.pfb></usr/share/texlive/texmf-dist/fonts/
type1/public/amsfonts/cm/cmss8.pfb></usr/share/texlive/texmf-dist/fonts/type1/p
ublic/amsfonts/cm/cmsy10.pfb></usr/share/texlive/texmf-dist/fonts/type1/public/
mathpazo/fplmbb.pfb></usr/share/texlive/texmf-dist/fonts/type1/public/mathpazo/
fplmr.pfb></usr/share/texlive/texmf-dist/fonts/type1/public/mathpazo/fplmri.pfb
></usr/share/texlive/texmf-dist/fonts/type1/urw/courier/ucrr8a.pfb></usr/share/
texlive/texmf-dist/fonts/type1/urw/palatino/uplb8a.pfb></usr/share/texlive/texm
f-dist/fonts/type1/urw/palatino/uplr8a.pfb></usr/share/texlive/texmf-dist/fonts
/type1/urw/palatino/uplri8a.pfb>
Output written on revisions/2026-09-19-r14-referee-response/COMPENDIUM_R14.pdf 
(166 pages, 937201 bytes).
PDF statistics:
 1198 PDF objects out of 1200 (max. 8388607)
 778 compressed objects within 8 object streams
 172 named destinations out of 1000 (max. 500000)
 24493 words of extra memory for PDF output out of 24883 (max. 10000000)

