This is pdfTeX, Version 3.141592653-2.6-1.40.25 (TeX Live 2023/Debian) (preloaded format=pdflatex 2026.9.24)  24 SEP 2026 09:53
entering extended mode
 restricted \write18 enabled.
 %&-line parsing enabled.
**HISTORY_R34.tex
(./HISTORY_R34.tex
LaTeX2e <2023-11-01> patch level 1
L3 programming layer <2024-01-22>
(/usr/share/texlive/texmf-dist/tex/latex/base/article.cls
Document Class: article 2023/05/17 v1.4n Standard LaTeX document class
(/usr/share/texlive/texmf-dist/tex/latex/base/size11.clo
File: size11.clo 2023/05/17 v1.4n Standard LaTeX file (size option)
)
\c@part=\count187
\c@section=\count188
\c@subsection=\count189
\c@subsubsection=\count190
\c@paragraph=\count191
\c@subparagraph=\count192
\c@figure=\count193
\c@table=\count194
\abovecaptionskip=\skip48
\belowcaptionskip=\skip49
\bibindent=\dimen140
)
(/usr/share/texlive/texmf-dist/tex/latex/pdfpages/pdfpages.sty
Package: pdfpages 2024/01/21 v0.5y Insert pages of external PDF documents (AM)

(/usr/share/texlive/texmf-dist/tex/latex/base/ifthen.sty
Package: ifthen 2022/04/13 v1.1d Standard LaTeX ifthen package (DPC)
)
(/usr/share/texlive/texmf-dist/tex/latex/tools/calc.sty
Package: calc 2023/07/08 v4.3 Infix arithmetic (KKT,FJ)
\calc@Acount=\count195
\calc@Bcount=\count196
\calc@Adimen=\dimen141
\calc@Bdimen=\dimen142
\calc@Askip=\skip50
\calc@Bskip=\skip51
LaTeX Info: Redefining \setlength on input line 80.
LaTeX Info: Redefining \addtolength on input line 81.
\calc@Ccount=\count197
\calc@Cskip=\skip52
)
(/usr/share/texlive/texmf-dist/tex/latex/eso-pic/eso-pic.sty
Package: eso-pic 2023/05/03 v3.0c eso-pic (RN)
\ESO@tempdima=\dimen143
\ESO@tempdimb=\dimen144

(/usr/share/texlive/texmf-dist/tex/latex/graphics/keyval.sty
Package: keyval 2022/05/29 v1.15 key=value parser (DPC)
\KV@toks@=\toks17
)
(/usr/share/texlive/texmf-dist/tex/latex/xcolor/xcolor.sty
Package: xcolor 2023/11/15 v3.01 LaTeX color extensions (UK)

(/usr/share/texlive/texmf-dist/tex/latex/graphics-cfg/color.cfg
File: color.cfg 2016/01/02 v1.6 sample color configuration
)
Package xcolor Info: Driver file: pdftex.def on input line 274.

(/usr/share/texlive/texmf-dist/tex/latex/graphics-def/pdftex.def
File: pdftex.def 2022/09/22 v1.2b Graphics/color driver for pdftex
)
(/usr/share/texlive/texmf-dist/tex/latex/graphics/mathcolor.ltx)
Package xcolor Info: Model `cmy' substituted by `cmy0' on input line 1350.
Package xcolor Info: Model `hsb' substituted by `rgb' on input line 1354.
Package xcolor Info: Model `RGB' extended on input line 1366.
Package xcolor Info: Model `HTML' substituted by `rgb' on input line 1368.
Package xcolor Info: Model `Hsb' substituted by `hsb' on input line 1369.
Package xcolor Info: Model `tHsb' substituted by `hsb' on input line 1370.
Package xcolor Info: Model `HSB' substituted by `hsb' on input line 1371.
Package xcolor Info: Model `Gray' substituted by `gray' on input line 1372.
Package xcolor Info: Model `wave' substituted by `hsb' on input line 1373.
))
(/usr/share/texlive/texmf-dist/tex/latex/graphics/graphicx.sty
Package: graphicx 2021/09/16 v1.2d Enhanced LaTeX Graphics (DPC,SPQR)

(/usr/share/texlive/texmf-dist/tex/latex/graphics/graphics.sty
Package: graphics 2022/03/10 v1.4e Standard LaTeX Graphics (DPC,SPQR)

(/usr/share/texlive/texmf-dist/tex/latex/graphics/trig.sty
Package: trig 2021/08/11 v1.11 sin cos tan (DPC)
)
(/usr/share/texlive/texmf-dist/tex/latex/graphics-cfg/graphics.cfg
File: graphics.cfg 2016/06/04 v1.11 sample graphics configuration
)
Package graphics Info: Driver file: pdftex.def on input line 107.
)
\Gin@req@height=\dimen145
\Gin@req@width=\dimen146
)
\AM@pagewidth=\dimen147
\AM@pageheight=\dimen148
\AM@fboxrule=\dimen149

(/usr/share/texlive/texmf-dist/tex/latex/pdfpages/pppdftex.def
File: pppdftex.def 2024/01/21 v0.5y Pdfpages driver for pdfTeX (AM)
)
\pdfpages@includegraphics@status=\count198
\AM@pagebox=\box51
\AM@global@opts=\toks18
\AM@pagecnt=\count199
\AM@toc@title=\toks19
\AM@lof@heading=\toks20
\c@AM@survey=\count266
\AM@templatesizebox=\box52
)
(/usr/share/texlive/texmf-dist/tex/latex/hyperref/hyperref.sty
Package: hyperref 2024-01-20 v7.01h Hypertext links for LaTeX

(/usr/share/texlive/texmf-dist/tex/generic/iftex/iftex.sty
Package: iftex 2022/02/03 v1.0f TeX engine tests
)
(/usr/share/texlive/texmf-dist/tex/latex/kvsetkeys/kvsetkeys.sty
Package: kvsetkeys 2022-10-05 v1.19 Key value parser (HO)
)
(/usr/share/texlive/texmf-dist/tex/generic/kvdefinekeys/kvdefinekeys.sty
Package: kvdefinekeys 2019-12-19 v1.6 Define keys (HO)
)
(/usr/share/texlive/texmf-dist/tex/generic/pdfescape/pdfescape.sty
Package: pdfescape 2019/12/09 v1.15 Implements pdfTeX's escape features (HO)

(/usr/share/texlive/texmf-dist/tex/generic/ltxcmds/ltxcmds.sty
Package: ltxcmds 2023-12-04 v1.26 LaTeX kernel commands for general use (HO)
)
(/usr/share/texlive/texmf-dist/tex/generic/pdftexcmds/pdftexcmds.sty
Package: pdftexcmds 2020-06-27 v0.33 Utility functions of pdfTeX for LuaTeX (HO
)

(/usr/share/texlive/texmf-dist/tex/generic/infwarerr/infwarerr.sty
Package: infwarerr 2019/12/03 v1.5 Providing info/warning/error messages (HO)
)
Package pdftexcmds Info: \pdf@primitive is available.
Package pdftexcmds Info: \pdf@ifprimitive is available.
Package pdftexcmds Info: \pdfdraftmode found.
))
(/usr/share/texlive/texmf-dist/tex/latex/hycolor/hycolor.sty
Package: hycolor 2020-01-27 v1.10 Color options for hyperref/bookmark (HO)
)
(/usr/share/texlive/texmf-dist/tex/latex/auxhook/auxhook.sty
Package: auxhook 2019-12-17 v1.6 Hooks for auxiliary files (HO)
)
(/usr/share/texlive/texmf-dist/tex/latex/hyperref/nameref.sty
Package: nameref 2023-11-26 v2.56 Cross-referencing by name of section

(/usr/share/texlive/texmf-dist/tex/latex/refcount/refcount.sty
Package: refcount 2019/12/15 v3.6 Data extraction from label references (HO)
)
(/usr/share/texlive/texmf-dist/tex/generic/gettitlestring/gettitlestring.sty
Package: gettitlestring 2019/12/15 v1.6 Cleanup title references (HO)

(/usr/share/texlive/texmf-dist/tex/latex/kvoptions/kvoptions.sty
Package: kvoptions 2022-06-15 v3.15 Key value format for package options (HO)
))
\c@section@level=\count267
)
(/usr/share/texlive/texmf-dist/tex/latex/etoolbox/etoolbox.sty
Package: etoolbox 2020/10/05 v2.5k e-TeX tools for LaTeX (JAW)
\etb@tempcnta=\count268
)
\@linkdim=\dimen150
\Hy@linkcounter=\count269
\Hy@pagecounter=\count270

(/usr/share/texlive/texmf-dist/tex/latex/hyperref/pd1enc.def
File: pd1enc.def 2024-01-20 v7.01h Hyperref: PDFDocEncoding definition (HO)
Now handling font encoding PD1 ...
... no UTF-8 mapping file for font encoding PD1
)
(/usr/share/texlive/texmf-dist/tex/generic/intcalc/intcalc.sty
Package: intcalc 2019/12/15 v1.3 Expandable calculations with integers (HO)
)
\Hy@SavedSpaceFactor=\count271

(/usr/share/texlive/texmf-dist/tex/latex/hyperref/puenc.def
File: puenc.def 2024-01-20 v7.01h Hyperref: PDF Unicode definition (HO)
Now handling font encoding PU ...
... no UTF-8 mapping file for font encoding PU
)
Package hyperref Info: Hyper figures OFF on input line 4179.
Package hyperref Info: Link nesting OFF on input line 4184.
Package hyperref Info: Hyper index ON on input line 4187.
Package hyperref Info: Plain pages OFF on input line 4194.
Package hyperref Info: Backreferencing OFF on input line 4199.
Package hyperref Info: Implicit mode ON; LaTeX internals redefined.
Package hyperref Info: Bookmarks ON on input line 4446.
\c@Hy@tempcnt=\count272

(/usr/share/texlive/texmf-dist/tex/latex/url/url.sty
\Urlmuskip=\muskip16
Package: url 2013/09/16  ver 3.4  Verb mode for urls, etc.
)
LaTeX Info: Redefining \url on input line 4784.
\XeTeXLinkMargin=\dimen151

(/usr/share/texlive/texmf-dist/tex/generic/bitset/bitset.sty
Package: bitset 2019/12/09 v1.3 Handle bit-vector datatype (HO)

(/usr/share/texlive/texmf-dist/tex/generic/bigintcalc/bigintcalc.sty
Package: bigintcalc 2019/12/15 v1.5 Expandable calculations on big integers (HO
)
))
\Fld@menulength=\count273
\Field@Width=\dimen152
\Fld@charsize=\dimen153
Package hyperref Info: Hyper figures OFF on input line 6063.
Package hyperref Info: Link nesting OFF on input line 6068.
Package hyperref Info: Hyper index ON on input line 6071.
Package hyperref Info: backreferencing OFF on input line 6078.
Package hyperref Info: Link coloring OFF on input line 6083.
Package hyperref Info: Link coloring with OCG OFF on input line 6088.
Package hyperref Info: PDF/A mode OFF on input line 6093.

(/usr/share/texlive/texmf-dist/tex/latex/base/atbegshi-ltx.sty
Package: atbegshi-ltx 2021/01/10 v1.0c Emulation of the original atbegshi
package with kernel methods
)
\Hy@abspage=\count274
\c@Item=\count275
\c@Hfootnote=\count276
)
Package hyperref Info: Driver (autodetected): hpdftex.

(/usr/share/texlive/texmf-dist/tex/latex/hyperref/hpdftex.def
File: hpdftex.def 2024-01-20 v7.01h Hyperref driver for pdfTeX

(/usr/share/texlive/texmf-dist/tex/latex/base/atveryend-ltx.sty
Package: atveryend-ltx 2020/08/19 v1.0a Emulation of the original atveryend pac
kage
with kernel methods
)
\Fld@listcount=\count277
\c@bookmark@seq@number=\count278

(/usr/share/texlive/texmf-dist/tex/latex/rerunfilecheck/rerunfilecheck.sty
Package: rerunfilecheck 2022-07-10 v1.10 Rerun checks for auxiliary files (HO)

(/usr/share/texlive/texmf-dist/tex/generic/uniquecounter/uniquecounter.sty
Package: uniquecounter 2019/12/15 v1.4 Provide unlimited unique counter (HO)
)
Package uniquecounter Info: New unique counter `rerunfilecheck' on input line 2
85.
)
\Hy@SectionHShift=\skip53
)
(/usr/share/texlive/texmf-dist/tex/latex/l3backend/l3backend-pdftex.def
File: l3backend-pdftex.def 2024-01-04 L3 backend support: PDF output (pdfTeX)
\l__color_backend_stack_int=\count279
\l__pdf_internal_box=\box53
)
(./HISTORY_R34.aux)
\openout1 = `HISTORY_R34.aux'.

LaTeX Font Info:    Checking defaults for OML/cmm/m/it on input line 4.
LaTeX Font Info:    ... okay on input line 4.
LaTeX Font Info:    Checking defaults for OMS/cmsy/m/n on input line 4.
LaTeX Font Info:    ... okay on input line 4.
LaTeX Font Info:    Checking defaults for OT1/cmr/m/n on input line 4.
LaTeX Font Info:    ... okay on input line 4.
LaTeX Font Info:    Checking defaults for T1/cmr/m/n on input line 4.
LaTeX Font Info:    ... okay on input line 4.
LaTeX Font Info:    Checking defaults for TS1/cmr/m/n on input line 4.
LaTeX Font Info:    ... okay on input line 4.
LaTeX Font Info:    Checking defaults for OMX/cmex/m/n on input line 4.
LaTeX Font Info:    ... okay on input line 4.
LaTeX Font Info:    Checking defaults for U/cmr/m/n on input line 4.
LaTeX Font Info:    ... okay on input line 4.
LaTeX Font Info:    Checking defaults for PD1/pdf/m/n on input line 4.
LaTeX Font Info:    ... okay on input line 4.
LaTeX Font Info:    Checking defaults for PU/pdf/m/n on input line 4.
LaTeX Font Info:    ... okay on input line 4.

(/usr/share/texlive/texmf-dist/tex/context/base/mkii/supp-pdf.mkii
[Loading MPS to PDF converter (version 2006.09.02).]
\scratchcounter=\count280
\scratchdimen=\dimen154
\scratchbox=\box54
\nofMPsegments=\count281
\nofMParguments=\count282
\everyMPshowfont=\toks21
\MPscratchCnt=\count283
\MPscratchDim=\dimen155
\MPnumerator=\count284
\makeMPintoPDFobject=\count285
\everyMPtoPDFconversion=\toks22
) (/usr/share/texlive/texmf-dist/tex/latex/epstopdf-pkg/epstopdf-base.sty
Package: epstopdf-base 2020-01-24 v2.11 Base part for package epstopdf
Package epstopdf-base Info: Redefining graphics rule for `.eps' on input line 4
85.

(/usr/share/texlive/texmf-dist/tex/latex/latexconfig/epstopdf-sys.cfg
File: epstopdf-sys.cfg 2010/07/13 v1.3 Configuration of (r)epstopdf for TeX Liv
e
))
(/usr/share/texlive/texmf-dist/tex/latex/pdflscape/pdflscape.sty
Package: pdflscape 2022-10-27 v0.13 Display of landscape pages in PDF

(/usr/share/texlive/texmf-dist/tex/latex/pdflscape/pdflscape-nometadata.sty
Package: pdflscape-nometadata 2022-10-28 v0.13 Display of landscape pages in PD
F (HO)

(/usr/share/texlive/texmf-dist/tex/latex/graphics/lscape.sty
Package: lscape 2020/05/28 v3.02 Landscape Pages (DPC)
)
Package pdflscape Info: Auto-detected driver: pdftex on input line 81.
))
Package hyperref Info: Link coloring OFF on input line 4.

(./HISTORY_R34.out) (./HISTORY_R34.out)
\@outlinefile=\write3
\openout3 = `HISTORY_R34.out'.

 [1

{/var/lib/texmf/fonts/map/pdftex/updmap/pdftex.map}]
<revisions/2026-09-24-r34/history/ECTA_R32.pdf, id=11, 487.8225pt x 704.6325pt>

File: revisions/2026-09-24-r34/history/ECTA_R32.pdf Graphic file (type pdf)
<use revisions/2026-09-24-r34/history/ECTA_R32.pdf>
Package pdftex.def Info: revisions/2026-09-24-r34/history/ECTA_R32.pdf  used on
 input line 7.
(pdftex.def)             Requested size: 487.8213pt x 704.6308pt.
File: revisions/2026-09-24-r34/history/ECTA_R32.pdf Graphic file (type pdf)
<use revisions/2026-09-24-r34/history/ECTA_R32.pdf>
Package pdftex.def Info: revisions/2026-09-24-r34/history/ECTA_R32.pdf  used on
 input line 7.
(pdftex.def)             Requested size: 487.8213pt x 704.6308pt.
<revisions/2026-09-24-r34/history/ECTA_R32.pdf, id=14, page=1, 487.8225pt x 704
.6325pt>
File: revisions/2026-09-24-r34/history/ECTA_R32.pdf Graphic file (type pdf)
<use revisions/2026-09-24-r34/history/ECTA_R32.pdf, page 1>
Package pdftex.def Info: revisions/2026-09-24-r34/history/ECTA_R32.pdf , page1 
used on input line 7.
(pdftex.def)             Requested size: 487.8213pt x 704.6308pt.
File: revisions/2026-09-24-r34/history/ECTA_R32.pdf Graphic file (type pdf)
<use revisions/2026-09-24-r34/history/ECTA_R32.pdf, page 1>
Package pdftex.def Info: revisions/2026-09-24-r34/history/ECTA_R32.pdf , page1 
used on input line 7.
(pdftex.def)             Requested size: 550.85338pt x 795.67714pt.
File: revisions/2026-09-24-r34/history/ECTA_R32.pdf Graphic file (type pdf)
<use revisions/2026-09-24-r34/history/ECTA_R32.pdf, page 1>
Package pdftex.def Info: revisions/2026-09-24-r34/history/ECTA_R32.pdf , page1 
used on input line 7.
(pdftex.def)             Requested size: 550.85338pt x 795.67714pt.
File: revisions/2026-09-24-r34/history/ECTA_R32.pdf Graphic file (type pdf)
<use revisions/2026-09-24-r34/history/ECTA_R32.pdf, page 1>
Package pdftex.def Info: revisions/2026-09-24-r34/history/ECTA_R32.pdf , page1 
used on input line 7.
(pdftex.def)             Requested size: 550.85338pt x 795.67714pt.
File: revisions/2026-09-24-r34/history/ECTA_R32.pdf Graphic file (type pdf)
<use revisions/2026-09-24-r34/history/ECTA_R32.pdf, page 1>
Package pdftex.def Info: revisions/2026-09-24-r34/history/ECTA_R32.pdf , page1 
used on input line 7.
(pdftex.def)             Requested size: 550.85338pt x 795.67714pt.
 [2


 <./revisions/2026-09-24-r34/history/ECTA_R32.pdf>]
<revisions/2026-09-24-r34/history/ECTA_R32.pdf, id=26, page=2, 487.8225pt x 704
.6325pt>
File: revisions/2026-09-24-r34/history/ECTA_R32.pdf Graphic file (type pdf)
<use revisions/2026-09-24-r34/history/ECTA_R32.pdf, page 2>
Package pdftex.def Info: revisions/2026-09-24-r34/history/ECTA_R32.pdf , page2 
used on input line 7.
(pdftex.def)             Requested size: 550.85338pt x 795.67714pt.
File: revisions/2026-09-24-r34/history/ECTA_R32.pdf Graphic file (type pdf)
<use revisions/2026-09-24-r34/history/ECTA_R32.pdf, page 2>
Package pdftex.def Info: revisions/2026-09-24-r34/history/ECTA_R32.pdf , page2 
used on input line 7.
(pdftex.def)             Requested size: 550.85338pt x 795.67714pt.
File: revisions/2026-09-24-r34/history/ECTA_R32.pdf Graphic file (type pdf)
<use revisions/2026-09-24-r34/history/ECTA_R32.pdf, page 2>
Package pdftex.def Info: revisions/2026-09-24-r34/history/ECTA_R32.pdf , page2 
used on input line 7.
(pdftex.def)             Requested size: 550.85338pt x 795.67714pt.
 [3

 <./revisions/2026-09-24-r34/history/ECTA_R32.pdf>]
<revisions/2026-09-24-r34/history/ECTA_R32.pdf, id=37, page=3, 487.8225pt x 704
.6325pt>
File: revisions/2026-09-24-r34/history/ECTA_R32.pdf Graphic file (type pdf)
<use revisions/2026-09-24-r34/history/ECTA_R32.pdf, page 3>
Package pdftex.def Info: revisions/2026-09-24-r34/history/ECTA_R32.pdf , page3 
used on input line 7.
(pdftex.def)             Requested size: 550.85338pt x 795.67714pt.
File: revisions/2026-09-24-r34/history/ECTA_R32.pdf Graphic file (type pdf)
<use revisions/2026-09-24-r34/history/ECTA_R32.pdf, page 3>
Package pdftex.def Info: revisions/2026-09-24-r34/history/ECTA_R32.pdf , page3 
used on input line 7.
(pdftex.def)             Requested size: 550.85338pt x 795.67714pt.
File: revisions/2026-09-24-r34/history/ECTA_R32.pdf Graphic file (type pdf)
<use revisions/2026-09-24-r34/history/ECTA_R32.pdf, page 3>
Package pdftex.def Info: revisions/2026-09-24-r34/history/ECTA_R32.pdf , page3 
used on input line 7.
(pdftex.def)             Requested size: 550.85338pt x 795.67714pt.
 [4

 <./revisions/2026-09-24-r34/history/ECTA_R32.pdf>]
<revisions/2026-09-24-r34/history/ECTA_R32.pdf, id=108, page=4, 487.8225pt x 70
4.6325pt>
File: revisions/2026-09-24-r34/history/ECTA_R32.pdf Graphic file (type pdf)
<use revisions/2026-09-24-r34/history/ECTA_R32.pdf, page 4>
Package pdftex.def Info: revisions/2026-09-24-r34/history/ECTA_R32.pdf , page4 
used on input line 7.
(pdftex.def)             Requested size: 550.85338pt x 795.67714pt.
File: revisions/2026-09-24-r34/history/ECTA_R32.pdf Graphic file (type pdf)
<use revisions/2026-09-24-r34/history/ECTA_R32.pdf, page 4>
Package pdftex.def Info: revisions/2026-09-24-r34/history/ECTA_R32.pdf , page4 
used on input line 7.
(pdftex.def)             Requested size: 550.85338pt x 795.67714pt.
File: revisions/2026-09-24-r34/history/ECTA_R32.pdf Graphic file (type pdf)
<use revisions/2026-09-24-r34/history/ECTA_R32.pdf, page 4>
Package pdftex.def Info: revisions/2026-09-24-r34/history/ECTA_R32.pdf , page4 
used on input line 7.
(pdftex.def)             Requested size: 550.85338pt x 795.67714pt.
 [5

 <./revisions/2026-09-24-r34/history/ECTA_R32.pdf>]
<revisions/2026-09-24-r34/history/ECTA_R32.pdf, id=113, page=5, 487.8225pt x 70
4.6325pt>
File: revisions/2026-09-24-r34/history/ECTA_R32.pdf Graphic file (type pdf)
<use revisions/2026-09-24-r34/history/ECTA_R32.pdf, page 5>
Package pdftex.def Info: revisions/2026-09-24-r34/history/ECTA_R32.pdf , page5 
used on input line 7.
(pdftex.def)             Requested size: 550.85338pt x 795.67714pt.
File: revisions/2026-09-24-r34/history/ECTA_R32.pdf Graphic file (type pdf)
<use revisions/2026-09-24-r34/history/ECTA_R32.pdf, page 5>
Package pdftex.def Info: revisions/2026-09-24-r34/history/ECTA_R32.pdf , page5 
used on input line 7.
(pdftex.def)             Requested size: 550.85338pt x 795.67714pt.
File: revisions/2026-09-24-r34/history/ECTA_R32.pdf Graphic file (type pdf)
<use revisions/2026-09-24-r34/history/ECTA_R32.pdf, page 5>
Package pdftex.def Info: revisions/2026-09-24-r34/history/ECTA_R32.pdf , page5 
used on input line 7.
(pdftex.def)             Requested size: 550.85338pt x 795.67714pt.

[6

 <./revisions/2026-09-24-r34/history/ECTA_R32.pdf>]
<revisions/2026-09-24-r34/history/ECTA_R32.pdf, id=118, page=6, 487.8225pt x 70
4.6325pt>
File: revisions/2026-09-24-r34/history/ECTA_R32.pdf Graphic file (type pdf)
<use revisions/2026-09-24-r34/history/ECTA_R32.pdf, page 6>
Package pdftex.def Info: revisions/2026-09-24-r34/history/ECTA_R32.pdf , page6 
used on input line 7.
(pdftex.def)             Requested size: 550.85338pt x 795.67714pt.
File: revisions/2026-09-24-r34/history/ECTA_R32.pdf Graphic file (type pdf)
<use revisions/2026-09-24-r34/history/ECTA_R32.pdf, page 6>
Package pdftex.def Info: revisions/2026-09-24-r34/history/ECTA_R32.pdf , page6 
used on input line 7.
(pdftex.def)             Requested size: 550.85338pt x 795.67714pt.
File: revisions/2026-09-24-r34/history/ECTA_R32.pdf Graphic file (type pdf)
<use revisions/2026-09-24-r34/history/ECTA_R32.pdf, page 6>
Package pdftex.def Info: revisions/2026-09-24-r34/history/ECTA_R32.pdf , page6 
used on input line 7.
(pdftex.def)             Requested size: 550.85338pt x 795.67714pt.
 [7

 <./revisions/2026-09-24-r34/history/ECTA_R32.pdf>]
<revisions/2026-09-24-r34/history/ECTA_R32.pdf, id=130, page=7, 487.8225pt x 70
4.6325pt>
File: revisions/2026-09-24-r34/history/ECTA_R32.pdf Graphic file (type pdf)
<use revisions/2026-09-24-r34/history/ECTA_R32.pdf, page 7>
Package pdftex.def Info: revisions/2026-09-24-r34/history/ECTA_R32.pdf , page7 
used on input line 7.
(pdftex.def)             Requested size: 550.85338pt x 795.67714pt.
File: revisions/2026-09-24-r34/history/ECTA_R32.pdf Graphic file (type pdf)
<use revisions/2026-09-24-r34/history/ECTA_R32.pdf, page 7>
Package pdftex.def Info: revisions/2026-09-24-r34/history/ECTA_R32.pdf , page7 
used on input line 7.
(pdftex.def)             Requested size: 550.85338pt x 795.67714pt.
File: revisions/2026-09-24-r34/history/ECTA_R32.pdf Graphic file (type pdf)
<use revisions/2026-09-24-r34/history/ECTA_R32.pdf, page 7>
Package pdftex.def Info: revisions/2026-09-24-r34/history/ECTA_R32.pdf , page7 
used on input line 7.
(pdftex.def)             Requested size: 550.85338pt x 795.67714pt.
 [8

 <./revisions/2026-09-24-r34/history/ECTA_R32.pdf>]
<revisions/2026-09-24-r34/history/ECTA_R32.pdf, id=141, page=8, 487.8225pt x 70
4.6325pt>
File: revisions/2026-09-24-r34/history/ECTA_R32.pdf Graphic file (type pdf)
<use revisions/2026-09-24-r34/history/ECTA_R32.pdf, page 8>
Package pdftex.def Info: revisions/2026-09-24-r34/history/ECTA_R32.pdf , page8 
used on input line 7.
(pdftex.def)             Requested size: 550.85338pt x 795.67714pt.
File: revisions/2026-09-24-r34/history/ECTA_R32.pdf Graphic file (type pdf)
<use revisions/2026-09-24-r34/history/ECTA_R32.pdf, page 8>
Package pdftex.def Info: revisions/2026-09-24-r34/history/ECTA_R32.pdf , page8 
used on input line 7.
(pdftex.def)             Requested size: 550.85338pt x 795.67714pt.
File: revisions/2026-09-24-r34/history/ECTA_R32.pdf Graphic file (type pdf)
<use revisions/2026-09-24-r34/history/ECTA_R32.pdf, page 8>
Package pdftex.def Info: revisions/2026-09-24-r34/history/ECTA_R32.pdf , page8 
used on input line 7.
(pdftex.def)             Requested size: 550.85338pt x 795.67714pt.
 [9

 <./revisions/2026-09-24-r34/history/ECTA_R32.pdf>]
<revisions/2026-09-24-r34/history/ECTA_R32.pdf, id=146, page=9, 487.8225pt x 70
4.6325pt>
File: revisions/2026-09-24-r34/history/ECTA_R32.pdf Graphic file (type pdf)
<use revisions/2026-09-24-r34/history/ECTA_R32.pdf, page 9>
Package pdftex.def Info: revisions/2026-09-24-r34/history/ECTA_R32.pdf , page9 
used on input line 7.
(pdftex.def)             Requested size: 550.85338pt x 795.67714pt.
File: revisions/2026-09-24-r34/history/ECTA_R32.pdf Graphic file (type pdf)
<use revisions/2026-09-24-r34/history/ECTA_R32.pdf, page 9>
Package pdftex.def Info: revisions/2026-09-24-r34/history/ECTA_R32.pdf , page9 
used on input line 7.
(pdftex.def)             Requested size: 550.85338pt x 795.67714pt.
File: revisions/2026-09-24-r34/history/ECTA_R32.pdf Graphic file (type pdf)
<use revisions/2026-09-24-r34/history/ECTA_R32.pdf, page 9>
Package pdftex.def Info: revisions/2026-09-24-r34/history/ECTA_R32.pdf , page9 
used on input line 7.
(pdftex.def)             Requested size: 550.85338pt x 795.67714pt.
 [10

 <./revisions/2026-09-24-r34/history/ECTA_R32.pdf>]
<revisions/2026-09-24-r34/history/ECTA_R32.pdf, id=157, page=10, 487.8225pt x 7
04.6325pt>
File: revisions/2026-09-24-r34/history/ECTA_R32.pdf Graphic file (type pdf)
<use revisions/2026-09-24-r34/history/ECTA_R32.pdf, page 10>
Package pdftex.def Info: revisions/2026-09-24-r34/history/ECTA_R32.pdf , page10
 used on input line 7.
(pdftex.def)             Requested size: 550.85338pt x 795.67714pt.
File: revisions/2026-09-24-r34/history/ECTA_R32.pdf Graphic file (type pdf)
<use revisions/2026-09-24-r34/history/ECTA_R32.pdf, page 10>
Package pdftex.def Info: revisions/2026-09-24-r34/history/ECTA_R32.pdf , page10
 used on input line 7.
(pdftex.def)             Requested size: 550.85338pt x 795.67714pt.
File: revisions/2026-09-24-r34/history/ECTA_R32.pdf Graphic file (type pdf)
<use revisions/2026-09-24-r34/history/ECTA_R32.pdf, page 10>
Package pdftex.def Info: revisions/2026-09-24-r34/history/ECTA_R32.pdf , page10
 used on input line 7.
(pdftex.def)             Requested size: 550.85338pt x 795.67714pt.
 [11

 <./revisions/2026-09-24-r34/history/ECTA_R32.pdf>]
<revisions/2026-09-24-r34/history/ECTA_R32.pdf, id=168, page=11, 487.8225pt x 7
04.6325pt>
File: revisions/2026-09-24-r34/history/ECTA_R32.pdf Graphic file (type pdf)
<use revisions/2026-09-24-r34/history/ECTA_R32.pdf, page 11>
Package pdftex.def Info: revisions/2026-09-24-r34/history/ECTA_R32.pdf , page11
 used on input line 7.
(pdftex.def)             Requested size: 550.85338pt x 795.67714pt.
File: revisions/2026-09-24-r34/history/ECTA_R32.pdf Graphic file (type pdf)
<use revisions/2026-09-24-r34/history/ECTA_R32.pdf, page 11>
Package pdftex.def Info: revisions/2026-09-24-r34/history/ECTA_R32.pdf , page11
 used on input line 7.
(pdftex.def)             Requested size: 550.85338pt x 795.67714pt.
File: revisions/2026-09-24-r34/history/ECTA_R32.pdf Graphic file (type pdf)
<use revisions/2026-09-24-r34/history/ECTA_R32.pdf, page 11>
Package pdftex.def Info: revisions/2026-09-24-r34/history/ECTA_R32.pdf , page11
 used on input line 7.
(pdftex.def)             Requested size: 550.85338pt x 795.67714pt.
 [12

 <./revisions/2026-09-24-r34/history/ECTA_R32.pdf>]
<revisions/2026-09-24-r34/history/ECTA_R32.pdf, id=173, page=12, 487.8225pt x 7
04.6325pt>
File: revisions/2026-09-24-r34/history/ECTA_R32.pdf Graphic file (type pdf)
<use revisions/2026-09-24-r34/history/ECTA_R32.pdf, page 12>
Package pdftex.def Info: revisions/2026-09-24-r34/history/ECTA_R32.pdf , page12
 used on input line 7.
(pdftex.def)             Requested size: 550.85338pt x 795.67714pt.
File: revisions/2026-09-24-r34/history/ECTA_R32.pdf Graphic file (type pdf)
<use revisions/2026-09-24-r34/history/ECTA_R32.pdf, page 12>
Package pdftex.def Info: revisions/2026-09-24-r34/history/ECTA_R32.pdf , page12
 used on input line 7.
(pdftex.def)             Requested size: 550.85338pt x 795.67714pt.
File: revisions/2026-09-24-r34/history/ECTA_R32.pdf Graphic file (type pdf)
<use revisions/2026-09-24-r34/history/ECTA_R32.pdf, page 12>
Package pdftex.def Info: revisions/2026-09-24-r34/history/ECTA_R32.pdf , page12
 used on input line 7.
(pdftex.def)             Requested size: 550.85338pt x 795.67714pt.
 [13

 <./revisions/2026-09-24-r34/history/ECTA_R32.pdf>]
<revisions/2026-09-24-r34/history/ECTA_R32.pdf, id=179, page=13, 487.8225pt x 7
04.6325pt>
File: revisions/2026-09-24-r34/history/ECTA_R32.pdf Graphic file (type pdf)
<use revisions/2026-09-24-r34/history/ECTA_R32.pdf, page 13>
Package pdftex.def Info: revisions/2026-09-24-r34/history/ECTA_R32.pdf , page13
 used on input line 7.
(pdftex.def)             Requested size: 550.85338pt x 795.67714pt.
File: revisions/2026-09-24-r34/history/ECTA_R32.pdf Graphic file (type pdf)
<use revisions/2026-09-24-r34/history/ECTA_R32.pdf, page 13>
Package pdftex.def Info: revisions/2026-09-24-r34/history/ECTA_R32.pdf , page13
 used on input line 7.
(pdftex.def)             Requested size: 550.85338pt x 795.67714pt.
File: revisions/2026-09-24-r34/history/ECTA_R32.pdf Graphic file (type pdf)
<use revisions/2026-09-24-r34/history/ECTA_R32.pdf, page 13>
Package pdftex.def Info: revisions/2026-09-24-r34/history/ECTA_R32.pdf , page13
 used on input line 7.
(pdftex.def)             Requested size: 550.85338pt x 795.67714pt.
 [14

 <./revisions/2026-09-24-r34/history/ECTA_R32.pdf>]
<revisions/2026-09-24-r34/history/SUPP_R32.pdf, id=184, 487.8225pt x 704.6325pt
>
File: revisions/2026-09-24-r34/history/SUPP_R32.pdf Graphic file (type pdf)
<use revisions/2026-09-24-r34/history/SUPP_R32.pdf>
Package pdftex.def Info: revisions/2026-09-24-r34/history/SUPP_R32.pdf  used on
 input line 8.
(pdftex.def)             Requested size: 487.8213pt x 704.6308pt.
File: revisions/2026-09-24-r34/history/SUPP_R32.pdf Graphic file (type pdf)
<use revisions/2026-09-24-r34/history/SUPP_R32.pdf>
Package pdftex.def Info: revisions/2026-09-24-r34/history/SUPP_R32.pdf  used on
 input line 8.
(pdftex.def)             Requested size: 487.8213pt x 704.6308pt.
<revisions/2026-09-24-r34/history/SUPP_R32.pdf, id=187, page=1, 487.8225pt x 70
4.6325pt>
File: revisions/2026-09-24-r34/history/SUPP_R32.pdf Graphic file (type pdf)
<use revisions/2026-09-24-r34/history/SUPP_R32.pdf, page 1>
Package pdftex.def Info: revisions/2026-09-24-r34/history/SUPP_R32.pdf , page1 
used on input line 8.
(pdftex.def)             Requested size: 487.8213pt x 704.6308pt.
File: revisions/2026-09-24-r34/history/SUPP_R32.pdf Graphic file (type pdf)
<use revisions/2026-09-24-r34/history/SUPP_R32.pdf, page 1>
Package pdftex.def Info: revisions/2026-09-24-r34/history/SUPP_R32.pdf , page1 
used on input line 8.
(pdftex.def)             Requested size: 550.85338pt x 795.67714pt.
File: revisions/2026-09-24-r34/history/SUPP_R32.pdf Graphic file (type pdf)
<use revisions/2026-09-24-r34/history/SUPP_R32.pdf, page 1>
Package pdftex.def Info: revisions/2026-09-24-r34/history/SUPP_R32.pdf , page1 
used on input line 8.
(pdftex.def)             Requested size: 550.85338pt x 795.67714pt.
File: revisions/2026-09-24-r34/history/SUPP_R32.pdf Graphic file (type pdf)
<use revisions/2026-09-24-r34/history/SUPP_R32.pdf, page 1>
Package pdftex.def Info: revisions/2026-09-24-r34/history/SUPP_R32.pdf , page1 
used on input line 8.
(pdftex.def)             Requested size: 550.85338pt x 795.67714pt.
File: revisions/2026-09-24-r34/history/SUPP_R32.pdf Graphic file (type pdf)
<use revisions/2026-09-24-r34/history/SUPP_R32.pdf, page 1>
Package pdftex.def Info: revisions/2026-09-24-r34/history/SUPP_R32.pdf , page1 
used on input line 8.
(pdftex.def)             Requested size: 550.85338pt x 795.67714pt.
 [15

 <./revisions/2026-09-24-r34/history/SUPP_R32.pdf>]
<revisions/2026-09-24-r34/history/SUPP_R32.pdf, id=218, page=2, 487.8225pt x 70
4.6325pt>
File: revisions/2026-09-24-r34/history/SUPP_R32.pdf Graphic file (type pdf)
<use revisions/2026-09-24-r34/history/SUPP_R32.pdf, page 2>
Package pdftex.def Info: revisions/2026-09-24-r34/history/SUPP_R32.pdf , page2 
used on input line 8.
(pdftex.def)             Requested size: 550.85338pt x 795.67714pt.
File: revisions/2026-09-24-r34/history/SUPP_R32.pdf Graphic file (type pdf)
<use revisions/2026-09-24-r34/history/SUPP_R32.pdf, page 2>
Package pdftex.def Info: revisions/2026-09-24-r34/history/SUPP_R32.pdf , page2 
used on input line 8.
(pdftex.def)             Requested size: 550.85338pt x 795.67714pt.
File: revisions/2026-09-24-r34/history/SUPP_R32.pdf Graphic file (type pdf)
<use revisions/2026-09-24-r34/history/SUPP_R32.pdf, page 2>
Package pdftex.def Info: revisions/2026-09-24-r34/history/SUPP_R32.pdf , page2 
used on input line 8.
(pdftex.def)             Requested size: 550.85338pt x 795.67714pt.

[16

 <./revisions/2026-09-24-r34/history/SUPP_R32.pdf>]
<revisions/2026-09-24-r34/history/SUPP_R32.pdf, id=233, page=3, 487.8225pt x 70
4.6325pt>
File: revisions/2026-09-24-r34/history/SUPP_R32.pdf Graphic file (type pdf)
<use revisions/2026-09-24-r34/history/SUPP_R32.pdf, page 3>
Package pdftex.def Info: revisions/2026-09-24-r34/history/SUPP_R32.pdf , page3 
used on input line 8.
(pdftex.def)             Requested size: 550.85338pt x 795.67714pt.
File: revisions/2026-09-24-r34/history/SUPP_R32.pdf Graphic file (type pdf)
<use revisions/2026-09-24-r34/history/SUPP_R32.pdf, page 3>
Package pdftex.def Info: revisions/2026-09-24-r34/history/SUPP_R32.pdf , page3 
used on input line 8.
(pdftex.def)             Requested size: 550.85338pt x 795.67714pt.
File: revisions/2026-09-24-r34/history/SUPP_R32.pdf Graphic file (type pdf)
<use revisions/2026-09-24-r34/history/SUPP_R32.pdf, page 3>
Package pdftex.def Info: revisions/2026-09-24-r34/history/SUPP_R32.pdf , page3 
used on input line 8.
(pdftex.def)             Requested size: 550.85338pt x 795.67714pt.
 [17

 <./revisions/2026-09-24-r34/history/SUPP_R32.pdf>]
<revisions/2026-09-24-r34/history/SUPP_R32.pdf, id=242, page=4, 487.8225pt x 70
4.6325pt>
File: revisions/2026-09-24-r34/history/SUPP_R32.pdf Graphic file (type pdf)
<use revisions/2026-09-24-r34/history/SUPP_R32.pdf, page 4>
Package pdftex.def Info: revisions/2026-09-24-r34/history/SUPP_R32.pdf , page4 
used on input line 8.
(pdftex.def)             Requested size: 550.85338pt x 795.67714pt.
File: revisions/2026-09-24-r34/history/SUPP_R32.pdf Graphic file (type pdf)
<use revisions/2026-09-24-r34/history/SUPP_R32.pdf, page 4>
Package pdftex.def Info: revisions/2026-09-24-r34/history/SUPP_R32.pdf , page4 
used on input line 8.
(pdftex.def)             Requested size: 550.85338pt x 795.67714pt.
File: revisions/2026-09-24-r34/history/SUPP_R32.pdf Graphic file (type pdf)
<use revisions/2026-09-24-r34/history/SUPP_R32.pdf, page 4>
Package pdftex.def Info: revisions/2026-09-24-r34/history/SUPP_R32.pdf , page4 
used on input line 8.
(pdftex.def)             Requested size: 550.85338pt x 795.67714pt.
 [18

 <./revisions/2026-09-24-r34/history/SUPP_R32.pdf>]
<revisions/2026-09-24-r34/history/SUPP_R32.pdf, id=259, page=5, 487.8225pt x 70
4.6325pt>
File: revisions/2026-09-24-r34/history/SUPP_R32.pdf Graphic file (type pdf)
<use revisions/2026-09-24-r34/history/SUPP_R32.pdf, page 5>
Package pdftex.def Info: revisions/2026-09-24-r34/history/SUPP_R32.pdf , page5 
used on input line 8.
(pdftex.def)             Requested size: 550.85338pt x 795.67714pt.
File: revisions/2026-09-24-r34/history/SUPP_R32.pdf Graphic file (type pdf)
<use revisions/2026-09-24-r34/history/SUPP_R32.pdf, page 5>
Package pdftex.def Info: revisions/2026-09-24-r34/history/SUPP_R32.pdf , page5 
used on input line 8.
(pdftex.def)             Requested size: 550.85338pt x 795.67714pt.
File: revisions/2026-09-24-r34/history/SUPP_R32.pdf Graphic file (type pdf)
<use revisions/2026-09-24-r34/history/SUPP_R32.pdf, page 5>
Package pdftex.def Info: revisions/2026-09-24-r34/history/SUPP_R32.pdf , page5 
used on input line 8.
(pdftex.def)             Requested size: 550.85338pt x 795.67714pt.
 [19

 <./revisions/2026-09-24-r34/history/SUPP_R32.pdf>]
<revisions/2026-09-24-r34/history/SUPP_R32.pdf, id=265, page=6, 487.8225pt x 70
4.6325pt>
File: revisions/2026-09-24-r34/history/SUPP_R32.pdf Graphic file (type pdf)
<use revisions/2026-09-24-r34/history/SUPP_R32.pdf, page 6>
Package pdftex.def Info: revisions/2026-09-24-r34/history/SUPP_R32.pdf , page6 
used on input line 8.
(pdftex.def)             Requested size: 550.85338pt x 795.67714pt.
File: revisions/2026-09-24-r34/history/SUPP_R32.pdf Graphic file (type pdf)
<use revisions/2026-09-24-r34/history/SUPP_R32.pdf, page 6>
Package pdftex.def Info: revisions/2026-09-24-r34/history/SUPP_R32.pdf , page6 
used on input line 8.
(pdftex.def)             Requested size: 550.85338pt x 795.67714pt.
File: revisions/2026-09-24-r34/history/SUPP_R32.pdf Graphic file (type pdf)
<use revisions/2026-09-24-r34/history/SUPP_R32.pdf, page 6>
Package pdftex.def Info: revisions/2026-09-24-r34/history/SUPP_R32.pdf , page6 
used on input line 8.
(pdftex.def)             Requested size: 550.85338pt x 795.67714pt.
 [20

 <./revisions/2026-09-24-r34/history/SUPP_R32.pdf>]
<revisions/2026-09-24-r34/history/SUPP_R32.pdf, id=270, page=7, 487.8225pt x 70
4.6325pt>
File: revisions/2026-09-24-r34/history/SUPP_R32.pdf Graphic file (type pdf)
<use revisions/2026-09-24-r34/history/SUPP_R32.pdf, page 7>
Package pdftex.def Info: revisions/2026-09-24-r34/history/SUPP_R32.pdf , page7 
used on input line 8.
(pdftex.def)             Requested size: 550.85338pt x 795.67714pt.
File: revisions/2026-09-24-r34/history/SUPP_R32.pdf Graphic file (type pdf)
<use revisions/2026-09-24-r34/history/SUPP_R32.pdf, page 7>
Package pdftex.def Info: revisions/2026-09-24-r34/history/SUPP_R32.pdf , page7 
used on input line 8.
(pdftex.def)             Requested size: 550.85338pt x 795.67714pt.
File: revisions/2026-09-24-r34/history/SUPP_R32.pdf Graphic file (type pdf)
<use revisions/2026-09-24-r34/history/SUPP_R32.pdf, page 7>
Package pdftex.def Info: revisions/2026-09-24-r34/history/SUPP_R32.pdf , page7 
used on input line 8.
(pdftex.def)             Requested size: 550.85338pt x 795.67714pt.
 [21

 <./revisions/2026-09-24-r34/history/SUPP_R32.pdf>]
<revisions/2026-09-24-r34/history/RESPONSE_R32.pdf, id=275, 487.8225pt x 704.63
25pt>
File: revisions/2026-09-24-r34/history/RESPONSE_R32.pdf Graphic file (type pdf)

<use revisions/2026-09-24-r34/history/RESPONSE_R32.pdf>
Package pdftex.def Info: revisions/2026-09-24-r34/history/RESPONSE_R32.pdf  use
d on input line 9.
(pdftex.def)             Requested size: 487.8213pt x 704.6308pt.
File: revisions/2026-09-24-r34/history/RESPONSE_R32.pdf Graphic file (type pdf)

<use revisions/2026-09-24-r34/history/RESPONSE_R32.pdf>
Package pdftex.def Info: revisions/2026-09-24-r34/history/RESPONSE_R32.pdf  use
d on input line 9.
(pdftex.def)             Requested size: 487.8213pt x 704.6308pt.
<revisions/2026-09-24-r34/history/RESPONSE_R32.pdf, id=278, page=1, 487.8225pt 
x 704.6325pt>
File: revisions/2026-09-24-r34/history/RESPONSE_R32.pdf Graphic file (type pdf)

<use revisions/2026-09-24-r34/history/RESPONSE_R32.pdf, page 1>
Package pdftex.def Info: revisions/2026-09-24-r34/history/RESPONSE_R32.pdf , pa
ge1 used on input line 9.
(pdftex.def)             Requested size: 487.8213pt x 704.6308pt.
File: revisions/2026-09-24-r34/history/RESPONSE_R32.pdf Graphic file (type pdf)

<use revisions/2026-09-24-r34/history/RESPONSE_R32.pdf, page 1>
Package pdftex.def Info: revisions/2026-09-24-r34/history/RESPONSE_R32.pdf , pa
ge1 used on input line 9.
(pdftex.def)             Requested size: 550.85338pt x 795.67714pt.
File: revisions/2026-09-24-r34/history/RESPONSE_R32.pdf Graphic file (type pdf)

<use revisions/2026-09-24-r34/history/RESPONSE_R32.pdf, page 1>
Package pdftex.def Info: revisions/2026-09-24-r34/history/RESPONSE_R32.pdf , pa
ge1 used on input line 9.
(pdftex.def)             Requested size: 550.85338pt x 795.67714pt.
File: revisions/2026-09-24-r34/history/RESPONSE_R32.pdf Graphic file (type pdf)

<use revisions/2026-09-24-r34/history/RESPONSE_R32.pdf, page 1>
Package pdftex.def Info: revisions/2026-09-24-r34/history/RESPONSE_R32.pdf , pa
ge1 used on input line 9.
(pdftex.def)             Requested size: 550.85338pt x 795.67714pt.
File: revisions/2026-09-24-r34/history/RESPONSE_R32.pdf Graphic file (type pdf)

<use revisions/2026-09-24-r34/history/RESPONSE_R32.pdf, page 1>
Package pdftex.def Info: revisions/2026-09-24-r34/history/RESPONSE_R32.pdf , pa
ge1 used on input line 9.
(pdftex.def)             Requested size: 550.85338pt x 795.67714pt.
 [22

 <./revisions/2026-09-24-r34/history/RESPONSE_R32.pdf>]
<revisions/2026-09-24-r34/history/RESPONSE_R32.pdf, id=308, page=2, 487.8225pt 
x 704.6325pt>
File: revisions/2026-09-24-r34/history/RESPONSE_R32.pdf Graphic file (type pdf)

<use revisions/2026-09-24-r34/history/RESPONSE_R32.pdf, page 2>
Package pdftex.def Info: revisions/2026-09-24-r34/history/RESPONSE_R32.pdf , pa
ge2 used on input line 9.
(pdftex.def)             Requested size: 550.85338pt x 795.67714pt.
File: revisions/2026-09-24-r34/history/RESPONSE_R32.pdf Graphic file (type pdf)

<use revisions/2026-09-24-r34/history/RESPONSE_R32.pdf, page 2>
Package pdftex.def Info: revisions/2026-09-24-r34/history/RESPONSE_R32.pdf , pa
ge2 used on input line 9.
(pdftex.def)             Requested size: 550.85338pt x 795.67714pt.
File: revisions/2026-09-24-r34/history/RESPONSE_R32.pdf Graphic file (type pdf)

<use revisions/2026-09-24-r34/history/RESPONSE_R32.pdf, page 2>
Package pdftex.def Info: revisions/2026-09-24-r34/history/RESPONSE_R32.pdf , pa
ge2 used on input line 9.
(pdftex.def)             Requested size: 550.85338pt x 795.67714pt.

[23

 <./revisions/2026-09-24-r34/history/RESPONSE_R32.pdf>]
<revisions/2026-09-24-r34/history/RESPONSE_R32.pdf, id=321, page=3, 487.8225pt 
x 704.6325pt>
File: revisions/2026-09-24-r34/history/RESPONSE_R32.pdf Graphic file (type pdf)

<use revisions/2026-09-24-r34/history/RESPONSE_R32.pdf, page 3>
Package pdftex.def Info: revisions/2026-09-24-r34/history/RESPONSE_R32.pdf , pa
ge3 used on input line 9.
(pdftex.def)             Requested size: 550.85338pt x 795.67714pt.
File: revisions/2026-09-24-r34/history/RESPONSE_R32.pdf Graphic file (type pdf)

<use revisions/2026-09-24-r34/history/RESPONSE_R32.pdf, page 3>
Package pdftex.def Info: revisions/2026-09-24-r34/history/RESPONSE_R32.pdf , pa
ge3 used on input line 9.
(pdftex.def)             Requested size: 550.85338pt x 795.67714pt.
File: revisions/2026-09-24-r34/history/RESPONSE_R32.pdf Graphic file (type pdf)

<use revisions/2026-09-24-r34/history/RESPONSE_R32.pdf, page 3>
Package pdftex.def Info: revisions/2026-09-24-r34/history/RESPONSE_R32.pdf , pa
ge3 used on input line 9.
(pdftex.def)             Requested size: 550.85338pt x 795.67714pt.
 [24

 <./revisions/2026-09-24-r34/history/RESPONSE_R32.pdf>]
<revisions/2026-09-24-r34/history/RESPONSE_R32.pdf, id=326, page=4, 487.8225pt 
x 704.6325pt>
File: revisions/2026-09-24-r34/history/RESPONSE_R32.pdf Graphic file (type pdf)

<use revisions/2026-09-24-r34/history/RESPONSE_R32.pdf, page 4>
Package pdftex.def Info: revisions/2026-09-24-r34/history/RESPONSE_R32.pdf , pa
ge4 used on input line 9.
(pdftex.def)             Requested size: 550.85338pt x 795.67714pt.
File: revisions/2026-09-24-r34/history/RESPONSE_R32.pdf Graphic file (type pdf)

<use revisions/2026-09-24-r34/history/RESPONSE_R32.pdf, page 4>
Package pdftex.def Info: revisions/2026-09-24-r34/history/RESPONSE_R32.pdf , pa
ge4 used on input line 9.
(pdftex.def)             Requested size: 550.85338pt x 795.67714pt.
File: revisions/2026-09-24-r34/history/RESPONSE_R32.pdf Graphic file (type pdf)

<use revisions/2026-09-24-r34/history/RESPONSE_R32.pdf, page 4>
Package pdftex.def Info: revisions/2026-09-24-r34/history/RESPONSE_R32.pdf , pa
ge4 used on input line 9.
(pdftex.def)             Requested size: 550.85338pt x 795.67714pt.
 [25

 <./revisions/2026-09-24-r34/history/RESPONSE_R32.pdf>]
<revisions/2026-09-24-r34/history/COMPUTATION_R32.pdf, id=332, 487.8225pt x 704
.6325pt>
File: revisions/2026-09-24-r34/history/COMPUTATION_R32.pdf Graphic file (type p
df)
<use revisions/2026-09-24-r34/history/COMPUTATION_R32.pdf>
Package pdftex.def Info: revisions/2026-09-24-r34/history/COMPUTATION_R32.pdf  
used on input line 10.
(pdftex.def)             Requested size: 487.8213pt x 704.6308pt.
File: revisions/2026-09-24-r34/history/COMPUTATION_R32.pdf Graphic file (type p
df)
<use revisions/2026-09-24-r34/history/COMPUTATION_R32.pdf>
Package pdftex.def Info: revisions/2026-09-24-r34/history/COMPUTATION_R32.pdf  
used on input line 10.
(pdftex.def)             Requested size: 487.8213pt x 704.6308pt.
<revisions/2026-09-24-r34/history/COMPUTATION_R32.pdf, id=335, page=1, 487.8225
pt x 704.6325pt>
File: revisions/2026-09-24-r34/history/COMPUTATION_R32.pdf Graphic file (type p
df)
<use revisions/2026-09-24-r34/history/COMPUTATION_R32.pdf, page 1>
Package pdftex.def Info: revisions/2026-09-24-r34/history/COMPUTATION_R32.pdf ,
 page1 used on input line 10.
(pdftex.def)             Requested size: 487.8213pt x 704.6308pt.
File: revisions/2026-09-24-r34/history/COMPUTATION_R32.pdf Graphic file (type p
df)
<use revisions/2026-09-24-r34/history/COMPUTATION_R32.pdf, page 1>
Package pdftex.def Info: revisions/2026-09-24-r34/history/COMPUTATION_R32.pdf ,
 page1 used on input line 10.
(pdftex.def)             Requested size: 550.85338pt x 795.67714pt.
File: revisions/2026-09-24-r34/history/COMPUTATION_R32.pdf Graphic file (type p
df)
<use revisions/2026-09-24-r34/history/COMPUTATION_R32.pdf, page 1>
Package pdftex.def Info: revisions/2026-09-24-r34/history/COMPUTATION_R32.pdf ,
 page1 used on input line 10.
(pdftex.def)             Requested size: 550.85338pt x 795.67714pt.
File: revisions/2026-09-24-r34/history/COMPUTATION_R32.pdf Graphic file (type p
df)
<use revisions/2026-09-24-r34/history/COMPUTATION_R32.pdf, page 1>
Package pdftex.def Info: revisions/2026-09-24-r34/history/COMPUTATION_R32.pdf ,
 page1 used on input line 10.
(pdftex.def)             Requested size: 550.85338pt x 795.67714pt.
File: revisions/2026-09-24-r34/history/COMPUTATION_R32.pdf Graphic file (type p
df)
<use revisions/2026-09-24-r34/history/COMPUTATION_R32.pdf, page 1>
Package pdftex.def Info: revisions/2026-09-24-r34/history/COMPUTATION_R32.pdf ,
 page1 used on input line 10.
(pdftex.def)             Requested size: 550.85338pt x 795.67714pt.
 [26

 <./revisions/2026-09-24-r34/history/COMPUTATION_R32.pdf>]
<revisions/2026-09-24-r34/history/COMPUTATION_R32.pdf, id=350, page=2, 487.8225
pt x 704.6325pt>
File: revisions/2026-09-24-r34/history/COMPUTATION_R32.pdf Graphic file (type p
df)
<use revisions/2026-09-24-r34/history/COMPUTATION_R32.pdf, page 2>
Package pdftex.def Info: revisions/2026-09-24-r34/history/COMPUTATION_R32.pdf ,
 page2 used on input line 10.
(pdftex.def)             Requested size: 550.85338pt x 795.67714pt.
File: revisions/2026-09-24-r34/history/COMPUTATION_R32.pdf Graphic file (type p
df)
<use revisions/2026-09-24-r34/history/COMPUTATION_R32.pdf, page 2>
Package pdftex.def Info: revisions/2026-09-24-r34/history/COMPUTATION_R32.pdf ,
 page2 used on input line 10.
(pdftex.def)             Requested size: 550.85338pt x 795.67714pt.
File: revisions/2026-09-24-r34/history/COMPUTATION_R32.pdf Graphic file (type p
df)
<use revisions/2026-09-24-r34/history/COMPUTATION_R32.pdf, page 2>
Package pdftex.def Info: revisions/2026-09-24-r34/history/COMPUTATION_R32.pdf ,
 page2 used on input line 10.
(pdftex.def)             Requested size: 550.85338pt x 795.67714pt.
 [27

 <./revisions/2026-09-24-r34/history/COMPUTATION_R32.pdf>]
<revisions/2026-09-24-r34/history/HISTORY_R32.pdf, id=355, 614.295pt x 794.97pt
>
File: revisions/2026-09-24-r34/history/HISTORY_R32.pdf Graphic file (type pdf)
<use revisions/2026-09-24-r34/history/HISTORY_R32.pdf>
Package pdftex.def Info: revisions/2026-09-24-r34/history/HISTORY_R32.pdf  used
 on input line 11.
(pdftex.def)             Requested size: 614.29349pt x 794.96806pt.
File: revisions/2026-09-24-r34/history/HISTORY_R32.pdf Graphic file (type pdf)
<use revisions/2026-09-24-r34/history/HISTORY_R32.pdf>
Package pdftex.def Info: revisions/2026-09-24-r34/history/HISTORY_R32.pdf  used
 on input line 11.
(pdftex.def)             Requested size: 614.29349pt x 794.96806pt.
<revisions/2026-09-24-r34/history/HISTORY_R32.pdf, id=358, page=1, 614.295pt x 
794.97pt>
File: revisions/2026-09-24-r34/history/HISTORY_R32.pdf Graphic file (type pdf)
<use revisions/2026-09-24-r34/history/HISTORY_R32.pdf, page 1>
Package pdftex.def Info: revisions/2026-09-24-r34/history/HISTORY_R32.pdf , pag
e1 used on input line 11.
(pdftex.def)             Requested size: 614.29349pt x 794.96806pt.
File: revisions/2026-09-24-r34/history/HISTORY_R32.pdf Graphic file (type pdf)
<use revisions/2026-09-24-r34/history/HISTORY_R32.pdf, page 1>
Package pdftex.def Info: revisions/2026-09-24-r34/history/HISTORY_R32.pdf , pag
e1 used on input line 11.
(pdftex.def)             Requested size: 614.58406pt x 795.3441pt.
File: revisions/2026-09-24-r34/history/HISTORY_R32.pdf Graphic file (type pdf)
<use revisions/2026-09-24-r34/history/HISTORY_R32.pdf, page 1>
Package pdftex.def Info: revisions/2026-09-24-r34/history/HISTORY_R32.pdf , pag
e1 used on input line 11.
(pdftex.def)             Requested size: 614.58406pt x 795.3441pt.
File: revisions/2026-09-24-r34/history/HISTORY_R32.pdf Graphic file (type pdf)
<use revisions/2026-09-24-r34/history/HISTORY_R32.pdf, page 1>
Package pdftex.def Info: revisions/2026-09-24-r34/history/HISTORY_R32.pdf , pag
e1 used on input line 11.
(pdftex.def)             Requested size: 614.58406pt x 795.3441pt.
File: revisions/2026-09-24-r34/history/HISTORY_R32.pdf Graphic file (type pdf)
<use revisions/2026-09-24-r34/history/HISTORY_R32.pdf, page 1>
Package pdftex.def Info: revisions/2026-09-24-r34/history/HISTORY_R32.pdf , pag
e1 used on input line 11.
(pdftex.def)             Requested size: 614.58406pt x 795.3441pt.
 [28

 <./revisions/2026-09-24-r34/history/HISTORY_R32.pdf>]
<revisions/2026-09-24-r34/history/HISTORY_R32.pdf, id=376, page=2, 614.295pt x 
794.97pt>
File: revisions/2026-09-24-r34/history/HISTORY_R32.pdf Graphic file (type pdf)
<use revisions/2026-09-24-r34/history/HISTORY_R32.pdf, page 2>
Package pdftex.def Info: revisions/2026-09-24-r34/history/HISTORY_R32.pdf , pag
e2 used on input line 11.
(pdftex.def)             Requested size: 614.58406pt x 795.3441pt.
File: revisions/2026-09-24-r34/history/HISTORY_R32.pdf Graphic file (type pdf)
<use revisions/2026-09-24-r34/history/HISTORY_R32.pdf, page 2>
Package pdftex.def Info: revisions/2026-09-24-r34/history/HISTORY_R32.pdf , pag
e2 used on input line 11.
(pdftex.def)             Requested size: 614.58406pt x 795.3441pt.
File: revisions/2026-09-24-r34/history/HISTORY_R32.pdf Graphic file (type pdf)
<use revisions/2026-09-24-r34/history/HISTORY_R32.pdf, page 2>
Package pdftex.def Info: revisions/2026-09-24-r34/history/HISTORY_R32.pdf , pag
e2 used on input line 11.
(pdftex.def)             Requested size: 614.58406pt x 795.3441pt.
 [29

 <./revisions/2026-09-24-r34/history/HISTORY_R32.pdf>]
<revisions/2026-09-24-r34/history/HISTORY_R32.pdf, id=390, page=3, 614.295pt x 
794.97pt>
File: revisions/2026-09-24-r34/history/HISTORY_R32.pdf Graphic file (type pdf)
<use revisions/2026-09-24-r34/history/HISTORY_R32.pdf, page 3>
Package pdftex.def Info: revisions/2026-09-24-r34/history/HISTORY_R32.pdf , pag
e3 used on input line 11.
(pdftex.def)             Requested size: 614.58406pt x 795.3441pt.
File: revisions/2026-09-24-r34/history/HISTORY_R32.pdf Graphic file (type pdf)
<use revisions/2026-09-24-r34/history/HISTORY_R32.pdf, page 3>
Package pdftex.def Info: revisions/2026-09-24-r34/history/HISTORY_R32.pdf , pag
e3 used on input line 11.
(pdftex.def)             Requested size: 614.58406pt x 795.3441pt.
File: revisions/2026-09-24-r34/history/HISTORY_R32.pdf Graphic file (type pdf)
<use revisions/2026-09-24-r34/history/HISTORY_R32.pdf, page 3>
Package pdftex.def Info: revisions/2026-09-24-r34/history/HISTORY_R32.pdf , pag
e3 used on input line 11.
(pdftex.def)             Requested size: 614.58406pt x 795.3441pt.
 [30

 <./revisions/2026-09-24-r34/history/HISTORY_R32.pdf>]
<revisions/2026-09-24-r34/history/HISTORY_R32.pdf, id=438, page=4, 614.295pt x 
794.97pt>
File: revisions/2026-09-24-r34/history/HISTORY_R32.pdf Graphic file (type pdf)
<use revisions/2026-09-24-r34/history/HISTORY_R32.pdf, page 4>
Package pdftex.def Info: revisions/2026-09-24-r34/history/HISTORY_R32.pdf , pag
e4 used on input line 11.
(pdftex.def)             Requested size: 614.58406pt x 795.3441pt.
File: revisions/2026-09-24-r34/history/HISTORY_R32.pdf Graphic file (type pdf)
<use revisions/2026-09-24-r34/history/HISTORY_R32.pdf, page 4>
Package pdftex.def Info: revisions/2026-09-24-r34/history/HISTORY_R32.pdf , pag
e4 used on input line 11.
(pdftex.def)             Requested size: 614.58406pt x 795.3441pt.
File: revisions/2026-09-24-r34/history/HISTORY_R32.pdf Graphic file (type pdf)
<use revisions/2026-09-24-r34/history/HISTORY_R32.pdf, page 4>
Package pdftex.def Info: revisions/2026-09-24-r34/history/HISTORY_R32.pdf , pag
e4 used on input line 11.
(pdftex.def)             Requested size: 614.58406pt x 795.3441pt.
[31

 <./revisions/2026-09-24-r34/history/HISTORY_R32.pdf>]
<revisions/2026-09-24-r34/history/HISTORY_R32.pdf, id=473, page=5, 614.295pt x 
794.97pt>
File: revisions/2026-09-24-r34/history/HISTORY_R32.pdf Graphic file (type pdf)
<use revisions/2026-09-24-r34/history/HISTORY_R32.pdf, page 5>
Package pdftex.def Info: revisions/2026-09-24-r34/history/HISTORY_R32.pdf , pag
e5 used on input line 11.
(pdftex.def)             Requested size: 614.58406pt x 795.3441pt.
File: revisions/2026-09-24-r34/history/HISTORY_R32.pdf Graphic file (type pdf)
<use revisions/2026-09-24-r34/history/HISTORY_R32.pdf, page 5>
Package pdftex.def Info: revisions/2026-09-24-r34/history/HISTORY_R32.pdf , pag
e5 used on input line 11.
(pdftex.def)             Requested size: 614.58406pt x 795.3441pt.
File: revisions/2026-09-24-r34/history/HISTORY_R32.pdf Graphic file (type pdf)
<use revisions/2026-09-24-r34/history/HISTORY_R32.pdf, page 5>
Package pdftex.def Info: revisions/2026-09-24-r34/history/HISTORY_R32.pdf , pag
e5 used on input line 11.
(pdftex.def)             Requested size: 614.58406pt x 795.3441pt.
 [32

 <./revisions/2026-09-24-r34/history/HISTORY_R32.pdf>]
<revisions/2026-09-24-r34/history/HISTORY_R32.pdf, id=493, page=6, 614.295pt x 
794.97pt>
File: revisions/2026-09-24-r34/history/HISTORY_R32.pdf Graphic file (type pdf)
<use revisions/2026-09-24-r34/history/HISTORY_R32.pdf, page 6>
Package pdftex.def Info: revisions/2026-09-24-r34/history/HISTORY_R32.pdf , pag
e6 used on input line 11.
(pdftex.def)             Requested size: 614.58406pt x 795.3441pt.
File: revisions/2026-09-24-r34/history/HISTORY_R32.pdf Graphic file (type pdf)
<use revisions/2026-09-24-r34/history/HISTORY_R32.pdf, page 6>
Package pdftex.def Info: revisions/2026-09-24-r34/history/HISTORY_R32.pdf , pag
e6 used on input line 11.
(pdftex.def)             Requested size: 614.58406pt x 795.3441pt.
File: revisions/2026-09-24-r34/history/HISTORY_R32.pdf Graphic file (type pdf)
<use revisions/2026-09-24-r34/history/HISTORY_R32.pdf, page 6>
Package pdftex.def Info: revisions/2026-09-24-r34/history/HISTORY_R32.pdf , pag
e6 used on input line 11.
(pdftex.def)             Requested size: 614.58406pt x 795.3441pt.
 [33

 <./revisions/2026-09-24-r34/history/HISTORY_R32.pdf>]
<revisions/2026-09-24-r34/history/HISTORY_R32.pdf, id=499, page=7, 614.295pt x 
794.97pt>
File: revisions/2026-09-24-r34/history/HISTORY_R32.pdf Graphic file (type pdf)
<use revisions/2026-09-24-r34/history/HISTORY_R32.pdf, page 7>
Package pdftex.def Info: revisions/2026-09-24-r34/history/HISTORY_R32.pdf , pag
e7 used on input line 11.
(pdftex.def)             Requested size: 614.58406pt x 795.3441pt.
File: revisions/2026-09-24-r34/history/HISTORY_R32.pdf Graphic file (type pdf)
<use revisions/2026-09-24-r34/history/HISTORY_R32.pdf, page 7>
Package pdftex.def Info: revisions/2026-09-24-r34/history/HISTORY_R32.pdf , pag
e7 used on input line 11.
(pdftex.def)             Requested size: 614.58406pt x 795.3441pt.
File: revisions/2026-09-24-r34/history/HISTORY_R32.pdf Graphic file (type pdf)
<use revisions/2026-09-24-r34/history/HISTORY_R32.pdf, page 7>
Package pdftex.def Info: revisions/2026-09-24-r34/history/HISTORY_R32.pdf , pag
e7 used on input line 11.
(pdftex.def)             Requested size: 614.58406pt x 795.3441pt.
 [34

 <./revisions/2026-09-24-r34/history/HISTORY_R32.pdf>]
<revisions/2026-09-24-r34/history/HISTORY_R32.pdf, id=505, page=8, 614.295pt x 
794.97pt>
File: revisions/2026-09-24-r34/history/HISTORY_R32.pdf Graphic file (type pdf)
<use revisions/2026-09-24-r34/history/HISTORY_R32.pdf, page 8>
Package pdftex.def Info: revisions/2026-09-24-r34/history/HISTORY_R32.pdf , pag
e8 used on input line 11.
(pdftex.def)             Requested size: 614.58406pt x 795.3441pt.
File: revisions/2026-09-24-r34/history/HISTORY_R32.pdf Graphic file (type pdf)
<use revisions/2026-09-24-r34/history/HISTORY_R32.pdf, page 8>
Package pdftex.def Info: revisions/2026-09-24-r34/history/HISTORY_R32.pdf , pag
e8 used on input line 11.
(pdftex.def)             Requested size: 614.58406pt x 795.3441pt.
File: revisions/2026-09-24-r34/history/HISTORY_R32.pdf Graphic file (type pdf)
<use revisions/2026-09-24-r34/history/HISTORY_R32.pdf, page 8>
Package pdftex.def Info: revisions/2026-09-24-r34/history/HISTORY_R32.pdf , pag
e8 used on input line 11.
(pdftex.def)             Requested size: 614.58406pt x 795.3441pt.

[35

 <./revisions/2026-09-24-r34/history/HISTORY_R32.pdf>]
<revisions/2026-09-24-r34/history/HISTORY_R32.pdf, id=512, page=9, 614.295pt x 
794.97pt>
File: revisions/2026-09-24-r34/history/HISTORY_R32.pdf Graphic file (type pdf)
<use revisions/2026-09-24-r34/history/HISTORY_R32.pdf, page 9>
Package pdftex.def Info: revisions/2026-09-24-r34/history/HISTORY_R32.pdf , pag
e9 used on input line 11.
(pdftex.def)             Requested size: 614.58406pt x 795.3441pt.
File: revisions/2026-09-24-r34/history/HISTORY_R32.pdf Graphic file (type pdf)
<use revisions/2026-09-24-r34/history/HISTORY_R32.pdf, page 9>
Package pdftex.def Info: revisions/2026-09-24-r34/history/HISTORY_R32.pdf , pag
e9 used on input line 11.
(pdftex.def)             Requested size: 614.58406pt x 795.3441pt.
File: revisions/2026-09-24-r34/history/HISTORY_R32.pdf Graphic file (type pdf)
<use revisions/2026-09-24-r34/history/HISTORY_R32.pdf, page 9>
Package pdftex.def Info: revisions/2026-09-24-r34/history/HISTORY_R32.pdf , pag
e9 used on input line 11.
(pdftex.def)             Requested size: 614.58406pt x 795.3441pt.
 [36

 <./revisions/2026-09-24-r34/history/HISTORY_R32.pdf>]
<revisions/2026-09-24-r34/history/HISTORY_R32.pdf, id=518, page=10, 614.295pt x
 794.97pt>
File: revisions/2026-09-24-r34/history/HISTORY_R32.pdf Graphic file (type pdf)
<use revisions/2026-09-24-r34/history/HISTORY_R32.pdf, page 10>
Package pdftex.def Info: revisions/2026-09-24-r34/history/HISTORY_R32.pdf , pag
e10 used on input line 11.
(pdftex.def)             Requested size: 614.58406pt x 795.3441pt.
File: revisions/2026-09-24-r34/history/HISTORY_R32.pdf Graphic file (type pdf)
<use revisions/2026-09-24-r34/history/HISTORY_R32.pdf, page 10>
Package pdftex.def Info: revisions/2026-09-24-r34/history/HISTORY_R32.pdf , pag
e10 used on input line 11.
(pdftex.def)             Requested size: 614.58406pt x 795.3441pt.
File: revisions/2026-09-24-r34/history/HISTORY_R32.pdf Graphic file (type pdf)
<use revisions/2026-09-24-r34/history/HISTORY_R32.pdf, page 10>
Package pdftex.def Info: revisions/2026-09-24-r34/history/HISTORY_R32.pdf , pag
e10 used on input line 11.
(pdftex.def)             Requested size: 614.58406pt x 795.3441pt.
 [37

 <./revisions/2026-09-24-r34/history/HISTORY_R32.pdf>]
<revisions/2026-09-24-r34/history/HISTORY_R32.pdf, id=532, page=11, 614.295pt x
 794.97pt>
File: revisions/2026-09-24-r34/history/HISTORY_R32.pdf Graphic file (type pdf)
<use revisions/2026-09-24-r34/history/HISTORY_R32.pdf, page 11>
Package pdftex.def Info: revisions/2026-09-24-r34/history/HISTORY_R32.pdf , pag
e11 used on input line 11.
(pdftex.def)             Requested size: 614.58406pt x 795.3441pt.
File: revisions/2026-09-24-r34/history/HISTORY_R32.pdf Graphic file (type pdf)
<use revisions/2026-09-24-r34/history/HISTORY_R32.pdf, page 11>
Package pdftex.def Info: revisions/2026-09-24-r34/history/HISTORY_R32.pdf , pag
e11 used on input line 11.
(pdftex.def)             Requested size: 614.58406pt x 795.3441pt.
File: revisions/2026-09-24-r34/history/HISTORY_R32.pdf Graphic file (type pdf)
<use revisions/2026-09-24-r34/history/HISTORY_R32.pdf, page 11>
Package pdftex.def Info: revisions/2026-09-24-r34/history/HISTORY_R32.pdf , pag
e11 used on input line 11.
(pdftex.def)             Requested size: 614.58406pt x 795.3441pt.
 [38

 <./revisions/2026-09-24-r34/history/HISTORY_R32.pdf>]
<revisions/2026-09-24-r34/history/HISTORY_R32.pdf, id=552, page=12, 614.295pt x
 794.97pt>
File: revisions/2026-09-24-r34/history/HISTORY_R32.pdf Graphic file (type pdf)
<use revisions/2026-09-24-r34/history/HISTORY_R32.pdf, page 12>
Package pdftex.def Info: revisions/2026-09-24-r34/history/HISTORY_R32.pdf , pag
e12 used on input line 11.
(pdftex.def)             Requested size: 614.58406pt x 795.3441pt.
File: revisions/2026-09-24-r34/history/HISTORY_R32.pdf Graphic file (type pdf)
<use revisions/2026-09-24-r34/history/HISTORY_R32.pdf, page 12>
Package pdftex.def Info: revisions/2026-09-24-r34/history/HISTORY_R32.pdf , pag
e12 used on input line 11.
(pdftex.def)             Requested size: 614.58406pt x 795.3441pt.
File: revisions/2026-09-24-r34/history/HISTORY_R32.pdf Graphic file (type pdf)
<use revisions/2026-09-24-r34/history/HISTORY_R32.pdf, page 12>
Package pdftex.def Info: revisions/2026-09-24-r34/history/HISTORY_R32.pdf , pag
e12 used on input line 11.
(pdftex.def)             Requested size: 614.58406pt x 795.3441pt.

[39

 <./revisions/2026-09-24-r34/history/HISTORY_R32.pdf>]
<revisions/2026-09-24-r34/history/HISTORY_R32.pdf, id=558, page=13, 614.295pt x
 794.97pt>
File: revisions/2026-09-24-r34/history/HISTORY_R32.pdf Graphic file (type pdf)
<use revisions/2026-09-24-r34/history/HISTORY_R32.pdf, page 13>
Package pdftex.def Info: revisions/2026-09-24-r34/history/HISTORY_R32.pdf , pag
e13 used on input line 11.
(pdftex.def)             Requested size: 614.58406pt x 795.3441pt.
File: revisions/2026-09-24-r34/history/HISTORY_R32.pdf Graphic file (type pdf)
<use revisions/2026-09-24-r34/history/HISTORY_R32.pdf, page 13>
Package pdftex.def Info: revisions/2026-09-24-r34/history/HISTORY_R32.pdf , pag
e13 used on input line 11.
(pdftex.def)             Requested size: 614.58406pt x 795.3441pt.
File: revisions/2026-09-24-r34/history/HISTORY_R32.pdf Graphic file (type pdf)
<use revisions/2026-09-24-r34/history/HISTORY_R32.pdf, page 13>
Package pdftex.def Info: revisions/2026-09-24-r34/history/HISTORY_R32.pdf , pag
e13 used on input line 11.
(pdftex.def)             Requested size: 614.58406pt x 795.3441pt.
 [40

 <./revisions/2026-09-24-r34/history/HISTORY_R32.pdf>]
<revisions/2026-09-24-r34/history/HISTORY_R32.pdf, id=571, page=14, 614.295pt x
 794.97pt>
File: revisions/2026-09-24-r34/history/HISTORY_R32.pdf Graphic file (type pdf)
<use revisions/2026-09-24-r34/history/HISTORY_R32.pdf, page 14>
Package pdftex.def Info: revisions/2026-09-24-r34/history/HISTORY_R32.pdf , pag
e14 used on input line 11.
(pdftex.def)             Requested size: 614.58406pt x 795.3441pt.
File: revisions/2026-09-24-r34/history/HISTORY_R32.pdf Graphic file (type pdf)
<use revisions/2026-09-24-r34/history/HISTORY_R32.pdf, page 14>
Package pdftex.def Info: revisions/2026-09-24-r34/history/HISTORY_R32.pdf , pag
e14 used on input line 11.
(pdftex.def)             Requested size: 614.58406pt x 795.3441pt.
File: revisions/2026-09-24-r34/history/HISTORY_R32.pdf Graphic file (type pdf)
<use revisions/2026-09-24-r34/history/HISTORY_R32.pdf, page 14>
Package pdftex.def Info: revisions/2026-09-24-r34/history/HISTORY_R32.pdf , pag
e14 used on input line 11.
(pdftex.def)             Requested size: 614.58406pt x 795.3441pt.
 [41

 <./revisions/2026-09-24-r34/history/HISTORY_R32.pdf>]
<revisions/2026-09-24-r34/history/HISTORY_R32.pdf, id=577, page=15, 614.295pt x
 794.97pt>
File: revisions/2026-09-24-r34/history/HISTORY_R32.pdf Graphic file (type pdf)
<use revisions/2026-09-24-r34/history/HISTORY_R32.pdf, page 15>
Package pdftex.def Info: revisions/2026-09-24-r34/history/HISTORY_R32.pdf , pag
e15 used on input line 11.
(pdftex.def)             Requested size: 614.58406pt x 795.3441pt.
File: revisions/2026-09-24-r34/history/HISTORY_R32.pdf Graphic file (type pdf)
<use revisions/2026-09-24-r34/history/HISTORY_R32.pdf, page 15>
Package pdftex.def Info: revisions/2026-09-24-r34/history/HISTORY_R32.pdf , pag
e15 used on input line 11.
(pdftex.def)             Requested size: 614.58406pt x 795.3441pt.
File: revisions/2026-09-24-r34/history/HISTORY_R32.pdf Graphic file (type pdf)
<use revisions/2026-09-24-r34/history/HISTORY_R32.pdf, page 15>
Package pdftex.def Info: revisions/2026-09-24-r34/history/HISTORY_R32.pdf , pag
e15 used on input line 11.
(pdftex.def)             Requested size: 614.58406pt x 795.3441pt.
 [42

 <./revisions/2026-09-24-r34/history/HISTORY_R32.pdf>]
<revisions/2026-09-24-r34/history/HISTORY_R32.pdf, id=623, page=16, 614.295pt x
 794.97pt>
File: revisions/2026-09-24-r34/history/HISTORY_R32.pdf Graphic file (type pdf)
<use revisions/2026-09-24-r34/history/HISTORY_R32.pdf, page 16>
Package pdftex.def Info: revisions/2026-09-24-r34/history/HISTORY_R32.pdf , pag
e16 used on input line 11.
(pdftex.def)             Requested size: 614.58406pt x 795.3441pt.
File: revisions/2026-09-24-r34/history/HISTORY_R32.pdf Graphic file (type pdf)
<use revisions/2026-09-24-r34/history/HISTORY_R32.pdf, page 16>
Package pdftex.def Info: revisions/2026-09-24-r34/history/HISTORY_R32.pdf , pag
e16 used on input line 11.
(pdftex.def)             Requested size: 614.58406pt x 795.3441pt.
File: revisions/2026-09-24-r34/history/HISTORY_R32.pdf Graphic file (type pdf)
<use revisions/2026-09-24-r34/history/HISTORY_R32.pdf, page 16>
Package pdftex.def Info: revisions/2026-09-24-r34/history/HISTORY_R32.pdf , pag
e16 used on input line 11.
(pdftex.def)             Requested size: 614.58406pt x 795.3441pt.

[43

 <./revisions/2026-09-24-r34/history/HISTORY_R32.pdf>]
<revisions/2026-09-24-r34/history/HISTORY_R32.pdf, id=638, page=17, 614.295pt x
 794.97pt>
File: revisions/2026-09-24-r34/history/HISTORY_R32.pdf Graphic file (type pdf)
<use revisions/2026-09-24-r34/history/HISTORY_R32.pdf, page 17>
Package pdftex.def Info: revisions/2026-09-24-r34/history/HISTORY_R32.pdf , pag
e17 used on input line 11.
(pdftex.def)             Requested size: 614.58406pt x 795.3441pt.
File: revisions/2026-09-24-r34/history/HISTORY_R32.pdf Graphic file (type pdf)
<use revisions/2026-09-24-r34/history/HISTORY_R32.pdf, page 17>
Package pdftex.def Info: revisions/2026-09-24-r34/history/HISTORY_R32.pdf , pag
e17 used on input line 11.
(pdftex.def)             Requested size: 614.58406pt x 795.3441pt.
File: revisions/2026-09-24-r34/history/HISTORY_R32.pdf Graphic file (type pdf)
<use revisions/2026-09-24-r34/history/HISTORY_R32.pdf, page 17>
Package pdftex.def Info: revisions/2026-09-24-r34/history/HISTORY_R32.pdf , pag
e17 used on input line 11.
(pdftex.def)             Requested size: 614.58406pt x 795.3441pt.
 [44

 <./revisions/2026-09-24-r34/history/HISTORY_R32.pdf>]
<revisions/2026-09-24-r34/history/HISTORY_R32.pdf, id=644, page=18, 614.295pt x
 794.97pt>
File: revisions/2026-09-24-r34/history/HISTORY_R32.pdf Graphic file (type pdf)
<use revisions/2026-09-24-r34/history/HISTORY_R32.pdf, page 18>
Package pdftex.def Info: revisions/2026-09-24-r34/history/HISTORY_R32.pdf , pag
e18 used on input line 11.
(pdftex.def)             Requested size: 614.58406pt x 795.3441pt.
File: revisions/2026-09-24-r34/history/HISTORY_R32.pdf Graphic file (type pdf)
<use revisions/2026-09-24-r34/history/HISTORY_R32.pdf, page 18>
Package pdftex.def Info: revisions/2026-09-24-r34/history/HISTORY_R32.pdf , pag
e18 used on input line 11.
(pdftex.def)             Requested size: 614.58406pt x 795.3441pt.
File: revisions/2026-09-24-r34/history/HISTORY_R32.pdf Graphic file (type pdf)
<use revisions/2026-09-24-r34/history/HISTORY_R32.pdf, page 18>
Package pdftex.def Info: revisions/2026-09-24-r34/history/HISTORY_R32.pdf , pag
e18 used on input line 11.
(pdftex.def)             Requested size: 614.58406pt x 795.3441pt.
 [45

 <./revisions/2026-09-24-r34/history/HISTORY_R32.pdf>]
<revisions/2026-09-24-r34/history/HISTORY_R32.pdf, id=650, page=19, 614.295pt x
 794.97pt>
File: revisions/2026-09-24-r34/history/HISTORY_R32.pdf Graphic file (type pdf)
<use revisions/2026-09-24-r34/history/HISTORY_R32.pdf, page 19>
Package pdftex.def Info: revisions/2026-09-24-r34/history/HISTORY_R32.pdf , pag
e19 used on input line 11.
(pdftex.def)             Requested size: 614.58406pt x 795.3441pt.
File: revisions/2026-09-24-r34/history/HISTORY_R32.pdf Graphic file (type pdf)
<use revisions/2026-09-24-r34/history/HISTORY_R32.pdf, page 19>
Package pdftex.def Info: revisions/2026-09-24-r34/history/HISTORY_R32.pdf , pag
e19 used on input line 11.
(pdftex.def)             Requested size: 614.58406pt x 795.3441pt.
File: revisions/2026-09-24-r34/history/HISTORY_R32.pdf Graphic file (type pdf)
<use revisions/2026-09-24-r34/history/HISTORY_R32.pdf, page 19>
Package pdftex.def Info: revisions/2026-09-24-r34/history/HISTORY_R32.pdf , pag
e19 used on input line 11.
(pdftex.def)             Requested size: 614.58406pt x 795.3441pt.
 [46

 <./revisions/2026-09-24-r34/history/HISTORY_R32.pdf>]
<revisions/2026-09-24-r34/history/HISTORY_R32.pdf, id=656, page=20, 614.295pt x
 794.97pt>
File: revisions/2026-09-24-r34/history/HISTORY_R32.pdf Graphic file (type pdf)
<use revisions/2026-09-24-r34/history/HISTORY_R32.pdf, page 20>
Package pdftex.def Info: revisions/2026-09-24-r34/history/HISTORY_R32.pdf , pag
e20 used on input line 11.
(pdftex.def)             Requested size: 614.58406pt x 795.3441pt.
File: revisions/2026-09-24-r34/history/HISTORY_R32.pdf Graphic file (type pdf)
<use revisions/2026-09-24-r34/history/HISTORY_R32.pdf, page 20>
Package pdftex.def Info: revisions/2026-09-24-r34/history/HISTORY_R32.pdf , pag
e20 used on input line 11.
(pdftex.def)             Requested size: 614.58406pt x 795.3441pt.
File: revisions/2026-09-24-r34/history/HISTORY_R32.pdf Graphic file (type pdf)
<use revisions/2026-09-24-r34/history/HISTORY_R32.pdf, page 20>
Package pdftex.def Info: revisions/2026-09-24-r34/history/HISTORY_R32.pdf , pag
e20 used on input line 11.
(pdftex.def)             Requested size: 614.58406pt x 795.3441pt.

[47

 <./revisions/2026-09-24-r34/history/HISTORY_R32.pdf>]
<revisions/2026-09-24-r34/history/HISTORY_R32.pdf, id=670, page=21, 614.295pt x
 794.97pt>
File: revisions/2026-09-24-r34/history/HISTORY_R32.pdf Graphic file (type pdf)
<use revisions/2026-09-24-r34/history/HISTORY_R32.pdf, page 21>
Package pdftex.def Info: revisions/2026-09-24-r34/history/HISTORY_R32.pdf , pag
e21 used on input line 11.
(pdftex.def)             Requested size: 614.58406pt x 795.3441pt.
File: revisions/2026-09-24-r34/history/HISTORY_R32.pdf Graphic file (type pdf)
<use revisions/2026-09-24-r34/history/HISTORY_R32.pdf, page 21>
Package pdftex.def Info: revisions/2026-09-24-r34/history/HISTORY_R32.pdf , pag
e21 used on input line 11.
(pdftex.def)             Requested size: 614.58406pt x 795.3441pt.
File: revisions/2026-09-24-r34/history/HISTORY_R32.pdf Graphic file (type pdf)
<use revisions/2026-09-24-r34/history/HISTORY_R32.pdf, page 21>
Package pdftex.def Info: revisions/2026-09-24-r34/history/HISTORY_R32.pdf , pag
e21 used on input line 11.
(pdftex.def)             Requested size: 614.58406pt x 795.3441pt.
 [48

 <./revisions/2026-09-24-r34/history/HISTORY_R32.pdf>]
<revisions/2026-09-24-r34/history/HISTORY_R32.pdf, id=686, page=22, 614.295pt x
 794.97pt>
File: revisions/2026-09-24-r34/history/HISTORY_R32.pdf Graphic file (type pdf)
<use revisions/2026-09-24-r34/history/HISTORY_R32.pdf, page 22>
Package pdftex.def Info: revisions/2026-09-24-r34/history/HISTORY_R32.pdf , pag
e22 used on input line 11.
(pdftex.def)             Requested size: 614.58406pt x 795.3441pt.
File: revisions/2026-09-24-r34/history/HISTORY_R32.pdf Graphic file (type pdf)
<use revisions/2026-09-24-r34/history/HISTORY_R32.pdf, page 22>
Package pdftex.def Info: revisions/2026-09-24-r34/history/HISTORY_R32.pdf , pag
e22 used on input line 11.
(pdftex.def)             Requested size: 614.58406pt x 795.3441pt.
File: revisions/2026-09-24-r34/history/HISTORY_R32.pdf Graphic file (type pdf)
<use revisions/2026-09-24-r34/history/HISTORY_R32.pdf, page 22>
Package pdftex.def Info: revisions/2026-09-24-r34/history/HISTORY_R32.pdf , pag
e22 used on input line 11.
(pdftex.def)             Requested size: 614.58406pt x 795.3441pt.
 [49

 <./revisions/2026-09-24-r34/history/HISTORY_R32.pdf>]
<revisions/2026-09-24-r34/history/HISTORY_R32.pdf, id=693, page=23, 614.295pt x
 794.97pt>
File: revisions/2026-09-24-r34/history/HISTORY_R32.pdf Graphic file (type pdf)
<use revisions/2026-09-24-r34/history/HISTORY_R32.pdf, page 23>
Package pdftex.def Info: revisions/2026-09-24-r34/history/HISTORY_R32.pdf , pag
e23 used on input line 11.
(pdftex.def)             Requested size: 614.58406pt x 795.3441pt.
File: revisions/2026-09-24-r34/history/HISTORY_R32.pdf Graphic file (type pdf)
<use revisions/2026-09-24-r34/history/HISTORY_R32.pdf, page 23>
Package pdftex.def Info: revisions/2026-09-24-r34/history/HISTORY_R32.pdf , pag
e23 used on input line 11.
(pdftex.def)             Requested size: 614.58406pt x 795.3441pt.
File: revisions/2026-09-24-r34/history/HISTORY_R32.pdf Graphic file (type pdf)
<use revisions/2026-09-24-r34/history/HISTORY_R32.pdf, page 23>
Package pdftex.def Info: revisions/2026-09-24-r34/history/HISTORY_R32.pdf , pag
e23 used on input line 11.
(pdftex.def)             Requested size: 614.58406pt x 795.3441pt.
 [50

 <./revisions/2026-09-24-r34/history/HISTORY_R32.pdf>]
<revisions/2026-09-24-r34/history/HISTORY_R32.pdf, id=699, page=24, 614.295pt x
 794.97pt>
File: revisions/2026-09-24-r34/history/HISTORY_R32.pdf Graphic file (type pdf)
<use revisions/2026-09-24-r34/history/HISTORY_R32.pdf, page 24>
Package pdftex.def Info: revisions/2026-09-24-r34/history/HISTORY_R32.pdf , pag
e24 used on input line 11.
(pdftex.def)             Requested size: 614.58406pt x 795.3441pt.
File: revisions/2026-09-24-r34/history/HISTORY_R32.pdf Graphic file (type pdf)
<use revisions/2026-09-24-r34/history/HISTORY_R32.pdf, page 24>
Package pdftex.def Info: revisions/2026-09-24-r34/history/HISTORY_R32.pdf , pag
e24 used on input line 11.
(pdftex.def)             Requested size: 614.58406pt x 795.3441pt.
File: revisions/2026-09-24-r34/history/HISTORY_R32.pdf Graphic file (type pdf)
<use revisions/2026-09-24-r34/history/HISTORY_R32.pdf, page 24>
Package pdftex.def Info: revisions/2026-09-24-r34/history/HISTORY_R32.pdf , pag
e24 used on input line 11.
(pdftex.def)             Requested size: 614.58406pt x 795.3441pt.

[51

 <./revisions/2026-09-24-r34/history/HISTORY_R32.pdf>]
<revisions/2026-09-24-r34/history/HISTORY_R32.pdf, id=705, page=25, 614.295pt x
 794.97pt>
File: revisions/2026-09-24-r34/history/HISTORY_R32.pdf Graphic file (type pdf)
<use revisions/2026-09-24-r34/history/HISTORY_R32.pdf, page 25>
Package pdftex.def Info: revisions/2026-09-24-r34/history/HISTORY_R32.pdf , pag
e25 used on input line 11.
(pdftex.def)             Requested size: 614.58406pt x 795.3441pt.
File: revisions/2026-09-24-r34/history/HISTORY_R32.pdf Graphic file (type pdf)
<use revisions/2026-09-24-r34/history/HISTORY_R32.pdf, page 25>
Package pdftex.def Info: revisions/2026-09-24-r34/history/HISTORY_R32.pdf , pag
e25 used on input line 11.
(pdftex.def)             Requested size: 614.58406pt x 795.3441pt.
File: revisions/2026-09-24-r34/history/HISTORY_R32.pdf Graphic file (type pdf)
<use revisions/2026-09-24-r34/history/HISTORY_R32.pdf, page 25>
Package pdftex.def Info: revisions/2026-09-24-r34/history/HISTORY_R32.pdf , pag
e25 used on input line 11.
(pdftex.def)             Requested size: 614.58406pt x 795.3441pt.
 [52

 <./revisions/2026-09-24-r34/history/HISTORY_R32.pdf>]
<revisions/2026-09-24-r34/history/HISTORY_R32.pdf, id=711, page=26, 614.295pt x
 794.97pt>
File: revisions/2026-09-24-r34/history/HISTORY_R32.pdf Graphic file (type pdf)
<use revisions/2026-09-24-r34/history/HISTORY_R32.pdf, page 26>
Package pdftex.def Info: revisions/2026-09-24-r34/history/HISTORY_R32.pdf , pag
e26 used on input line 11.
(pdftex.def)             Requested size: 614.58406pt x 795.3441pt.
File: revisions/2026-09-24-r34/history/HISTORY_R32.pdf Graphic file (type pdf)
<use revisions/2026-09-24-r34/history/HISTORY_R32.pdf, page 26>
Package pdftex.def Info: revisions/2026-09-24-r34/history/HISTORY_R32.pdf , pag
e26 used on input line 11.
(pdftex.def)             Requested size: 614.58406pt x 795.3441pt.
File: revisions/2026-09-24-r34/history/HISTORY_R32.pdf Graphic file (type pdf)
<use revisions/2026-09-24-r34/history/HISTORY_R32.pdf, page 26>
Package pdftex.def Info: revisions/2026-09-24-r34/history/HISTORY_R32.pdf , pag
e26 used on input line 11.
(pdftex.def)             Requested size: 614.58406pt x 795.3441pt.
 [53

 <./revisions/2026-09-24-r34/history/HISTORY_R32.pdf>]
<revisions/2026-09-24-r34/history/HISTORY_R32.pdf, id=717, page=27, 614.295pt x
 794.97pt>
File: revisions/2026-09-24-r34/history/HISTORY_R32.pdf Graphic file (type pdf)
<use revisions/2026-09-24-r34/history/HISTORY_R32.pdf, page 27>
Package pdftex.def Info: revisions/2026-09-24-r34/history/HISTORY_R32.pdf , pag
e27 used on input line 11.
(pdftex.def)             Requested size: 614.58406pt x 795.3441pt.
File: revisions/2026-09-24-r34/history/HISTORY_R32.pdf Graphic file (type pdf)
<use revisions/2026-09-24-r34/history/HISTORY_R32.pdf, page 27>
Package pdftex.def Info: revisions/2026-09-24-r34/history/HISTORY_R32.pdf , pag
e27 used on input line 11.
(pdftex.def)             Requested size: 614.58406pt x 795.3441pt.
File: revisions/2026-09-24-r34/history/HISTORY_R32.pdf Graphic file (type pdf)
<use revisions/2026-09-24-r34/history/HISTORY_R32.pdf, page 27>
Package pdftex.def Info: revisions/2026-09-24-r34/history/HISTORY_R32.pdf , pag
e27 used on input line 11.
(pdftex.def)             Requested size: 614.58406pt x 795.3441pt.
 [54

 <./revisions/2026-09-24-r34/history/HISTORY_R32.pdf>]
<revisions/2026-09-24-r34/history/HISTORY_R32.pdf, id=723, page=28, 614.295pt x
 794.97pt>
File: revisions/2026-09-24-r34/history/HISTORY_R32.pdf Graphic file (type pdf)
<use revisions/2026-09-24-r34/history/HISTORY_R32.pdf, page 28>
Package pdftex.def Info: revisions/2026-09-24-r34/history/HISTORY_R32.pdf , pag
e28 used on input line 11.
(pdftex.def)             Requested size: 614.58406pt x 795.3441pt.
File: revisions/2026-09-24-r34/history/HISTORY_R32.pdf Graphic file (type pdf)
<use revisions/2026-09-24-r34/history/HISTORY_R32.pdf, page 28>
Package pdftex.def Info: revisions/2026-09-24-r34/history/HISTORY_R32.pdf , pag
e28 used on input line 11.
(pdftex.def)             Requested size: 614.58406pt x 795.3441pt.
File: revisions/2026-09-24-r34/history/HISTORY_R32.pdf Graphic file (type pdf)
<use revisions/2026-09-24-r34/history/HISTORY_R32.pdf, page 28>
Package pdftex.def Info: revisions/2026-09-24-r34/history/HISTORY_R32.pdf , pag
e28 used on input line 11.
(pdftex.def)             Requested size: 614.58406pt x 795.3441pt.

[55

 <./revisions/2026-09-24-r34/history/HISTORY_R32.pdf>]
<revisions/2026-09-24-r34/history/HISTORY_R32.pdf, id=730, page=29, 614.295pt x
 794.97pt>
File: revisions/2026-09-24-r34/history/HISTORY_R32.pdf Graphic file (type pdf)
<use revisions/2026-09-24-r34/history/HISTORY_R32.pdf, page 29>
Package pdftex.def Info: revisions/2026-09-24-r34/history/HISTORY_R32.pdf , pag
e29 used on input line 11.
(pdftex.def)             Requested size: 614.58406pt x 795.3441pt.
File: revisions/2026-09-24-r34/history/HISTORY_R32.pdf Graphic file (type pdf)
<use revisions/2026-09-24-r34/history/HISTORY_R32.pdf, page 29>
Package pdftex.def Info: revisions/2026-09-24-r34/history/HISTORY_R32.pdf , pag
e29 used on input line 11.
(pdftex.def)             Requested size: 614.58406pt x 795.3441pt.
File: revisions/2026-09-24-r34/history/HISTORY_R32.pdf Graphic file (type pdf)
<use revisions/2026-09-24-r34/history/HISTORY_R32.pdf, page 29>
Package pdftex.def Info: revisions/2026-09-24-r34/history/HISTORY_R32.pdf , pag
e29 used on input line 11.
(pdftex.def)             Requested size: 614.58406pt x 795.3441pt.
 [56

 <./revisions/2026-09-24-r34/history/HISTORY_R32.pdf>]
<revisions/2026-09-24-r34/history/HISTORY_R32.pdf, id=761, page=30, 614.295pt x
 794.97pt>
File: revisions/2026-09-24-r34/history/HISTORY_R32.pdf Graphic file (type pdf)
<use revisions/2026-09-24-r34/history/HISTORY_R32.pdf, page 30>
Package pdftex.def Info: revisions/2026-09-24-r34/history/HISTORY_R32.pdf , pag
e30 used on input line 11.
(pdftex.def)             Requested size: 614.58406pt x 795.3441pt.
File: revisions/2026-09-24-r34/history/HISTORY_R32.pdf Graphic file (type pdf)
<use revisions/2026-09-24-r34/history/HISTORY_R32.pdf, page 30>
Package pdftex.def Info: revisions/2026-09-24-r34/history/HISTORY_R32.pdf , pag
e30 used on input line 11.
(pdftex.def)             Requested size: 614.58406pt x 795.3441pt.
File: revisions/2026-09-24-r34/history/HISTORY_R32.pdf Graphic file (type pdf)
<use revisions/2026-09-24-r34/history/HISTORY_R32.pdf, page 30>
Package pdftex.def Info: revisions/2026-09-24-r34/history/HISTORY_R32.pdf , pag
e30 used on input line 11.
(pdftex.def)             Requested size: 614.58406pt x 795.3441pt.
 [57

 <./revisions/2026-09-24-r34/history/HISTORY_R32.pdf>]
<revisions/2026-09-24-r34/history/HISTORY_R32.pdf, id=783, page=31, 614.295pt x
 794.97pt>
File: revisions/2026-09-24-r34/history/HISTORY_R32.pdf Graphic file (type pdf)
<use revisions/2026-09-24-r34/history/HISTORY_R32.pdf, page 31>
Package pdftex.def Info: revisions/2026-09-24-r34/history/HISTORY_R32.pdf , pag
e31 used on input line 11.
(pdftex.def)             Requested size: 614.58406pt x 795.3441pt.
File: revisions/2026-09-24-r34/history/HISTORY_R32.pdf Graphic file (type pdf)
<use revisions/2026-09-24-r34/history/HISTORY_R32.pdf, page 31>
Package pdftex.def Info: revisions/2026-09-24-r34/history/HISTORY_R32.pdf , pag
e31 used on input line 11.
(pdftex.def)             Requested size: 614.58406pt x 795.3441pt.
File: revisions/2026-09-24-r34/history/HISTORY_R32.pdf Graphic file (type pdf)
<use revisions/2026-09-24-r34/history/HISTORY_R32.pdf, page 31>
Package pdftex.def Info: revisions/2026-09-24-r34/history/HISTORY_R32.pdf , pag
e31 used on input line 11.
(pdftex.def)             Requested size: 614.58406pt x 795.3441pt.
 [58

 <./revisions/2026-09-24-r34/history/HISTORY_R32.pdf>]
<revisions/2026-09-24-r34/history/HISTORY_R32.pdf, id=789, page=32, 614.295pt x
 794.97pt>
File: revisions/2026-09-24-r34/history/HISTORY_R32.pdf Graphic file (type pdf)
<use revisions/2026-09-24-r34/history/HISTORY_R32.pdf, page 32>
Package pdftex.def Info: revisions/2026-09-24-r34/history/HISTORY_R32.pdf , pag
e32 used on input line 11.
(pdftex.def)             Requested size: 614.58406pt x 795.3441pt.
File: revisions/2026-09-24-r34/history/HISTORY_R32.pdf Graphic file (type pdf)
<use revisions/2026-09-24-r34/history/HISTORY_R32.pdf, page 32>
Package pdftex.def Info: revisions/2026-09-24-r34/history/HISTORY_R32.pdf , pag
e32 used on input line 11.
(pdftex.def)             Requested size: 614.58406pt x 795.3441pt.
File: revisions/2026-09-24-r34/history/HISTORY_R32.pdf Graphic file (type pdf)
<use revisions/2026-09-24-r34/history/HISTORY_R32.pdf, page 32>
Package pdftex.def Info: revisions/2026-09-24-r34/history/HISTORY_R32.pdf , pag
e32 used on input line 11.
(pdftex.def)             Requested size: 614.58406pt x 795.3441pt.

[59

 <./revisions/2026-09-24-r34/history/HISTORY_R32.pdf>]
<revisions/2026-09-24-r34/history/HISTORY_R32.pdf, id=795, page=33, 614.295pt x
 794.97pt>
File: revisions/2026-09-24-r34/history/HISTORY_R32.pdf Graphic file (type pdf)
<use revisions/2026-09-24-r34/history/HISTORY_R32.pdf, page 33>
Package pdftex.def Info: revisions/2026-09-24-r34/history/HISTORY_R32.pdf , pag
e33 used on input line 11.
(pdftex.def)             Requested size: 614.58406pt x 795.3441pt.
File: revisions/2026-09-24-r34/history/HISTORY_R32.pdf Graphic file (type pdf)
<use revisions/2026-09-24-r34/history/HISTORY_R32.pdf, page 33>
Package pdftex.def Info: revisions/2026-09-24-r34/history/HISTORY_R32.pdf , pag
e33 used on input line 11.
(pdftex.def)             Requested size: 614.58406pt x 795.3441pt.
File: revisions/2026-09-24-r34/history/HISTORY_R32.pdf Graphic file (type pdf)
<use revisions/2026-09-24-r34/history/HISTORY_R32.pdf, page 33>
Package pdftex.def Info: revisions/2026-09-24-r34/history/HISTORY_R32.pdf , pag
e33 used on input line 11.
(pdftex.def)             Requested size: 614.58406pt x 795.3441pt.
 [60

 <./revisions/2026-09-24-r34/history/HISTORY_R32.pdf>]
<revisions/2026-09-24-r34/history/HISTORY_R32.pdf, id=801, page=34, 614.295pt x
 794.97pt>
File: revisions/2026-09-24-r34/history/HISTORY_R32.pdf Graphic file (type pdf)
<use revisions/2026-09-24-r34/history/HISTORY_R32.pdf, page 34>
Package pdftex.def Info: revisions/2026-09-24-r34/history/HISTORY_R32.pdf , pag
e34 used on input line 11.
(pdftex.def)             Requested size: 614.58406pt x 795.3441pt.
File: revisions/2026-09-24-r34/history/HISTORY_R32.pdf Graphic file (type pdf)
<use revisions/2026-09-24-r34/history/HISTORY_R32.pdf, page 34>
Package pdftex.def Info: revisions/2026-09-24-r34/history/HISTORY_R32.pdf , pag
e34 used on input line 11.
(pdftex.def)             Requested size: 614.58406pt x 795.3441pt.
File: revisions/2026-09-24-r34/history/HISTORY_R32.pdf Graphic file (type pdf)
<use revisions/2026-09-24-r34/history/HISTORY_R32.pdf, page 34>
Package pdftex.def Info: revisions/2026-09-24-r34/history/HISTORY_R32.pdf , pag
e34 used on input line 11.
(pdftex.def)             Requested size: 614.58406pt x 795.3441pt.
 [61

 <./revisions/2026-09-24-r34/history/HISTORY_R32.pdf>]
<revisions/2026-09-24-r34/history/HISTORY_R32.pdf, id=826, page=35, 614.295pt x
 794.97pt>
File: revisions/2026-09-24-r34/history/HISTORY_R32.pdf Graphic file (type pdf)
<use revisions/2026-09-24-r34/history/HISTORY_R32.pdf, page 35>
Package pdftex.def Info: revisions/2026-09-24-r34/history/HISTORY_R32.pdf , pag
e35 used on input line 11.
(pdftex.def)             Requested size: 614.58406pt x 795.3441pt.
File: revisions/2026-09-24-r34/history/HISTORY_R32.pdf Graphic file (type pdf)
<use revisions/2026-09-24-r34/history/HISTORY_R32.pdf, page 35>
Package pdftex.def Info: revisions/2026-09-24-r34/history/HISTORY_R32.pdf , pag
e35 used on input line 11.
(pdftex.def)             Requested size: 614.58406pt x 795.3441pt.
File: revisions/2026-09-24-r34/history/HISTORY_R32.pdf Graphic file (type pdf)
<use revisions/2026-09-24-r34/history/HISTORY_R32.pdf, page 35>
Package pdftex.def Info: revisions/2026-09-24-r34/history/HISTORY_R32.pdf , pag
e35 used on input line 11.
(pdftex.def)             Requested size: 614.58406pt x 795.3441pt.
 [62

 <./revisions/2026-09-24-r34/history/HISTORY_R32.pdf>]
<revisions/2026-09-24-r34/history/HISTORY_R32.pdf, id=856, page=36, 614.295pt x
 794.97pt>
File: revisions/2026-09-24-r34/history/HISTORY_R32.pdf Graphic file (type pdf)
<use revisions/2026-09-24-r34/history/HISTORY_R32.pdf, page 36>
Package pdftex.def Info: revisions/2026-09-24-r34/history/HISTORY_R32.pdf , pag
e36 used on input line 11.
(pdftex.def)             Requested size: 614.58406pt x 795.3441pt.
File: revisions/2026-09-24-r34/history/HISTORY_R32.pdf Graphic file (type pdf)
<use revisions/2026-09-24-r34/history/HISTORY_R32.pdf, page 36>
Package pdftex.def Info: revisions/2026-09-24-r34/history/HISTORY_R32.pdf , pag
e36 used on input line 11.
(pdftex.def)             Requested size: 614.58406pt x 795.3441pt.
File: revisions/2026-09-24-r34/history/HISTORY_R32.pdf Graphic file (type pdf)
<use revisions/2026-09-24-r34/history/HISTORY_R32.pdf, page 36>
Package pdftex.def Info: revisions/2026-09-24-r34/history/HISTORY_R32.pdf , pag
e36 used on input line 11.
(pdftex.def)             Requested size: 614.58406pt x 795.3441pt.

[63

 <./revisions/2026-09-24-r34/history/HISTORY_R32.pdf>]
<revisions/2026-09-24-r34/history/HISTORY_R32.pdf, id=870, page=37, 614.295pt x
 794.97pt>
File: revisions/2026-09-24-r34/history/HISTORY_R32.pdf Graphic file (type pdf)
<use revisions/2026-09-24-r34/history/HISTORY_R32.pdf, page 37>
Package pdftex.def Info: revisions/2026-09-24-r34/history/HISTORY_R32.pdf , pag
e37 used on input line 11.
(pdftex.def)             Requested size: 614.58406pt x 795.3441pt.
File: revisions/2026-09-24-r34/history/HISTORY_R32.pdf Graphic file (type pdf)
<use revisions/2026-09-24-r34/history/HISTORY_R32.pdf, page 37>
Package pdftex.def Info: revisions/2026-09-24-r34/history/HISTORY_R32.pdf , pag
e37 used on input line 11.
(pdftex.def)             Requested size: 614.58406pt x 795.3441pt.
File: revisions/2026-09-24-r34/history/HISTORY_R32.pdf Graphic file (type pdf)
<use revisions/2026-09-24-r34/history/HISTORY_R32.pdf, page 37>
Package pdftex.def Info: revisions/2026-09-24-r34/history/HISTORY_R32.pdf , pag
e37 used on input line 11.
(pdftex.def)             Requested size: 614.58406pt x 795.3441pt.
 [64

 <./revisions/2026-09-24-r34/history/HISTORY_R32.pdf>]
<revisions/2026-09-24-r34/history/HISTORY_R32.pdf, id=919, page=38, 614.295pt x
 794.97pt>
File: revisions/2026-09-24-r34/history/HISTORY_R32.pdf Graphic file (type pdf)
<use revisions/2026-09-24-r34/history/HISTORY_R32.pdf, page 38>
Package pdftex.def Info: revisions/2026-09-24-r34/history/HISTORY_R32.pdf , pag
e38 used on input line 11.
(pdftex.def)             Requested size: 614.58406pt x 795.3441pt.
File: revisions/2026-09-24-r34/history/HISTORY_R32.pdf Graphic file (type pdf)
<use revisions/2026-09-24-r34/history/HISTORY_R32.pdf, page 38>
Package pdftex.def Info: revisions/2026-09-24-r34/history/HISTORY_R32.pdf , pag
e38 used on input line 11.
(pdftex.def)             Requested size: 614.58406pt x 795.3441pt.
File: revisions/2026-09-24-r34/history/HISTORY_R32.pdf Graphic file (type pdf)
<use revisions/2026-09-24-r34/history/HISTORY_R32.pdf, page 38>
Package pdftex.def Info: revisions/2026-09-24-r34/history/HISTORY_R32.pdf , pag
e38 used on input line 11.
(pdftex.def)             Requested size: 614.58406pt x 795.3441pt.
 [65

 <./revisions/2026-09-24-r34/history/HISTORY_R32.pdf>]
<revisions/2026-09-24-r34/history/HISTORY_R32.pdf, id=926, page=39, 614.295pt x
 794.97pt>
File: revisions/2026-09-24-r34/history/HISTORY_R32.pdf Graphic file (type pdf)
<use revisions/2026-09-24-r34/history/HISTORY_R32.pdf, page 39>
Package pdftex.def Info: revisions/2026-09-24-r34/history/HISTORY_R32.pdf , pag
e39 used on input line 11.
(pdftex.def)             Requested size: 614.58406pt x 795.3441pt.
File: revisions/2026-09-24-r34/history/HISTORY_R32.pdf Graphic file (type pdf)
<use revisions/2026-09-24-r34/history/HISTORY_R32.pdf, page 39>
Package pdftex.def Info: revisions/2026-09-24-r34/history/HISTORY_R32.pdf , pag
e39 used on input line 11.
(pdftex.def)             Requested size: 614.58406pt x 795.3441pt.
File: revisions/2026-09-24-r34/history/HISTORY_R32.pdf Graphic file (type pdf)
<use revisions/2026-09-24-r34/history/HISTORY_R32.pdf, page 39>
Package pdftex.def Info: revisions/2026-09-24-r34/history/HISTORY_R32.pdf , pag
e39 used on input line 11.
(pdftex.def)             Requested size: 614.58406pt x 795.3441pt.
 [66

 <./revisions/2026-09-24-r34/history/HISTORY_R32.pdf>]
<revisions/2026-09-24-r34/history/HISTORY_R32.pdf, id=947, page=40, 614.295pt x
 794.97pt>
File: revisions/2026-09-24-r34/history/HISTORY_R32.pdf Graphic file (type pdf)
<use revisions/2026-09-24-r34/history/HISTORY_R32.pdf, page 40>
Package pdftex.def Info: revisions/2026-09-24-r34/history/HISTORY_R32.pdf , pag
e40 used on input line 11.
(pdftex.def)             Requested size: 614.58406pt x 795.3441pt.
File: revisions/2026-09-24-r34/history/HISTORY_R32.pdf Graphic file (type pdf)
<use revisions/2026-09-24-r34/history/HISTORY_R32.pdf, page 40>
Package pdftex.def Info: revisions/2026-09-24-r34/history/HISTORY_R32.pdf , pag
e40 used on input line 11.
(pdftex.def)             Requested size: 614.58406pt x 795.3441pt.
File: revisions/2026-09-24-r34/history/HISTORY_R32.pdf Graphic file (type pdf)
<use revisions/2026-09-24-r34/history/HISTORY_R32.pdf, page 40>
Package pdftex.def Info: revisions/2026-09-24-r34/history/HISTORY_R32.pdf , pag
e40 used on input line 11.
(pdftex.def)             Requested size: 614.58406pt x 795.3441pt.

[67

 <./revisions/2026-09-24-r34/history/HISTORY_R32.pdf>]
<revisions/2026-09-24-r34/history/HISTORY_R32.pdf, id=955, page=41, 614.295pt x
 794.97pt>
File: revisions/2026-09-24-r34/history/HISTORY_R32.pdf Graphic file (type pdf)
<use revisions/2026-09-24-r34/history/HISTORY_R32.pdf, page 41>
Package pdftex.def Info: revisions/2026-09-24-r34/history/HISTORY_R32.pdf , pag
e41 used on input line 11.
(pdftex.def)             Requested size: 614.58406pt x 795.3441pt.
File: revisions/2026-09-24-r34/history/HISTORY_R32.pdf Graphic file (type pdf)
<use revisions/2026-09-24-r34/history/HISTORY_R32.pdf, page 41>
Package pdftex.def Info: revisions/2026-09-24-r34/history/HISTORY_R32.pdf , pag
e41 used on input line 11.
(pdftex.def)             Requested size: 614.58406pt x 795.3441pt.
File: revisions/2026-09-24-r34/history/HISTORY_R32.pdf Graphic file (type pdf)
<use revisions/2026-09-24-r34/history/HISTORY_R32.pdf, page 41>
Package pdftex.def Info: revisions/2026-09-24-r34/history/HISTORY_R32.pdf , pag
e41 used on input line 11.
(pdftex.def)             Requested size: 614.58406pt x 795.3441pt.
 [68

 <./revisions/2026-09-24-r34/history/HISTORY_R32.pdf>]
<revisions/2026-09-24-r34/history/HISTORY_R32.pdf, id=962, page=42, 614.295pt x
 794.97pt>
File: revisions/2026-09-24-r34/history/HISTORY_R32.pdf Graphic file (type pdf)
<use revisions/2026-09-24-r34/history/HISTORY_R32.pdf, page 42>
Package pdftex.def Info: revisions/2026-09-24-r34/history/HISTORY_R32.pdf , pag
e42 used on input line 11.
(pdftex.def)             Requested size: 614.58406pt x 795.3441pt.
File: revisions/2026-09-24-r34/history/HISTORY_R32.pdf Graphic file (type pdf)
<use revisions/2026-09-24-r34/history/HISTORY_R32.pdf, page 42>
Package pdftex.def Info: revisions/2026-09-24-r34/history/HISTORY_R32.pdf , pag
e42 used on input line 11.
(pdftex.def)             Requested size: 614.58406pt x 795.3441pt.
File: revisions/2026-09-24-r34/history/HISTORY_R32.pdf Graphic file (type pdf)
<use revisions/2026-09-24-r34/history/HISTORY_R32.pdf, page 42>
Package pdftex.def Info: revisions/2026-09-24-r34/history/HISTORY_R32.pdf , pag
e42 used on input line 11.
(pdftex.def)             Requested size: 614.58406pt x 795.3441pt.
 [69

 <./revisions/2026-09-24-r34/history/HISTORY_R32.pdf>]
<revisions/2026-09-24-r34/history/HISTORY_R32.pdf, id=969, page=43, 614.295pt x
 794.97pt>
File: revisions/2026-09-24-r34/history/HISTORY_R32.pdf Graphic file (type pdf)
<use revisions/2026-09-24-r34/history/HISTORY_R32.pdf, page 43>
Package pdftex.def Info: revisions/2026-09-24-r34/history/HISTORY_R32.pdf , pag
e43 used on input line 11.
(pdftex.def)             Requested size: 614.58406pt x 795.3441pt.
File: revisions/2026-09-24-r34/history/HISTORY_R32.pdf Graphic file (type pdf)
<use revisions/2026-09-24-r34/history/HISTORY_R32.pdf, page 43>
Package pdftex.def Info: revisions/2026-09-24-r34/history/HISTORY_R32.pdf , pag
e43 used on input line 11.
(pdftex.def)             Requested size: 614.58406pt x 795.3441pt.
File: revisions/2026-09-24-r34/history/HISTORY_R32.pdf Graphic file (type pdf)
<use revisions/2026-09-24-r34/history/HISTORY_R32.pdf, page 43>
Package pdftex.def Info: revisions/2026-09-24-r34/history/HISTORY_R32.pdf , pag
e43 used on input line 11.
(pdftex.def)             Requested size: 614.58406pt x 795.3441pt.
 [70

 <./revisions/2026-09-24-r34/history/HISTORY_R32.pdf>]
<revisions/2026-09-24-r34/history/HISTORY_R32.pdf, id=983, page=44, 614.295pt x
 794.97pt>
File: revisions/2026-09-24-r34/history/HISTORY_R32.pdf Graphic file (type pdf)
<use revisions/2026-09-24-r34/history/HISTORY_R32.pdf, page 44>
Package pdftex.def Info: revisions/2026-09-24-r34/history/HISTORY_R32.pdf , pag
e44 used on input line 11.
(pdftex.def)             Requested size: 614.58406pt x 795.3441pt.
File: revisions/2026-09-24-r34/history/HISTORY_R32.pdf Graphic file (type pdf)
<use revisions/2026-09-24-r34/history/HISTORY_R32.pdf, page 44>
Package pdftex.def Info: revisions/2026-09-24-r34/history/HISTORY_R32.pdf , pag
e44 used on input line 11.
(pdftex.def)             Requested size: 614.58406pt x 795.3441pt.
File: revisions/2026-09-24-r34/history/HISTORY_R32.pdf Graphic file (type pdf)
<use revisions/2026-09-24-r34/history/HISTORY_R32.pdf, page 44>
Package pdftex.def Info: revisions/2026-09-24-r34/history/HISTORY_R32.pdf , pag
e44 used on input line 11.
(pdftex.def)             Requested size: 614.58406pt x 795.3441pt.

[71

 <./revisions/2026-09-24-r34/history/HISTORY_R32.pdf>]
<revisions/2026-09-24-r34/history/HISTORY_R32.pdf, id=990, page=45, 614.295pt x
 794.97pt>
File: revisions/2026-09-24-r34/history/HISTORY_R32.pdf Graphic file (type pdf)
<use revisions/2026-09-24-r34/history/HISTORY_R32.pdf, page 45>
Package pdftex.def Info: revisions/2026-09-24-r34/history/HISTORY_R32.pdf , pag
e45 used on input line 11.
(pdftex.def)             Requested size: 614.58406pt x 795.3441pt.
File: revisions/2026-09-24-r34/history/HISTORY_R32.pdf Graphic file (type pdf)
<use revisions/2026-09-24-r34/history/HISTORY_R32.pdf, page 45>
Package pdftex.def Info: revisions/2026-09-24-r34/history/HISTORY_R32.pdf , pag
e45 used on input line 11.
(pdftex.def)             Requested size: 614.58406pt x 795.3441pt.
File: revisions/2026-09-24-r34/history/HISTORY_R32.pdf Graphic file (type pdf)
<use revisions/2026-09-24-r34/history/HISTORY_R32.pdf, page 45>
Package pdftex.def Info: revisions/2026-09-24-r34/history/HISTORY_R32.pdf , pag
e45 used on input line 11.
(pdftex.def)             Requested size: 614.58406pt x 795.3441pt.
 [72

 <./revisions/2026-09-24-r34/history/HISTORY_R32.pdf>]
<revisions/2026-09-24-r34/history/HISTORY_R32.pdf, id=1033, page=46, 614.295pt 
x 794.97pt>
File: revisions/2026-09-24-r34/history/HISTORY_R32.pdf Graphic file (type pdf)
<use revisions/2026-09-24-r34/history/HISTORY_R32.pdf, page 46>
Package pdftex.def Info: revisions/2026-09-24-r34/history/HISTORY_R32.pdf , pag
e46 used on input line 11.
(pdftex.def)             Requested size: 614.58406pt x 795.3441pt.
File: revisions/2026-09-24-r34/history/HISTORY_R32.pdf Graphic file (type pdf)
<use revisions/2026-09-24-r34/history/HISTORY_R32.pdf, page 46>
Package pdftex.def Info: revisions/2026-09-24-r34/history/HISTORY_R32.pdf , pag
e46 used on input line 11.
(pdftex.def)             Requested size: 614.58406pt x 795.3441pt.
File: revisions/2026-09-24-r34/history/HISTORY_R32.pdf Graphic file (type pdf)
<use revisions/2026-09-24-r34/history/HISTORY_R32.pdf, page 46>
Package pdftex.def Info: revisions/2026-09-24-r34/history/HISTORY_R32.pdf , pag
e46 used on input line 11.
(pdftex.def)             Requested size: 614.58406pt x 795.3441pt.
 [73

 <./revisions/2026-09-24-r34/history/HISTORY_R32.pdf>]
<revisions/2026-09-24-r34/history/HISTORY_R32.pdf, id=1048, page=47, 614.295pt 
x 794.97pt>
File: revisions/2026-09-24-r34/history/HISTORY_R32.pdf Graphic file (type pdf)
<use revisions/2026-09-24-r34/history/HISTORY_R32.pdf, page 47>
Package pdftex.def Info: revisions/2026-09-24-r34/history/HISTORY_R32.pdf , pag
e47 used on input line 11.
(pdftex.def)             Requested size: 614.58406pt x 795.3441pt.
File: revisions/2026-09-24-r34/history/HISTORY_R32.pdf Graphic file (type pdf)
<use revisions/2026-09-24-r34/history/HISTORY_R32.pdf, page 47>
Package pdftex.def Info: revisions/2026-09-24-r34/history/HISTORY_R32.pdf , pag
e47 used on input line 11.
(pdftex.def)             Requested size: 614.58406pt x 795.3441pt.
File: revisions/2026-09-24-r34/history/HISTORY_R32.pdf Graphic file (type pdf)
<use revisions/2026-09-24-r34/history/HISTORY_R32.pdf, page 47>
Package pdftex.def Info: revisions/2026-09-24-r34/history/HISTORY_R32.pdf , pag
e47 used on input line 11.
(pdftex.def)             Requested size: 614.58406pt x 795.3441pt.
 [74

 <./revisions/2026-09-24-r34/history/HISTORY_R32.pdf>]
<revisions/2026-09-24-r34/history/HISTORY_R32.pdf, id=1062, page=48, 614.295pt 
x 794.97pt>
File: revisions/2026-09-24-r34/history/HISTORY_R32.pdf Graphic file (type pdf)
<use revisions/2026-09-24-r34/history/HISTORY_R32.pdf, page 48>
Package pdftex.def Info: revisions/2026-09-24-r34/history/HISTORY_R32.pdf , pag
e48 used on input line 11.
(pdftex.def)             Requested size: 614.58406pt x 795.3441pt.
File: revisions/2026-09-24-r34/history/HISTORY_R32.pdf Graphic file (type pdf)
<use revisions/2026-09-24-r34/history/HISTORY_R32.pdf, page 48>
Package pdftex.def Info: revisions/2026-09-24-r34/history/HISTORY_R32.pdf , pag
e48 used on input line 11.
(pdftex.def)             Requested size: 614.58406pt x 795.3441pt.
File: revisions/2026-09-24-r34/history/HISTORY_R32.pdf Graphic file (type pdf)
<use revisions/2026-09-24-r34/history/HISTORY_R32.pdf, page 48>
Package pdftex.def Info: revisions/2026-09-24-r34/history/HISTORY_R32.pdf , pag
e48 used on input line 11.
(pdftex.def)             Requested size: 614.58406pt x 795.3441pt.

[75

 <./revisions/2026-09-24-r34/history/HISTORY_R32.pdf>]
<revisions/2026-09-24-r34/history/HISTORY_R32.pdf, id=1069, page=49, 614.295pt 
x 794.97pt>
File: revisions/2026-09-24-r34/history/HISTORY_R32.pdf Graphic file (type pdf)
<use revisions/2026-09-24-r34/history/HISTORY_R32.pdf, page 49>
Package pdftex.def Info: revisions/2026-09-24-r34/history/HISTORY_R32.pdf , pag
e49 used on input line 11.
(pdftex.def)             Requested size: 614.58406pt x 795.3441pt.
File: revisions/2026-09-24-r34/history/HISTORY_R32.pdf Graphic file (type pdf)
<use revisions/2026-09-24-r34/history/HISTORY_R32.pdf, page 49>
Package pdftex.def Info: revisions/2026-09-24-r34/history/HISTORY_R32.pdf , pag
e49 used on input line 11.
(pdftex.def)             Requested size: 614.58406pt x 795.3441pt.
File: revisions/2026-09-24-r34/history/HISTORY_R32.pdf Graphic file (type pdf)
<use revisions/2026-09-24-r34/history/HISTORY_R32.pdf, page 49>
Package pdftex.def Info: revisions/2026-09-24-r34/history/HISTORY_R32.pdf , pag
e49 used on input line 11.
(pdftex.def)             Requested size: 614.58406pt x 795.3441pt.
 [76

 <./revisions/2026-09-24-r34/history/HISTORY_R32.pdf>]
<revisions/2026-09-24-r34/history/HISTORY_R32.pdf, id=1076, page=50, 614.295pt 
x 794.97pt>
File: revisions/2026-09-24-r34/history/HISTORY_R32.pdf Graphic file (type pdf)
<use revisions/2026-09-24-r34/history/HISTORY_R32.pdf, page 50>
Package pdftex.def Info: revisions/2026-09-24-r34/history/HISTORY_R32.pdf , pag
e50 used on input line 11.
(pdftex.def)             Requested size: 614.58406pt x 795.3441pt.
File: revisions/2026-09-24-r34/history/HISTORY_R32.pdf Graphic file (type pdf)
<use revisions/2026-09-24-r34/history/HISTORY_R32.pdf, page 50>
Package pdftex.def Info: revisions/2026-09-24-r34/history/HISTORY_R32.pdf , pag
e50 used on input line 11.
(pdftex.def)             Requested size: 614.58406pt x 795.3441pt.
File: revisions/2026-09-24-r34/history/HISTORY_R32.pdf Graphic file (type pdf)
<use revisions/2026-09-24-r34/history/HISTORY_R32.pdf, page 50>
Package pdftex.def Info: revisions/2026-09-24-r34/history/HISTORY_R32.pdf , pag
e50 used on input line 11.
(pdftex.def)             Requested size: 614.58406pt x 795.3441pt.
 [77

 <./revisions/2026-09-24-r34/history/HISTORY_R32.pdf>]
<revisions/2026-09-24-r34/history/HISTORY_R32.pdf, id=1083, page=51, 614.295pt 
x 794.97pt>
File: revisions/2026-09-24-r34/history/HISTORY_R32.pdf Graphic file (type pdf)
<use revisions/2026-09-24-r34/history/HISTORY_R32.pdf, page 51>
Package pdftex.def Info: revisions/2026-09-24-r34/history/HISTORY_R32.pdf , pag
e51 used on input line 11.
(pdftex.def)             Requested size: 614.58406pt x 795.3441pt.
File: revisions/2026-09-24-r34/history/HISTORY_R32.pdf Graphic file (type pdf)
<use revisions/2026-09-24-r34/history/HISTORY_R32.pdf, page 51>
Package pdftex.def Info: revisions/2026-09-24-r34/history/HISTORY_R32.pdf , pag
e51 used on input line 11.
(pdftex.def)             Requested size: 614.58406pt x 795.3441pt.
File: revisions/2026-09-24-r34/history/HISTORY_R32.pdf Graphic file (type pdf)
<use revisions/2026-09-24-r34/history/HISTORY_R32.pdf, page 51>
Package pdftex.def Info: revisions/2026-09-24-r34/history/HISTORY_R32.pdf , pag
e51 used on input line 11.
(pdftex.def)             Requested size: 614.58406pt x 795.3441pt.
 [78

 <./revisions/2026-09-24-r34/history/HISTORY_R32.pdf>]
<revisions/2026-09-24-r34/history/HISTORY_R32.pdf, id=1090, page=52, 614.295pt 
x 794.97pt>
File: revisions/2026-09-24-r34/history/HISTORY_R32.pdf Graphic file (type pdf)
<use revisions/2026-09-24-r34/history/HISTORY_R32.pdf, page 52>
Package pdftex.def Info: revisions/2026-09-24-r34/history/HISTORY_R32.pdf , pag
e52 used on input line 11.
(pdftex.def)             Requested size: 614.58406pt x 795.3441pt.
File: revisions/2026-09-24-r34/history/HISTORY_R32.pdf Graphic file (type pdf)
<use revisions/2026-09-24-r34/history/HISTORY_R32.pdf, page 52>
Package pdftex.def Info: revisions/2026-09-24-r34/history/HISTORY_R32.pdf , pag
e52 used on input line 11.
(pdftex.def)             Requested size: 614.58406pt x 795.3441pt.
File: revisions/2026-09-24-r34/history/HISTORY_R32.pdf Graphic file (type pdf)
<use revisions/2026-09-24-r34/history/HISTORY_R32.pdf, page 52>
Package pdftex.def Info: revisions/2026-09-24-r34/history/HISTORY_R32.pdf , pag
e52 used on input line 11.
(pdftex.def)             Requested size: 614.58406pt x 795.3441pt.

[79

 <./revisions/2026-09-24-r34/history/HISTORY_R32.pdf>]
<revisions/2026-09-24-r34/history/HISTORY_R32.pdf, id=1098, page=53, 614.295pt 
x 794.97pt>
File: revisions/2026-09-24-r34/history/HISTORY_R32.pdf Graphic file (type pdf)
<use revisions/2026-09-24-r34/history/HISTORY_R32.pdf, page 53>
Package pdftex.def Info: revisions/2026-09-24-r34/history/HISTORY_R32.pdf , pag
e53 used on input line 11.
(pdftex.def)             Requested size: 614.58406pt x 795.3441pt.
File: revisions/2026-09-24-r34/history/HISTORY_R32.pdf Graphic file (type pdf)
<use revisions/2026-09-24-r34/history/HISTORY_R32.pdf, page 53>
Package pdftex.def Info: revisions/2026-09-24-r34/history/HISTORY_R32.pdf , pag
e53 used on input line 11.
(pdftex.def)             Requested size: 614.58406pt x 795.3441pt.
File: revisions/2026-09-24-r34/history/HISTORY_R32.pdf Graphic file (type pdf)
<use revisions/2026-09-24-r34/history/HISTORY_R32.pdf, page 53>
Package pdftex.def Info: revisions/2026-09-24-r34/history/HISTORY_R32.pdf , pag
e53 used on input line 11.
(pdftex.def)             Requested size: 614.58406pt x 795.3441pt.
 [80

 <./revisions/2026-09-24-r34/history/HISTORY_R32.pdf>]
<revisions/2026-09-24-r34/history/HISTORY_R32.pdf, id=1105, page=54, 614.295pt 
x 794.97pt>
File: revisions/2026-09-24-r34/history/HISTORY_R32.pdf Graphic file (type pdf)
<use revisions/2026-09-24-r34/history/HISTORY_R32.pdf, page 54>
Package pdftex.def Info: revisions/2026-09-24-r34/history/HISTORY_R32.pdf , pag
e54 used on input line 11.
(pdftex.def)             Requested size: 614.58406pt x 795.3441pt.
File: revisions/2026-09-24-r34/history/HISTORY_R32.pdf Graphic file (type pdf)
<use revisions/2026-09-24-r34/history/HISTORY_R32.pdf, page 54>
Package pdftex.def Info: revisions/2026-09-24-r34/history/HISTORY_R32.pdf , pag
e54 used on input line 11.
(pdftex.def)             Requested size: 614.58406pt x 795.3441pt.
File: revisions/2026-09-24-r34/history/HISTORY_R32.pdf Graphic file (type pdf)
<use revisions/2026-09-24-r34/history/HISTORY_R32.pdf, page 54>
Package pdftex.def Info: revisions/2026-09-24-r34/history/HISTORY_R32.pdf , pag
e54 used on input line 11.
(pdftex.def)             Requested size: 614.58406pt x 795.3441pt.
 [81

 <./revisions/2026-09-24-r34/history/HISTORY_R32.pdf>]
<revisions/2026-09-24-r34/history/HISTORY_R32.pdf, id=1112, page=55, 614.295pt 
x 794.97pt>
File: revisions/2026-09-24-r34/history/HISTORY_R32.pdf Graphic file (type pdf)
<use revisions/2026-09-24-r34/history/HISTORY_R32.pdf, page 55>
Package pdftex.def Info: revisions/2026-09-24-r34/history/HISTORY_R32.pdf , pag
e55 used on input line 11.
(pdftex.def)             Requested size: 614.58406pt x 795.3441pt.
File: revisions/2026-09-24-r34/history/HISTORY_R32.pdf Graphic file (type pdf)
<use revisions/2026-09-24-r34/history/HISTORY_R32.pdf, page 55>
Package pdftex.def Info: revisions/2026-09-24-r34/history/HISTORY_R32.pdf , pag
e55 used on input line 11.
(pdftex.def)             Requested size: 614.58406pt x 795.3441pt.
File: revisions/2026-09-24-r34/history/HISTORY_R32.pdf Graphic file (type pdf)
<use revisions/2026-09-24-r34/history/HISTORY_R32.pdf, page 55>
Package pdftex.def Info: revisions/2026-09-24-r34/history/HISTORY_R32.pdf , pag
e55 used on input line 11.
(pdftex.def)             Requested size: 614.58406pt x 795.3441pt.
 [82

 <./revisions/2026-09-24-r34/history/HISTORY_R32.pdf>]
<revisions/2026-09-24-r34/history/HISTORY_R32.pdf, id=1119, page=56, 614.295pt 
x 794.97pt>
File: revisions/2026-09-24-r34/history/HISTORY_R32.pdf Graphic file (type pdf)
<use revisions/2026-09-24-r34/history/HISTORY_R32.pdf, page 56>
Package pdftex.def Info: revisions/2026-09-24-r34/history/HISTORY_R32.pdf , pag
e56 used on input line 11.
(pdftex.def)             Requested size: 614.58406pt x 795.3441pt.
File: revisions/2026-09-24-r34/history/HISTORY_R32.pdf Graphic file (type pdf)
<use revisions/2026-09-24-r34/history/HISTORY_R32.pdf, page 56>
Package pdftex.def Info: revisions/2026-09-24-r34/history/HISTORY_R32.pdf , pag
e56 used on input line 11.
(pdftex.def)             Requested size: 614.58406pt x 795.3441pt.
File: revisions/2026-09-24-r34/history/HISTORY_R32.pdf Graphic file (type pdf)
<use revisions/2026-09-24-r34/history/HISTORY_R32.pdf, page 56>
Package pdftex.def Info: revisions/2026-09-24-r34/history/HISTORY_R32.pdf , pag
e56 used on input line 11.
(pdftex.def)             Requested size: 614.58406pt x 795.3441pt.

[83

 <./revisions/2026-09-24-r34/history/HISTORY_R32.pdf>]
<revisions/2026-09-24-r34/history/HISTORY_R32.pdf, id=1126, page=57, 614.295pt 
x 794.97pt>
File: revisions/2026-09-24-r34/history/HISTORY_R32.pdf Graphic file (type pdf)
<use revisions/2026-09-24-r34/history/HISTORY_R32.pdf, page 57>
Package pdftex.def Info: revisions/2026-09-24-r34/history/HISTORY_R32.pdf , pag
e57 used on input line 11.
(pdftex.def)             Requested size: 614.58406pt x 795.3441pt.
File: revisions/2026-09-24-r34/history/HISTORY_R32.pdf Graphic file (type pdf)
<use revisions/2026-09-24-r34/history/HISTORY_R32.pdf, page 57>
Package pdftex.def Info: revisions/2026-09-24-r34/history/HISTORY_R32.pdf , pag
e57 used on input line 11.
(pdftex.def)             Requested size: 614.58406pt x 795.3441pt.
File: revisions/2026-09-24-r34/history/HISTORY_R32.pdf Graphic file (type pdf)
<use revisions/2026-09-24-r34/history/HISTORY_R32.pdf, page 57>
Package pdftex.def Info: revisions/2026-09-24-r34/history/HISTORY_R32.pdf , pag
e57 used on input line 11.
(pdftex.def)             Requested size: 614.58406pt x 795.3441pt.
 [84

 <./revisions/2026-09-24-r34/history/HISTORY_R32.pdf>]
<revisions/2026-09-24-r34/history/HISTORY_R32.pdf, id=1133, page=58, 614.295pt 
x 794.97pt>
File: revisions/2026-09-24-r34/history/HISTORY_R32.pdf Graphic file (type pdf)
<use revisions/2026-09-24-r34/history/HISTORY_R32.pdf, page 58>
Package pdftex.def Info: revisions/2026-09-24-r34/history/HISTORY_R32.pdf , pag
e58 used on input line 11.
(pdftex.def)             Requested size: 614.58406pt x 795.3441pt.
File: revisions/2026-09-24-r34/history/HISTORY_R32.pdf Graphic file (type pdf)
<use revisions/2026-09-24-r34/history/HISTORY_R32.pdf, page 58>
Package pdftex.def Info: revisions/2026-09-24-r34/history/HISTORY_R32.pdf , pag
e58 used on input line 11.
(pdftex.def)             Requested size: 614.58406pt x 795.3441pt.
File: revisions/2026-09-24-r34/history/HISTORY_R32.pdf Graphic file (type pdf)
<use revisions/2026-09-24-r34/history/HISTORY_R32.pdf, page 58>
Package pdftex.def Info: revisions/2026-09-24-r34/history/HISTORY_R32.pdf , pag
e58 used on input line 11.
(pdftex.def)             Requested size: 614.58406pt x 795.3441pt.
 [85

 <./revisions/2026-09-24-r34/history/HISTORY_R32.pdf>]
<revisions/2026-09-24-r34/history/HISTORY_R32.pdf, id=1141, page=59, 614.295pt 
x 794.97pt>
File: revisions/2026-09-24-r34/history/HISTORY_R32.pdf Graphic file (type pdf)
<use revisions/2026-09-24-r34/history/HISTORY_R32.pdf, page 59>
Package pdftex.def Info: revisions/2026-09-24-r34/history/HISTORY_R32.pdf , pag
e59 used on input line 11.
(pdftex.def)             Requested size: 614.58406pt x 795.3441pt.
File: revisions/2026-09-24-r34/history/HISTORY_R32.pdf Graphic file (type pdf)
<use revisions/2026-09-24-r34/history/HISTORY_R32.pdf, page 59>
Package pdftex.def Info: revisions/2026-09-24-r34/history/HISTORY_R32.pdf , pag
e59 used on input line 11.
(pdftex.def)             Requested size: 614.58406pt x 795.3441pt.
File: revisions/2026-09-24-r34/history/HISTORY_R32.pdf Graphic file (type pdf)
<use revisions/2026-09-24-r34/history/HISTORY_R32.pdf, page 59>
Package pdftex.def Info: revisions/2026-09-24-r34/history/HISTORY_R32.pdf , pag
e59 used on input line 11.
(pdftex.def)             Requested size: 614.58406pt x 795.3441pt.
 [86

 <./revisions/2026-09-24-r34/history/HISTORY_R32.pdf>]
<revisions/2026-09-24-r34/history/HISTORY_R32.pdf, id=1148, page=60, 614.295pt 
x 794.97pt>
File: revisions/2026-09-24-r34/history/HISTORY_R32.pdf Graphic file (type pdf)
<use revisions/2026-09-24-r34/history/HISTORY_R32.pdf, page 60>
Package pdftex.def Info: revisions/2026-09-24-r34/history/HISTORY_R32.pdf , pag
e60 used on input line 11.
(pdftex.def)             Requested size: 614.58406pt x 795.3441pt.
File: revisions/2026-09-24-r34/history/HISTORY_R32.pdf Graphic file (type pdf)
<use revisions/2026-09-24-r34/history/HISTORY_R32.pdf, page 60>
Package pdftex.def Info: revisions/2026-09-24-r34/history/HISTORY_R32.pdf , pag
e60 used on input line 11.
(pdftex.def)             Requested size: 614.58406pt x 795.3441pt.
File: revisions/2026-09-24-r34/history/HISTORY_R32.pdf Graphic file (type pdf)
<use revisions/2026-09-24-r34/history/HISTORY_R32.pdf, page 60>
Package pdftex.def Info: revisions/2026-09-24-r34/history/HISTORY_R32.pdf , pag
e60 used on input line 11.
(pdftex.def)             Requested size: 614.58406pt x 795.3441pt.

[87

 <./revisions/2026-09-24-r34/history/HISTORY_R32.pdf>]
<revisions/2026-09-24-r34/history/HISTORY_R32.pdf, id=1179, page=61, 614.295pt 
x 794.97pt>
File: revisions/2026-09-24-r34/history/HISTORY_R32.pdf Graphic file (type pdf)
<use revisions/2026-09-24-r34/history/HISTORY_R32.pdf, page 61>
Package pdftex.def Info: revisions/2026-09-24-r34/history/HISTORY_R32.pdf , pag
e61 used on input line 11.
(pdftex.def)             Requested size: 614.58406pt x 795.3441pt.
File: revisions/2026-09-24-r34/history/HISTORY_R32.pdf Graphic file (type pdf)
<use revisions/2026-09-24-r34/history/HISTORY_R32.pdf, page 61>
Package pdftex.def Info: revisions/2026-09-24-r34/history/HISTORY_R32.pdf , pag
e61 used on input line 11.
(pdftex.def)             Requested size: 614.58406pt x 795.3441pt.
File: revisions/2026-09-24-r34/history/HISTORY_R32.pdf Graphic file (type pdf)
<use revisions/2026-09-24-r34/history/HISTORY_R32.pdf, page 61>
Package pdftex.def Info: revisions/2026-09-24-r34/history/HISTORY_R32.pdf , pag
e61 used on input line 11.
(pdftex.def)             Requested size: 614.58406pt x 795.3441pt.
 [88

 <./revisions/2026-09-24-r34/history/HISTORY_R32.pdf>]
<revisions/2026-09-24-r34/history/HISTORY_R32.pdf, id=1194, page=62, 614.295pt 
x 794.97pt>
File: revisions/2026-09-24-r34/history/HISTORY_R32.pdf Graphic file (type pdf)
<use revisions/2026-09-24-r34/history/HISTORY_R32.pdf, page 62>
Package pdftex.def Info: revisions/2026-09-24-r34/history/HISTORY_R32.pdf , pag
e62 used on input line 11.
(pdftex.def)             Requested size: 614.58406pt x 795.3441pt.
File: revisions/2026-09-24-r34/history/HISTORY_R32.pdf Graphic file (type pdf)
<use revisions/2026-09-24-r34/history/HISTORY_R32.pdf, page 62>
Package pdftex.def Info: revisions/2026-09-24-r34/history/HISTORY_R32.pdf , pag
e62 used on input line 11.
(pdftex.def)             Requested size: 614.58406pt x 795.3441pt.
File: revisions/2026-09-24-r34/history/HISTORY_R32.pdf Graphic file (type pdf)
<use revisions/2026-09-24-r34/history/HISTORY_R32.pdf, page 62>
Package pdftex.def Info: revisions/2026-09-24-r34/history/HISTORY_R32.pdf , pag
e62 used on input line 11.
(pdftex.def)             Requested size: 614.58406pt x 795.3441pt.
 [89

 <./revisions/2026-09-24-r34/history/HISTORY_R32.pdf>]
<revisions/2026-09-24-r34/history/HISTORY_R32.pdf, id=1214, page=63, 614.295pt 
x 794.97pt>
File: revisions/2026-09-24-r34/history/HISTORY_R32.pdf Graphic file (type pdf)
<use revisions/2026-09-24-r34/history/HISTORY_R32.pdf, page 63>
Package pdftex.def Info: revisions/2026-09-24-r34/history/HISTORY_R32.pdf , pag
e63 used on input line 11.
(pdftex.def)             Requested size: 614.58406pt x 795.3441pt.
File: revisions/2026-09-24-r34/history/HISTORY_R32.pdf Graphic file (type pdf)
<use revisions/2026-09-24-r34/history/HISTORY_R32.pdf, page 63>
Package pdftex.def Info: revisions/2026-09-24-r34/history/HISTORY_R32.pdf , pag
e63 used on input line 11.
(pdftex.def)             Requested size: 614.58406pt x 795.3441pt.
File: revisions/2026-09-24-r34/history/HISTORY_R32.pdf Graphic file (type pdf)
<use revisions/2026-09-24-r34/history/HISTORY_R32.pdf, page 63>
Package pdftex.def Info: revisions/2026-09-24-r34/history/HISTORY_R32.pdf , pag
e63 used on input line 11.
(pdftex.def)             Requested size: 614.58406pt x 795.3441pt.
 [90

 <./revisions/2026-09-24-r34/history/HISTORY_R32.pdf>]
<revisions/2026-09-24-r34/history/HISTORY_R32.pdf, id=1221, page=64, 614.295pt 
x 794.97pt>
File: revisions/2026-09-24-r34/history/HISTORY_R32.pdf Graphic file (type pdf)
<use revisions/2026-09-24-r34/history/HISTORY_R32.pdf, page 64>
Package pdftex.def Info: revisions/2026-09-24-r34/history/HISTORY_R32.pdf , pag
e64 used on input line 11.
(pdftex.def)             Requested size: 614.58406pt x 795.3441pt.
File: revisions/2026-09-24-r34/history/HISTORY_R32.pdf Graphic file (type pdf)
<use revisions/2026-09-24-r34/history/HISTORY_R32.pdf, page 64>
Package pdftex.def Info: revisions/2026-09-24-r34/history/HISTORY_R32.pdf , pag
e64 used on input line 11.
(pdftex.def)             Requested size: 614.58406pt x 795.3441pt.
File: revisions/2026-09-24-r34/history/HISTORY_R32.pdf Graphic file (type pdf)
<use revisions/2026-09-24-r34/history/HISTORY_R32.pdf, page 64>
Package pdftex.def Info: revisions/2026-09-24-r34/history/HISTORY_R32.pdf , pag
e64 used on input line 11.
(pdftex.def)             Requested size: 614.58406pt x 795.3441pt.

[91

 <./revisions/2026-09-24-r34/history/HISTORY_R32.pdf>]
<revisions/2026-09-24-r34/history/HISTORY_R32.pdf, id=1229, page=65, 614.295pt 
x 794.97pt>
File: revisions/2026-09-24-r34/history/HISTORY_R32.pdf Graphic file (type pdf)
<use revisions/2026-09-24-r34/history/HISTORY_R32.pdf, page 65>
Package pdftex.def Info: revisions/2026-09-24-r34/history/HISTORY_R32.pdf , pag
e65 used on input line 11.
(pdftex.def)             Requested size: 614.58406pt x 795.3441pt.
File: revisions/2026-09-24-r34/history/HISTORY_R32.pdf Graphic file (type pdf)
<use revisions/2026-09-24-r34/history/HISTORY_R32.pdf, page 65>
Package pdftex.def Info: revisions/2026-09-24-r34/history/HISTORY_R32.pdf , pag
e65 used on input line 11.
(pdftex.def)             Requested size: 614.58406pt x 795.3441pt.
File: revisions/2026-09-24-r34/history/HISTORY_R32.pdf Graphic file (type pdf)
<use revisions/2026-09-24-r34/history/HISTORY_R32.pdf, page 65>
Package pdftex.def Info: revisions/2026-09-24-r34/history/HISTORY_R32.pdf , pag
e65 used on input line 11.
(pdftex.def)             Requested size: 614.58406pt x 795.3441pt.
 [92

 <./revisions/2026-09-24-r34/history/HISTORY_R32.pdf>]
<revisions/2026-09-24-r34/history/HISTORY_R32.pdf, id=1253, page=66, 614.295pt 
x 794.97pt>
File: revisions/2026-09-24-r34/history/HISTORY_R32.pdf Graphic file (type pdf)
<use revisions/2026-09-24-r34/history/HISTORY_R32.pdf, page 66>
Package pdftex.def Info: revisions/2026-09-24-r34/history/HISTORY_R32.pdf , pag
e66 used on input line 11.
(pdftex.def)             Requested size: 614.58406pt x 795.3441pt.
File: revisions/2026-09-24-r34/history/HISTORY_R32.pdf Graphic file (type pdf)
<use revisions/2026-09-24-r34/history/HISTORY_R32.pdf, page 66>
Package pdftex.def Info: revisions/2026-09-24-r34/history/HISTORY_R32.pdf , pag
e66 used on input line 11.
(pdftex.def)             Requested size: 614.58406pt x 795.3441pt.
File: revisions/2026-09-24-r34/history/HISTORY_R32.pdf Graphic file (type pdf)
<use revisions/2026-09-24-r34/history/HISTORY_R32.pdf, page 66>
Package pdftex.def Info: revisions/2026-09-24-r34/history/HISTORY_R32.pdf , pag
e66 used on input line 11.
(pdftex.def)             Requested size: 614.58406pt x 795.3441pt.
 [93

 <./revisions/2026-09-24-r34/history/HISTORY_R32.pdf>]
<revisions/2026-09-24-r34/history/HISTORY_R32.pdf, id=1260, page=67, 614.295pt 
x 794.97pt>
File: revisions/2026-09-24-r34/history/HISTORY_R32.pdf Graphic file (type pdf)
<use revisions/2026-09-24-r34/history/HISTORY_R32.pdf, page 67>
Package pdftex.def Info: revisions/2026-09-24-r34/history/HISTORY_R32.pdf , pag
e67 used on input line 11.
(pdftex.def)             Requested size: 614.58406pt x 795.3441pt.
File: revisions/2026-09-24-r34/history/HISTORY_R32.pdf Graphic file (type pdf)
<use revisions/2026-09-24-r34/history/HISTORY_R32.pdf, page 67>
Package pdftex.def Info: revisions/2026-09-24-r34/history/HISTORY_R32.pdf , pag
e67 used on input line 11.
(pdftex.def)             Requested size: 614.58406pt x 795.3441pt.
File: revisions/2026-09-24-r34/history/HISTORY_R32.pdf Graphic file (type pdf)
<use revisions/2026-09-24-r34/history/HISTORY_R32.pdf, page 67>
Package pdftex.def Info: revisions/2026-09-24-r34/history/HISTORY_R32.pdf , pag
e67 used on input line 11.
(pdftex.def)             Requested size: 614.58406pt x 795.3441pt.
 [94

 <./revisions/2026-09-24-r34/history/HISTORY_R32.pdf>]
<revisions/2026-09-24-r34/history/HISTORY_R32.pdf, id=1267, page=68, 614.295pt 
x 794.97pt>
File: revisions/2026-09-24-r34/history/HISTORY_R32.pdf Graphic file (type pdf)
<use revisions/2026-09-24-r34/history/HISTORY_R32.pdf, page 68>
Package pdftex.def Info: revisions/2026-09-24-r34/history/HISTORY_R32.pdf , pag
e68 used on input line 11.
(pdftex.def)             Requested size: 614.58406pt x 795.3441pt.
File: revisions/2026-09-24-r34/history/HISTORY_R32.pdf Graphic file (type pdf)
<use revisions/2026-09-24-r34/history/HISTORY_R32.pdf, page 68>
Package pdftex.def Info: revisions/2026-09-24-r34/history/HISTORY_R32.pdf , pag
e68 used on input line 11.
(pdftex.def)             Requested size: 614.58406pt x 795.3441pt.
File: revisions/2026-09-24-r34/history/HISTORY_R32.pdf Graphic file (type pdf)
<use revisions/2026-09-24-r34/history/HISTORY_R32.pdf, page 68>
Package pdftex.def Info: revisions/2026-09-24-r34/history/HISTORY_R32.pdf , pag
e68 used on input line 11.
(pdftex.def)             Requested size: 614.58406pt x 795.3441pt.

[95

 <./revisions/2026-09-24-r34/history/HISTORY_R32.pdf>]
<revisions/2026-09-24-r34/history/HISTORY_R32.pdf, id=1274, page=69, 614.295pt 
x 794.97pt>
File: revisions/2026-09-24-r34/history/HISTORY_R32.pdf Graphic file (type pdf)
<use revisions/2026-09-24-r34/history/HISTORY_R32.pdf, page 69>
Package pdftex.def Info: revisions/2026-09-24-r34/history/HISTORY_R32.pdf , pag
e69 used on input line 11.
(pdftex.def)             Requested size: 614.58406pt x 795.3441pt.
File: revisions/2026-09-24-r34/history/HISTORY_R32.pdf Graphic file (type pdf)
<use revisions/2026-09-24-r34/history/HISTORY_R32.pdf, page 69>
Package pdftex.def Info: revisions/2026-09-24-r34/history/HISTORY_R32.pdf , pag
e69 used on input line 11.
(pdftex.def)             Requested size: 614.58406pt x 795.3441pt.
File: revisions/2026-09-24-r34/history/HISTORY_R32.pdf Graphic file (type pdf)
<use revisions/2026-09-24-r34/history/HISTORY_R32.pdf, page 69>
Package pdftex.def Info: revisions/2026-09-24-r34/history/HISTORY_R32.pdf , pag
e69 used on input line 11.
(pdftex.def)             Requested size: 614.58406pt x 795.3441pt.
 [96

 <./revisions/2026-09-24-r34/history/HISTORY_R32.pdf>]
<revisions/2026-09-24-r34/history/HISTORY_R32.pdf, id=1281, page=70, 614.295pt 
x 794.97pt>
File: revisions/2026-09-24-r34/history/HISTORY_R32.pdf Graphic file (type pdf)
<use revisions/2026-09-24-r34/history/HISTORY_R32.pdf, page 70>
Package pdftex.def Info: revisions/2026-09-24-r34/history/HISTORY_R32.pdf , pag
e70 used on input line 11.
(pdftex.def)             Requested size: 614.58406pt x 795.3441pt.
File: revisions/2026-09-24-r34/history/HISTORY_R32.pdf Graphic file (type pdf)
<use revisions/2026-09-24-r34/history/HISTORY_R32.pdf, page 70>
Package pdftex.def Info: revisions/2026-09-24-r34/history/HISTORY_R32.pdf , pag
e70 used on input line 11.
(pdftex.def)             Requested size: 614.58406pt x 795.3441pt.
File: revisions/2026-09-24-r34/history/HISTORY_R32.pdf Graphic file (type pdf)
<use revisions/2026-09-24-r34/history/HISTORY_R32.pdf, page 70>
Package pdftex.def Info: revisions/2026-09-24-r34/history/HISTORY_R32.pdf , pag
e70 used on input line 11.
(pdftex.def)             Requested size: 614.58406pt x 795.3441pt.
 [97

 <./revisions/2026-09-24-r34/history/HISTORY_R32.pdf>]
<revisions/2026-09-24-r34/history/HISTORY_R32.pdf, id=1289, page=71, 614.295pt 
x 794.97pt>
File: revisions/2026-09-24-r34/history/HISTORY_R32.pdf Graphic file (type pdf)
<use revisions/2026-09-24-r34/history/HISTORY_R32.pdf, page 71>
Package pdftex.def Info: revisions/2026-09-24-r34/history/HISTORY_R32.pdf , pag
e71 used on input line 11.
(pdftex.def)             Requested size: 614.58406pt x 795.3441pt.
File: revisions/2026-09-24-r34/history/HISTORY_R32.pdf Graphic file (type pdf)
<use revisions/2026-09-24-r34/history/HISTORY_R32.pdf, page 71>
Package pdftex.def Info: revisions/2026-09-24-r34/history/HISTORY_R32.pdf , pag
e71 used on input line 11.
(pdftex.def)             Requested size: 614.58406pt x 795.3441pt.
File: revisions/2026-09-24-r34/history/HISTORY_R32.pdf Graphic file (type pdf)
<use revisions/2026-09-24-r34/history/HISTORY_R32.pdf, page 71>
Package pdftex.def Info: revisions/2026-09-24-r34/history/HISTORY_R32.pdf , pag
e71 used on input line 11.
(pdftex.def)             Requested size: 614.58406pt x 795.3441pt.
 [98

 <./revisions/2026-09-24-r34/history/HISTORY_R32.pdf>]
<revisions/2026-09-24-r34/history/HISTORY_R32.pdf, id=1296, page=72, 614.295pt 
x 794.97pt>
File: revisions/2026-09-24-r34/history/HISTORY_R32.pdf Graphic file (type pdf)
<use revisions/2026-09-24-r34/history/HISTORY_R32.pdf, page 72>
Package pdftex.def Info: revisions/2026-09-24-r34/history/HISTORY_R32.pdf , pag
e72 used on input line 11.
(pdftex.def)             Requested size: 614.58406pt x 795.3441pt.
File: revisions/2026-09-24-r34/history/HISTORY_R32.pdf Graphic file (type pdf)
<use revisions/2026-09-24-r34/history/HISTORY_R32.pdf, page 72>
Package pdftex.def Info: revisions/2026-09-24-r34/history/HISTORY_R32.pdf , pag
e72 used on input line 11.
(pdftex.def)             Requested size: 614.58406pt x 795.3441pt.
File: revisions/2026-09-24-r34/history/HISTORY_R32.pdf Graphic file (type pdf)
<use revisions/2026-09-24-r34/history/HISTORY_R32.pdf, page 72>
Package pdftex.def Info: revisions/2026-09-24-r34/history/HISTORY_R32.pdf , pag
e72 used on input line 11.
(pdftex.def)             Requested size: 614.58406pt x 795.3441pt.

[99

 <./revisions/2026-09-24-r34/history/HISTORY_R32.pdf>]
<revisions/2026-09-24-r34/history/HISTORY_R32.pdf, id=1303, page=73, 614.295pt 
x 794.97pt>
File: revisions/2026-09-24-r34/history/HISTORY_R32.pdf Graphic file (type pdf)
<use revisions/2026-09-24-r34/history/HISTORY_R32.pdf, page 73>
Package pdftex.def Info: revisions/2026-09-24-r34/history/HISTORY_R32.pdf , pag
e73 used on input line 11.
(pdftex.def)             Requested size: 614.58406pt x 795.3441pt.
File: revisions/2026-09-24-r34/history/HISTORY_R32.pdf Graphic file (type pdf)
<use revisions/2026-09-24-r34/history/HISTORY_R32.pdf, page 73>
Package pdftex.def Info: revisions/2026-09-24-r34/history/HISTORY_R32.pdf , pag
e73 used on input line 11.
(pdftex.def)             Requested size: 614.58406pt x 795.3441pt.
File: revisions/2026-09-24-r34/history/HISTORY_R32.pdf Graphic file (type pdf)
<use revisions/2026-09-24-r34/history/HISTORY_R32.pdf, page 73>
Package pdftex.def Info: revisions/2026-09-24-r34/history/HISTORY_R32.pdf , pag
e73 used on input line 11.
(pdftex.def)             Requested size: 614.58406pt x 795.3441pt.
 [100

 <./revisions/2026-09-24-r34/history/HISTORY_R32.pdf>]
<revisions/2026-09-24-r34/history/HISTORY_R32.pdf, id=1310, page=74, 614.295pt 
x 794.97pt>
File: revisions/2026-09-24-r34/history/HISTORY_R32.pdf Graphic file (type pdf)
<use revisions/2026-09-24-r34/history/HISTORY_R32.pdf, page 74>
Package pdftex.def Info: revisions/2026-09-24-r34/history/HISTORY_R32.pdf , pag
e74 used on input line 11.
(pdftex.def)             Requested size: 614.58406pt x 795.3441pt.
File: revisions/2026-09-24-r34/history/HISTORY_R32.pdf Graphic file (type pdf)
<use revisions/2026-09-24-r34/history/HISTORY_R32.pdf, page 74>
Package pdftex.def Info: revisions/2026-09-24-r34/history/HISTORY_R32.pdf , pag
e74 used on input line 11.
(pdftex.def)             Requested size: 614.58406pt x 795.3441pt.
File: revisions/2026-09-24-r34/history/HISTORY_R32.pdf Graphic file (type pdf)
<use revisions/2026-09-24-r34/history/HISTORY_R32.pdf, page 74>
Package pdftex.def Info: revisions/2026-09-24-r34/history/HISTORY_R32.pdf , pag
e74 used on input line 11.
(pdftex.def)             Requested size: 614.58406pt x 795.3441pt.
 [101

 <./revisions/2026-09-24-r34/history/HISTORY_R32.pdf>]
<revisions/2026-09-24-r34/history/HISTORY_R32.pdf, id=1317, page=75, 614.295pt 
x 794.97pt>
File: revisions/2026-09-24-r34/history/HISTORY_R32.pdf Graphic file (type pdf)
<use revisions/2026-09-24-r34/history/HISTORY_R32.pdf, page 75>
Package pdftex.def Info: revisions/2026-09-24-r34/history/HISTORY_R32.pdf , pag
e75 used on input line 11.
(pdftex.def)             Requested size: 614.58406pt x 795.3441pt.
File: revisions/2026-09-24-r34/history/HISTORY_R32.pdf Graphic file (type pdf)
<use revisions/2026-09-24-r34/history/HISTORY_R32.pdf, page 75>
Package pdftex.def Info: revisions/2026-09-24-r34/history/HISTORY_R32.pdf , pag
e75 used on input line 11.
(pdftex.def)             Requested size: 614.58406pt x 795.3441pt.
File: revisions/2026-09-24-r34/history/HISTORY_R32.pdf Graphic file (type pdf)
<use revisions/2026-09-24-r34/history/HISTORY_R32.pdf, page 75>
Package pdftex.def Info: revisions/2026-09-24-r34/history/HISTORY_R32.pdf , pag
e75 used on input line 11.
(pdftex.def)             Requested size: 614.58406pt x 795.3441pt.
 [102

 <./revisions/2026-09-24-r34/history/HISTORY_R32.pdf>]
<revisions/2026-09-24-r34/history/HISTORY_R32.pdf, id=1324, page=76, 614.295pt 
x 794.97pt>
File: revisions/2026-09-24-r34/history/HISTORY_R32.pdf Graphic file (type pdf)
<use revisions/2026-09-24-r34/history/HISTORY_R32.pdf, page 76>
Package pdftex.def Info: revisions/2026-09-24-r34/history/HISTORY_R32.pdf , pag
e76 used on input line 11.
(pdftex.def)             Requested size: 614.58406pt x 795.3441pt.
File: revisions/2026-09-24-r34/history/HISTORY_R32.pdf Graphic file (type pdf)
<use revisions/2026-09-24-r34/history/HISTORY_R32.pdf, page 76>
Package pdftex.def Info: revisions/2026-09-24-r34/history/HISTORY_R32.pdf , pag
e76 used on input line 11.
(pdftex.def)             Requested size: 614.58406pt x 795.3441pt.
File: revisions/2026-09-24-r34/history/HISTORY_R32.pdf Graphic file (type pdf)
<use revisions/2026-09-24-r34/history/HISTORY_R32.pdf, page 76>
Package pdftex.def Info: revisions/2026-09-24-r34/history/HISTORY_R32.pdf , pag
e76 used on input line 11.
(pdftex.def)             Requested size: 614.58406pt x 795.3441pt.

[103

 <./revisions/2026-09-24-r34/history/HISTORY_R32.pdf>]
<revisions/2026-09-24-r34/history/HISTORY_R32.pdf, id=1332, page=77, 614.295pt 
x 794.97pt>
File: revisions/2026-09-24-r34/history/HISTORY_R32.pdf Graphic file (type pdf)
<use revisions/2026-09-24-r34/history/HISTORY_R32.pdf, page 77>
Package pdftex.def Info: revisions/2026-09-24-r34/history/HISTORY_R32.pdf , pag
e77 used on input line 11.
(pdftex.def)             Requested size: 614.58406pt x 795.3441pt.
File: revisions/2026-09-24-r34/history/HISTORY_R32.pdf Graphic file (type pdf)
<use revisions/2026-09-24-r34/history/HISTORY_R32.pdf, page 77>
Package pdftex.def Info: revisions/2026-09-24-r34/history/HISTORY_R32.pdf , pag
e77 used on input line 11.
(pdftex.def)             Requested size: 614.58406pt x 795.3441pt.
File: revisions/2026-09-24-r34/history/HISTORY_R32.pdf Graphic file (type pdf)
<use revisions/2026-09-24-r34/history/HISTORY_R32.pdf, page 77>
Package pdftex.def Info: revisions/2026-09-24-r34/history/HISTORY_R32.pdf , pag
e77 used on input line 11.
(pdftex.def)             Requested size: 614.58406pt x 795.3441pt.
 [104

 <./revisions/2026-09-24-r34/history/HISTORY_R32.pdf>]
<revisions/2026-09-24-r34/history/HISTORY_R32.pdf, id=1339, page=78, 614.295pt 
x 794.97pt>
File: revisions/2026-09-24-r34/history/HISTORY_R32.pdf Graphic file (type pdf)
<use revisions/2026-09-24-r34/history/HISTORY_R32.pdf, page 78>
Package pdftex.def Info: revisions/2026-09-24-r34/history/HISTORY_R32.pdf , pag
e78 used on input line 11.
(pdftex.def)             Requested size: 614.58406pt x 795.3441pt.
File: revisions/2026-09-24-r34/history/HISTORY_R32.pdf Graphic file (type pdf)
<use revisions/2026-09-24-r34/history/HISTORY_R32.pdf, page 78>
Package pdftex.def Info: revisions/2026-09-24-r34/history/HISTORY_R32.pdf , pag
e78 used on input line 11.
(pdftex.def)             Requested size: 614.58406pt x 795.3441pt.
File: revisions/2026-09-24-r34/history/HISTORY_R32.pdf Graphic file (type pdf)
<use revisions/2026-09-24-r34/history/HISTORY_R32.pdf, page 78>
Package pdftex.def Info: revisions/2026-09-24-r34/history/HISTORY_R32.pdf , pag
e78 used on input line 11.
(pdftex.def)             Requested size: 614.58406pt x 795.3441pt.
 [105

 <./revisions/2026-09-24-r34/history/HISTORY_R32.pdf>]
<revisions/2026-09-24-r34/history/HISTORY_R32.pdf, id=1346, page=79, 614.295pt 
x 794.97pt>
File: revisions/2026-09-24-r34/history/HISTORY_R32.pdf Graphic file (type pdf)
<use revisions/2026-09-24-r34/history/HISTORY_R32.pdf, page 79>
Package pdftex.def Info: revisions/2026-09-24-r34/history/HISTORY_R32.pdf , pag
e79 used on input line 11.
(pdftex.def)             Requested size: 614.58406pt x 795.3441pt.
File: revisions/2026-09-24-r34/history/HISTORY_R32.pdf Graphic file (type pdf)
<use revisions/2026-09-24-r34/history/HISTORY_R32.pdf, page 79>
Package pdftex.def Info: revisions/2026-09-24-r34/history/HISTORY_R32.pdf , pag
e79 used on input line 11.
(pdftex.def)             Requested size: 614.58406pt x 795.3441pt.
File: revisions/2026-09-24-r34/history/HISTORY_R32.pdf Graphic file (type pdf)
<use revisions/2026-09-24-r34/history/HISTORY_R32.pdf, page 79>
Package pdftex.def Info: revisions/2026-09-24-r34/history/HISTORY_R32.pdf , pag
e79 used on input line 11.
(pdftex.def)             Requested size: 614.58406pt x 795.3441pt.
 [106

 <./revisions/2026-09-24-r34/history/HISTORY_R32.pdf>]
<revisions/2026-09-24-r34/history/HISTORY_R32.pdf, id=1353, page=80, 614.295pt 
x 794.97pt>
File: revisions/2026-09-24-r34/history/HISTORY_R32.pdf Graphic file (type pdf)
<use revisions/2026-09-24-r34/history/HISTORY_R32.pdf, page 80>
Package pdftex.def Info: revisions/2026-09-24-r34/history/HISTORY_R32.pdf , pag
e80 used on input line 11.
(pdftex.def)             Requested size: 614.58406pt x 795.3441pt.
File: revisions/2026-09-24-r34/history/HISTORY_R32.pdf Graphic file (type pdf)
<use revisions/2026-09-24-r34/history/HISTORY_R32.pdf, page 80>
Package pdftex.def Info: revisions/2026-09-24-r34/history/HISTORY_R32.pdf , pag
e80 used on input line 11.
(pdftex.def)             Requested size: 614.58406pt x 795.3441pt.
File: revisions/2026-09-24-r34/history/HISTORY_R32.pdf Graphic file (type pdf)
<use revisions/2026-09-24-r34/history/HISTORY_R32.pdf, page 80>
Package pdftex.def Info: revisions/2026-09-24-r34/history/HISTORY_R32.pdf , pag
e80 used on input line 11.
(pdftex.def)             Requested size: 614.58406pt x 795.3441pt.

[107

 <./revisions/2026-09-24-r34/history/HISTORY_R32.pdf>]
<revisions/2026-09-24-r34/history/HISTORY_R32.pdf, id=1360, page=81, 614.295pt 
x 794.97pt>
File: revisions/2026-09-24-r34/history/HISTORY_R32.pdf Graphic file (type pdf)
<use revisions/2026-09-24-r34/history/HISTORY_R32.pdf, page 81>
Package pdftex.def Info: revisions/2026-09-24-r34/history/HISTORY_R32.pdf , pag
e81 used on input line 11.
(pdftex.def)             Requested size: 614.58406pt x 795.3441pt.
File: revisions/2026-09-24-r34/history/HISTORY_R32.pdf Graphic file (type pdf)
<use revisions/2026-09-24-r34/history/HISTORY_R32.pdf, page 81>
Package pdftex.def Info: revisions/2026-09-24-r34/history/HISTORY_R32.pdf , pag
e81 used on input line 11.
(pdftex.def)             Requested size: 614.58406pt x 795.3441pt.
File: revisions/2026-09-24-r34/history/HISTORY_R32.pdf Graphic file (type pdf)
<use revisions/2026-09-24-r34/history/HISTORY_R32.pdf, page 81>
Package pdftex.def Info: revisions/2026-09-24-r34/history/HISTORY_R32.pdf , pag
e81 used on input line 11.
(pdftex.def)             Requested size: 614.58406pt x 795.3441pt.
 [108

 <./revisions/2026-09-24-r34/history/HISTORY_R32.pdf>]
<revisions/2026-09-24-r34/history/HISTORY_R32.pdf, id=1367, page=82, 614.295pt 
x 794.97pt>
File: revisions/2026-09-24-r34/history/HISTORY_R32.pdf Graphic file (type pdf)
<use revisions/2026-09-24-r34/history/HISTORY_R32.pdf, page 82>
Package pdftex.def Info: revisions/2026-09-24-r34/history/HISTORY_R32.pdf , pag
e82 used on input line 11.
(pdftex.def)             Requested size: 614.58406pt x 795.3441pt.
File: revisions/2026-09-24-r34/history/HISTORY_R32.pdf Graphic file (type pdf)
<use revisions/2026-09-24-r34/history/HISTORY_R32.pdf, page 82>
Package pdftex.def Info: revisions/2026-09-24-r34/history/HISTORY_R32.pdf , pag
e82 used on input line 11.
(pdftex.def)             Requested size: 614.58406pt x 795.3441pt.
File: revisions/2026-09-24-r34/history/HISTORY_R32.pdf Graphic file (type pdf)
<use revisions/2026-09-24-r34/history/HISTORY_R32.pdf, page 82>
Package pdftex.def Info: revisions/2026-09-24-r34/history/HISTORY_R32.pdf , pag
e82 used on input line 11.
(pdftex.def)             Requested size: 614.58406pt x 795.3441pt.
 [109

 <./revisions/2026-09-24-r34/history/HISTORY_R32.pdf>]
<revisions/2026-09-24-r34/history/HISTORY_R32.pdf, id=1375, page=83, 614.295pt 
x 794.97pt>
File: revisions/2026-09-24-r34/history/HISTORY_R32.pdf Graphic file (type pdf)
<use revisions/2026-09-24-r34/history/HISTORY_R32.pdf, page 83>
Package pdftex.def Info: revisions/2026-09-24-r34/history/HISTORY_R32.pdf , pag
e83 used on input line 11.
(pdftex.def)             Requested size: 614.58406pt x 795.3441pt.
File: revisions/2026-09-24-r34/history/HISTORY_R32.pdf Graphic file (type pdf)
<use revisions/2026-09-24-r34/history/HISTORY_R32.pdf, page 83>
Package pdftex.def Info: revisions/2026-09-24-r34/history/HISTORY_R32.pdf , pag
e83 used on input line 11.
(pdftex.def)             Requested size: 614.58406pt x 795.3441pt.
File: revisions/2026-09-24-r34/history/HISTORY_R32.pdf Graphic file (type pdf)
<use revisions/2026-09-24-r34/history/HISTORY_R32.pdf, page 83>
Package pdftex.def Info: revisions/2026-09-24-r34/history/HISTORY_R32.pdf , pag
e83 used on input line 11.
(pdftex.def)             Requested size: 614.58406pt x 795.3441pt.
 [110

 <./revisions/2026-09-24-r34/history/HISTORY_R32.pdf>]
<revisions/2026-09-24-r34/history/HISTORY_R32.pdf, id=1382, page=84, 614.295pt 
x 794.97pt>
File: revisions/2026-09-24-r34/history/HISTORY_R32.pdf Graphic file (type pdf)
<use revisions/2026-09-24-r34/history/HISTORY_R32.pdf, page 84>
Package pdftex.def Info: revisions/2026-09-24-r34/history/HISTORY_R32.pdf , pag
e84 used on input line 11.
(pdftex.def)             Requested size: 614.58406pt x 795.3441pt.
File: revisions/2026-09-24-r34/history/HISTORY_R32.pdf Graphic file (type pdf)
<use revisions/2026-09-24-r34/history/HISTORY_R32.pdf, page 84>
Package pdftex.def Info: revisions/2026-09-24-r34/history/HISTORY_R32.pdf , pag
e84 used on input line 11.
(pdftex.def)             Requested size: 614.58406pt x 795.3441pt.
File: revisions/2026-09-24-r34/history/HISTORY_R32.pdf Graphic file (type pdf)
<use revisions/2026-09-24-r34/history/HISTORY_R32.pdf, page 84>
Package pdftex.def Info: revisions/2026-09-24-r34/history/HISTORY_R32.pdf , pag
e84 used on input line 11.
(pdftex.def)             Requested size: 614.58406pt x 795.3441pt.

[111

 <./revisions/2026-09-24-r34/history/HISTORY_R32.pdf>]
<revisions/2026-09-24-r34/history/HISTORY_R32.pdf, id=1389, page=85, 614.295pt 
x 794.97pt>
File: revisions/2026-09-24-r34/history/HISTORY_R32.pdf Graphic file (type pdf)
<use revisions/2026-09-24-r34/history/HISTORY_R32.pdf, page 85>
Package pdftex.def Info: revisions/2026-09-24-r34/history/HISTORY_R32.pdf , pag
e85 used on input line 11.
(pdftex.def)             Requested size: 614.58406pt x 795.3441pt.
File: revisions/2026-09-24-r34/history/HISTORY_R32.pdf Graphic file (type pdf)
<use revisions/2026-09-24-r34/history/HISTORY_R32.pdf, page 85>
Package pdftex.def Info: revisions/2026-09-24-r34/history/HISTORY_R32.pdf , pag
e85 used on input line 11.
(pdftex.def)             Requested size: 614.58406pt x 795.3441pt.
File: revisions/2026-09-24-r34/history/HISTORY_R32.pdf Graphic file (type pdf)
<use revisions/2026-09-24-r34/history/HISTORY_R32.pdf, page 85>
Package pdftex.def Info: revisions/2026-09-24-r34/history/HISTORY_R32.pdf , pag
e85 used on input line 11.
(pdftex.def)             Requested size: 614.58406pt x 795.3441pt.
 [112

 <./revisions/2026-09-24-r34/history/HISTORY_R32.pdf>]
<revisions/2026-09-24-r34/history/HISTORY_R32.pdf, id=1396, page=86, 614.295pt 
x 794.97pt>
File: revisions/2026-09-24-r34/history/HISTORY_R32.pdf Graphic file (type pdf)
<use revisions/2026-09-24-r34/history/HISTORY_R32.pdf, page 86>
Package pdftex.def Info: revisions/2026-09-24-r34/history/HISTORY_R32.pdf , pag
e86 used on input line 11.
(pdftex.def)             Requested size: 614.58406pt x 795.3441pt.
File: revisions/2026-09-24-r34/history/HISTORY_R32.pdf Graphic file (type pdf)
<use revisions/2026-09-24-r34/history/HISTORY_R32.pdf, page 86>
Package pdftex.def Info: revisions/2026-09-24-r34/history/HISTORY_R32.pdf , pag
e86 used on input line 11.
(pdftex.def)             Requested size: 614.58406pt x 795.3441pt.
File: revisions/2026-09-24-r34/history/HISTORY_R32.pdf Graphic file (type pdf)
<use revisions/2026-09-24-r34/history/HISTORY_R32.pdf, page 86>
Package pdftex.def Info: revisions/2026-09-24-r34/history/HISTORY_R32.pdf , pag
e86 used on input line 11.
(pdftex.def)             Requested size: 614.58406pt x 795.3441pt.
 [113

 <./revisions/2026-09-24-r34/history/HISTORY_R32.pdf>]
<revisions/2026-09-24-r34/history/HISTORY_R32.pdf, id=1429, page=87, 614.295pt 
x 794.97pt>
File: revisions/2026-09-24-r34/history/HISTORY_R32.pdf Graphic file (type pdf)
<use revisions/2026-09-24-r34/history/HISTORY_R32.pdf, page 87>
Package pdftex.def Info: revisions/2026-09-24-r34/history/HISTORY_R32.pdf , pag
e87 used on input line 11.
(pdftex.def)             Requested size: 614.58406pt x 795.3441pt.
File: revisions/2026-09-24-r34/history/HISTORY_R32.pdf Graphic file (type pdf)
<use revisions/2026-09-24-r34/history/HISTORY_R32.pdf, page 87>
Package pdftex.def Info: revisions/2026-09-24-r34/history/HISTORY_R32.pdf , pag
e87 used on input line 11.
(pdftex.def)             Requested size: 614.58406pt x 795.3441pt.
File: revisions/2026-09-24-r34/history/HISTORY_R32.pdf Graphic file (type pdf)
<use revisions/2026-09-24-r34/history/HISTORY_R32.pdf, page 87>
Package pdftex.def Info: revisions/2026-09-24-r34/history/HISTORY_R32.pdf , pag
e87 used on input line 11.
(pdftex.def)             Requested size: 614.58406pt x 795.3441pt.
 [114

 <./revisions/2026-09-24-r34/history/HISTORY_R32.pdf>]
<revisions/2026-09-24-r34/history/HISTORY_R32.pdf, id=1436, page=88, 614.295pt 
x 794.97pt>
File: revisions/2026-09-24-r34/history/HISTORY_R32.pdf Graphic file (type pdf)
<use revisions/2026-09-24-r34/history/HISTORY_R32.pdf, page 88>
Package pdftex.def Info: revisions/2026-09-24-r34/history/HISTORY_R32.pdf , pag
e88 used on input line 11.
(pdftex.def)             Requested size: 614.58406pt x 795.3441pt.
File: revisions/2026-09-24-r34/history/HISTORY_R32.pdf Graphic file (type pdf)
<use revisions/2026-09-24-r34/history/HISTORY_R32.pdf, page 88>
Package pdftex.def Info: revisions/2026-09-24-r34/history/HISTORY_R32.pdf , pag
e88 used on input line 11.
(pdftex.def)             Requested size: 614.58406pt x 795.3441pt.
File: revisions/2026-09-24-r34/history/HISTORY_R32.pdf Graphic file (type pdf)
<use revisions/2026-09-24-r34/history/HISTORY_R32.pdf, page 88>
Package pdftex.def Info: revisions/2026-09-24-r34/history/HISTORY_R32.pdf , pag
e88 used on input line 11.
(pdftex.def)             Requested size: 614.58406pt x 795.3441pt.

[115

 <./revisions/2026-09-24-r34/history/HISTORY_R32.pdf>]
<revisions/2026-09-24-r34/history/HISTORY_R32.pdf, id=1444, page=89, 614.295pt 
x 794.97pt>
File: revisions/2026-09-24-r34/history/HISTORY_R32.pdf Graphic file (type pdf)
<use revisions/2026-09-24-r34/history/HISTORY_R32.pdf, page 89>
Package pdftex.def Info: revisions/2026-09-24-r34/history/HISTORY_R32.pdf , pag
e89 used on input line 11.
(pdftex.def)             Requested size: 614.58406pt x 795.3441pt.
File: revisions/2026-09-24-r34/history/HISTORY_R32.pdf Graphic file (type pdf)
<use revisions/2026-09-24-r34/history/HISTORY_R32.pdf, page 89>
Package pdftex.def Info: revisions/2026-09-24-r34/history/HISTORY_R32.pdf , pag
e89 used on input line 11.
(pdftex.def)             Requested size: 614.58406pt x 795.3441pt.
File: revisions/2026-09-24-r34/history/HISTORY_R32.pdf Graphic file (type pdf)
<use revisions/2026-09-24-r34/history/HISTORY_R32.pdf, page 89>
Package pdftex.def Info: revisions/2026-09-24-r34/history/HISTORY_R32.pdf , pag
e89 used on input line 11.
(pdftex.def)             Requested size: 614.58406pt x 795.3441pt.
 [116

 <./revisions/2026-09-24-r34/history/HISTORY_R32.pdf>]
<revisions/2026-09-24-r34/history/HISTORY_R32.pdf, id=1451, page=90, 614.295pt 
x 794.97pt>
File: revisions/2026-09-24-r34/history/HISTORY_R32.pdf Graphic file (type pdf)
<use revisions/2026-09-24-r34/history/HISTORY_R32.pdf, page 90>
Package pdftex.def Info: revisions/2026-09-24-r34/history/HISTORY_R32.pdf , pag
e90 used on input line 11.
(pdftex.def)             Requested size: 614.58406pt x 795.3441pt.
File: revisions/2026-09-24-r34/history/HISTORY_R32.pdf Graphic file (type pdf)
<use revisions/2026-09-24-r34/history/HISTORY_R32.pdf, page 90>
Package pdftex.def Info: revisions/2026-09-24-r34/history/HISTORY_R32.pdf , pag
e90 used on input line 11.
(pdftex.def)             Requested size: 614.58406pt x 795.3441pt.
File: revisions/2026-09-24-r34/history/HISTORY_R32.pdf Graphic file (type pdf)
<use revisions/2026-09-24-r34/history/HISTORY_R32.pdf, page 90>
Package pdftex.def Info: revisions/2026-09-24-r34/history/HISTORY_R32.pdf , pag
e90 used on input line 11.
(pdftex.def)             Requested size: 614.58406pt x 795.3441pt.
 [117

 <./revisions/2026-09-24-r34/history/HISTORY_R32.pdf>]
<revisions/2026-09-24-r34/history/HISTORY_R32.pdf, id=1458, page=91, 614.295pt 
x 794.97pt>
File: revisions/2026-09-24-r34/history/HISTORY_R32.pdf Graphic file (type pdf)
<use revisions/2026-09-24-r34/history/HISTORY_R32.pdf, page 91>
Package pdftex.def Info: revisions/2026-09-24-r34/history/HISTORY_R32.pdf , pag
e91 used on input line 11.
(pdftex.def)             Requested size: 614.58406pt x 795.3441pt.
File: revisions/2026-09-24-r34/history/HISTORY_R32.pdf Graphic file (type pdf)
<use revisions/2026-09-24-r34/history/HISTORY_R32.pdf, page 91>
Package pdftex.def Info: revisions/2026-09-24-r34/history/HISTORY_R32.pdf , pag
e91 used on input line 11.
(pdftex.def)             Requested size: 614.58406pt x 795.3441pt.
File: revisions/2026-09-24-r34/history/HISTORY_R32.pdf Graphic file (type pdf)
<use revisions/2026-09-24-r34/history/HISTORY_R32.pdf, page 91>
Package pdftex.def Info: revisions/2026-09-24-r34/history/HISTORY_R32.pdf , pag
e91 used on input line 11.
(pdftex.def)             Requested size: 614.58406pt x 795.3441pt.
 [118

 <./revisions/2026-09-24-r34/history/HISTORY_R32.pdf>]
<revisions/2026-09-24-r34/history/HISTORY_R32.pdf, id=1465, page=92, 614.295pt 
x 794.97pt>
File: revisions/2026-09-24-r34/history/HISTORY_R32.pdf Graphic file (type pdf)
<use revisions/2026-09-24-r34/history/HISTORY_R32.pdf, page 92>
Package pdftex.def Info: revisions/2026-09-24-r34/history/HISTORY_R32.pdf , pag
e92 used on input line 11.
(pdftex.def)             Requested size: 614.58406pt x 795.3441pt.
File: revisions/2026-09-24-r34/history/HISTORY_R32.pdf Graphic file (type pdf)
<use revisions/2026-09-24-r34/history/HISTORY_R32.pdf, page 92>
Package pdftex.def Info: revisions/2026-09-24-r34/history/HISTORY_R32.pdf , pag
e92 used on input line 11.
(pdftex.def)             Requested size: 614.58406pt x 795.3441pt.
File: revisions/2026-09-24-r34/history/HISTORY_R32.pdf Graphic file (type pdf)
<use revisions/2026-09-24-r34/history/HISTORY_R32.pdf, page 92>
Package pdftex.def Info: revisions/2026-09-24-r34/history/HISTORY_R32.pdf , pag
e92 used on input line 11.
(pdftex.def)             Requested size: 614.58406pt x 795.3441pt.

[119

 <./revisions/2026-09-24-r34/history/HISTORY_R32.pdf>]
<revisions/2026-09-24-r34/history/HISTORY_R32.pdf, id=1472, page=93, 614.295pt 
x 794.97pt>
File: revisions/2026-09-24-r34/history/HISTORY_R32.pdf Graphic file (type pdf)
<use revisions/2026-09-24-r34/history/HISTORY_R32.pdf, page 93>
Package pdftex.def Info: revisions/2026-09-24-r34/history/HISTORY_R32.pdf , pag
e93 used on input line 11.
(pdftex.def)             Requested size: 614.58406pt x 795.3441pt.
File: revisions/2026-09-24-r34/history/HISTORY_R32.pdf Graphic file (type pdf)
<use revisions/2026-09-24-r34/history/HISTORY_R32.pdf, page 93>
Package pdftex.def Info: revisions/2026-09-24-r34/history/HISTORY_R32.pdf , pag
e93 used on input line 11.
(pdftex.def)             Requested size: 614.58406pt x 795.3441pt.
File: revisions/2026-09-24-r34/history/HISTORY_R32.pdf Graphic file (type pdf)
<use revisions/2026-09-24-r34/history/HISTORY_R32.pdf, page 93>
Package pdftex.def Info: revisions/2026-09-24-r34/history/HISTORY_R32.pdf , pag
e93 used on input line 11.
(pdftex.def)             Requested size: 614.58406pt x 795.3441pt.
 [120

 <./revisions/2026-09-24-r34/history/HISTORY_R32.pdf>]
<revisions/2026-09-24-r34/history/HISTORY_R32.pdf, id=1479, page=94, 614.295pt 
x 794.97pt>
File: revisions/2026-09-24-r34/history/HISTORY_R32.pdf Graphic file (type pdf)
<use revisions/2026-09-24-r34/history/HISTORY_R32.pdf, page 94>
Package pdftex.def Info: revisions/2026-09-24-r34/history/HISTORY_R32.pdf , pag
e94 used on input line 11.
(pdftex.def)             Requested size: 614.58406pt x 795.3441pt.
File: revisions/2026-09-24-r34/history/HISTORY_R32.pdf Graphic file (type pdf)
<use revisions/2026-09-24-r34/history/HISTORY_R32.pdf, page 94>
Package pdftex.def Info: revisions/2026-09-24-r34/history/HISTORY_R32.pdf , pag
e94 used on input line 11.
(pdftex.def)             Requested size: 614.58406pt x 795.3441pt.
File: revisions/2026-09-24-r34/history/HISTORY_R32.pdf Graphic file (type pdf)
<use revisions/2026-09-24-r34/history/HISTORY_R32.pdf, page 94>
Package pdftex.def Info: revisions/2026-09-24-r34/history/HISTORY_R32.pdf , pag
e94 used on input line 11.
(pdftex.def)             Requested size: 614.58406pt x 795.3441pt.
 [121

 <./revisions/2026-09-24-r34/history/HISTORY_R32.pdf>]
<revisions/2026-09-24-r34/history/HISTORY_R32.pdf, id=1487, page=95, 614.295pt 
x 794.97pt>
File: revisions/2026-09-24-r34/history/HISTORY_R32.pdf Graphic file (type pdf)
<use revisions/2026-09-24-r34/history/HISTORY_R32.pdf, page 95>
Package pdftex.def Info: revisions/2026-09-24-r34/history/HISTORY_R32.pdf , pag
e95 used on input line 11.
(pdftex.def)             Requested size: 614.58406pt x 795.3441pt.
File: revisions/2026-09-24-r34/history/HISTORY_R32.pdf Graphic file (type pdf)
<use revisions/2026-09-24-r34/history/HISTORY_R32.pdf, page 95>
Package pdftex.def Info: revisions/2026-09-24-r34/history/HISTORY_R32.pdf , pag
e95 used on input line 11.
(pdftex.def)             Requested size: 614.58406pt x 795.3441pt.
File: revisions/2026-09-24-r34/history/HISTORY_R32.pdf Graphic file (type pdf)
<use revisions/2026-09-24-r34/history/HISTORY_R32.pdf, page 95>
Package pdftex.def Info: revisions/2026-09-24-r34/history/HISTORY_R32.pdf , pag
e95 used on input line 11.
(pdftex.def)             Requested size: 614.58406pt x 795.3441pt.
 [122

 <./revisions/2026-09-24-r34/history/HISTORY_R32.pdf>]
<revisions/2026-09-24-r34/history/HISTORY_R32.pdf, id=1494, page=96, 614.295pt 
x 794.97pt>
File: revisions/2026-09-24-r34/history/HISTORY_R32.pdf Graphic file (type pdf)
<use revisions/2026-09-24-r34/history/HISTORY_R32.pdf, page 96>
Package pdftex.def Info: revisions/2026-09-24-r34/history/HISTORY_R32.pdf , pag
e96 used on input line 11.
(pdftex.def)             Requested size: 614.58406pt x 795.3441pt.
File: revisions/2026-09-24-r34/history/HISTORY_R32.pdf Graphic file (type pdf)
<use revisions/2026-09-24-r34/history/HISTORY_R32.pdf, page 96>
Package pdftex.def Info: revisions/2026-09-24-r34/history/HISTORY_R32.pdf , pag
e96 used on input line 11.
(pdftex.def)             Requested size: 614.58406pt x 795.3441pt.
File: revisions/2026-09-24-r34/history/HISTORY_R32.pdf Graphic file (type pdf)
<use revisions/2026-09-24-r34/history/HISTORY_R32.pdf, page 96>
Package pdftex.def Info: revisions/2026-09-24-r34/history/HISTORY_R32.pdf , pag
e96 used on input line 11.
(pdftex.def)             Requested size: 614.58406pt x 795.3441pt.

[123

 <./revisions/2026-09-24-r34/history/HISTORY_R32.pdf>]
<revisions/2026-09-24-r34/history/HISTORY_R32.pdf, id=1501, page=97, 614.295pt 
x 794.97pt>
File: revisions/2026-09-24-r34/history/HISTORY_R32.pdf Graphic file (type pdf)
<use revisions/2026-09-24-r34/history/HISTORY_R32.pdf, page 97>
Package pdftex.def Info: revisions/2026-09-24-r34/history/HISTORY_R32.pdf , pag
e97 used on input line 11.
(pdftex.def)             Requested size: 614.58406pt x 795.3441pt.
File: revisions/2026-09-24-r34/history/HISTORY_R32.pdf Graphic file (type pdf)
<use revisions/2026-09-24-r34/history/HISTORY_R32.pdf, page 97>
Package pdftex.def Info: revisions/2026-09-24-r34/history/HISTORY_R32.pdf , pag
e97 used on input line 11.
(pdftex.def)             Requested size: 614.58406pt x 795.3441pt.
File: revisions/2026-09-24-r34/history/HISTORY_R32.pdf Graphic file (type pdf)
<use revisions/2026-09-24-r34/history/HISTORY_R32.pdf, page 97>
Package pdftex.def Info: revisions/2026-09-24-r34/history/HISTORY_R32.pdf , pag
e97 used on input line 11.
(pdftex.def)             Requested size: 614.58406pt x 795.3441pt.
 [124

 <./revisions/2026-09-24-r34/history/HISTORY_R32.pdf>]
<revisions/2026-09-24-r34/history/HISTORY_R32.pdf, id=1508, page=98, 614.295pt 
x 794.97pt>
File: revisions/2026-09-24-r34/history/HISTORY_R32.pdf Graphic file (type pdf)
<use revisions/2026-09-24-r34/history/HISTORY_R32.pdf, page 98>
Package pdftex.def Info: revisions/2026-09-24-r34/history/HISTORY_R32.pdf , pag
e98 used on input line 11.
(pdftex.def)             Requested size: 614.58406pt x 795.3441pt.
File: revisions/2026-09-24-r34/history/HISTORY_R32.pdf Graphic file (type pdf)
<use revisions/2026-09-24-r34/history/HISTORY_R32.pdf, page 98>
Package pdftex.def Info: revisions/2026-09-24-r34/history/HISTORY_R32.pdf , pag
e98 used on input line 11.
(pdftex.def)             Requested size: 614.58406pt x 795.3441pt.
File: revisions/2026-09-24-r34/history/HISTORY_R32.pdf Graphic file (type pdf)
<use revisions/2026-09-24-r34/history/HISTORY_R32.pdf, page 98>
Package pdftex.def Info: revisions/2026-09-24-r34/history/HISTORY_R32.pdf , pag
e98 used on input line 11.
(pdftex.def)             Requested size: 614.58406pt x 795.3441pt.
 [125

 <./revisions/2026-09-24-r34/history/HISTORY_R32.pdf>]
<revisions/2026-09-24-r34/history/HISTORY_R32.pdf, id=1526, page=99, 614.295pt 
x 794.97pt>
File: revisions/2026-09-24-r34/history/HISTORY_R32.pdf Graphic file (type pdf)
<use revisions/2026-09-24-r34/history/HISTORY_R32.pdf, page 99>
Package pdftex.def Info: revisions/2026-09-24-r34/history/HISTORY_R32.pdf , pag
e99 used on input line 11.
(pdftex.def)             Requested size: 614.58406pt x 795.3441pt.
File: revisions/2026-09-24-r34/history/HISTORY_R32.pdf Graphic file (type pdf)
<use revisions/2026-09-24-r34/history/HISTORY_R32.pdf, page 99>
Package pdftex.def Info: revisions/2026-09-24-r34/history/HISTORY_R32.pdf , pag
e99 used on input line 11.
(pdftex.def)             Requested size: 614.58406pt x 795.3441pt.
File: revisions/2026-09-24-r34/history/HISTORY_R32.pdf Graphic file (type pdf)
<use revisions/2026-09-24-r34/history/HISTORY_R32.pdf, page 99>
Package pdftex.def Info: revisions/2026-09-24-r34/history/HISTORY_R32.pdf , pag
e99 used on input line 11.
(pdftex.def)             Requested size: 614.58406pt x 795.3441pt.
 [126

 <./revisions/2026-09-24-r34/history/HISTORY_R32.pdf>]
<revisions/2026-09-24-r34/history/HISTORY_R32.pdf, id=1570, page=100, 614.295pt
 x 794.97pt>
File: revisions/2026-09-24-r34/history/HISTORY_R32.pdf Graphic file (type pdf)
<use revisions/2026-09-24-r34/history/HISTORY_R32.pdf, page 100>
Package pdftex.def Info: revisions/2026-09-24-r34/history/HISTORY_R32.pdf , pag
e100 used on input line 11.
(pdftex.def)             Requested size: 614.58406pt x 795.3441pt.
File: revisions/2026-09-24-r34/history/HISTORY_R32.pdf Graphic file (type pdf)
<use revisions/2026-09-24-r34/history/HISTORY_R32.pdf, page 100>
Package pdftex.def Info: revisions/2026-09-24-r34/history/HISTORY_R32.pdf , pag
e100 used on input line 11.
(pdftex.def)             Requested size: 614.58406pt x 795.3441pt.
File: revisions/2026-09-24-r34/history/HISTORY_R32.pdf Graphic file (type pdf)
<use revisions/2026-09-24-r34/history/HISTORY_R32.pdf, page 100>
Package pdftex.def Info: revisions/2026-09-24-r34/history/HISTORY_R32.pdf , pag
e100 used on input line 11.
(pdftex.def)             Requested size: 614.58406pt x 795.3441pt.

[127

 <./revisions/2026-09-24-r34/history/HISTORY_R32.pdf>]
<revisions/2026-09-24-r34/history/HISTORY_R32.pdf, id=1622, page=101, 614.295pt
 x 794.97pt>
File: revisions/2026-09-24-r34/history/HISTORY_R32.pdf Graphic file (type pdf)
<use revisions/2026-09-24-r34/history/HISTORY_R32.pdf, page 101>
Package pdftex.def Info: revisions/2026-09-24-r34/history/HISTORY_R32.pdf , pag
e101 used on input line 11.
(pdftex.def)             Requested size: 614.58406pt x 795.3441pt.
File: revisions/2026-09-24-r34/history/HISTORY_R32.pdf Graphic file (type pdf)
<use revisions/2026-09-24-r34/history/HISTORY_R32.pdf, page 101>
Package pdftex.def Info: revisions/2026-09-24-r34/history/HISTORY_R32.pdf , pag
e101 used on input line 11.
(pdftex.def)             Requested size: 614.58406pt x 795.3441pt.
File: revisions/2026-09-24-r34/history/HISTORY_R32.pdf Graphic file (type pdf)
<use revisions/2026-09-24-r34/history/HISTORY_R32.pdf, page 101>
Package pdftex.def Info: revisions/2026-09-24-r34/history/HISTORY_R32.pdf , pag
e101 used on input line 11.
(pdftex.def)             Requested size: 614.58406pt x 795.3441pt.
 [128

 <./revisions/2026-09-24-r34/history/HISTORY_R32.pdf>]
<revisions/2026-09-24-r34/history/HISTORY_R32.pdf, id=1637, page=102, 614.295pt
 x 794.97pt>
File: revisions/2026-09-24-r34/history/HISTORY_R32.pdf Graphic file (type pdf)
<use revisions/2026-09-24-r34/history/HISTORY_R32.pdf, page 102>
Package pdftex.def Info: revisions/2026-09-24-r34/history/HISTORY_R32.pdf , pag
e102 used on input line 11.
(pdftex.def)             Requested size: 614.58406pt x 795.3441pt.
File: revisions/2026-09-24-r34/history/HISTORY_R32.pdf Graphic file (type pdf)
<use revisions/2026-09-24-r34/history/HISTORY_R32.pdf, page 102>
Package pdftex.def Info: revisions/2026-09-24-r34/history/HISTORY_R32.pdf , pag
e102 used on input line 11.
(pdftex.def)             Requested size: 614.58406pt x 795.3441pt.
File: revisions/2026-09-24-r34/history/HISTORY_R32.pdf Graphic file (type pdf)
<use revisions/2026-09-24-r34/history/HISTORY_R32.pdf, page 102>
Package pdftex.def Info: revisions/2026-09-24-r34/history/HISTORY_R32.pdf , pag
e102 used on input line 11.
(pdftex.def)             Requested size: 614.58406pt x 795.3441pt.
 [129

 <./revisions/2026-09-24-r34/history/HISTORY_R32.pdf>]
<revisions/2026-09-24-r34/history/HISTORY_R32.pdf, id=1645, page=103, 614.295pt
 x 794.97pt>
File: revisions/2026-09-24-r34/history/HISTORY_R32.pdf Graphic file (type pdf)
<use revisions/2026-09-24-r34/history/HISTORY_R32.pdf, page 103>
Package pdftex.def Info: revisions/2026-09-24-r34/history/HISTORY_R32.pdf , pag
e103 used on input line 11.
(pdftex.def)             Requested size: 614.58406pt x 795.3441pt.
File: revisions/2026-09-24-r34/history/HISTORY_R32.pdf Graphic file (type pdf)
<use revisions/2026-09-24-r34/history/HISTORY_R32.pdf, page 103>
Package pdftex.def Info: revisions/2026-09-24-r34/history/HISTORY_R32.pdf , pag
e103 used on input line 11.
(pdftex.def)             Requested size: 614.58406pt x 795.3441pt.
File: revisions/2026-09-24-r34/history/HISTORY_R32.pdf Graphic file (type pdf)
<use revisions/2026-09-24-r34/history/HISTORY_R32.pdf, page 103>
Package pdftex.def Info: revisions/2026-09-24-r34/history/HISTORY_R32.pdf , pag
e103 used on input line 11.
(pdftex.def)             Requested size: 614.58406pt x 795.3441pt.
 [130

 <./revisions/2026-09-24-r34/history/HISTORY_R32.pdf>]
<revisions/2026-09-24-r34/history/HISTORY_R32.pdf, id=1653, page=104, 614.295pt
 x 794.97pt>
File: revisions/2026-09-24-r34/history/HISTORY_R32.pdf Graphic file (type pdf)
<use revisions/2026-09-24-r34/history/HISTORY_R32.pdf, page 104>
Package pdftex.def Info: revisions/2026-09-24-r34/history/HISTORY_R32.pdf , pag
e104 used on input line 11.
(pdftex.def)             Requested size: 614.58406pt x 795.3441pt.
File: revisions/2026-09-24-r34/history/HISTORY_R32.pdf Graphic file (type pdf)
<use revisions/2026-09-24-r34/history/HISTORY_R32.pdf, page 104>
Package pdftex.def Info: revisions/2026-09-24-r34/history/HISTORY_R32.pdf , pag
e104 used on input line 11.
(pdftex.def)             Requested size: 614.58406pt x 795.3441pt.
File: revisions/2026-09-24-r34/history/HISTORY_R32.pdf Graphic file (type pdf)
<use revisions/2026-09-24-r34/history/HISTORY_R32.pdf, page 104>
Package pdftex.def Info: revisions/2026-09-24-r34/history/HISTORY_R32.pdf , pag
e104 used on input line 11.
(pdftex.def)             Requested size: 614.58406pt x 795.3441pt.

[131

 <./revisions/2026-09-24-r34/history/HISTORY_R32.pdf>]
<revisions/2026-09-24-r34/history/HISTORY_R32.pdf, id=1661, page=105, 614.295pt
 x 794.97pt>
File: revisions/2026-09-24-r34/history/HISTORY_R32.pdf Graphic file (type pdf)
<use revisions/2026-09-24-r34/history/HISTORY_R32.pdf, page 105>
Package pdftex.def Info: revisions/2026-09-24-r34/history/HISTORY_R32.pdf , pag
e105 used on input line 11.
(pdftex.def)             Requested size: 614.58406pt x 795.3441pt.
File: revisions/2026-09-24-r34/history/HISTORY_R32.pdf Graphic file (type pdf)
<use revisions/2026-09-24-r34/history/HISTORY_R32.pdf, page 105>
Package pdftex.def Info: revisions/2026-09-24-r34/history/HISTORY_R32.pdf , pag
e105 used on input line 11.
(pdftex.def)             Requested size: 614.58406pt x 795.3441pt.
File: revisions/2026-09-24-r34/history/HISTORY_R32.pdf Graphic file (type pdf)
<use revisions/2026-09-24-r34/history/HISTORY_R32.pdf, page 105>
Package pdftex.def Info: revisions/2026-09-24-r34/history/HISTORY_R32.pdf , pag
e105 used on input line 11.
(pdftex.def)             Requested size: 614.58406pt x 795.3441pt.
 [132

 <./revisions/2026-09-24-r34/history/HISTORY_R32.pdf>]
<revisions/2026-09-24-r34/history/HISTORY_R32.pdf, id=1669, page=106, 614.295pt
 x 794.97pt>
File: revisions/2026-09-24-r34/history/HISTORY_R32.pdf Graphic file (type pdf)
<use revisions/2026-09-24-r34/history/HISTORY_R32.pdf, page 106>
Package pdftex.def Info: revisions/2026-09-24-r34/history/HISTORY_R32.pdf , pag
e106 used on input line 11.
(pdftex.def)             Requested size: 614.58406pt x 795.3441pt.
File: revisions/2026-09-24-r34/history/HISTORY_R32.pdf Graphic file (type pdf)
<use revisions/2026-09-24-r34/history/HISTORY_R32.pdf, page 106>
Package pdftex.def Info: revisions/2026-09-24-r34/history/HISTORY_R32.pdf , pag
e106 used on input line 11.
(pdftex.def)             Requested size: 614.58406pt x 795.3441pt.
File: revisions/2026-09-24-r34/history/HISTORY_R32.pdf Graphic file (type pdf)
<use revisions/2026-09-24-r34/history/HISTORY_R32.pdf, page 106>
Package pdftex.def Info: revisions/2026-09-24-r34/history/HISTORY_R32.pdf , pag
e106 used on input line 11.
(pdftex.def)             Requested size: 614.58406pt x 795.3441pt.
 [133

 <./revisions/2026-09-24-r34/history/HISTORY_R32.pdf>]
<revisions/2026-09-24-r34/history/HISTORY_R32.pdf, id=1678, page=107, 614.295pt
 x 794.97pt>
File: revisions/2026-09-24-r34/history/HISTORY_R32.pdf Graphic file (type pdf)
<use revisions/2026-09-24-r34/history/HISTORY_R32.pdf, page 107>
Package pdftex.def Info: revisions/2026-09-24-r34/history/HISTORY_R32.pdf , pag
e107 used on input line 11.
(pdftex.def)             Requested size: 614.58406pt x 795.3441pt.
File: revisions/2026-09-24-r34/history/HISTORY_R32.pdf Graphic file (type pdf)
<use revisions/2026-09-24-r34/history/HISTORY_R32.pdf, page 107>
Package pdftex.def Info: revisions/2026-09-24-r34/history/HISTORY_R32.pdf , pag
e107 used on input line 11.
(pdftex.def)             Requested size: 614.58406pt x 795.3441pt.
File: revisions/2026-09-24-r34/history/HISTORY_R32.pdf Graphic file (type pdf)
<use revisions/2026-09-24-r34/history/HISTORY_R32.pdf, page 107>
Package pdftex.def Info: revisions/2026-09-24-r34/history/HISTORY_R32.pdf , pag
e107 used on input line 11.
(pdftex.def)             Requested size: 614.58406pt x 795.3441pt.
 [134

 <./revisions/2026-09-24-r34/history/HISTORY_R32.pdf>]
<revisions/2026-09-24-r34/history/HISTORY_R32.pdf, id=1693, page=108, 614.295pt
 x 794.97pt>
File: revisions/2026-09-24-r34/history/HISTORY_R32.pdf Graphic file (type pdf)
<use revisions/2026-09-24-r34/history/HISTORY_R32.pdf, page 108>
Package pdftex.def Info: revisions/2026-09-24-r34/history/HISTORY_R32.pdf , pag
e108 used on input line 11.
(pdftex.def)             Requested size: 614.58406pt x 795.3441pt.
File: revisions/2026-09-24-r34/history/HISTORY_R32.pdf Graphic file (type pdf)
<use revisions/2026-09-24-r34/history/HISTORY_R32.pdf, page 108>
Package pdftex.def Info: revisions/2026-09-24-r34/history/HISTORY_R32.pdf , pag
e108 used on input line 11.
(pdftex.def)             Requested size: 614.58406pt x 795.3441pt.
File: revisions/2026-09-24-r34/history/HISTORY_R32.pdf Graphic file (type pdf)
<use revisions/2026-09-24-r34/history/HISTORY_R32.pdf, page 108>
Package pdftex.def Info: revisions/2026-09-24-r34/history/HISTORY_R32.pdf , pag
e108 used on input line 11.
(pdftex.def)             Requested size: 614.58406pt x 795.3441pt.

[135

 <./revisions/2026-09-24-r34/history/HISTORY_R32.pdf>]
<revisions/2026-09-24-r34/history/HISTORY_R32.pdf, id=1701, page=109, 614.295pt
 x 794.97pt>
File: revisions/2026-09-24-r34/history/HISTORY_R32.pdf Graphic file (type pdf)
<use revisions/2026-09-24-r34/history/HISTORY_R32.pdf, page 109>
Package pdftex.def Info: revisions/2026-09-24-r34/history/HISTORY_R32.pdf , pag
e109 used on input line 11.
(pdftex.def)             Requested size: 614.58406pt x 795.3441pt.
File: revisions/2026-09-24-r34/history/HISTORY_R32.pdf Graphic file (type pdf)
<use revisions/2026-09-24-r34/history/HISTORY_R32.pdf, page 109>
Package pdftex.def Info: revisions/2026-09-24-r34/history/HISTORY_R32.pdf , pag
e109 used on input line 11.
(pdftex.def)             Requested size: 614.58406pt x 795.3441pt.
File: revisions/2026-09-24-r34/history/HISTORY_R32.pdf Graphic file (type pdf)
<use revisions/2026-09-24-r34/history/HISTORY_R32.pdf, page 109>
Package pdftex.def Info: revisions/2026-09-24-r34/history/HISTORY_R32.pdf , pag
e109 used on input line 11.
(pdftex.def)             Requested size: 614.58406pt x 795.3441pt.
 [136

 <./revisions/2026-09-24-r34/history/HISTORY_R32.pdf>]
<revisions/2026-09-24-r34/history/HISTORY_R32.pdf, id=1716, page=110, 614.295pt
 x 794.97pt>
File: revisions/2026-09-24-r34/history/HISTORY_R32.pdf Graphic file (type pdf)
<use revisions/2026-09-24-r34/history/HISTORY_R32.pdf, page 110>
Package pdftex.def Info: revisions/2026-09-24-r34/history/HISTORY_R32.pdf , pag
e110 used on input line 11.
(pdftex.def)             Requested size: 614.58406pt x 795.3441pt.
File: revisions/2026-09-24-r34/history/HISTORY_R32.pdf Graphic file (type pdf)
<use revisions/2026-09-24-r34/history/HISTORY_R32.pdf, page 110>
Package pdftex.def Info: revisions/2026-09-24-r34/history/HISTORY_R32.pdf , pag
e110 used on input line 11.
(pdftex.def)             Requested size: 614.58406pt x 795.3441pt.
File: revisions/2026-09-24-r34/history/HISTORY_R32.pdf Graphic file (type pdf)
<use revisions/2026-09-24-r34/history/HISTORY_R32.pdf, page 110>
Package pdftex.def Info: revisions/2026-09-24-r34/history/HISTORY_R32.pdf , pag
e110 used on input line 11.
(pdftex.def)             Requested size: 614.58406pt x 795.3441pt.
 [137

 <./revisions/2026-09-24-r34/history/HISTORY_R32.pdf>]
<revisions/2026-09-24-r34/history/HISTORY_R32.pdf, id=1724, page=111, 614.295pt
 x 794.97pt>
File: revisions/2026-09-24-r34/history/HISTORY_R32.pdf Graphic file (type pdf)
<use revisions/2026-09-24-r34/history/HISTORY_R32.pdf, page 111>
Package pdftex.def Info: revisions/2026-09-24-r34/history/HISTORY_R32.pdf , pag
e111 used on input line 11.
(pdftex.def)             Requested size: 614.58406pt x 795.3441pt.
File: revisions/2026-09-24-r34/history/HISTORY_R32.pdf Graphic file (type pdf)
<use revisions/2026-09-24-r34/history/HISTORY_R32.pdf, page 111>
Package pdftex.def Info: revisions/2026-09-24-r34/history/HISTORY_R32.pdf , pag
e111 used on input line 11.
(pdftex.def)             Requested size: 614.58406pt x 795.3441pt.
File: revisions/2026-09-24-r34/history/HISTORY_R32.pdf Graphic file (type pdf)
<use revisions/2026-09-24-r34/history/HISTORY_R32.pdf, page 111>
Package pdftex.def Info: revisions/2026-09-24-r34/history/HISTORY_R32.pdf , pag
e111 used on input line 11.
(pdftex.def)             Requested size: 614.58406pt x 795.3441pt.
 [138

 <./revisions/2026-09-24-r34/history/HISTORY_R32.pdf>]
<revisions/2026-09-24-r34/history/HISTORY_R32.pdf, id=1732, page=112, 614.295pt
 x 794.97pt>
File: revisions/2026-09-24-r34/history/HISTORY_R32.pdf Graphic file (type pdf)
<use revisions/2026-09-24-r34/history/HISTORY_R32.pdf, page 112>
Package pdftex.def Info: revisions/2026-09-24-r34/history/HISTORY_R32.pdf , pag
e112 used on input line 11.
(pdftex.def)             Requested size: 614.58406pt x 795.3441pt.
File: revisions/2026-09-24-r34/history/HISTORY_R32.pdf Graphic file (type pdf)
<use revisions/2026-09-24-r34/history/HISTORY_R32.pdf, page 112>
Package pdftex.def Info: revisions/2026-09-24-r34/history/HISTORY_R32.pdf , pag
e112 used on input line 11.
(pdftex.def)             Requested size: 614.58406pt x 795.3441pt.
File: revisions/2026-09-24-r34/history/HISTORY_R32.pdf Graphic file (type pdf)
<use revisions/2026-09-24-r34/history/HISTORY_R32.pdf, page 112>
Package pdftex.def Info: revisions/2026-09-24-r34/history/HISTORY_R32.pdf , pag
e112 used on input line 11.
(pdftex.def)             Requested size: 614.58406pt x 795.3441pt.

[139

 <./revisions/2026-09-24-r34/history/HISTORY_R32.pdf>]
<revisions/2026-09-24-r34/history/HISTORY_R32.pdf, id=1741, page=113, 614.295pt
 x 794.97pt>
File: revisions/2026-09-24-r34/history/HISTORY_R32.pdf Graphic file (type pdf)
<use revisions/2026-09-24-r34/history/HISTORY_R32.pdf, page 113>
Package pdftex.def Info: revisions/2026-09-24-r34/history/HISTORY_R32.pdf , pag
e113 used on input line 11.
(pdftex.def)             Requested size: 614.58406pt x 795.3441pt.
File: revisions/2026-09-24-r34/history/HISTORY_R32.pdf Graphic file (type pdf)
<use revisions/2026-09-24-r34/history/HISTORY_R32.pdf, page 113>
Package pdftex.def Info: revisions/2026-09-24-r34/history/HISTORY_R32.pdf , pag
e113 used on input line 11.
(pdftex.def)             Requested size: 614.58406pt x 795.3441pt.
File: revisions/2026-09-24-r34/history/HISTORY_R32.pdf Graphic file (type pdf)
<use revisions/2026-09-24-r34/history/HISTORY_R32.pdf, page 113>
Package pdftex.def Info: revisions/2026-09-24-r34/history/HISTORY_R32.pdf , pag
e113 used on input line 11.
(pdftex.def)             Requested size: 614.58406pt x 795.3441pt.
 [140

 <./revisions/2026-09-24-r34/history/HISTORY_R32.pdf>]
<revisions/2026-09-24-r34/history/HISTORY_R32.pdf, id=1749, page=114, 614.295pt
 x 794.97pt>
File: revisions/2026-09-24-r34/history/HISTORY_R32.pdf Graphic file (type pdf)
<use revisions/2026-09-24-r34/history/HISTORY_R32.pdf, page 114>
Package pdftex.def Info: revisions/2026-09-24-r34/history/HISTORY_R32.pdf , pag
e114 used on input line 11.
(pdftex.def)             Requested size: 614.58406pt x 795.3441pt.
File: revisions/2026-09-24-r34/history/HISTORY_R32.pdf Graphic file (type pdf)
<use revisions/2026-09-24-r34/history/HISTORY_R32.pdf, page 114>
Package pdftex.def Info: revisions/2026-09-24-r34/history/HISTORY_R32.pdf , pag
e114 used on input line 11.
(pdftex.def)             Requested size: 614.58406pt x 795.3441pt.
File: revisions/2026-09-24-r34/history/HISTORY_R32.pdf Graphic file (type pdf)
<use revisions/2026-09-24-r34/history/HISTORY_R32.pdf, page 114>
Package pdftex.def Info: revisions/2026-09-24-r34/history/HISTORY_R32.pdf , pag
e114 used on input line 11.
(pdftex.def)             Requested size: 614.58406pt x 795.3441pt.
 [141

 <./revisions/2026-09-24-r34/history/HISTORY_R32.pdf>]
<revisions/2026-09-24-r34/history/HISTORY_R32.pdf, id=1774, page=115, 614.295pt
 x 794.97pt>
File: revisions/2026-09-24-r34/history/HISTORY_R32.pdf Graphic file (type pdf)
<use revisions/2026-09-24-r34/history/HISTORY_R32.pdf, page 115>
Package pdftex.def Info: revisions/2026-09-24-r34/history/HISTORY_R32.pdf , pag
e115 used on input line 11.
(pdftex.def)             Requested size: 614.58406pt x 795.3441pt.
File: revisions/2026-09-24-r34/history/HISTORY_R32.pdf Graphic file (type pdf)
<use revisions/2026-09-24-r34/history/HISTORY_R32.pdf, page 115>
Package pdftex.def Info: revisions/2026-09-24-r34/history/HISTORY_R32.pdf , pag
e115 used on input line 11.
(pdftex.def)             Requested size: 614.58406pt x 795.3441pt.
File: revisions/2026-09-24-r34/history/HISTORY_R32.pdf Graphic file (type pdf)
<use revisions/2026-09-24-r34/history/HISTORY_R32.pdf, page 115>
Package pdftex.def Info: revisions/2026-09-24-r34/history/HISTORY_R32.pdf , pag
e115 used on input line 11.
(pdftex.def)             Requested size: 614.58406pt x 795.3441pt.
 [142

 <./revisions/2026-09-24-r34/history/HISTORY_R32.pdf>]
<revisions/2026-09-24-r34/history/HISTORY_R32.pdf, id=1782, page=116, 614.295pt
 x 794.97pt>
File: revisions/2026-09-24-r34/history/HISTORY_R32.pdf Graphic file (type pdf)
<use revisions/2026-09-24-r34/history/HISTORY_R32.pdf, page 116>
Package pdftex.def Info: revisions/2026-09-24-r34/history/HISTORY_R32.pdf , pag
e116 used on input line 11.
(pdftex.def)             Requested size: 614.58406pt x 795.3441pt.
File: revisions/2026-09-24-r34/history/HISTORY_R32.pdf Graphic file (type pdf)
<use revisions/2026-09-24-r34/history/HISTORY_R32.pdf, page 116>
Package pdftex.def Info: revisions/2026-09-24-r34/history/HISTORY_R32.pdf , pag
e116 used on input line 11.
(pdftex.def)             Requested size: 614.58406pt x 795.3441pt.
File: revisions/2026-09-24-r34/history/HISTORY_R32.pdf Graphic file (type pdf)
<use revisions/2026-09-24-r34/history/HISTORY_R32.pdf, page 116>
Package pdftex.def Info: revisions/2026-09-24-r34/history/HISTORY_R32.pdf , pag
e116 used on input line 11.
(pdftex.def)             Requested size: 614.58406pt x 795.3441pt.

[143

 <./revisions/2026-09-24-r34/history/HISTORY_R32.pdf>]
<revisions/2026-09-24-r34/history/HISTORY_R32.pdf, id=1799, page=117, 614.295pt
 x 794.97pt>
File: revisions/2026-09-24-r34/history/HISTORY_R32.pdf Graphic file (type pdf)
<use revisions/2026-09-24-r34/history/HISTORY_R32.pdf, page 117>
Package pdftex.def Info: revisions/2026-09-24-r34/history/HISTORY_R32.pdf , pag
e117 used on input line 11.
(pdftex.def)             Requested size: 614.58406pt x 795.3441pt.
File: revisions/2026-09-24-r34/history/HISTORY_R32.pdf Graphic file (type pdf)
<use revisions/2026-09-24-r34/history/HISTORY_R32.pdf, page 117>
Package pdftex.def Info: revisions/2026-09-24-r34/history/HISTORY_R32.pdf , pag
e117 used on input line 11.
(pdftex.def)             Requested size: 614.58406pt x 795.3441pt.
File: revisions/2026-09-24-r34/history/HISTORY_R32.pdf Graphic file (type pdf)
<use revisions/2026-09-24-r34/history/HISTORY_R32.pdf, page 117>
Package pdftex.def Info: revisions/2026-09-24-r34/history/HISTORY_R32.pdf , pag
e117 used on input line 11.
(pdftex.def)             Requested size: 614.58406pt x 795.3441pt.
 [144

 <./revisions/2026-09-24-r34/history/HISTORY_R32.pdf>]
<revisions/2026-09-24-r34/history/HISTORY_R32.pdf, id=1827, page=118, 614.295pt
 x 794.97pt>
File: revisions/2026-09-24-r34/history/HISTORY_R32.pdf Graphic file (type pdf)
<use revisions/2026-09-24-r34/history/HISTORY_R32.pdf, page 118>
Package pdftex.def Info: revisions/2026-09-24-r34/history/HISTORY_R32.pdf , pag
e118 used on input line 11.
(pdftex.def)             Requested size: 614.58406pt x 795.3441pt.
File: revisions/2026-09-24-r34/history/HISTORY_R32.pdf Graphic file (type pdf)
<use revisions/2026-09-24-r34/history/HISTORY_R32.pdf, page 118>
Package pdftex.def Info: revisions/2026-09-24-r34/history/HISTORY_R32.pdf , pag
e118 used on input line 11.
(pdftex.def)             Requested size: 614.58406pt x 795.3441pt.
File: revisions/2026-09-24-r34/history/HISTORY_R32.pdf Graphic file (type pdf)
<use revisions/2026-09-24-r34/history/HISTORY_R32.pdf, page 118>
Package pdftex.def Info: revisions/2026-09-24-r34/history/HISTORY_R32.pdf , pag
e118 used on input line 11.
(pdftex.def)             Requested size: 614.58406pt x 795.3441pt.
 [145

 <./revisions/2026-09-24-r34/history/HISTORY_R32.pdf>]
<revisions/2026-09-24-r34/history/HISTORY_R32.pdf, id=1836, page=119, 614.295pt
 x 794.97pt>
File: revisions/2026-09-24-r34/history/HISTORY_R32.pdf Graphic file (type pdf)
<use revisions/2026-09-24-r34/history/HISTORY_R32.pdf, page 119>
Package pdftex.def Info: revisions/2026-09-24-r34/history/HISTORY_R32.pdf , pag
e119 used on input line 11.
(pdftex.def)             Requested size: 614.58406pt x 795.3441pt.
File: revisions/2026-09-24-r34/history/HISTORY_R32.pdf Graphic file (type pdf)
<use revisions/2026-09-24-r34/history/HISTORY_R32.pdf, page 119>
Package pdftex.def Info: revisions/2026-09-24-r34/history/HISTORY_R32.pdf , pag
e119 used on input line 11.
(pdftex.def)             Requested size: 614.58406pt x 795.3441pt.
File: revisions/2026-09-24-r34/history/HISTORY_R32.pdf Graphic file (type pdf)
<use revisions/2026-09-24-r34/history/HISTORY_R32.pdf, page 119>
Package pdftex.def Info: revisions/2026-09-24-r34/history/HISTORY_R32.pdf , pag
e119 used on input line 11.
(pdftex.def)             Requested size: 614.58406pt x 795.3441pt.
 [146

 <./revisions/2026-09-24-r34/history/HISTORY_R32.pdf>]
<revisions/2026-09-24-r34/history/HISTORY_R32.pdf, id=1844, page=120, 614.295pt
 x 794.97pt>
File: revisions/2026-09-24-r34/history/HISTORY_R32.pdf Graphic file (type pdf)
<use revisions/2026-09-24-r34/history/HISTORY_R32.pdf, page 120>
Package pdftex.def Info: revisions/2026-09-24-r34/history/HISTORY_R32.pdf , pag
e120 used on input line 11.
(pdftex.def)             Requested size: 614.58406pt x 795.3441pt.
File: revisions/2026-09-24-r34/history/HISTORY_R32.pdf Graphic file (type pdf)
<use revisions/2026-09-24-r34/history/HISTORY_R32.pdf, page 120>
Package pdftex.def Info: revisions/2026-09-24-r34/history/HISTORY_R32.pdf , pag
e120 used on input line 11.
(pdftex.def)             Requested size: 614.58406pt x 795.3441pt.
File: revisions/2026-09-24-r34/history/HISTORY_R32.pdf Graphic file (type pdf)
<use revisions/2026-09-24-r34/history/HISTORY_R32.pdf, page 120>
Package pdftex.def Info: revisions/2026-09-24-r34/history/HISTORY_R32.pdf , pag
e120 used on input line 11.
(pdftex.def)             Requested size: 614.58406pt x 795.3441pt.

[147

 <./revisions/2026-09-24-r34/history/HISTORY_R32.pdf>]
<revisions/2026-09-24-r34/history/HISTORY_R32.pdf, id=1852, page=121, 614.295pt
 x 794.97pt>
File: revisions/2026-09-24-r34/history/HISTORY_R32.pdf Graphic file (type pdf)
<use revisions/2026-09-24-r34/history/HISTORY_R32.pdf, page 121>
Package pdftex.def Info: revisions/2026-09-24-r34/history/HISTORY_R32.pdf , pag
e121 used on input line 11.
(pdftex.def)             Requested size: 614.58406pt x 795.3441pt.
File: revisions/2026-09-24-r34/history/HISTORY_R32.pdf Graphic file (type pdf)
<use revisions/2026-09-24-r34/history/HISTORY_R32.pdf, page 121>
Package pdftex.def Info: revisions/2026-09-24-r34/history/HISTORY_R32.pdf , pag
e121 used on input line 11.
(pdftex.def)             Requested size: 614.58406pt x 795.3441pt.
File: revisions/2026-09-24-r34/history/HISTORY_R32.pdf Graphic file (type pdf)
<use revisions/2026-09-24-r34/history/HISTORY_R32.pdf, page 121>
Package pdftex.def Info: revisions/2026-09-24-r34/history/HISTORY_R32.pdf , pag
e121 used on input line 11.
(pdftex.def)             Requested size: 614.58406pt x 795.3441pt.
 [148

 <./revisions/2026-09-24-r34/history/HISTORY_R32.pdf>]
<revisions/2026-09-24-r34/history/HISTORY_R32.pdf, id=1897, page=122, 614.295pt
 x 794.97pt>
File: revisions/2026-09-24-r34/history/HISTORY_R32.pdf Graphic file (type pdf)
<use revisions/2026-09-24-r34/history/HISTORY_R32.pdf, page 122>
Package pdftex.def Info: revisions/2026-09-24-r34/history/HISTORY_R32.pdf , pag
e122 used on input line 11.
(pdftex.def)             Requested size: 614.58406pt x 795.3441pt.
File: revisions/2026-09-24-r34/history/HISTORY_R32.pdf Graphic file (type pdf)
<use revisions/2026-09-24-r34/history/HISTORY_R32.pdf, page 122>
Package pdftex.def Info: revisions/2026-09-24-r34/history/HISTORY_R32.pdf , pag
e122 used on input line 11.
(pdftex.def)             Requested size: 614.58406pt x 795.3441pt.
File: revisions/2026-09-24-r34/history/HISTORY_R32.pdf Graphic file (type pdf)
<use revisions/2026-09-24-r34/history/HISTORY_R32.pdf, page 122>
Package pdftex.def Info: revisions/2026-09-24-r34/history/HISTORY_R32.pdf , pag
e122 used on input line 11.
(pdftex.def)             Requested size: 614.58406pt x 795.3441pt.
 [149

 <./revisions/2026-09-24-r34/history/HISTORY_R32.pdf>]
<revisions/2026-09-24-r34/history/HISTORY_R32.pdf, id=1916, page=123, 614.295pt
 x 794.97pt>
File: revisions/2026-09-24-r34/history/HISTORY_R32.pdf Graphic file (type pdf)
<use revisions/2026-09-24-r34/history/HISTORY_R32.pdf, page 123>
Package pdftex.def Info: revisions/2026-09-24-r34/history/HISTORY_R32.pdf , pag
e123 used on input line 11.
(pdftex.def)             Requested size: 614.58406pt x 795.3441pt.
File: revisions/2026-09-24-r34/history/HISTORY_R32.pdf Graphic file (type pdf)
<use revisions/2026-09-24-r34/history/HISTORY_R32.pdf, page 123>
Package pdftex.def Info: revisions/2026-09-24-r34/history/HISTORY_R32.pdf , pag
e123 used on input line 11.
(pdftex.def)             Requested size: 614.58406pt x 795.3441pt.
File: revisions/2026-09-24-r34/history/HISTORY_R32.pdf Graphic file (type pdf)
<use revisions/2026-09-24-r34/history/HISTORY_R32.pdf, page 123>
Package pdftex.def Info: revisions/2026-09-24-r34/history/HISTORY_R32.pdf , pag
e123 used on input line 11.
(pdftex.def)             Requested size: 614.58406pt x 795.3441pt.
 [150

 <./revisions/2026-09-24-r34/history/HISTORY_R32.pdf>]
<revisions/2026-09-24-r34/history/HISTORY_R32.pdf, id=1944, page=124, 614.295pt
 x 794.97pt>
File: revisions/2026-09-24-r34/history/HISTORY_R32.pdf Graphic file (type pdf)
<use revisions/2026-09-24-r34/history/HISTORY_R32.pdf, page 124>
Package pdftex.def Info: revisions/2026-09-24-r34/history/HISTORY_R32.pdf , pag
e124 used on input line 11.
(pdftex.def)             Requested size: 614.58406pt x 795.3441pt.
File: revisions/2026-09-24-r34/history/HISTORY_R32.pdf Graphic file (type pdf)
<use revisions/2026-09-24-r34/history/HISTORY_R32.pdf, page 124>
Package pdftex.def Info: revisions/2026-09-24-r34/history/HISTORY_R32.pdf , pag
e124 used on input line 11.
(pdftex.def)             Requested size: 614.58406pt x 795.3441pt.
File: revisions/2026-09-24-r34/history/HISTORY_R32.pdf Graphic file (type pdf)
<use revisions/2026-09-24-r34/history/HISTORY_R32.pdf, page 124>
Package pdftex.def Info: revisions/2026-09-24-r34/history/HISTORY_R32.pdf , pag
e124 used on input line 11.
(pdftex.def)             Requested size: 614.58406pt x 795.3441pt.

[151

 <./revisions/2026-09-24-r34/history/HISTORY_R32.pdf>]
<revisions/2026-09-24-r34/history/HISTORY_R32.pdf, id=1954, page=125, 614.295pt
 x 794.97pt>
File: revisions/2026-09-24-r34/history/HISTORY_R32.pdf Graphic file (type pdf)
<use revisions/2026-09-24-r34/history/HISTORY_R32.pdf, page 125>
Package pdftex.def Info: revisions/2026-09-24-r34/history/HISTORY_R32.pdf , pag
e125 used on input line 11.
(pdftex.def)             Requested size: 614.58406pt x 795.3441pt.
File: revisions/2026-09-24-r34/history/HISTORY_R32.pdf Graphic file (type pdf)
<use revisions/2026-09-24-r34/history/HISTORY_R32.pdf, page 125>
Package pdftex.def Info: revisions/2026-09-24-r34/history/HISTORY_R32.pdf , pag
e125 used on input line 11.
(pdftex.def)             Requested size: 614.58406pt x 795.3441pt.
File: revisions/2026-09-24-r34/history/HISTORY_R32.pdf Graphic file (type pdf)
<use revisions/2026-09-24-r34/history/HISTORY_R32.pdf, page 125>
Package pdftex.def Info: revisions/2026-09-24-r34/history/HISTORY_R32.pdf , pag
e125 used on input line 11.
(pdftex.def)             Requested size: 614.58406pt x 795.3441pt.
 [152

 <./revisions/2026-09-24-r34/history/HISTORY_R32.pdf>]
<revisions/2026-09-24-r34/history/HISTORY_R32.pdf, id=1963, page=126, 614.295pt
 x 794.97pt>
File: revisions/2026-09-24-r34/history/HISTORY_R32.pdf Graphic file (type pdf)
<use revisions/2026-09-24-r34/history/HISTORY_R32.pdf, page 126>
Package pdftex.def Info: revisions/2026-09-24-r34/history/HISTORY_R32.pdf , pag
e126 used on input line 11.
(pdftex.def)             Requested size: 614.58406pt x 795.3441pt.
File: revisions/2026-09-24-r34/history/HISTORY_R32.pdf Graphic file (type pdf)
<use revisions/2026-09-24-r34/history/HISTORY_R32.pdf, page 126>
Package pdftex.def Info: revisions/2026-09-24-r34/history/HISTORY_R32.pdf , pag
e126 used on input line 11.
(pdftex.def)             Requested size: 614.58406pt x 795.3441pt.
File: revisions/2026-09-24-r34/history/HISTORY_R32.pdf Graphic file (type pdf)
<use revisions/2026-09-24-r34/history/HISTORY_R32.pdf, page 126>
Package pdftex.def Info: revisions/2026-09-24-r34/history/HISTORY_R32.pdf , pag
e126 used on input line 11.
(pdftex.def)             Requested size: 614.58406pt x 795.3441pt.
 [153

 <./revisions/2026-09-24-r34/history/HISTORY_R32.pdf>]
<revisions/2026-09-24-r34/history/HISTORY_R32.pdf, id=1972, page=127, 614.295pt
 x 794.97pt>
File: revisions/2026-09-24-r34/history/HISTORY_R32.pdf Graphic file (type pdf)
<use revisions/2026-09-24-r34/history/HISTORY_R32.pdf, page 127>
Package pdftex.def Info: revisions/2026-09-24-r34/history/HISTORY_R32.pdf , pag
e127 used on input line 11.
(pdftex.def)             Requested size: 614.58406pt x 795.3441pt.
File: revisions/2026-09-24-r34/history/HISTORY_R32.pdf Graphic file (type pdf)
<use revisions/2026-09-24-r34/history/HISTORY_R32.pdf, page 127>
Package pdftex.def Info: revisions/2026-09-24-r34/history/HISTORY_R32.pdf , pag
e127 used on input line 11.
(pdftex.def)             Requested size: 614.58406pt x 795.3441pt.
File: revisions/2026-09-24-r34/history/HISTORY_R32.pdf Graphic file (type pdf)
<use revisions/2026-09-24-r34/history/HISTORY_R32.pdf, page 127>
Package pdftex.def Info: revisions/2026-09-24-r34/history/HISTORY_R32.pdf , pag
e127 used on input line 11.
(pdftex.def)             Requested size: 614.58406pt x 795.3441pt.
 [154

 <./revisions/2026-09-24-r34/history/HISTORY_R32.pdf>]
<revisions/2026-09-24-r34/history/HISTORY_R32.pdf, id=1989, page=128, 614.295pt
 x 794.97pt>
File: revisions/2026-09-24-r34/history/HISTORY_R32.pdf Graphic file (type pdf)
<use revisions/2026-09-24-r34/history/HISTORY_R32.pdf, page 128>
Package pdftex.def Info: revisions/2026-09-24-r34/history/HISTORY_R32.pdf , pag
e128 used on input line 11.
(pdftex.def)             Requested size: 614.58406pt x 795.3441pt.
File: revisions/2026-09-24-r34/history/HISTORY_R32.pdf Graphic file (type pdf)
<use revisions/2026-09-24-r34/history/HISTORY_R32.pdf, page 128>
Package pdftex.def Info: revisions/2026-09-24-r34/history/HISTORY_R32.pdf , pag
e128 used on input line 11.
(pdftex.def)             Requested size: 614.58406pt x 795.3441pt.
File: revisions/2026-09-24-r34/history/HISTORY_R32.pdf Graphic file (type pdf)
<use revisions/2026-09-24-r34/history/HISTORY_R32.pdf, page 128>
Package pdftex.def Info: revisions/2026-09-24-r34/history/HISTORY_R32.pdf , pag
e128 used on input line 11.
(pdftex.def)             Requested size: 614.58406pt x 795.3441pt.

[155

 <./revisions/2026-09-24-r34/history/HISTORY_R32.pdf>]
<revisions/2026-09-24-r34/history/HISTORY_R32.pdf, id=2012, page=129, 614.295pt
 x 794.97pt>
File: revisions/2026-09-24-r34/history/HISTORY_R32.pdf Graphic file (type pdf)
<use revisions/2026-09-24-r34/history/HISTORY_R32.pdf, page 129>
Package pdftex.def Info: revisions/2026-09-24-r34/history/HISTORY_R32.pdf , pag
e129 used on input line 11.
(pdftex.def)             Requested size: 614.58406pt x 795.3441pt.
File: revisions/2026-09-24-r34/history/HISTORY_R32.pdf Graphic file (type pdf)
<use revisions/2026-09-24-r34/history/HISTORY_R32.pdf, page 129>
Package pdftex.def Info: revisions/2026-09-24-r34/history/HISTORY_R32.pdf , pag
e129 used on input line 11.
(pdftex.def)             Requested size: 614.58406pt x 795.3441pt.
File: revisions/2026-09-24-r34/history/HISTORY_R32.pdf Graphic file (type pdf)
<use revisions/2026-09-24-r34/history/HISTORY_R32.pdf, page 129>
Package pdftex.def Info: revisions/2026-09-24-r34/history/HISTORY_R32.pdf , pag
e129 used on input line 11.
(pdftex.def)             Requested size: 614.58406pt x 795.3441pt.
 [156

 <./revisions/2026-09-24-r34/history/HISTORY_R32.pdf>]
<revisions/2026-09-24-r34/history/HISTORY_R32.pdf, id=2021, page=130, 614.295pt
 x 794.97pt>
File: revisions/2026-09-24-r34/history/HISTORY_R32.pdf Graphic file (type pdf)
<use revisions/2026-09-24-r34/history/HISTORY_R32.pdf, page 130>
Package pdftex.def Info: revisions/2026-09-24-r34/history/HISTORY_R32.pdf , pag
e130 used on input line 11.
(pdftex.def)             Requested size: 614.58406pt x 795.3441pt.
File: revisions/2026-09-24-r34/history/HISTORY_R32.pdf Graphic file (type pdf)
<use revisions/2026-09-24-r34/history/HISTORY_R32.pdf, page 130>
Package pdftex.def Info: revisions/2026-09-24-r34/history/HISTORY_R32.pdf , pag
e130 used on input line 11.
(pdftex.def)             Requested size: 614.58406pt x 795.3441pt.
File: revisions/2026-09-24-r34/history/HISTORY_R32.pdf Graphic file (type pdf)
<use revisions/2026-09-24-r34/history/HISTORY_R32.pdf, page 130>
Package pdftex.def Info: revisions/2026-09-24-r34/history/HISTORY_R32.pdf , pag
e130 used on input line 11.
(pdftex.def)             Requested size: 614.58406pt x 795.3441pt.
 [157

 <./revisions/2026-09-24-r34/history/HISTORY_R32.pdf>]
<revisions/2026-09-24-r34/history/HISTORY_R32.pdf, id=2031, page=131, 614.295pt
 x 794.97pt>
File: revisions/2026-09-24-r34/history/HISTORY_R32.pdf Graphic file (type pdf)
<use revisions/2026-09-24-r34/history/HISTORY_R32.pdf, page 131>
Package pdftex.def Info: revisions/2026-09-24-r34/history/HISTORY_R32.pdf , pag
e131 used on input line 11.
(pdftex.def)             Requested size: 614.58406pt x 795.3441pt.
File: revisions/2026-09-24-r34/history/HISTORY_R32.pdf Graphic file (type pdf)
<use revisions/2026-09-24-r34/history/HISTORY_R32.pdf, page 131>
Package pdftex.def Info: revisions/2026-09-24-r34/history/HISTORY_R32.pdf , pag
e131 used on input line 11.
(pdftex.def)             Requested size: 614.58406pt x 795.3441pt.
File: revisions/2026-09-24-r34/history/HISTORY_R32.pdf Graphic file (type pdf)
<use revisions/2026-09-24-r34/history/HISTORY_R32.pdf, page 131>
Package pdftex.def Info: revisions/2026-09-24-r34/history/HISTORY_R32.pdf , pag
e131 used on input line 11.
(pdftex.def)             Requested size: 614.58406pt x 795.3441pt.
 [158

 <./revisions/2026-09-24-r34/history/HISTORY_R32.pdf>]
<revisions/2026-09-24-r34/history/HISTORY_R32.pdf, id=2040, page=132, 614.295pt
 x 794.97pt>
File: revisions/2026-09-24-r34/history/HISTORY_R32.pdf Graphic file (type pdf)
<use revisions/2026-09-24-r34/history/HISTORY_R32.pdf, page 132>
Package pdftex.def Info: revisions/2026-09-24-r34/history/HISTORY_R32.pdf , pag
e132 used on input line 11.
(pdftex.def)             Requested size: 614.58406pt x 795.3441pt.
File: revisions/2026-09-24-r34/history/HISTORY_R32.pdf Graphic file (type pdf)
<use revisions/2026-09-24-r34/history/HISTORY_R32.pdf, page 132>
Package pdftex.def Info: revisions/2026-09-24-r34/history/HISTORY_R32.pdf , pag
e132 used on input line 11.
(pdftex.def)             Requested size: 614.58406pt x 795.3441pt.
File: revisions/2026-09-24-r34/history/HISTORY_R32.pdf Graphic file (type pdf)
<use revisions/2026-09-24-r34/history/HISTORY_R32.pdf, page 132>
Package pdftex.def Info: revisions/2026-09-24-r34/history/HISTORY_R32.pdf , pag
e132 used on input line 11.
(pdftex.def)             Requested size: 614.58406pt x 795.3441pt.

[159

 <./revisions/2026-09-24-r34/history/HISTORY_R32.pdf>]
<revisions/2026-09-24-r34/history/HISTORY_R32.pdf, id=2049, page=133, 614.295pt
 x 794.97pt>
File: revisions/2026-09-24-r34/history/HISTORY_R32.pdf Graphic file (type pdf)
<use revisions/2026-09-24-r34/history/HISTORY_R32.pdf, page 133>
Package pdftex.def Info: revisions/2026-09-24-r34/history/HISTORY_R32.pdf , pag
e133 used on input line 11.
(pdftex.def)             Requested size: 614.58406pt x 795.3441pt.
File: revisions/2026-09-24-r34/history/HISTORY_R32.pdf Graphic file (type pdf)
<use revisions/2026-09-24-r34/history/HISTORY_R32.pdf, page 133>
Package pdftex.def Info: revisions/2026-09-24-r34/history/HISTORY_R32.pdf , pag
e133 used on input line 11.
(pdftex.def)             Requested size: 614.58406pt x 795.3441pt.
File: revisions/2026-09-24-r34/history/HISTORY_R32.pdf Graphic file (type pdf)
<use revisions/2026-09-24-r34/history/HISTORY_R32.pdf, page 133>
Package pdftex.def Info: revisions/2026-09-24-r34/history/HISTORY_R32.pdf , pag
e133 used on input line 11.
(pdftex.def)             Requested size: 614.58406pt x 795.3441pt.
 [160

 <./revisions/2026-09-24-r34/history/HISTORY_R32.pdf>]
<revisions/2026-09-24-r34/history/HISTORY_R32.pdf, id=2065, page=134, 614.295pt
 x 794.97pt>
File: revisions/2026-09-24-r34/history/HISTORY_R32.pdf Graphic file (type pdf)
<use revisions/2026-09-24-r34/history/HISTORY_R32.pdf, page 134>
Package pdftex.def Info: revisions/2026-09-24-r34/history/HISTORY_R32.pdf , pag
e134 used on input line 11.
(pdftex.def)             Requested size: 614.58406pt x 795.3441pt.
File: revisions/2026-09-24-r34/history/HISTORY_R32.pdf Graphic file (type pdf)
<use revisions/2026-09-24-r34/history/HISTORY_R32.pdf, page 134>
Package pdftex.def Info: revisions/2026-09-24-r34/history/HISTORY_R32.pdf , pag
e134 used on input line 11.
(pdftex.def)             Requested size: 614.58406pt x 795.3441pt.
File: revisions/2026-09-24-r34/history/HISTORY_R32.pdf Graphic file (type pdf)
<use revisions/2026-09-24-r34/history/HISTORY_R32.pdf, page 134>
Package pdftex.def Info: revisions/2026-09-24-r34/history/HISTORY_R32.pdf , pag
e134 used on input line 11.
(pdftex.def)             Requested size: 614.58406pt x 795.3441pt.
 [161

 <./revisions/2026-09-24-r34/history/HISTORY_R32.pdf>]
<revisions/2026-09-24-r34/history/HISTORY_R32.pdf, id=2074, page=135, 614.295pt
 x 794.97pt>
File: revisions/2026-09-24-r34/history/HISTORY_R32.pdf Graphic file (type pdf)
<use revisions/2026-09-24-r34/history/HISTORY_R32.pdf, page 135>
Package pdftex.def Info: revisions/2026-09-24-r34/history/HISTORY_R32.pdf , pag
e135 used on input line 11.
(pdftex.def)             Requested size: 614.58406pt x 795.3441pt.
File: revisions/2026-09-24-r34/history/HISTORY_R32.pdf Graphic file (type pdf)
<use revisions/2026-09-24-r34/history/HISTORY_R32.pdf, page 135>
Package pdftex.def Info: revisions/2026-09-24-r34/history/HISTORY_R32.pdf , pag
e135 used on input line 11.
(pdftex.def)             Requested size: 614.58406pt x 795.3441pt.
File: revisions/2026-09-24-r34/history/HISTORY_R32.pdf Graphic file (type pdf)
<use revisions/2026-09-24-r34/history/HISTORY_R32.pdf, page 135>
Package pdftex.def Info: revisions/2026-09-24-r34/history/HISTORY_R32.pdf , pag
e135 used on input line 11.
(pdftex.def)             Requested size: 614.58406pt x 795.3441pt.
 [162

 <./revisions/2026-09-24-r34/history/HISTORY_R32.pdf>]
<revisions/2026-09-24-r34/history/HISTORY_R32.pdf, id=2083, page=136, 614.295pt
 x 794.97pt>
File: revisions/2026-09-24-r34/history/HISTORY_R32.pdf Graphic file (type pdf)
<use revisions/2026-09-24-r34/history/HISTORY_R32.pdf, page 136>
Package pdftex.def Info: revisions/2026-09-24-r34/history/HISTORY_R32.pdf , pag
e136 used on input line 11.
(pdftex.def)             Requested size: 614.58406pt x 795.3441pt.
File: revisions/2026-09-24-r34/history/HISTORY_R32.pdf Graphic file (type pdf)
<use revisions/2026-09-24-r34/history/HISTORY_R32.pdf, page 136>
Package pdftex.def Info: revisions/2026-09-24-r34/history/HISTORY_R32.pdf , pag
e136 used on input line 11.
(pdftex.def)             Requested size: 614.58406pt x 795.3441pt.
File: revisions/2026-09-24-r34/history/HISTORY_R32.pdf Graphic file (type pdf)
<use revisions/2026-09-24-r34/history/HISTORY_R32.pdf, page 136>
Package pdftex.def Info: revisions/2026-09-24-r34/history/HISTORY_R32.pdf , pag
e136 used on input line 11.
(pdftex.def)             Requested size: 614.58406pt x 795.3441pt.

[163

 <./revisions/2026-09-24-r34/history/HISTORY_R32.pdf>]
<revisions/2026-09-24-r34/history/HISTORY_R32.pdf, id=2093, page=137, 614.295pt
 x 794.97pt>
File: revisions/2026-09-24-r34/history/HISTORY_R32.pdf Graphic file (type pdf)
<use revisions/2026-09-24-r34/history/HISTORY_R32.pdf, page 137>
Package pdftex.def Info: revisions/2026-09-24-r34/history/HISTORY_R32.pdf , pag
e137 used on input line 11.
(pdftex.def)             Requested size: 614.58406pt x 795.3441pt.
File: revisions/2026-09-24-r34/history/HISTORY_R32.pdf Graphic file (type pdf)
<use revisions/2026-09-24-r34/history/HISTORY_R32.pdf, page 137>
Package pdftex.def Info: revisions/2026-09-24-r34/history/HISTORY_R32.pdf , pag
e137 used on input line 11.
(pdftex.def)             Requested size: 614.58406pt x 795.3441pt.
File: revisions/2026-09-24-r34/history/HISTORY_R32.pdf Graphic file (type pdf)
<use revisions/2026-09-24-r34/history/HISTORY_R32.pdf, page 137>
Package pdftex.def Info: revisions/2026-09-24-r34/history/HISTORY_R32.pdf , pag
e137 used on input line 11.
(pdftex.def)             Requested size: 614.58406pt x 795.3441pt.
 [164

 <./revisions/2026-09-24-r34/history/HISTORY_R32.pdf>]
<revisions/2026-09-24-r34/history/HISTORY_R32.pdf, id=2102, page=138, 614.295pt
 x 794.97pt>
File: revisions/2026-09-24-r34/history/HISTORY_R32.pdf Graphic file (type pdf)
<use revisions/2026-09-24-r34/history/HISTORY_R32.pdf, page 138>
Package pdftex.def Info: revisions/2026-09-24-r34/history/HISTORY_R32.pdf , pag
e138 used on input line 11.
(pdftex.def)             Requested size: 614.58406pt x 795.3441pt.
File: revisions/2026-09-24-r34/history/HISTORY_R32.pdf Graphic file (type pdf)
<use revisions/2026-09-24-r34/history/HISTORY_R32.pdf, page 138>
Package pdftex.def Info: revisions/2026-09-24-r34/history/HISTORY_R32.pdf , pag
e138 used on input line 11.
(pdftex.def)             Requested size: 614.58406pt x 795.3441pt.
File: revisions/2026-09-24-r34/history/HISTORY_R32.pdf Graphic file (type pdf)
<use revisions/2026-09-24-r34/history/HISTORY_R32.pdf, page 138>
Package pdftex.def Info: revisions/2026-09-24-r34/history/HISTORY_R32.pdf , pag
e138 used on input line 11.
(pdftex.def)             Requested size: 614.58406pt x 795.3441pt.
 [165

 <./revisions/2026-09-24-r34/history/HISTORY_R32.pdf>]
<revisions/2026-09-24-r34/history/HISTORY_R32.pdf, id=2111, page=139, 614.295pt
 x 794.97pt>
File: revisions/2026-09-24-r34/history/HISTORY_R32.pdf Graphic file (type pdf)
<use revisions/2026-09-24-r34/history/HISTORY_R32.pdf, page 139>
Package pdftex.def Info: revisions/2026-09-24-r34/history/HISTORY_R32.pdf , pag
e139 used on input line 11.
(pdftex.def)             Requested size: 614.58406pt x 795.3441pt.
File: revisions/2026-09-24-r34/history/HISTORY_R32.pdf Graphic file (type pdf)
<use revisions/2026-09-24-r34/history/HISTORY_R32.pdf, page 139>
Package pdftex.def Info: revisions/2026-09-24-r34/history/HISTORY_R32.pdf , pag
e139 used on input line 11.
(pdftex.def)             Requested size: 614.58406pt x 795.3441pt.
File: revisions/2026-09-24-r34/history/HISTORY_R32.pdf Graphic file (type pdf)
<use revisions/2026-09-24-r34/history/HISTORY_R32.pdf, page 139>
Package pdftex.def Info: revisions/2026-09-24-r34/history/HISTORY_R32.pdf , pag
e139 used on input line 11.
(pdftex.def)             Requested size: 614.58406pt x 795.3441pt.
 [166

 <./revisions/2026-09-24-r34/history/HISTORY_R32.pdf>]
<revisions/2026-09-24-r34/history/HISTORY_R32.pdf, id=2120, page=140, 614.295pt
 x 794.97pt>
File: revisions/2026-09-24-r34/history/HISTORY_R32.pdf Graphic file (type pdf)
<use revisions/2026-09-24-r34/history/HISTORY_R32.pdf, page 140>
Package pdftex.def Info: revisions/2026-09-24-r34/history/HISTORY_R32.pdf , pag
e140 used on input line 11.
(pdftex.def)             Requested size: 614.58406pt x 795.3441pt.
File: revisions/2026-09-24-r34/history/HISTORY_R32.pdf Graphic file (type pdf)
<use revisions/2026-09-24-r34/history/HISTORY_R32.pdf, page 140>
Package pdftex.def Info: revisions/2026-09-24-r34/history/HISTORY_R32.pdf , pag
e140 used on input line 11.
(pdftex.def)             Requested size: 614.58406pt x 795.3441pt.
File: revisions/2026-09-24-r34/history/HISTORY_R32.pdf Graphic file (type pdf)
<use revisions/2026-09-24-r34/history/HISTORY_R32.pdf, page 140>
Package pdftex.def Info: revisions/2026-09-24-r34/history/HISTORY_R32.pdf , pag
e140 used on input line 11.
(pdftex.def)             Requested size: 614.58406pt x 795.3441pt.

[167

 <./revisions/2026-09-24-r34/history/HISTORY_R32.pdf>]
<revisions/2026-09-24-r34/history/HISTORY_R32.pdf, id=2129, page=141, 614.295pt
 x 794.97pt>
File: revisions/2026-09-24-r34/history/HISTORY_R32.pdf Graphic file (type pdf)
<use revisions/2026-09-24-r34/history/HISTORY_R32.pdf, page 141>
Package pdftex.def Info: revisions/2026-09-24-r34/history/HISTORY_R32.pdf , pag
e141 used on input line 11.
(pdftex.def)             Requested size: 614.58406pt x 795.3441pt.
File: revisions/2026-09-24-r34/history/HISTORY_R32.pdf Graphic file (type pdf)
<use revisions/2026-09-24-r34/history/HISTORY_R32.pdf, page 141>
Package pdftex.def Info: revisions/2026-09-24-r34/history/HISTORY_R32.pdf , pag
e141 used on input line 11.
(pdftex.def)             Requested size: 614.58406pt x 795.3441pt.
File: revisions/2026-09-24-r34/history/HISTORY_R32.pdf Graphic file (type pdf)
<use revisions/2026-09-24-r34/history/HISTORY_R32.pdf, page 141>
Package pdftex.def Info: revisions/2026-09-24-r34/history/HISTORY_R32.pdf , pag
e141 used on input line 11.
(pdftex.def)             Requested size: 614.58406pt x 795.3441pt.
 [168

 <./revisions/2026-09-24-r34/history/HISTORY_R32.pdf>]
<revisions/2026-09-24-r34/history/HISTORY_R32.pdf, id=2138, page=142, 614.295pt
 x 794.97pt>
File: revisions/2026-09-24-r34/history/HISTORY_R32.pdf Graphic file (type pdf)
<use revisions/2026-09-24-r34/history/HISTORY_R32.pdf, page 142>
Package pdftex.def Info: revisions/2026-09-24-r34/history/HISTORY_R32.pdf , pag
e142 used on input line 11.
(pdftex.def)             Requested size: 614.58406pt x 795.3441pt.
File: revisions/2026-09-24-r34/history/HISTORY_R32.pdf Graphic file (type pdf)
<use revisions/2026-09-24-r34/history/HISTORY_R32.pdf, page 142>
Package pdftex.def Info: revisions/2026-09-24-r34/history/HISTORY_R32.pdf , pag
e142 used on input line 11.
(pdftex.def)             Requested size: 614.58406pt x 795.3441pt.
File: revisions/2026-09-24-r34/history/HISTORY_R32.pdf Graphic file (type pdf)
<use revisions/2026-09-24-r34/history/HISTORY_R32.pdf, page 142>
Package pdftex.def Info: revisions/2026-09-24-r34/history/HISTORY_R32.pdf , pag
e142 used on input line 11.
(pdftex.def)             Requested size: 614.58406pt x 795.3441pt.
 [169

 <./revisions/2026-09-24-r34/history/HISTORY_R32.pdf>]
<revisions/2026-09-24-r34/history/HISTORY_R32.pdf, id=2148, page=143, 614.295pt
 x 794.97pt>
File: revisions/2026-09-24-r34/history/HISTORY_R32.pdf Graphic file (type pdf)
<use revisions/2026-09-24-r34/history/HISTORY_R32.pdf, page 143>
Package pdftex.def Info: revisions/2026-09-24-r34/history/HISTORY_R32.pdf , pag
e143 used on input line 11.
(pdftex.def)             Requested size: 614.58406pt x 795.3441pt.
File: revisions/2026-09-24-r34/history/HISTORY_R32.pdf Graphic file (type pdf)
<use revisions/2026-09-24-r34/history/HISTORY_R32.pdf, page 143>
Package pdftex.def Info: revisions/2026-09-24-r34/history/HISTORY_R32.pdf , pag
e143 used on input line 11.
(pdftex.def)             Requested size: 614.58406pt x 795.3441pt.
File: revisions/2026-09-24-r34/history/HISTORY_R32.pdf Graphic file (type pdf)
<use revisions/2026-09-24-r34/history/HISTORY_R32.pdf, page 143>
Package pdftex.def Info: revisions/2026-09-24-r34/history/HISTORY_R32.pdf , pag
e143 used on input line 11.
(pdftex.def)             Requested size: 614.58406pt x 795.3441pt.
 [170

 <./revisions/2026-09-24-r34/history/HISTORY_R32.pdf>]
<revisions/2026-09-24-r34/history/HISTORY_R32.pdf, id=2164, page=144, 614.295pt
 x 794.97pt>
File: revisions/2026-09-24-r34/history/HISTORY_R32.pdf Graphic file (type pdf)
<use revisions/2026-09-24-r34/history/HISTORY_R32.pdf, page 144>
Package pdftex.def Info: revisions/2026-09-24-r34/history/HISTORY_R32.pdf , pag
e144 used on input line 11.
(pdftex.def)             Requested size: 614.58406pt x 795.3441pt.
File: revisions/2026-09-24-r34/history/HISTORY_R32.pdf Graphic file (type pdf)
<use revisions/2026-09-24-r34/history/HISTORY_R32.pdf, page 144>
Package pdftex.def Info: revisions/2026-09-24-r34/history/HISTORY_R32.pdf , pag
e144 used on input line 11.
(pdftex.def)             Requested size: 614.58406pt x 795.3441pt.
File: revisions/2026-09-24-r34/history/HISTORY_R32.pdf Graphic file (type pdf)
<use revisions/2026-09-24-r34/history/HISTORY_R32.pdf, page 144>
Package pdftex.def Info: revisions/2026-09-24-r34/history/HISTORY_R32.pdf , pag
e144 used on input line 11.
(pdftex.def)             Requested size: 614.58406pt x 795.3441pt.

[171

 <./revisions/2026-09-24-r34/history/HISTORY_R32.pdf>]
<revisions/2026-09-24-r34/history/HISTORY_R32.pdf, id=2173, page=145, 614.295pt
 x 794.97pt>
File: revisions/2026-09-24-r34/history/HISTORY_R32.pdf Graphic file (type pdf)
<use revisions/2026-09-24-r34/history/HISTORY_R32.pdf, page 145>
Package pdftex.def Info: revisions/2026-09-24-r34/history/HISTORY_R32.pdf , pag
e145 used on input line 11.
(pdftex.def)             Requested size: 614.58406pt x 795.3441pt.
File: revisions/2026-09-24-r34/history/HISTORY_R32.pdf Graphic file (type pdf)
<use revisions/2026-09-24-r34/history/HISTORY_R32.pdf, page 145>
Package pdftex.def Info: revisions/2026-09-24-r34/history/HISTORY_R32.pdf , pag
e145 used on input line 11.
(pdftex.def)             Requested size: 614.58406pt x 795.3441pt.
File: revisions/2026-09-24-r34/history/HISTORY_R32.pdf Graphic file (type pdf)
<use revisions/2026-09-24-r34/history/HISTORY_R32.pdf, page 145>
Package pdftex.def Info: revisions/2026-09-24-r34/history/HISTORY_R32.pdf , pag
e145 used on input line 11.
(pdftex.def)             Requested size: 614.58406pt x 795.3441pt.
 [172

 <./revisions/2026-09-24-r34/history/HISTORY_R32.pdf>]
<revisions/2026-09-24-r34/history/HISTORY_R32.pdf, id=2189, page=146, 614.295pt
 x 794.97pt>
File: revisions/2026-09-24-r34/history/HISTORY_R32.pdf Graphic file (type pdf)
<use revisions/2026-09-24-r34/history/HISTORY_R32.pdf, page 146>
Package pdftex.def Info: revisions/2026-09-24-r34/history/HISTORY_R32.pdf , pag
e146 used on input line 11.
(pdftex.def)             Requested size: 614.58406pt x 795.3441pt.
File: revisions/2026-09-24-r34/history/HISTORY_R32.pdf Graphic file (type pdf)
<use revisions/2026-09-24-r34/history/HISTORY_R32.pdf, page 146>
Package pdftex.def Info: revisions/2026-09-24-r34/history/HISTORY_R32.pdf , pag
e146 used on input line 11.
(pdftex.def)             Requested size: 614.58406pt x 795.3441pt.
File: revisions/2026-09-24-r34/history/HISTORY_R32.pdf Graphic file (type pdf)
<use revisions/2026-09-24-r34/history/HISTORY_R32.pdf, page 146>
Package pdftex.def Info: revisions/2026-09-24-r34/history/HISTORY_R32.pdf , pag
e146 used on input line 11.
(pdftex.def)             Requested size: 614.58406pt x 795.3441pt.
 [173

 <./revisions/2026-09-24-r34/history/HISTORY_R32.pdf>]
<revisions/2026-09-24-r34/history/HISTORY_R32.pdf, id=2198, page=147, 614.295pt
 x 794.97pt>
File: revisions/2026-09-24-r34/history/HISTORY_R32.pdf Graphic file (type pdf)
<use revisions/2026-09-24-r34/history/HISTORY_R32.pdf, page 147>
Package pdftex.def Info: revisions/2026-09-24-r34/history/HISTORY_R32.pdf , pag
e147 used on input line 11.
(pdftex.def)             Requested size: 614.58406pt x 795.3441pt.
File: revisions/2026-09-24-r34/history/HISTORY_R32.pdf Graphic file (type pdf)
<use revisions/2026-09-24-r34/history/HISTORY_R32.pdf, page 147>
Package pdftex.def Info: revisions/2026-09-24-r34/history/HISTORY_R32.pdf , pag
e147 used on input line 11.
(pdftex.def)             Requested size: 614.58406pt x 795.3441pt.
File: revisions/2026-09-24-r34/history/HISTORY_R32.pdf Graphic file (type pdf)
<use revisions/2026-09-24-r34/history/HISTORY_R32.pdf, page 147>
Package pdftex.def Info: revisions/2026-09-24-r34/history/HISTORY_R32.pdf , pag
e147 used on input line 11.
(pdftex.def)             Requested size: 614.58406pt x 795.3441pt.
 [174

 <./revisions/2026-09-24-r34/history/HISTORY_R32.pdf>]
<revisions/2026-09-24-r34/history/HISTORY_R32.pdf, id=2207, page=148, 614.295pt
 x 794.97pt>
File: revisions/2026-09-24-r34/history/HISTORY_R32.pdf Graphic file (type pdf)
<use revisions/2026-09-24-r34/history/HISTORY_R32.pdf, page 148>
Package pdftex.def Info: revisions/2026-09-24-r34/history/HISTORY_R32.pdf , pag
e148 used on input line 11.
(pdftex.def)             Requested size: 614.58406pt x 795.3441pt.
File: revisions/2026-09-24-r34/history/HISTORY_R32.pdf Graphic file (type pdf)
<use revisions/2026-09-24-r34/history/HISTORY_R32.pdf, page 148>
Package pdftex.def Info: revisions/2026-09-24-r34/history/HISTORY_R32.pdf , pag
e148 used on input line 11.
(pdftex.def)             Requested size: 614.58406pt x 795.3441pt.
File: revisions/2026-09-24-r34/history/HISTORY_R32.pdf Graphic file (type pdf)
<use revisions/2026-09-24-r34/history/HISTORY_R32.pdf, page 148>
Package pdftex.def Info: revisions/2026-09-24-r34/history/HISTORY_R32.pdf , pag
e148 used on input line 11.
(pdftex.def)             Requested size: 614.58406pt x 795.3441pt.

[175

 <./revisions/2026-09-24-r34/history/HISTORY_R32.pdf>]
<revisions/2026-09-24-r34/history/HISTORY_R32.pdf, id=2217, page=149, 614.295pt
 x 794.97pt>
File: revisions/2026-09-24-r34/history/HISTORY_R32.pdf Graphic file (type pdf)
<use revisions/2026-09-24-r34/history/HISTORY_R32.pdf, page 149>
Package pdftex.def Info: revisions/2026-09-24-r34/history/HISTORY_R32.pdf , pag
e149 used on input line 11.
(pdftex.def)             Requested size: 614.58406pt x 795.3441pt.
File: revisions/2026-09-24-r34/history/HISTORY_R32.pdf Graphic file (type pdf)
<use revisions/2026-09-24-r34/history/HISTORY_R32.pdf, page 149>
Package pdftex.def Info: revisions/2026-09-24-r34/history/HISTORY_R32.pdf , pag
e149 used on input line 11.
(pdftex.def)             Requested size: 614.58406pt x 795.3441pt.
File: revisions/2026-09-24-r34/history/HISTORY_R32.pdf Graphic file (type pdf)
<use revisions/2026-09-24-r34/history/HISTORY_R32.pdf, page 149>
Package pdftex.def Info: revisions/2026-09-24-r34/history/HISTORY_R32.pdf , pag
e149 used on input line 11.
(pdftex.def)             Requested size: 614.58406pt x 795.3441pt.
 [176

 <./revisions/2026-09-24-r34/history/HISTORY_R32.pdf>]
<revisions/2026-09-24-r34/history/HISTORY_R32.pdf, id=2226, page=150, 614.295pt
 x 794.97pt>
File: revisions/2026-09-24-r34/history/HISTORY_R32.pdf Graphic file (type pdf)
<use revisions/2026-09-24-r34/history/HISTORY_R32.pdf, page 150>
Package pdftex.def Info: revisions/2026-09-24-r34/history/HISTORY_R32.pdf , pag
e150 used on input line 11.
(pdftex.def)             Requested size: 614.58406pt x 795.3441pt.
File: revisions/2026-09-24-r34/history/HISTORY_R32.pdf Graphic file (type pdf)
<use revisions/2026-09-24-r34/history/HISTORY_R32.pdf, page 150>
Package pdftex.def Info: revisions/2026-09-24-r34/history/HISTORY_R32.pdf , pag
e150 used on input line 11.
(pdftex.def)             Requested size: 614.58406pt x 795.3441pt.
File: revisions/2026-09-24-r34/history/HISTORY_R32.pdf Graphic file (type pdf)
<use revisions/2026-09-24-r34/history/HISTORY_R32.pdf, page 150>
Package pdftex.def Info: revisions/2026-09-24-r34/history/HISTORY_R32.pdf , pag
e150 used on input line 11.
(pdftex.def)             Requested size: 614.58406pt x 795.3441pt.
 [177

 <./revisions/2026-09-24-r34/history/HISTORY_R32.pdf>]
<revisions/2026-09-24-r34/history/HISTORY_R32.pdf, id=2236, page=151, 614.295pt
 x 794.97pt>
File: revisions/2026-09-24-r34/history/HISTORY_R32.pdf Graphic file (type pdf)
<use revisions/2026-09-24-r34/history/HISTORY_R32.pdf, page 151>
Package pdftex.def Info: revisions/2026-09-24-r34/history/HISTORY_R32.pdf , pag
e151 used on input line 11.
(pdftex.def)             Requested size: 614.58406pt x 795.3441pt.
File: revisions/2026-09-24-r34/history/HISTORY_R32.pdf Graphic file (type pdf)
<use revisions/2026-09-24-r34/history/HISTORY_R32.pdf, page 151>
Package pdftex.def Info: revisions/2026-09-24-r34/history/HISTORY_R32.pdf , pag
e151 used on input line 11.
(pdftex.def)             Requested size: 614.58406pt x 795.3441pt.
File: revisions/2026-09-24-r34/history/HISTORY_R32.pdf Graphic file (type pdf)
<use revisions/2026-09-24-r34/history/HISTORY_R32.pdf, page 151>
Package pdftex.def Info: revisions/2026-09-24-r34/history/HISTORY_R32.pdf , pag
e151 used on input line 11.
(pdftex.def)             Requested size: 614.58406pt x 795.3441pt.
 [178

 <./revisions/2026-09-24-r34/history/HISTORY_R32.pdf>]
<revisions/2026-09-24-r34/history/HISTORY_R32.pdf, id=2252, page=152, 614.295pt
 x 794.97pt>
File: revisions/2026-09-24-r34/history/HISTORY_R32.pdf Graphic file (type pdf)
<use revisions/2026-09-24-r34/history/HISTORY_R32.pdf, page 152>
Package pdftex.def Info: revisions/2026-09-24-r34/history/HISTORY_R32.pdf , pag
e152 used on input line 11.
(pdftex.def)             Requested size: 614.58406pt x 795.3441pt.
File: revisions/2026-09-24-r34/history/HISTORY_R32.pdf Graphic file (type pdf)
<use revisions/2026-09-24-r34/history/HISTORY_R32.pdf, page 152>
Package pdftex.def Info: revisions/2026-09-24-r34/history/HISTORY_R32.pdf , pag
e152 used on input line 11.
(pdftex.def)             Requested size: 614.58406pt x 795.3441pt.
File: revisions/2026-09-24-r34/history/HISTORY_R32.pdf Graphic file (type pdf)
<use revisions/2026-09-24-r34/history/HISTORY_R32.pdf, page 152>
Package pdftex.def Info: revisions/2026-09-24-r34/history/HISTORY_R32.pdf , pag
e152 used on input line 11.
(pdftex.def)             Requested size: 614.58406pt x 795.3441pt.

[179

 <./revisions/2026-09-24-r34/history/HISTORY_R32.pdf>]
<revisions/2026-09-24-r34/history/HISTORY_R32.pdf, id=2261, page=153, 614.295pt
 x 794.97pt>
File: revisions/2026-09-24-r34/history/HISTORY_R32.pdf Graphic file (type pdf)
<use revisions/2026-09-24-r34/history/HISTORY_R32.pdf, page 153>
Package pdftex.def Info: revisions/2026-09-24-r34/history/HISTORY_R32.pdf , pag
e153 used on input line 11.
(pdftex.def)             Requested size: 614.58406pt x 795.3441pt.
File: revisions/2026-09-24-r34/history/HISTORY_R32.pdf Graphic file (type pdf)
<use revisions/2026-09-24-r34/history/HISTORY_R32.pdf, page 153>
Package pdftex.def Info: revisions/2026-09-24-r34/history/HISTORY_R32.pdf , pag
e153 used on input line 11.
(pdftex.def)             Requested size: 614.58406pt x 795.3441pt.
File: revisions/2026-09-24-r34/history/HISTORY_R32.pdf Graphic file (type pdf)
<use revisions/2026-09-24-r34/history/HISTORY_R32.pdf, page 153>
Package pdftex.def Info: revisions/2026-09-24-r34/history/HISTORY_R32.pdf , pag
e153 used on input line 11.
(pdftex.def)             Requested size: 614.58406pt x 795.3441pt.
 [180

 <./revisions/2026-09-24-r34/history/HISTORY_R32.pdf>]
<revisions/2026-09-24-r34/history/HISTORY_R32.pdf, id=2270, page=154, 614.295pt
 x 794.97pt>
File: revisions/2026-09-24-r34/history/HISTORY_R32.pdf Graphic file (type pdf)
<use revisions/2026-09-24-r34/history/HISTORY_R32.pdf, page 154>
Package pdftex.def Info: revisions/2026-09-24-r34/history/HISTORY_R32.pdf , pag
e154 used on input line 11.
(pdftex.def)             Requested size: 614.58406pt x 795.3441pt.
File: revisions/2026-09-24-r34/history/HISTORY_R32.pdf Graphic file (type pdf)
<use revisions/2026-09-24-r34/history/HISTORY_R32.pdf, page 154>
Package pdftex.def Info: revisions/2026-09-24-r34/history/HISTORY_R32.pdf , pag
e154 used on input line 11.
(pdftex.def)             Requested size: 614.58406pt x 795.3441pt.
File: revisions/2026-09-24-r34/history/HISTORY_R32.pdf Graphic file (type pdf)
<use revisions/2026-09-24-r34/history/HISTORY_R32.pdf, page 154>
Package pdftex.def Info: revisions/2026-09-24-r34/history/HISTORY_R32.pdf , pag
e154 used on input line 11.
(pdftex.def)             Requested size: 614.58406pt x 795.3441pt.
 [181

 <./revisions/2026-09-24-r34/history/HISTORY_R32.pdf>]
<revisions/2026-09-24-r34/history/HISTORY_R32.pdf, id=2280, page=155, 614.295pt
 x 794.97pt>
File: revisions/2026-09-24-r34/history/HISTORY_R32.pdf Graphic file (type pdf)
<use revisions/2026-09-24-r34/history/HISTORY_R32.pdf, page 155>
Package pdftex.def Info: revisions/2026-09-24-r34/history/HISTORY_R32.pdf , pag
e155 used on input line 11.
(pdftex.def)             Requested size: 614.58406pt x 795.3441pt.
File: revisions/2026-09-24-r34/history/HISTORY_R32.pdf Graphic file (type pdf)
<use revisions/2026-09-24-r34/history/HISTORY_R32.pdf, page 155>
Package pdftex.def Info: revisions/2026-09-24-r34/history/HISTORY_R32.pdf , pag
e155 used on input line 11.
(pdftex.def)             Requested size: 614.58406pt x 795.3441pt.
File: revisions/2026-09-24-r34/history/HISTORY_R32.pdf Graphic file (type pdf)
<use revisions/2026-09-24-r34/history/HISTORY_R32.pdf, page 155>
Package pdftex.def Info: revisions/2026-09-24-r34/history/HISTORY_R32.pdf , pag
e155 used on input line 11.
(pdftex.def)             Requested size: 614.58406pt x 795.3441pt.
 [182

 <./revisions/2026-09-24-r34/history/HISTORY_R32.pdf>]
<revisions/2026-09-24-r34/history/HISTORY_R32.pdf, id=2289, page=156, 614.295pt
 x 794.97pt>
File: revisions/2026-09-24-r34/history/HISTORY_R32.pdf Graphic file (type pdf)
<use revisions/2026-09-24-r34/history/HISTORY_R32.pdf, page 156>
Package pdftex.def Info: revisions/2026-09-24-r34/history/HISTORY_R32.pdf , pag
e156 used on input line 11.
(pdftex.def)             Requested size: 614.58406pt x 795.3441pt.
File: revisions/2026-09-24-r34/history/HISTORY_R32.pdf Graphic file (type pdf)
<use revisions/2026-09-24-r34/history/HISTORY_R32.pdf, page 156>
Package pdftex.def Info: revisions/2026-09-24-r34/history/HISTORY_R32.pdf , pag
e156 used on input line 11.
(pdftex.def)             Requested size: 614.58406pt x 795.3441pt.
File: revisions/2026-09-24-r34/history/HISTORY_R32.pdf Graphic file (type pdf)
<use revisions/2026-09-24-r34/history/HISTORY_R32.pdf, page 156>
Package pdftex.def Info: revisions/2026-09-24-r34/history/HISTORY_R32.pdf , pag
e156 used on input line 11.
(pdftex.def)             Requested size: 614.58406pt x 795.3441pt.

[183

 <./revisions/2026-09-24-r34/history/HISTORY_R32.pdf>]
<revisions/2026-09-24-r34/history/HISTORY_R32.pdf, id=2298, page=157, 614.295pt
 x 794.97pt>
File: revisions/2026-09-24-r34/history/HISTORY_R32.pdf Graphic file (type pdf)
<use revisions/2026-09-24-r34/history/HISTORY_R32.pdf, page 157>
Package pdftex.def Info: revisions/2026-09-24-r34/history/HISTORY_R32.pdf , pag
e157 used on input line 11.
(pdftex.def)             Requested size: 614.58406pt x 795.3441pt.
File: revisions/2026-09-24-r34/history/HISTORY_R32.pdf Graphic file (type pdf)
<use revisions/2026-09-24-r34/history/HISTORY_R32.pdf, page 157>
Package pdftex.def Info: revisions/2026-09-24-r34/history/HISTORY_R32.pdf , pag
e157 used on input line 11.
(pdftex.def)             Requested size: 614.58406pt x 795.3441pt.
File: revisions/2026-09-24-r34/history/HISTORY_R32.pdf Graphic file (type pdf)
<use revisions/2026-09-24-r34/history/HISTORY_R32.pdf, page 157>
Package pdftex.def Info: revisions/2026-09-24-r34/history/HISTORY_R32.pdf , pag
e157 used on input line 11.
(pdftex.def)             Requested size: 614.58406pt x 795.3441pt.
 [184

 <./revisions/2026-09-24-r34/history/HISTORY_R32.pdf>]
<revisions/2026-09-24-r34/history/HISTORY_R32.pdf, id=2307, page=158, 614.295pt
 x 794.97pt>
File: revisions/2026-09-24-r34/history/HISTORY_R32.pdf Graphic file (type pdf)
<use revisions/2026-09-24-r34/history/HISTORY_R32.pdf, page 158>
Package pdftex.def Info: revisions/2026-09-24-r34/history/HISTORY_R32.pdf , pag
e158 used on input line 11.
(pdftex.def)             Requested size: 614.58406pt x 795.3441pt.
File: revisions/2026-09-24-r34/history/HISTORY_R32.pdf Graphic file (type pdf)
<use revisions/2026-09-24-r34/history/HISTORY_R32.pdf, page 158>
Package pdftex.def Info: revisions/2026-09-24-r34/history/HISTORY_R32.pdf , pag
e158 used on input line 11.
(pdftex.def)             Requested size: 614.58406pt x 795.3441pt.
File: revisions/2026-09-24-r34/history/HISTORY_R32.pdf Graphic file (type pdf)
<use revisions/2026-09-24-r34/history/HISTORY_R32.pdf, page 158>
Package pdftex.def Info: revisions/2026-09-24-r34/history/HISTORY_R32.pdf , pag
e158 used on input line 11.
(pdftex.def)             Requested size: 614.58406pt x 795.3441pt.
 [185

 <./revisions/2026-09-24-r34/history/HISTORY_R32.pdf>]
<revisions/2026-09-24-r34/history/HISTORY_R32.pdf, id=2316, page=159, 614.295pt
 x 794.97pt>
File: revisions/2026-09-24-r34/history/HISTORY_R32.pdf Graphic file (type pdf)
<use revisions/2026-09-24-r34/history/HISTORY_R32.pdf, page 159>
Package pdftex.def Info: revisions/2026-09-24-r34/history/HISTORY_R32.pdf , pag
e159 used on input line 11.
(pdftex.def)             Requested size: 614.58406pt x 795.3441pt.
File: revisions/2026-09-24-r34/history/HISTORY_R32.pdf Graphic file (type pdf)
<use revisions/2026-09-24-r34/history/HISTORY_R32.pdf, page 159>
Package pdftex.def Info: revisions/2026-09-24-r34/history/HISTORY_R32.pdf , pag
e159 used on input line 11.
(pdftex.def)             Requested size: 614.58406pt x 795.3441pt.
File: revisions/2026-09-24-r34/history/HISTORY_R32.pdf Graphic file (type pdf)
<use revisions/2026-09-24-r34/history/HISTORY_R32.pdf, page 159>
Package pdftex.def Info: revisions/2026-09-24-r34/history/HISTORY_R32.pdf , pag
e159 used on input line 11.
(pdftex.def)             Requested size: 614.58406pt x 795.3441pt.
 [186

 <./revisions/2026-09-24-r34/history/HISTORY_R32.pdf>]
<revisions/2026-09-24-r34/history/HISTORY_R32.pdf, id=2325, page=160, 614.295pt
 x 794.97pt>
File: revisions/2026-09-24-r34/history/HISTORY_R32.pdf Graphic file (type pdf)
<use revisions/2026-09-24-r34/history/HISTORY_R32.pdf, page 160>
Package pdftex.def Info: revisions/2026-09-24-r34/history/HISTORY_R32.pdf , pag
e160 used on input line 11.
(pdftex.def)             Requested size: 614.58406pt x 795.3441pt.
File: revisions/2026-09-24-r34/history/HISTORY_R32.pdf Graphic file (type pdf)
<use revisions/2026-09-24-r34/history/HISTORY_R32.pdf, page 160>
Package pdftex.def Info: revisions/2026-09-24-r34/history/HISTORY_R32.pdf , pag
e160 used on input line 11.
(pdftex.def)             Requested size: 614.58406pt x 795.3441pt.
File: revisions/2026-09-24-r34/history/HISTORY_R32.pdf Graphic file (type pdf)
<use revisions/2026-09-24-r34/history/HISTORY_R32.pdf, page 160>
Package pdftex.def Info: revisions/2026-09-24-r34/history/HISTORY_R32.pdf , pag
e160 used on input line 11.
(pdftex.def)             Requested size: 614.58406pt x 795.3441pt.

[187

 <./revisions/2026-09-24-r34/history/HISTORY_R32.pdf>]
<revisions/2026-09-24-r34/history/HISTORY_R32.pdf, id=2335, page=161, 614.295pt
 x 794.97pt>
File: revisions/2026-09-24-r34/history/HISTORY_R32.pdf Graphic file (type pdf)
<use revisions/2026-09-24-r34/history/HISTORY_R32.pdf, page 161>
Package pdftex.def Info: revisions/2026-09-24-r34/history/HISTORY_R32.pdf , pag
e161 used on input line 11.
(pdftex.def)             Requested size: 614.58406pt x 795.3441pt.
File: revisions/2026-09-24-r34/history/HISTORY_R32.pdf Graphic file (type pdf)
<use revisions/2026-09-24-r34/history/HISTORY_R32.pdf, page 161>
Package pdftex.def Info: revisions/2026-09-24-r34/history/HISTORY_R32.pdf , pag
e161 used on input line 11.
(pdftex.def)             Requested size: 614.58406pt x 795.3441pt.
File: revisions/2026-09-24-r34/history/HISTORY_R32.pdf Graphic file (type pdf)
<use revisions/2026-09-24-r34/history/HISTORY_R32.pdf, page 161>
Package pdftex.def Info: revisions/2026-09-24-r34/history/HISTORY_R32.pdf , pag
e161 used on input line 11.
(pdftex.def)             Requested size: 614.58406pt x 795.3441pt.
 [188

 <./revisions/2026-09-24-r34/history/HISTORY_R32.pdf>]
<revisions/2026-09-24-r34/history/HISTORY_R32.pdf, id=2344, page=162, 614.295pt
 x 794.97pt>
File: revisions/2026-09-24-r34/history/HISTORY_R32.pdf Graphic file (type pdf)
<use revisions/2026-09-24-r34/history/HISTORY_R32.pdf, page 162>
Package pdftex.def Info: revisions/2026-09-24-r34/history/HISTORY_R32.pdf , pag
e162 used on input line 11.
(pdftex.def)             Requested size: 614.58406pt x 795.3441pt.
File: revisions/2026-09-24-r34/history/HISTORY_R32.pdf Graphic file (type pdf)
<use revisions/2026-09-24-r34/history/HISTORY_R32.pdf, page 162>
Package pdftex.def Info: revisions/2026-09-24-r34/history/HISTORY_R32.pdf , pag
e162 used on input line 11.
(pdftex.def)             Requested size: 614.58406pt x 795.3441pt.
File: revisions/2026-09-24-r34/history/HISTORY_R32.pdf Graphic file (type pdf)
<use revisions/2026-09-24-r34/history/HISTORY_R32.pdf, page 162>
Package pdftex.def Info: revisions/2026-09-24-r34/history/HISTORY_R32.pdf , pag
e162 used on input line 11.
(pdftex.def)             Requested size: 614.58406pt x 795.3441pt.
 [189

 <./revisions/2026-09-24-r34/history/HISTORY_R32.pdf>]
<revisions/2026-09-24-r34/history/HISTORY_R32.pdf, id=2353, page=163, 614.295pt
 x 794.97pt>
File: revisions/2026-09-24-r34/history/HISTORY_R32.pdf Graphic file (type pdf)
<use revisions/2026-09-24-r34/history/HISTORY_R32.pdf, page 163>
Package pdftex.def Info: revisions/2026-09-24-r34/history/HISTORY_R32.pdf , pag
e163 used on input line 11.
(pdftex.def)             Requested size: 614.58406pt x 795.3441pt.
File: revisions/2026-09-24-r34/history/HISTORY_R32.pdf Graphic file (type pdf)
<use revisions/2026-09-24-r34/history/HISTORY_R32.pdf, page 163>
Package pdftex.def Info: revisions/2026-09-24-r34/history/HISTORY_R32.pdf , pag
e163 used on input line 11.
(pdftex.def)             Requested size: 614.58406pt x 795.3441pt.
File: revisions/2026-09-24-r34/history/HISTORY_R32.pdf Graphic file (type pdf)
<use revisions/2026-09-24-r34/history/HISTORY_R32.pdf, page 163>
Package pdftex.def Info: revisions/2026-09-24-r34/history/HISTORY_R32.pdf , pag
e163 used on input line 11.
(pdftex.def)             Requested size: 614.58406pt x 795.3441pt.
 [190

 <./revisions/2026-09-24-r34/history/HISTORY_R32.pdf>]
<revisions/2026-09-24-r34/history/HISTORY_R32.pdf, id=2362, page=164, 614.295pt
 x 794.97pt>
File: revisions/2026-09-24-r34/history/HISTORY_R32.pdf Graphic file (type pdf)
<use revisions/2026-09-24-r34/history/HISTORY_R32.pdf, page 164>
Package pdftex.def Info: revisions/2026-09-24-r34/history/HISTORY_R32.pdf , pag
e164 used on input line 11.
(pdftex.def)             Requested size: 614.58406pt x 795.3441pt.
File: revisions/2026-09-24-r34/history/HISTORY_R32.pdf Graphic file (type pdf)
<use revisions/2026-09-24-r34/history/HISTORY_R32.pdf, page 164>
Package pdftex.def Info: revisions/2026-09-24-r34/history/HISTORY_R32.pdf , pag
e164 used on input line 11.
(pdftex.def)             Requested size: 614.58406pt x 795.3441pt.
File: revisions/2026-09-24-r34/history/HISTORY_R32.pdf Graphic file (type pdf)
<use revisions/2026-09-24-r34/history/HISTORY_R32.pdf, page 164>
Package pdftex.def Info: revisions/2026-09-24-r34/history/HISTORY_R32.pdf , pag
e164 used on input line 11.
(pdftex.def)             Requested size: 614.58406pt x 795.3441pt.

[191

 <./revisions/2026-09-24-r34/history/HISTORY_R32.pdf>]
<revisions/2026-09-24-r34/history/HISTORY_R32.pdf, id=2371, page=165, 614.295pt
 x 794.97pt>
File: revisions/2026-09-24-r34/history/HISTORY_R32.pdf Graphic file (type pdf)
<use revisions/2026-09-24-r34/history/HISTORY_R32.pdf, page 165>
Package pdftex.def Info: revisions/2026-09-24-r34/history/HISTORY_R32.pdf , pag
e165 used on input line 11.
(pdftex.def)             Requested size: 614.58406pt x 795.3441pt.
File: revisions/2026-09-24-r34/history/HISTORY_R32.pdf Graphic file (type pdf)
<use revisions/2026-09-24-r34/history/HISTORY_R32.pdf, page 165>
Package pdftex.def Info: revisions/2026-09-24-r34/history/HISTORY_R32.pdf , pag
e165 used on input line 11.
(pdftex.def)             Requested size: 614.58406pt x 795.3441pt.
File: revisions/2026-09-24-r34/history/HISTORY_R32.pdf Graphic file (type pdf)
<use revisions/2026-09-24-r34/history/HISTORY_R32.pdf, page 165>
Package pdftex.def Info: revisions/2026-09-24-r34/history/HISTORY_R32.pdf , pag
e165 used on input line 11.
(pdftex.def)             Requested size: 614.58406pt x 795.3441pt.
 [192

 <./revisions/2026-09-24-r34/history/HISTORY_R32.pdf>]
<revisions/2026-09-24-r34/history/HISTORY_R32.pdf, id=2380, page=166, 614.295pt
 x 794.97pt>
File: revisions/2026-09-24-r34/history/HISTORY_R32.pdf Graphic file (type pdf)
<use revisions/2026-09-24-r34/history/HISTORY_R32.pdf, page 166>
Package pdftex.def Info: revisions/2026-09-24-r34/history/HISTORY_R32.pdf , pag
e166 used on input line 11.
(pdftex.def)             Requested size: 614.58406pt x 795.3441pt.
File: revisions/2026-09-24-r34/history/HISTORY_R32.pdf Graphic file (type pdf)
<use revisions/2026-09-24-r34/history/HISTORY_R32.pdf, page 166>
Package pdftex.def Info: revisions/2026-09-24-r34/history/HISTORY_R32.pdf , pag
e166 used on input line 11.
(pdftex.def)             Requested size: 614.58406pt x 795.3441pt.
File: revisions/2026-09-24-r34/history/HISTORY_R32.pdf Graphic file (type pdf)
<use revisions/2026-09-24-r34/history/HISTORY_R32.pdf, page 166>
Package pdftex.def Info: revisions/2026-09-24-r34/history/HISTORY_R32.pdf , pag
e166 used on input line 11.
(pdftex.def)             Requested size: 614.58406pt x 795.3441pt.
 [193

 <./revisions/2026-09-24-r34/history/HISTORY_R32.pdf>]
<revisions/2026-09-24-r34/history/HISTORY_R32.pdf, id=2390, page=167, 614.295pt
 x 794.97pt>
File: revisions/2026-09-24-r34/history/HISTORY_R32.pdf Graphic file (type pdf)
<use revisions/2026-09-24-r34/history/HISTORY_R32.pdf, page 167>
Package pdftex.def Info: revisions/2026-09-24-r34/history/HISTORY_R32.pdf , pag
e167 used on input line 11.
(pdftex.def)             Requested size: 614.58406pt x 795.3441pt.
File: revisions/2026-09-24-r34/history/HISTORY_R32.pdf Graphic file (type pdf)
<use revisions/2026-09-24-r34/history/HISTORY_R32.pdf, page 167>
Package pdftex.def Info: revisions/2026-09-24-r34/history/HISTORY_R32.pdf , pag
e167 used on input line 11.
(pdftex.def)             Requested size: 614.58406pt x 795.3441pt.
File: revisions/2026-09-24-r34/history/HISTORY_R32.pdf Graphic file (type pdf)
<use revisions/2026-09-24-r34/history/HISTORY_R32.pdf, page 167>
Package pdftex.def Info: revisions/2026-09-24-r34/history/HISTORY_R32.pdf , pag
e167 used on input line 11.
(pdftex.def)             Requested size: 614.58406pt x 795.3441pt.
 [194

 <./revisions/2026-09-24-r34/history/HISTORY_R32.pdf>]
<revisions/2026-09-24-r34/history/HISTORY_R32.pdf, id=2406, page=168, 614.295pt
 x 794.97pt>
File: revisions/2026-09-24-r34/history/HISTORY_R32.pdf Graphic file (type pdf)
<use revisions/2026-09-24-r34/history/HISTORY_R32.pdf, page 168>
Package pdftex.def Info: revisions/2026-09-24-r34/history/HISTORY_R32.pdf , pag
e168 used on input line 11.
(pdftex.def)             Requested size: 614.58406pt x 795.3441pt.
File: revisions/2026-09-24-r34/history/HISTORY_R32.pdf Graphic file (type pdf)
<use revisions/2026-09-24-r34/history/HISTORY_R32.pdf, page 168>
Package pdftex.def Info: revisions/2026-09-24-r34/history/HISTORY_R32.pdf , pag
e168 used on input line 11.
(pdftex.def)             Requested size: 614.58406pt x 795.3441pt.
File: revisions/2026-09-24-r34/history/HISTORY_R32.pdf Graphic file (type pdf)
<use revisions/2026-09-24-r34/history/HISTORY_R32.pdf, page 168>
Package pdftex.def Info: revisions/2026-09-24-r34/history/HISTORY_R32.pdf , pag
e168 used on input line 11.
(pdftex.def)             Requested size: 614.58406pt x 795.3441pt.

[195

 <./revisions/2026-09-24-r34/history/HISTORY_R32.pdf>]
<revisions/2026-09-24-r34/history/HISTORY_R32.pdf, id=2415, page=169, 614.295pt
 x 794.97pt>
File: revisions/2026-09-24-r34/history/HISTORY_R32.pdf Graphic file (type pdf)
<use revisions/2026-09-24-r34/history/HISTORY_R32.pdf, page 169>
Package pdftex.def Info: revisions/2026-09-24-r34/history/HISTORY_R32.pdf , pag
e169 used on input line 11.
(pdftex.def)             Requested size: 614.58406pt x 795.3441pt.
File: revisions/2026-09-24-r34/history/HISTORY_R32.pdf Graphic file (type pdf)
<use revisions/2026-09-24-r34/history/HISTORY_R32.pdf, page 169>
Package pdftex.def Info: revisions/2026-09-24-r34/history/HISTORY_R32.pdf , pag
e169 used on input line 11.
(pdftex.def)             Requested size: 614.58406pt x 795.3441pt.
File: revisions/2026-09-24-r34/history/HISTORY_R32.pdf Graphic file (type pdf)
<use revisions/2026-09-24-r34/history/HISTORY_R32.pdf, page 169>
Package pdftex.def Info: revisions/2026-09-24-r34/history/HISTORY_R32.pdf , pag
e169 used on input line 11.
(pdftex.def)             Requested size: 614.58406pt x 795.3441pt.
 [196

 <./revisions/2026-09-24-r34/history/HISTORY_R32.pdf>]
<revisions/2026-09-24-r34/history/HISTORY_R32.pdf, id=2424, page=170, 614.295pt
 x 794.97pt>
File: revisions/2026-09-24-r34/history/HISTORY_R32.pdf Graphic file (type pdf)
<use revisions/2026-09-24-r34/history/HISTORY_R32.pdf, page 170>
Package pdftex.def Info: revisions/2026-09-24-r34/history/HISTORY_R32.pdf , pag
e170 used on input line 11.
(pdftex.def)             Requested size: 614.58406pt x 795.3441pt.
File: revisions/2026-09-24-r34/history/HISTORY_R32.pdf Graphic file (type pdf)
<use revisions/2026-09-24-r34/history/HISTORY_R32.pdf, page 170>
Package pdftex.def Info: revisions/2026-09-24-r34/history/HISTORY_R32.pdf , pag
e170 used on input line 11.
(pdftex.def)             Requested size: 614.58406pt x 795.3441pt.
File: revisions/2026-09-24-r34/history/HISTORY_R32.pdf Graphic file (type pdf)
<use revisions/2026-09-24-r34/history/HISTORY_R32.pdf, page 170>
Package pdftex.def Info: revisions/2026-09-24-r34/history/HISTORY_R32.pdf , pag
e170 used on input line 11.
(pdftex.def)             Requested size: 614.58406pt x 795.3441pt.
 [197

 <./revisions/2026-09-24-r34/history/HISTORY_R32.pdf>]
<revisions/2026-09-24-r34/history/HISTORY_R32.pdf, id=2433, page=171, 614.295pt
 x 794.97pt>
File: revisions/2026-09-24-r34/history/HISTORY_R32.pdf Graphic file (type pdf)
<use revisions/2026-09-24-r34/history/HISTORY_R32.pdf, page 171>
Package pdftex.def Info: revisions/2026-09-24-r34/history/HISTORY_R32.pdf , pag
e171 used on input line 11.
(pdftex.def)             Requested size: 614.58406pt x 795.3441pt.
File: revisions/2026-09-24-r34/history/HISTORY_R32.pdf Graphic file (type pdf)
<use revisions/2026-09-24-r34/history/HISTORY_R32.pdf, page 171>
Package pdftex.def Info: revisions/2026-09-24-r34/history/HISTORY_R32.pdf , pag
e171 used on input line 11.
(pdftex.def)             Requested size: 614.58406pt x 795.3441pt.
File: revisions/2026-09-24-r34/history/HISTORY_R32.pdf Graphic file (type pdf)
<use revisions/2026-09-24-r34/history/HISTORY_R32.pdf, page 171>
Package pdftex.def Info: revisions/2026-09-24-r34/history/HISTORY_R32.pdf , pag
e171 used on input line 11.
(pdftex.def)             Requested size: 614.58406pt x 795.3441pt.
 [198

 <./revisions/2026-09-24-r34/history/HISTORY_R32.pdf>]
<revisions/2026-09-24-r34/history/HISTORY_R32.pdf, id=2442, page=172, 614.295pt
 x 794.97pt>
File: revisions/2026-09-24-r34/history/HISTORY_R32.pdf Graphic file (type pdf)
<use revisions/2026-09-24-r34/history/HISTORY_R32.pdf, page 172>
Package pdftex.def Info: revisions/2026-09-24-r34/history/HISTORY_R32.pdf , pag
e172 used on input line 11.
(pdftex.def)             Requested size: 614.58406pt x 795.3441pt.
File: revisions/2026-09-24-r34/history/HISTORY_R32.pdf Graphic file (type pdf)
<use revisions/2026-09-24-r34/history/HISTORY_R32.pdf, page 172>
Package pdftex.def Info: revisions/2026-09-24-r34/history/HISTORY_R32.pdf , pag
e172 used on input line 11.
(pdftex.def)             Requested size: 614.58406pt x 795.3441pt.
File: revisions/2026-09-24-r34/history/HISTORY_R32.pdf Graphic file (type pdf)
<use revisions/2026-09-24-r34/history/HISTORY_R32.pdf, page 172>
Package pdftex.def Info: revisions/2026-09-24-r34/history/HISTORY_R32.pdf , pag
e172 used on input line 11.
(pdftex.def)             Requested size: 614.58406pt x 795.3441pt.

[199

 <./revisions/2026-09-24-r34/history/HISTORY_R32.pdf>]
<revisions/2026-09-24-r34/history/HISTORY_R32.pdf, id=2452, page=173, 614.295pt
 x 794.97pt>
File: revisions/2026-09-24-r34/history/HISTORY_R32.pdf Graphic file (type pdf)
<use revisions/2026-09-24-r34/history/HISTORY_R32.pdf, page 173>
Package pdftex.def Info: revisions/2026-09-24-r34/history/HISTORY_R32.pdf , pag
e173 used on input line 11.
(pdftex.def)             Requested size: 614.58406pt x 795.3441pt.
File: revisions/2026-09-24-r34/history/HISTORY_R32.pdf Graphic file (type pdf)
<use revisions/2026-09-24-r34/history/HISTORY_R32.pdf, page 173>
Package pdftex.def Info: revisions/2026-09-24-r34/history/HISTORY_R32.pdf , pag
e173 used on input line 11.
(pdftex.def)             Requested size: 614.58406pt x 795.3441pt.
File: revisions/2026-09-24-r34/history/HISTORY_R32.pdf Graphic file (type pdf)
<use revisions/2026-09-24-r34/history/HISTORY_R32.pdf, page 173>
Package pdftex.def Info: revisions/2026-09-24-r34/history/HISTORY_R32.pdf , pag
e173 used on input line 11.
(pdftex.def)             Requested size: 614.58406pt x 795.3441pt.
 [200

 <./revisions/2026-09-24-r34/history/HISTORY_R32.pdf>]
<revisions/2026-09-24-r34/history/HISTORY_R32.pdf, id=2461, page=174, 614.295pt
 x 794.97pt>
File: revisions/2026-09-24-r34/history/HISTORY_R32.pdf Graphic file (type pdf)
<use revisions/2026-09-24-r34/history/HISTORY_R32.pdf, page 174>
Package pdftex.def Info: revisions/2026-09-24-r34/history/HISTORY_R32.pdf , pag
e174 used on input line 11.
(pdftex.def)             Requested size: 614.58406pt x 795.3441pt.
File: revisions/2026-09-24-r34/history/HISTORY_R32.pdf Graphic file (type pdf)
<use revisions/2026-09-24-r34/history/HISTORY_R32.pdf, page 174>
Package pdftex.def Info: revisions/2026-09-24-r34/history/HISTORY_R32.pdf , pag
e174 used on input line 11.
(pdftex.def)             Requested size: 614.58406pt x 795.3441pt.
File: revisions/2026-09-24-r34/history/HISTORY_R32.pdf Graphic file (type pdf)
<use revisions/2026-09-24-r34/history/HISTORY_R32.pdf, page 174>
Package pdftex.def Info: revisions/2026-09-24-r34/history/HISTORY_R32.pdf , pag
e174 used on input line 11.
(pdftex.def)             Requested size: 614.58406pt x 795.3441pt.
 [201

 <./revisions/2026-09-24-r34/history/HISTORY_R32.pdf>]
<revisions/2026-09-24-r34/history/HISTORY_R32.pdf, id=2470, page=175, 614.295pt
 x 794.97pt>
File: revisions/2026-09-24-r34/history/HISTORY_R32.pdf Graphic file (type pdf)
<use revisions/2026-09-24-r34/history/HISTORY_R32.pdf, page 175>
Package pdftex.def Info: revisions/2026-09-24-r34/history/HISTORY_R32.pdf , pag
e175 used on input line 11.
(pdftex.def)             Requested size: 614.58406pt x 795.3441pt.
File: revisions/2026-09-24-r34/history/HISTORY_R32.pdf Graphic file (type pdf)
<use revisions/2026-09-24-r34/history/HISTORY_R32.pdf, page 175>
Package pdftex.def Info: revisions/2026-09-24-r34/history/HISTORY_R32.pdf , pag
e175 used on input line 11.
(pdftex.def)             Requested size: 614.58406pt x 795.3441pt.
File: revisions/2026-09-24-r34/history/HISTORY_R32.pdf Graphic file (type pdf)
<use revisions/2026-09-24-r34/history/HISTORY_R32.pdf, page 175>
Package pdftex.def Info: revisions/2026-09-24-r34/history/HISTORY_R32.pdf , pag
e175 used on input line 11.
(pdftex.def)             Requested size: 614.58406pt x 795.3441pt.
 [202

 <./revisions/2026-09-24-r34/history/HISTORY_R32.pdf>]
<revisions/2026-09-24-r34/history/HISTORY_R32.pdf, id=2479, page=176, 614.295pt
 x 794.97pt>
File: revisions/2026-09-24-r34/history/HISTORY_R32.pdf Graphic file (type pdf)
<use revisions/2026-09-24-r34/history/HISTORY_R32.pdf, page 176>
Package pdftex.def Info: revisions/2026-09-24-r34/history/HISTORY_R32.pdf , pag
e176 used on input line 11.
(pdftex.def)             Requested size: 614.58406pt x 795.3441pt.
File: revisions/2026-09-24-r34/history/HISTORY_R32.pdf Graphic file (type pdf)
<use revisions/2026-09-24-r34/history/HISTORY_R32.pdf, page 176>
Package pdftex.def Info: revisions/2026-09-24-r34/history/HISTORY_R32.pdf , pag
e176 used on input line 11.
(pdftex.def)             Requested size: 614.58406pt x 795.3441pt.
File: revisions/2026-09-24-r34/history/HISTORY_R32.pdf Graphic file (type pdf)
<use revisions/2026-09-24-r34/history/HISTORY_R32.pdf, page 176>
Package pdftex.def Info: revisions/2026-09-24-r34/history/HISTORY_R32.pdf , pag
e176 used on input line 11.
(pdftex.def)             Requested size: 614.58406pt x 795.3441pt.

[203

 <./revisions/2026-09-24-r34/history/HISTORY_R32.pdf>]
<revisions/2026-09-24-r34/history/HISTORY_R32.pdf, id=2488, page=177, 614.295pt
 x 794.97pt>
File: revisions/2026-09-24-r34/history/HISTORY_R32.pdf Graphic file (type pdf)
<use revisions/2026-09-24-r34/history/HISTORY_R32.pdf, page 177>
Package pdftex.def Info: revisions/2026-09-24-r34/history/HISTORY_R32.pdf , pag
e177 used on input line 11.
(pdftex.def)             Requested size: 614.58406pt x 795.3441pt.
File: revisions/2026-09-24-r34/history/HISTORY_R32.pdf Graphic file (type pdf)
<use revisions/2026-09-24-r34/history/HISTORY_R32.pdf, page 177>
Package pdftex.def Info: revisions/2026-09-24-r34/history/HISTORY_R32.pdf , pag
e177 used on input line 11.
(pdftex.def)             Requested size: 614.58406pt x 795.3441pt.
File: revisions/2026-09-24-r34/history/HISTORY_R32.pdf Graphic file (type pdf)
<use revisions/2026-09-24-r34/history/HISTORY_R32.pdf, page 177>
Package pdftex.def Info: revisions/2026-09-24-r34/history/HISTORY_R32.pdf , pag
e177 used on input line 11.
(pdftex.def)             Requested size: 614.58406pt x 795.3441pt.
 [204

 <./revisions/2026-09-24-r34/history/HISTORY_R32.pdf>]
<revisions/2026-09-24-r34/history/HISTORY_R32.pdf, id=2497, page=178, 614.295pt
 x 794.97pt>
File: revisions/2026-09-24-r34/history/HISTORY_R32.pdf Graphic file (type pdf)
<use revisions/2026-09-24-r34/history/HISTORY_R32.pdf, page 178>
Package pdftex.def Info: revisions/2026-09-24-r34/history/HISTORY_R32.pdf , pag
e178 used on input line 11.
(pdftex.def)             Requested size: 614.58406pt x 795.3441pt.
File: revisions/2026-09-24-r34/history/HISTORY_R32.pdf Graphic file (type pdf)
<use revisions/2026-09-24-r34/history/HISTORY_R32.pdf, page 178>
Package pdftex.def Info: revisions/2026-09-24-r34/history/HISTORY_R32.pdf , pag
e178 used on input line 11.
(pdftex.def)             Requested size: 614.58406pt x 795.3441pt.
File: revisions/2026-09-24-r34/history/HISTORY_R32.pdf Graphic file (type pdf)
<use revisions/2026-09-24-r34/history/HISTORY_R32.pdf, page 178>
Package pdftex.def Info: revisions/2026-09-24-r34/history/HISTORY_R32.pdf , pag
e178 used on input line 11.
(pdftex.def)             Requested size: 614.58406pt x 795.3441pt.
 [205

 <./revisions/2026-09-24-r34/history/HISTORY_R32.pdf>]
<revisions/2026-09-24-r34/history/HISTORY_R32.pdf, id=2507, page=179, 614.295pt
 x 794.97pt>
File: revisions/2026-09-24-r34/history/HISTORY_R32.pdf Graphic file (type pdf)
<use revisions/2026-09-24-r34/history/HISTORY_R32.pdf, page 179>
Package pdftex.def Info: revisions/2026-09-24-r34/history/HISTORY_R32.pdf , pag
e179 used on input line 11.
(pdftex.def)             Requested size: 614.58406pt x 795.3441pt.
File: revisions/2026-09-24-r34/history/HISTORY_R32.pdf Graphic file (type pdf)
<use revisions/2026-09-24-r34/history/HISTORY_R32.pdf, page 179>
Package pdftex.def Info: revisions/2026-09-24-r34/history/HISTORY_R32.pdf , pag
e179 used on input line 11.
(pdftex.def)             Requested size: 614.58406pt x 795.3441pt.
File: revisions/2026-09-24-r34/history/HISTORY_R32.pdf Graphic file (type pdf)
<use revisions/2026-09-24-r34/history/HISTORY_R32.pdf, page 179>
Package pdftex.def Info: revisions/2026-09-24-r34/history/HISTORY_R32.pdf , pag
e179 used on input line 11.
(pdftex.def)             Requested size: 614.58406pt x 795.3441pt.
 [206

 <./revisions/2026-09-24-r34/history/HISTORY_R32.pdf>]
<revisions/2026-09-24-r34/history/HISTORY_R32.pdf, id=2516, page=180, 614.295pt
 x 794.97pt>
File: revisions/2026-09-24-r34/history/HISTORY_R32.pdf Graphic file (type pdf)
<use revisions/2026-09-24-r34/history/HISTORY_R32.pdf, page 180>
Package pdftex.def Info: revisions/2026-09-24-r34/history/HISTORY_R32.pdf , pag
e180 used on input line 11.
(pdftex.def)             Requested size: 614.58406pt x 795.3441pt.
File: revisions/2026-09-24-r34/history/HISTORY_R32.pdf Graphic file (type pdf)
<use revisions/2026-09-24-r34/history/HISTORY_R32.pdf, page 180>
Package pdftex.def Info: revisions/2026-09-24-r34/history/HISTORY_R32.pdf , pag
e180 used on input line 11.
(pdftex.def)             Requested size: 614.58406pt x 795.3441pt.
File: revisions/2026-09-24-r34/history/HISTORY_R32.pdf Graphic file (type pdf)
<use revisions/2026-09-24-r34/history/HISTORY_R32.pdf, page 180>
Package pdftex.def Info: revisions/2026-09-24-r34/history/HISTORY_R32.pdf , pag
e180 used on input line 11.
(pdftex.def)             Requested size: 614.58406pt x 795.3441pt.

[207

 <./revisions/2026-09-24-r34/history/HISTORY_R32.pdf>]
<revisions/2026-09-24-r34/history/HISTORY_R32.pdf, id=2533, page=181, 614.295pt
 x 794.97pt>
File: revisions/2026-09-24-r34/history/HISTORY_R32.pdf Graphic file (type pdf)
<use revisions/2026-09-24-r34/history/HISTORY_R32.pdf, page 181>
Package pdftex.def Info: revisions/2026-09-24-r34/history/HISTORY_R32.pdf , pag
e181 used on input line 11.
(pdftex.def)             Requested size: 614.58406pt x 795.3441pt.
File: revisions/2026-09-24-r34/history/HISTORY_R32.pdf Graphic file (type pdf)
<use revisions/2026-09-24-r34/history/HISTORY_R32.pdf, page 181>
Package pdftex.def Info: revisions/2026-09-24-r34/history/HISTORY_R32.pdf , pag
e181 used on input line 11.
(pdftex.def)             Requested size: 614.58406pt x 795.3441pt.
File: revisions/2026-09-24-r34/history/HISTORY_R32.pdf Graphic file (type pdf)
<use revisions/2026-09-24-r34/history/HISTORY_R32.pdf, page 181>
Package pdftex.def Info: revisions/2026-09-24-r34/history/HISTORY_R32.pdf , pag
e181 used on input line 11.
(pdftex.def)             Requested size: 614.58406pt x 795.3441pt.
 [208

 <./revisions/2026-09-24-r34/history/HISTORY_R32.pdf>]
<revisions/2026-09-24-r34/history/HISTORY_R32.pdf, id=2542, page=182, 614.295pt
 x 794.97pt>
File: revisions/2026-09-24-r34/history/HISTORY_R32.pdf Graphic file (type pdf)
<use revisions/2026-09-24-r34/history/HISTORY_R32.pdf, page 182>
Package pdftex.def Info: revisions/2026-09-24-r34/history/HISTORY_R32.pdf , pag
e182 used on input line 11.
(pdftex.def)             Requested size: 614.58406pt x 795.3441pt.
File: revisions/2026-09-24-r34/history/HISTORY_R32.pdf Graphic file (type pdf)
<use revisions/2026-09-24-r34/history/HISTORY_R32.pdf, page 182>
Package pdftex.def Info: revisions/2026-09-24-r34/history/HISTORY_R32.pdf , pag
e182 used on input line 11.
(pdftex.def)             Requested size: 614.58406pt x 795.3441pt.
File: revisions/2026-09-24-r34/history/HISTORY_R32.pdf Graphic file (type pdf)
<use revisions/2026-09-24-r34/history/HISTORY_R32.pdf, page 182>
Package pdftex.def Info: revisions/2026-09-24-r34/history/HISTORY_R32.pdf , pag
e182 used on input line 11.
(pdftex.def)             Requested size: 614.58406pt x 795.3441pt.
 [209

 <./revisions/2026-09-24-r34/history/HISTORY_R32.pdf>]
<revisions/2026-09-24-r34/history/HISTORY_R32.pdf, id=2551, page=183, 614.295pt
 x 794.97pt>
File: revisions/2026-09-24-r34/history/HISTORY_R32.pdf Graphic file (type pdf)
<use revisions/2026-09-24-r34/history/HISTORY_R32.pdf, page 183>
Package pdftex.def Info: revisions/2026-09-24-r34/history/HISTORY_R32.pdf , pag
e183 used on input line 11.
(pdftex.def)             Requested size: 614.58406pt x 795.3441pt.
File: revisions/2026-09-24-r34/history/HISTORY_R32.pdf Graphic file (type pdf)
<use revisions/2026-09-24-r34/history/HISTORY_R32.pdf, page 183>
Package pdftex.def Info: revisions/2026-09-24-r34/history/HISTORY_R32.pdf , pag
e183 used on input line 11.
(pdftex.def)             Requested size: 614.58406pt x 795.3441pt.
File: revisions/2026-09-24-r34/history/HISTORY_R32.pdf Graphic file (type pdf)
<use revisions/2026-09-24-r34/history/HISTORY_R32.pdf, page 183>
Package pdftex.def Info: revisions/2026-09-24-r34/history/HISTORY_R32.pdf , pag
e183 used on input line 11.
(pdftex.def)             Requested size: 614.58406pt x 795.3441pt.
 [210

 <./revisions/2026-09-24-r34/history/HISTORY_R32.pdf>]
<revisions/2026-09-24-r34/history/HISTORY_R32.pdf, id=2560, page=184, 614.295pt
 x 794.97pt>
File: revisions/2026-09-24-r34/history/HISTORY_R32.pdf Graphic file (type pdf)
<use revisions/2026-09-24-r34/history/HISTORY_R32.pdf, page 184>
Package pdftex.def Info: revisions/2026-09-24-r34/history/HISTORY_R32.pdf , pag
e184 used on input line 11.
(pdftex.def)             Requested size: 614.58406pt x 795.3441pt.
File: revisions/2026-09-24-r34/history/HISTORY_R32.pdf Graphic file (type pdf)
<use revisions/2026-09-24-r34/history/HISTORY_R32.pdf, page 184>
Package pdftex.def Info: revisions/2026-09-24-r34/history/HISTORY_R32.pdf , pag
e184 used on input line 11.
(pdftex.def)             Requested size: 614.58406pt x 795.3441pt.
File: revisions/2026-09-24-r34/history/HISTORY_R32.pdf Graphic file (type pdf)
<use revisions/2026-09-24-r34/history/HISTORY_R32.pdf, page 184>
Package pdftex.def Info: revisions/2026-09-24-r34/history/HISTORY_R32.pdf , pag
e184 used on input line 11.
(pdftex.def)             Requested size: 614.58406pt x 795.3441pt.

[211

 <./revisions/2026-09-24-r34/history/HISTORY_R32.pdf>]
<revisions/2026-09-24-r34/history/HISTORY_R32.pdf, id=2570, page=185, 614.295pt
 x 794.97pt>
File: revisions/2026-09-24-r34/history/HISTORY_R32.pdf Graphic file (type pdf)
<use revisions/2026-09-24-r34/history/HISTORY_R32.pdf, page 185>
Package pdftex.def Info: revisions/2026-09-24-r34/history/HISTORY_R32.pdf , pag
e185 used on input line 11.
(pdftex.def)             Requested size: 614.58406pt x 795.3441pt.
File: revisions/2026-09-24-r34/history/HISTORY_R32.pdf Graphic file (type pdf)
<use revisions/2026-09-24-r34/history/HISTORY_R32.pdf, page 185>
Package pdftex.def Info: revisions/2026-09-24-r34/history/HISTORY_R32.pdf , pag
e185 used on input line 11.
(pdftex.def)             Requested size: 614.58406pt x 795.3441pt.
File: revisions/2026-09-24-r34/history/HISTORY_R32.pdf Graphic file (type pdf)
<use revisions/2026-09-24-r34/history/HISTORY_R32.pdf, page 185>
Package pdftex.def Info: revisions/2026-09-24-r34/history/HISTORY_R32.pdf , pag
e185 used on input line 11.
(pdftex.def)             Requested size: 614.58406pt x 795.3441pt.
 [212

 <./revisions/2026-09-24-r34/history/HISTORY_R32.pdf>]
<revisions/2026-09-24-r34/history/HISTORY_R32.pdf, id=2579, page=186, 614.295pt
 x 794.97pt>
File: revisions/2026-09-24-r34/history/HISTORY_R32.pdf Graphic file (type pdf)
<use revisions/2026-09-24-r34/history/HISTORY_R32.pdf, page 186>
Package pdftex.def Info: revisions/2026-09-24-r34/history/HISTORY_R32.pdf , pag
e186 used on input line 11.
(pdftex.def)             Requested size: 614.58406pt x 795.3441pt.
File: revisions/2026-09-24-r34/history/HISTORY_R32.pdf Graphic file (type pdf)
<use revisions/2026-09-24-r34/history/HISTORY_R32.pdf, page 186>
Package pdftex.def Info: revisions/2026-09-24-r34/history/HISTORY_R32.pdf , pag
e186 used on input line 11.
(pdftex.def)             Requested size: 614.58406pt x 795.3441pt.
File: revisions/2026-09-24-r34/history/HISTORY_R32.pdf Graphic file (type pdf)
<use revisions/2026-09-24-r34/history/HISTORY_R32.pdf, page 186>
Package pdftex.def Info: revisions/2026-09-24-r34/history/HISTORY_R32.pdf , pag
e186 used on input line 11.
(pdftex.def)             Requested size: 614.58406pt x 795.3441pt.
 [213

 <./revisions/2026-09-24-r34/history/HISTORY_R32.pdf>]
<revisions/2026-09-24-r34/history/HISTORY_R32.pdf, id=2588, page=187, 614.295pt
 x 794.97pt>
File: revisions/2026-09-24-r34/history/HISTORY_R32.pdf Graphic file (type pdf)
<use revisions/2026-09-24-r34/history/HISTORY_R32.pdf, page 187>
Package pdftex.def Info: revisions/2026-09-24-r34/history/HISTORY_R32.pdf , pag
e187 used on input line 11.
(pdftex.def)             Requested size: 614.58406pt x 795.3441pt.
File: revisions/2026-09-24-r34/history/HISTORY_R32.pdf Graphic file (type pdf)
<use revisions/2026-09-24-r34/history/HISTORY_R32.pdf, page 187>
Package pdftex.def Info: revisions/2026-09-24-r34/history/HISTORY_R32.pdf , pag
e187 used on input line 11.
(pdftex.def)             Requested size: 614.58406pt x 795.3441pt.
File: revisions/2026-09-24-r34/history/HISTORY_R32.pdf Graphic file (type pdf)
<use revisions/2026-09-24-r34/history/HISTORY_R32.pdf, page 187>
Package pdftex.def Info: revisions/2026-09-24-r34/history/HISTORY_R32.pdf , pag
e187 used on input line 11.
(pdftex.def)             Requested size: 614.58406pt x 795.3441pt.
 [214

 <./revisions/2026-09-24-r34/history/HISTORY_R32.pdf>]
<revisions/2026-09-24-r34/history/HISTORY_R32.pdf, id=2602, page=188, 614.295pt
 x 794.97pt>
File: revisions/2026-09-24-r34/history/HISTORY_R32.pdf Graphic file (type pdf)
<use revisions/2026-09-24-r34/history/HISTORY_R32.pdf, page 188>
Package pdftex.def Info: revisions/2026-09-24-r34/history/HISTORY_R32.pdf , pag
e188 used on input line 11.
(pdftex.def)             Requested size: 614.58406pt x 795.3441pt.
File: revisions/2026-09-24-r34/history/HISTORY_R32.pdf Graphic file (type pdf)
<use revisions/2026-09-24-r34/history/HISTORY_R32.pdf, page 188>
Package pdftex.def Info: revisions/2026-09-24-r34/history/HISTORY_R32.pdf , pag
e188 used on input line 11.
(pdftex.def)             Requested size: 614.58406pt x 795.3441pt.
File: revisions/2026-09-24-r34/history/HISTORY_R32.pdf Graphic file (type pdf)
<use revisions/2026-09-24-r34/history/HISTORY_R32.pdf, page 188>
Package pdftex.def Info: revisions/2026-09-24-r34/history/HISTORY_R32.pdf , pag
e188 used on input line 11.
(pdftex.def)             Requested size: 614.58406pt x 795.3441pt.

[215

 <./revisions/2026-09-24-r34/history/HISTORY_R32.pdf>]
<revisions/2026-09-24-r34/history/HISTORY_R32.pdf, id=2611, page=189, 614.295pt
 x 794.97pt>
File: revisions/2026-09-24-r34/history/HISTORY_R32.pdf Graphic file (type pdf)
<use revisions/2026-09-24-r34/history/HISTORY_R32.pdf, page 189>
Package pdftex.def Info: revisions/2026-09-24-r34/history/HISTORY_R32.pdf , pag
e189 used on input line 11.
(pdftex.def)             Requested size: 614.58406pt x 795.3441pt.
File: revisions/2026-09-24-r34/history/HISTORY_R32.pdf Graphic file (type pdf)
<use revisions/2026-09-24-r34/history/HISTORY_R32.pdf, page 189>
Package pdftex.def Info: revisions/2026-09-24-r34/history/HISTORY_R32.pdf , pag
e189 used on input line 11.
(pdftex.def)             Requested size: 614.58406pt x 795.3441pt.
File: revisions/2026-09-24-r34/history/HISTORY_R32.pdf Graphic file (type pdf)
<use revisions/2026-09-24-r34/history/HISTORY_R32.pdf, page 189>
Package pdftex.def Info: revisions/2026-09-24-r34/history/HISTORY_R32.pdf , pag
e189 used on input line 11.
(pdftex.def)             Requested size: 614.58406pt x 795.3441pt.
 [216

 <./revisions/2026-09-24-r34/history/HISTORY_R32.pdf>]
<revisions/2026-09-24-r34/history/HISTORY_R32.pdf, id=2620, page=190, 614.295pt
 x 794.97pt>
File: revisions/2026-09-24-r34/history/HISTORY_R32.pdf Graphic file (type pdf)
<use revisions/2026-09-24-r34/history/HISTORY_R32.pdf, page 190>
Package pdftex.def Info: revisions/2026-09-24-r34/history/HISTORY_R32.pdf , pag
e190 used on input line 11.
(pdftex.def)             Requested size: 614.58406pt x 795.3441pt.
File: revisions/2026-09-24-r34/history/HISTORY_R32.pdf Graphic file (type pdf)
<use revisions/2026-09-24-r34/history/HISTORY_R32.pdf, page 190>
Package pdftex.def Info: revisions/2026-09-24-r34/history/HISTORY_R32.pdf , pag
e190 used on input line 11.
(pdftex.def)             Requested size: 614.58406pt x 795.3441pt.
File: revisions/2026-09-24-r34/history/HISTORY_R32.pdf Graphic file (type pdf)
<use revisions/2026-09-24-r34/history/HISTORY_R32.pdf, page 190>
Package pdftex.def Info: revisions/2026-09-24-r34/history/HISTORY_R32.pdf , pag
e190 used on input line 11.
(pdftex.def)             Requested size: 614.58406pt x 795.3441pt.
 [217

 <./revisions/2026-09-24-r34/history/HISTORY_R32.pdf>]
<revisions/2026-09-24-r34/history/HISTORY_R32.pdf, id=2630, page=191, 614.295pt
 x 794.97pt>
File: revisions/2026-09-24-r34/history/HISTORY_R32.pdf Graphic file (type pdf)
<use revisions/2026-09-24-r34/history/HISTORY_R32.pdf, page 191>
Package pdftex.def Info: revisions/2026-09-24-r34/history/HISTORY_R32.pdf , pag
e191 used on input line 11.
(pdftex.def)             Requested size: 614.58406pt x 795.3441pt.
File: revisions/2026-09-24-r34/history/HISTORY_R32.pdf Graphic file (type pdf)
<use revisions/2026-09-24-r34/history/HISTORY_R32.pdf, page 191>
Package pdftex.def Info: revisions/2026-09-24-r34/history/HISTORY_R32.pdf , pag
e191 used on input line 11.
(pdftex.def)             Requested size: 614.58406pt x 795.3441pt.
File: revisions/2026-09-24-r34/history/HISTORY_R32.pdf Graphic file (type pdf)
<use revisions/2026-09-24-r34/history/HISTORY_R32.pdf, page 191>
Package pdftex.def Info: revisions/2026-09-24-r34/history/HISTORY_R32.pdf , pag
e191 used on input line 11.
(pdftex.def)             Requested size: 614.58406pt x 795.3441pt.
 [218

 <./revisions/2026-09-24-r34/history/HISTORY_R32.pdf>]
<revisions/2026-09-24-r34/history/HISTORY_R32.pdf, id=2639, page=192, 614.295pt
 x 794.97pt>
File: revisions/2026-09-24-r34/history/HISTORY_R32.pdf Graphic file (type pdf)
<use revisions/2026-09-24-r34/history/HISTORY_R32.pdf, page 192>
Package pdftex.def Info: revisions/2026-09-24-r34/history/HISTORY_R32.pdf , pag
e192 used on input line 11.
(pdftex.def)             Requested size: 614.58406pt x 795.3441pt.
File: revisions/2026-09-24-r34/history/HISTORY_R32.pdf Graphic file (type pdf)
<use revisions/2026-09-24-r34/history/HISTORY_R32.pdf, page 192>
Package pdftex.def Info: revisions/2026-09-24-r34/history/HISTORY_R32.pdf , pag
e192 used on input line 11.
(pdftex.def)             Requested size: 614.58406pt x 795.3441pt.
File: revisions/2026-09-24-r34/history/HISTORY_R32.pdf Graphic file (type pdf)
<use revisions/2026-09-24-r34/history/HISTORY_R32.pdf, page 192>
Package pdftex.def Info: revisions/2026-09-24-r34/history/HISTORY_R32.pdf , pag
e192 used on input line 11.
(pdftex.def)             Requested size: 614.58406pt x 795.3441pt.

[219

 <./revisions/2026-09-24-r34/history/HISTORY_R32.pdf>]
<revisions/2026-09-24-r34/history/HISTORY_R32.pdf, id=2648, page=193, 614.295pt
 x 794.97pt>
File: revisions/2026-09-24-r34/history/HISTORY_R32.pdf Graphic file (type pdf)
<use revisions/2026-09-24-r34/history/HISTORY_R32.pdf, page 193>
Package pdftex.def Info: revisions/2026-09-24-r34/history/HISTORY_R32.pdf , pag
e193 used on input line 11.
(pdftex.def)             Requested size: 614.58406pt x 795.3441pt.
File: revisions/2026-09-24-r34/history/HISTORY_R32.pdf Graphic file (type pdf)
<use revisions/2026-09-24-r34/history/HISTORY_R32.pdf, page 193>
Package pdftex.def Info: revisions/2026-09-24-r34/history/HISTORY_R32.pdf , pag
e193 used on input line 11.
(pdftex.def)             Requested size: 614.58406pt x 795.3441pt.
File: revisions/2026-09-24-r34/history/HISTORY_R32.pdf Graphic file (type pdf)
<use revisions/2026-09-24-r34/history/HISTORY_R32.pdf, page 193>
Package pdftex.def Info: revisions/2026-09-24-r34/history/HISTORY_R32.pdf , pag
e193 used on input line 11.
(pdftex.def)             Requested size: 614.58406pt x 795.3441pt.
 [220

 <./revisions/2026-09-24-r34/history/HISTORY_R32.pdf>]
<revisions/2026-09-24-r34/history/HISTORY_R32.pdf, id=2657, page=194, 614.295pt
 x 794.97pt>
File: revisions/2026-09-24-r34/history/HISTORY_R32.pdf Graphic file (type pdf)
<use revisions/2026-09-24-r34/history/HISTORY_R32.pdf, page 194>
Package pdftex.def Info: revisions/2026-09-24-r34/history/HISTORY_R32.pdf , pag
e194 used on input line 11.
(pdftex.def)             Requested size: 614.58406pt x 795.3441pt.
File: revisions/2026-09-24-r34/history/HISTORY_R32.pdf Graphic file (type pdf)
<use revisions/2026-09-24-r34/history/HISTORY_R32.pdf, page 194>
Package pdftex.def Info: revisions/2026-09-24-r34/history/HISTORY_R32.pdf , pag
e194 used on input line 11.
(pdftex.def)             Requested size: 614.58406pt x 795.3441pt.
File: revisions/2026-09-24-r34/history/HISTORY_R32.pdf Graphic file (type pdf)
<use revisions/2026-09-24-r34/history/HISTORY_R32.pdf, page 194>
Package pdftex.def Info: revisions/2026-09-24-r34/history/HISTORY_R32.pdf , pag
e194 used on input line 11.
(pdftex.def)             Requested size: 614.58406pt x 795.3441pt.
 [221

 <./revisions/2026-09-24-r34/history/HISTORY_R32.pdf>]
<revisions/2026-09-24-r34/history/HISTORY_R32.pdf, id=2666, page=195, 614.295pt
 x 794.97pt>
File: revisions/2026-09-24-r34/history/HISTORY_R32.pdf Graphic file (type pdf)
<use revisions/2026-09-24-r34/history/HISTORY_R32.pdf, page 195>
Package pdftex.def Info: revisions/2026-09-24-r34/history/HISTORY_R32.pdf , pag
e195 used on input line 11.
(pdftex.def)             Requested size: 614.58406pt x 795.3441pt.
File: revisions/2026-09-24-r34/history/HISTORY_R32.pdf Graphic file (type pdf)
<use revisions/2026-09-24-r34/history/HISTORY_R32.pdf, page 195>
Package pdftex.def Info: revisions/2026-09-24-r34/history/HISTORY_R32.pdf , pag
e195 used on input line 11.
(pdftex.def)             Requested size: 614.58406pt x 795.3441pt.
File: revisions/2026-09-24-r34/history/HISTORY_R32.pdf Graphic file (type pdf)
<use revisions/2026-09-24-r34/history/HISTORY_R32.pdf, page 195>
Package pdftex.def Info: revisions/2026-09-24-r34/history/HISTORY_R32.pdf , pag
e195 used on input line 11.
(pdftex.def)             Requested size: 614.58406pt x 795.3441pt.
 [222

 <./revisions/2026-09-24-r34/history/HISTORY_R32.pdf>]
<revisions/2026-09-24-r34/history/HISTORY_R32.pdf, id=2682, page=196, 614.295pt
 x 794.97pt>
File: revisions/2026-09-24-r34/history/HISTORY_R32.pdf Graphic file (type pdf)
<use revisions/2026-09-24-r34/history/HISTORY_R32.pdf, page 196>
Package pdftex.def Info: revisions/2026-09-24-r34/history/HISTORY_R32.pdf , pag
e196 used on input line 11.
(pdftex.def)             Requested size: 614.58406pt x 795.3441pt.
File: revisions/2026-09-24-r34/history/HISTORY_R32.pdf Graphic file (type pdf)
<use revisions/2026-09-24-r34/history/HISTORY_R32.pdf, page 196>
Package pdftex.def Info: revisions/2026-09-24-r34/history/HISTORY_R32.pdf , pag
e196 used on input line 11.
(pdftex.def)             Requested size: 614.58406pt x 795.3441pt.
File: revisions/2026-09-24-r34/history/HISTORY_R32.pdf Graphic file (type pdf)
<use revisions/2026-09-24-r34/history/HISTORY_R32.pdf, page 196>
Package pdftex.def Info: revisions/2026-09-24-r34/history/HISTORY_R32.pdf , pag
e196 used on input line 11.
(pdftex.def)             Requested size: 614.58406pt x 795.3441pt.

[223

 <./revisions/2026-09-24-r34/history/HISTORY_R32.pdf>]
<revisions/2026-09-24-r34/history/HISTORY_R32.pdf, id=2692, page=197, 614.295pt
 x 794.97pt>
File: revisions/2026-09-24-r34/history/HISTORY_R32.pdf Graphic file (type pdf)
<use revisions/2026-09-24-r34/history/HISTORY_R32.pdf, page 197>
Package pdftex.def Info: revisions/2026-09-24-r34/history/HISTORY_R32.pdf , pag
e197 used on input line 11.
(pdftex.def)             Requested size: 614.58406pt x 795.3441pt.
File: revisions/2026-09-24-r34/history/HISTORY_R32.pdf Graphic file (type pdf)
<use revisions/2026-09-24-r34/history/HISTORY_R32.pdf, page 197>
Package pdftex.def Info: revisions/2026-09-24-r34/history/HISTORY_R32.pdf , pag
e197 used on input line 11.
(pdftex.def)             Requested size: 614.58406pt x 795.3441pt.
File: revisions/2026-09-24-r34/history/HISTORY_R32.pdf Graphic file (type pdf)
<use revisions/2026-09-24-r34/history/HISTORY_R32.pdf, page 197>
Package pdftex.def Info: revisions/2026-09-24-r34/history/HISTORY_R32.pdf , pag
e197 used on input line 11.
(pdftex.def)             Requested size: 614.58406pt x 795.3441pt.
 [224

 <./revisions/2026-09-24-r34/history/HISTORY_R32.pdf>]
<revisions/2026-09-24-r34/history/HISTORY_R32.pdf, id=2701, page=198, 614.295pt
 x 794.97pt>
File: revisions/2026-09-24-r34/history/HISTORY_R32.pdf Graphic file (type pdf)
<use revisions/2026-09-24-r34/history/HISTORY_R32.pdf, page 198>
Package pdftex.def Info: revisions/2026-09-24-r34/history/HISTORY_R32.pdf , pag
e198 used on input line 11.
(pdftex.def)             Requested size: 614.58406pt x 795.3441pt.
File: revisions/2026-09-24-r34/history/HISTORY_R32.pdf Graphic file (type pdf)
<use revisions/2026-09-24-r34/history/HISTORY_R32.pdf, page 198>
Package pdftex.def Info: revisions/2026-09-24-r34/history/HISTORY_R32.pdf , pag
e198 used on input line 11.
(pdftex.def)             Requested size: 614.58406pt x 795.3441pt.
File: revisions/2026-09-24-r34/history/HISTORY_R32.pdf Graphic file (type pdf)
<use revisions/2026-09-24-r34/history/HISTORY_R32.pdf, page 198>
Package pdftex.def Info: revisions/2026-09-24-r34/history/HISTORY_R32.pdf , pag
e198 used on input line 11.
(pdftex.def)             Requested size: 614.58406pt x 795.3441pt.
 [225

 <./revisions/2026-09-24-r34/history/HISTORY_R32.pdf>]
<revisions/2026-09-24-r34/history/HISTORY_R32.pdf, id=2710, page=199, 614.295pt
 x 794.97pt>
File: revisions/2026-09-24-r34/history/HISTORY_R32.pdf Graphic file (type pdf)
<use revisions/2026-09-24-r34/history/HISTORY_R32.pdf, page 199>
Package pdftex.def Info: revisions/2026-09-24-r34/history/HISTORY_R32.pdf , pag
e199 used on input line 11.
(pdftex.def)             Requested size: 614.58406pt x 795.3441pt.
File: revisions/2026-09-24-r34/history/HISTORY_R32.pdf Graphic file (type pdf)
<use revisions/2026-09-24-r34/history/HISTORY_R32.pdf, page 199>
Package pdftex.def Info: revisions/2026-09-24-r34/history/HISTORY_R32.pdf , pag
e199 used on input line 11.
(pdftex.def)             Requested size: 614.58406pt x 795.3441pt.
File: revisions/2026-09-24-r34/history/HISTORY_R32.pdf Graphic file (type pdf)
<use revisions/2026-09-24-r34/history/HISTORY_R32.pdf, page 199>
Package pdftex.def Info: revisions/2026-09-24-r34/history/HISTORY_R32.pdf , pag
e199 used on input line 11.
(pdftex.def)             Requested size: 614.58406pt x 795.3441pt.
 [226

 <./revisions/2026-09-24-r34/history/HISTORY_R32.pdf>]
<revisions/2026-09-24-r34/history/HISTORY_R32.pdf, id=2719, page=200, 614.295pt
 x 794.97pt>
File: revisions/2026-09-24-r34/history/HISTORY_R32.pdf Graphic file (type pdf)
<use revisions/2026-09-24-r34/history/HISTORY_R32.pdf, page 200>
Package pdftex.def Info: revisions/2026-09-24-r34/history/HISTORY_R32.pdf , pag
e200 used on input line 11.
(pdftex.def)             Requested size: 614.58406pt x 795.3441pt.
File: revisions/2026-09-24-r34/history/HISTORY_R32.pdf Graphic file (type pdf)
<use revisions/2026-09-24-r34/history/HISTORY_R32.pdf, page 200>
Package pdftex.def Info: revisions/2026-09-24-r34/history/HISTORY_R32.pdf , pag
e200 used on input line 11.
(pdftex.def)             Requested size: 614.58406pt x 795.3441pt.
File: revisions/2026-09-24-r34/history/HISTORY_R32.pdf Graphic file (type pdf)
<use revisions/2026-09-24-r34/history/HISTORY_R32.pdf, page 200>
Package pdftex.def Info: revisions/2026-09-24-r34/history/HISTORY_R32.pdf , pag
e200 used on input line 11.
(pdftex.def)             Requested size: 614.58406pt x 795.3441pt.

[227

 <./revisions/2026-09-24-r34/history/HISTORY_R32.pdf>]
<revisions/2026-09-24-r34/history/HISTORY_R32.pdf, id=2728, page=201, 614.295pt
 x 794.97pt>
File: revisions/2026-09-24-r34/history/HISTORY_R32.pdf Graphic file (type pdf)
<use revisions/2026-09-24-r34/history/HISTORY_R32.pdf, page 201>
Package pdftex.def Info: revisions/2026-09-24-r34/history/HISTORY_R32.pdf , pag
e201 used on input line 11.
(pdftex.def)             Requested size: 614.58406pt x 795.3441pt.
File: revisions/2026-09-24-r34/history/HISTORY_R32.pdf Graphic file (type pdf)
<use revisions/2026-09-24-r34/history/HISTORY_R32.pdf, page 201>
Package pdftex.def Info: revisions/2026-09-24-r34/history/HISTORY_R32.pdf , pag
e201 used on input line 11.
(pdftex.def)             Requested size: 614.58406pt x 795.3441pt.
File: revisions/2026-09-24-r34/history/HISTORY_R32.pdf Graphic file (type pdf)
<use revisions/2026-09-24-r34/history/HISTORY_R32.pdf, page 201>
Package pdftex.def Info: revisions/2026-09-24-r34/history/HISTORY_R32.pdf , pag
e201 used on input line 11.
(pdftex.def)             Requested size: 614.58406pt x 795.3441pt.
 [228

 <./revisions/2026-09-24-r34/history/HISTORY_R32.pdf>]
<revisions/2026-09-24-r34/history/HISTORY_R32.pdf, id=2737, page=202, 614.295pt
 x 794.97pt>
File: revisions/2026-09-24-r34/history/HISTORY_R32.pdf Graphic file (type pdf)
<use revisions/2026-09-24-r34/history/HISTORY_R32.pdf, page 202>
Package pdftex.def Info: revisions/2026-09-24-r34/history/HISTORY_R32.pdf , pag
e202 used on input line 11.
(pdftex.def)             Requested size: 614.58406pt x 795.3441pt.
File: revisions/2026-09-24-r34/history/HISTORY_R32.pdf Graphic file (type pdf)
<use revisions/2026-09-24-r34/history/HISTORY_R32.pdf, page 202>
Package pdftex.def Info: revisions/2026-09-24-r34/history/HISTORY_R32.pdf , pag
e202 used on input line 11.
(pdftex.def)             Requested size: 614.58406pt x 795.3441pt.
File: revisions/2026-09-24-r34/history/HISTORY_R32.pdf Graphic file (type pdf)
<use revisions/2026-09-24-r34/history/HISTORY_R32.pdf, page 202>
Package pdftex.def Info: revisions/2026-09-24-r34/history/HISTORY_R32.pdf , pag
e202 used on input line 11.
(pdftex.def)             Requested size: 614.58406pt x 795.3441pt.
 [229

 <./revisions/2026-09-24-r34/history/HISTORY_R32.pdf>]
<revisions/2026-09-24-r34/history/HISTORY_R32.pdf, id=2747, page=203, 614.295pt
 x 794.97pt>
File: revisions/2026-09-24-r34/history/HISTORY_R32.pdf Graphic file (type pdf)
<use revisions/2026-09-24-r34/history/HISTORY_R32.pdf, page 203>
Package pdftex.def Info: revisions/2026-09-24-r34/history/HISTORY_R32.pdf , pag
e203 used on input line 11.
(pdftex.def)             Requested size: 614.58406pt x 795.3441pt.
File: revisions/2026-09-24-r34/history/HISTORY_R32.pdf Graphic file (type pdf)
<use revisions/2026-09-24-r34/history/HISTORY_R32.pdf, page 203>
Package pdftex.def Info: revisions/2026-09-24-r34/history/HISTORY_R32.pdf , pag
e203 used on input line 11.
(pdftex.def)             Requested size: 614.58406pt x 795.3441pt.
File: revisions/2026-09-24-r34/history/HISTORY_R32.pdf Graphic file (type pdf)
<use revisions/2026-09-24-r34/history/HISTORY_R32.pdf, page 203>
Package pdftex.def Info: revisions/2026-09-24-r34/history/HISTORY_R32.pdf , pag
e203 used on input line 11.
(pdftex.def)             Requested size: 614.58406pt x 795.3441pt.
 [230

 <./revisions/2026-09-24-r34/history/HISTORY_R32.pdf>]
<revisions/2026-09-24-r34/history/HISTORY_R32.pdf, id=2756, page=204, 614.295pt
 x 794.97pt>
File: revisions/2026-09-24-r34/history/HISTORY_R32.pdf Graphic file (type pdf)
<use revisions/2026-09-24-r34/history/HISTORY_R32.pdf, page 204>
Package pdftex.def Info: revisions/2026-09-24-r34/history/HISTORY_R32.pdf , pag
e204 used on input line 11.
(pdftex.def)             Requested size: 614.58406pt x 795.3441pt.
File: revisions/2026-09-24-r34/history/HISTORY_R32.pdf Graphic file (type pdf)
<use revisions/2026-09-24-r34/history/HISTORY_R32.pdf, page 204>
Package pdftex.def Info: revisions/2026-09-24-r34/history/HISTORY_R32.pdf , pag
e204 used on input line 11.
(pdftex.def)             Requested size: 614.58406pt x 795.3441pt.
File: revisions/2026-09-24-r34/history/HISTORY_R32.pdf Graphic file (type pdf)
<use revisions/2026-09-24-r34/history/HISTORY_R32.pdf, page 204>
Package pdftex.def Info: revisions/2026-09-24-r34/history/HISTORY_R32.pdf , pag
e204 used on input line 11.
(pdftex.def)             Requested size: 614.58406pt x 795.3441pt.

[231

 <./revisions/2026-09-24-r34/history/HISTORY_R32.pdf>]
<revisions/2026-09-24-r34/history/HISTORY_R32.pdf, id=2765, page=205, 614.295pt
 x 794.97pt>
File: revisions/2026-09-24-r34/history/HISTORY_R32.pdf Graphic file (type pdf)
<use revisions/2026-09-24-r34/history/HISTORY_R32.pdf, page 205>
Package pdftex.def Info: revisions/2026-09-24-r34/history/HISTORY_R32.pdf , pag
e205 used on input line 11.
(pdftex.def)             Requested size: 614.58406pt x 795.3441pt.
File: revisions/2026-09-24-r34/history/HISTORY_R32.pdf Graphic file (type pdf)
<use revisions/2026-09-24-r34/history/HISTORY_R32.pdf, page 205>
Package pdftex.def Info: revisions/2026-09-24-r34/history/HISTORY_R32.pdf , pag
e205 used on input line 11.
(pdftex.def)             Requested size: 614.58406pt x 795.3441pt.
File: revisions/2026-09-24-r34/history/HISTORY_R32.pdf Graphic file (type pdf)
<use revisions/2026-09-24-r34/history/HISTORY_R32.pdf, page 205>
Package pdftex.def Info: revisions/2026-09-24-r34/history/HISTORY_R32.pdf , pag
e205 used on input line 11.
(pdftex.def)             Requested size: 614.58406pt x 795.3441pt.
 [232

 <./revisions/2026-09-24-r34/history/HISTORY_R32.pdf>]
<revisions/2026-09-24-r34/history/HISTORY_R32.pdf, id=2774, page=206, 614.295pt
 x 794.97pt>
File: revisions/2026-09-24-r34/history/HISTORY_R32.pdf Graphic file (type pdf)
<use revisions/2026-09-24-r34/history/HISTORY_R32.pdf, page 206>
Package pdftex.def Info: revisions/2026-09-24-r34/history/HISTORY_R32.pdf , pag
e206 used on input line 11.
(pdftex.def)             Requested size: 614.58406pt x 795.3441pt.
File: revisions/2026-09-24-r34/history/HISTORY_R32.pdf Graphic file (type pdf)
<use revisions/2026-09-24-r34/history/HISTORY_R32.pdf, page 206>
Package pdftex.def Info: revisions/2026-09-24-r34/history/HISTORY_R32.pdf , pag
e206 used on input line 11.
(pdftex.def)             Requested size: 614.58406pt x 795.3441pt.
File: revisions/2026-09-24-r34/history/HISTORY_R32.pdf Graphic file (type pdf)
<use revisions/2026-09-24-r34/history/HISTORY_R32.pdf, page 206>
Package pdftex.def Info: revisions/2026-09-24-r34/history/HISTORY_R32.pdf , pag
e206 used on input line 11.
(pdftex.def)             Requested size: 614.58406pt x 795.3441pt.
 [233

 <./revisions/2026-09-24-r34/history/HISTORY_R32.pdf>]
<revisions/2026-09-24-r34/history/HISTORY_R32.pdf, id=2783, page=207, 614.295pt
 x 794.97pt>
File: revisions/2026-09-24-r34/history/HISTORY_R32.pdf Graphic file (type pdf)
<use revisions/2026-09-24-r34/history/HISTORY_R32.pdf, page 207>
Package pdftex.def Info: revisions/2026-09-24-r34/history/HISTORY_R32.pdf , pag
e207 used on input line 11.
(pdftex.def)             Requested size: 614.58406pt x 795.3441pt.
File: revisions/2026-09-24-r34/history/HISTORY_R32.pdf Graphic file (type pdf)
<use revisions/2026-09-24-r34/history/HISTORY_R32.pdf, page 207>
Package pdftex.def Info: revisions/2026-09-24-r34/history/HISTORY_R32.pdf , pag
e207 used on input line 11.
(pdftex.def)             Requested size: 614.58406pt x 795.3441pt.
File: revisions/2026-09-24-r34/history/HISTORY_R32.pdf Graphic file (type pdf)
<use revisions/2026-09-24-r34/history/HISTORY_R32.pdf, page 207>
Package pdftex.def Info: revisions/2026-09-24-r34/history/HISTORY_R32.pdf , pag
e207 used on input line 11.
(pdftex.def)             Requested size: 614.58406pt x 795.3441pt.
 [234

 <./revisions/2026-09-24-r34/history/HISTORY_R32.pdf>]
<revisions/2026-09-24-r34/history/HISTORY_R32.pdf, id=2792, page=208, 614.295pt
 x 794.97pt>
File: revisions/2026-09-24-r34/history/HISTORY_R32.pdf Graphic file (type pdf)
<use revisions/2026-09-24-r34/history/HISTORY_R32.pdf, page 208>
Package pdftex.def Info: revisions/2026-09-24-r34/history/HISTORY_R32.pdf , pag
e208 used on input line 11.
(pdftex.def)             Requested size: 614.58406pt x 795.3441pt.
File: revisions/2026-09-24-r34/history/HISTORY_R32.pdf Graphic file (type pdf)
<use revisions/2026-09-24-r34/history/HISTORY_R32.pdf, page 208>
Package pdftex.def Info: revisions/2026-09-24-r34/history/HISTORY_R32.pdf , pag
e208 used on input line 11.
(pdftex.def)             Requested size: 614.58406pt x 795.3441pt.
File: revisions/2026-09-24-r34/history/HISTORY_R32.pdf Graphic file (type pdf)
<use revisions/2026-09-24-r34/history/HISTORY_R32.pdf, page 208>
Package pdftex.def Info: revisions/2026-09-24-r34/history/HISTORY_R32.pdf , pag
e208 used on input line 11.
(pdftex.def)             Requested size: 614.58406pt x 795.3441pt.

[235

 <./revisions/2026-09-24-r34/history/HISTORY_R32.pdf>]
<revisions/2026-09-24-r34/history/HISTORY_R32.pdf, id=2802, page=209, 614.295pt
 x 794.97pt>
File: revisions/2026-09-24-r34/history/HISTORY_R32.pdf Graphic file (type pdf)
<use revisions/2026-09-24-r34/history/HISTORY_R32.pdf, page 209>
Package pdftex.def Info: revisions/2026-09-24-r34/history/HISTORY_R32.pdf , pag
e209 used on input line 11.
(pdftex.def)             Requested size: 614.58406pt x 795.3441pt.
File: revisions/2026-09-24-r34/history/HISTORY_R32.pdf Graphic file (type pdf)
<use revisions/2026-09-24-r34/history/HISTORY_R32.pdf, page 209>
Package pdftex.def Info: revisions/2026-09-24-r34/history/HISTORY_R32.pdf , pag
e209 used on input line 11.
(pdftex.def)             Requested size: 614.58406pt x 795.3441pt.
File: revisions/2026-09-24-r34/history/HISTORY_R32.pdf Graphic file (type pdf)
<use revisions/2026-09-24-r34/history/HISTORY_R32.pdf, page 209>
Package pdftex.def Info: revisions/2026-09-24-r34/history/HISTORY_R32.pdf , pag
e209 used on input line 11.
(pdftex.def)             Requested size: 614.58406pt x 795.3441pt.
 [236

 <./revisions/2026-09-24-r34/history/HISTORY_R32.pdf>]
<revisions/2026-09-24-r34/history/HISTORY_R32.pdf, id=2812, page=210, 614.295pt
 x 794.97pt>
File: revisions/2026-09-24-r34/history/HISTORY_R32.pdf Graphic file (type pdf)
<use revisions/2026-09-24-r34/history/HISTORY_R32.pdf, page 210>
Package pdftex.def Info: revisions/2026-09-24-r34/history/HISTORY_R32.pdf , pag
e210 used on input line 11.
(pdftex.def)             Requested size: 614.58406pt x 795.3441pt.
File: revisions/2026-09-24-r34/history/HISTORY_R32.pdf Graphic file (type pdf)
<use revisions/2026-09-24-r34/history/HISTORY_R32.pdf, page 210>
Package pdftex.def Info: revisions/2026-09-24-r34/history/HISTORY_R32.pdf , pag
e210 used on input line 11.
(pdftex.def)             Requested size: 614.58406pt x 795.3441pt.
File: revisions/2026-09-24-r34/history/HISTORY_R32.pdf Graphic file (type pdf)
<use revisions/2026-09-24-r34/history/HISTORY_R32.pdf, page 210>
Package pdftex.def Info: revisions/2026-09-24-r34/history/HISTORY_R32.pdf , pag
e210 used on input line 11.
(pdftex.def)             Requested size: 614.58406pt x 795.3441pt.
 [237

 <./revisions/2026-09-24-r34/history/HISTORY_R32.pdf>]
<revisions/2026-09-24-r34/history/HISTORY_R32.pdf, id=2821, page=211, 614.295pt
 x 794.97pt>
File: revisions/2026-09-24-r34/history/HISTORY_R32.pdf Graphic file (type pdf)
<use revisions/2026-09-24-r34/history/HISTORY_R32.pdf, page 211>
Package pdftex.def Info: revisions/2026-09-24-r34/history/HISTORY_R32.pdf , pag
e211 used on input line 11.
(pdftex.def)             Requested size: 614.58406pt x 795.3441pt.
File: revisions/2026-09-24-r34/history/HISTORY_R32.pdf Graphic file (type pdf)
<use revisions/2026-09-24-r34/history/HISTORY_R32.pdf, page 211>
Package pdftex.def Info: revisions/2026-09-24-r34/history/HISTORY_R32.pdf , pag
e211 used on input line 11.
(pdftex.def)             Requested size: 614.58406pt x 795.3441pt.
File: revisions/2026-09-24-r34/history/HISTORY_R32.pdf Graphic file (type pdf)
<use revisions/2026-09-24-r34/history/HISTORY_R32.pdf, page 211>
Package pdftex.def Info: revisions/2026-09-24-r34/history/HISTORY_R32.pdf , pag
e211 used on input line 11.
(pdftex.def)             Requested size: 614.58406pt x 795.3441pt.
 [238

 <./revisions/2026-09-24-r34/history/HISTORY_R32.pdf>]
<revisions/2026-09-24-r34/history/HISTORY_R32.pdf, id=2830, page=212, 614.295pt
 x 794.97pt>
File: revisions/2026-09-24-r34/history/HISTORY_R32.pdf Graphic file (type pdf)
<use revisions/2026-09-24-r34/history/HISTORY_R32.pdf, page 212>
Package pdftex.def Info: revisions/2026-09-24-r34/history/HISTORY_R32.pdf , pag
e212 used on input line 11.
(pdftex.def)             Requested size: 614.58406pt x 795.3441pt.
File: revisions/2026-09-24-r34/history/HISTORY_R32.pdf Graphic file (type pdf)
<use revisions/2026-09-24-r34/history/HISTORY_R32.pdf, page 212>
Package pdftex.def Info: revisions/2026-09-24-r34/history/HISTORY_R32.pdf , pag
e212 used on input line 11.
(pdftex.def)             Requested size: 614.58406pt x 795.3441pt.
File: revisions/2026-09-24-r34/history/HISTORY_R32.pdf Graphic file (type pdf)
<use revisions/2026-09-24-r34/history/HISTORY_R32.pdf, page 212>
Package pdftex.def Info: revisions/2026-09-24-r34/history/HISTORY_R32.pdf , pag
e212 used on input line 11.
(pdftex.def)             Requested size: 614.58406pt x 795.3441pt.

[239

 <./revisions/2026-09-24-r34/history/HISTORY_R32.pdf>]
<revisions/2026-09-24-r34/history/HISTORY_R32.pdf, id=2839, page=213, 614.295pt
 x 794.97pt>
File: revisions/2026-09-24-r34/history/HISTORY_R32.pdf Graphic file (type pdf)
<use revisions/2026-09-24-r34/history/HISTORY_R32.pdf, page 213>
Package pdftex.def Info: revisions/2026-09-24-r34/history/HISTORY_R32.pdf , pag
e213 used on input line 11.
(pdftex.def)             Requested size: 614.58406pt x 795.3441pt.
File: revisions/2026-09-24-r34/history/HISTORY_R32.pdf Graphic file (type pdf)
<use revisions/2026-09-24-r34/history/HISTORY_R32.pdf, page 213>
Package pdftex.def Info: revisions/2026-09-24-r34/history/HISTORY_R32.pdf , pag
e213 used on input line 11.
(pdftex.def)             Requested size: 614.58406pt x 795.3441pt.
File: revisions/2026-09-24-r34/history/HISTORY_R32.pdf Graphic file (type pdf)
<use revisions/2026-09-24-r34/history/HISTORY_R32.pdf, page 213>
Package pdftex.def Info: revisions/2026-09-24-r34/history/HISTORY_R32.pdf , pag
e213 used on input line 11.
(pdftex.def)             Requested size: 614.58406pt x 795.3441pt.
 [240

 <./revisions/2026-09-24-r34/history/HISTORY_R32.pdf>]
<revisions/2026-09-24-r34/history/HISTORY_R32.pdf, id=2848, page=214, 614.295pt
 x 794.97pt>
File: revisions/2026-09-24-r34/history/HISTORY_R32.pdf Graphic file (type pdf)
<use revisions/2026-09-24-r34/history/HISTORY_R32.pdf, page 214>
Package pdftex.def Info: revisions/2026-09-24-r34/history/HISTORY_R32.pdf , pag
e214 used on input line 11.
(pdftex.def)             Requested size: 614.58406pt x 795.3441pt.
File: revisions/2026-09-24-r34/history/HISTORY_R32.pdf Graphic file (type pdf)
<use revisions/2026-09-24-r34/history/HISTORY_R32.pdf, page 214>
Package pdftex.def Info: revisions/2026-09-24-r34/history/HISTORY_R32.pdf , pag
e214 used on input line 11.
(pdftex.def)             Requested size: 614.58406pt x 795.3441pt.
File: revisions/2026-09-24-r34/history/HISTORY_R32.pdf Graphic file (type pdf)
<use revisions/2026-09-24-r34/history/HISTORY_R32.pdf, page 214>
Package pdftex.def Info: revisions/2026-09-24-r34/history/HISTORY_R32.pdf , pag
e214 used on input line 11.
(pdftex.def)             Requested size: 614.58406pt x 795.3441pt.
 [241

 <./revisions/2026-09-24-r34/history/HISTORY_R32.pdf>]
<revisions/2026-09-24-r34/history/HISTORY_R32.pdf, id=2857, page=215, 614.295pt
 x 794.97pt>
File: revisions/2026-09-24-r34/history/HISTORY_R32.pdf Graphic file (type pdf)
<use revisions/2026-09-24-r34/history/HISTORY_R32.pdf, page 215>
Package pdftex.def Info: revisions/2026-09-24-r34/history/HISTORY_R32.pdf , pag
e215 used on input line 11.
(pdftex.def)             Requested size: 614.58406pt x 795.3441pt.
File: revisions/2026-09-24-r34/history/HISTORY_R32.pdf Graphic file (type pdf)
<use revisions/2026-09-24-r34/history/HISTORY_R32.pdf, page 215>
Package pdftex.def Info: revisions/2026-09-24-r34/history/HISTORY_R32.pdf , pag
e215 used on input line 11.
(pdftex.def)             Requested size: 614.58406pt x 795.3441pt.
File: revisions/2026-09-24-r34/history/HISTORY_R32.pdf Graphic file (type pdf)
<use revisions/2026-09-24-r34/history/HISTORY_R32.pdf, page 215>
Package pdftex.def Info: revisions/2026-09-24-r34/history/HISTORY_R32.pdf , pag
e215 used on input line 11.
(pdftex.def)             Requested size: 614.58406pt x 795.3441pt.
 [242

 <./revisions/2026-09-24-r34/history/HISTORY_R32.pdf>]
<revisions/2026-09-24-r34/history/HISTORY_R32.pdf, id=2879, page=216, 614.295pt
 x 794.97pt>
File: revisions/2026-09-24-r34/history/HISTORY_R32.pdf Graphic file (type pdf)
<use revisions/2026-09-24-r34/history/HISTORY_R32.pdf, page 216>
Package pdftex.def Info: revisions/2026-09-24-r34/history/HISTORY_R32.pdf , pag
e216 used on input line 11.
(pdftex.def)             Requested size: 614.58406pt x 795.3441pt.
File: revisions/2026-09-24-r34/history/HISTORY_R32.pdf Graphic file (type pdf)
<use revisions/2026-09-24-r34/history/HISTORY_R32.pdf, page 216>
Package pdftex.def Info: revisions/2026-09-24-r34/history/HISTORY_R32.pdf , pag
e216 used on input line 11.
(pdftex.def)             Requested size: 614.58406pt x 795.3441pt.
File: revisions/2026-09-24-r34/history/HISTORY_R32.pdf Graphic file (type pdf)
<use revisions/2026-09-24-r34/history/HISTORY_R32.pdf, page 216>
Package pdftex.def Info: revisions/2026-09-24-r34/history/HISTORY_R32.pdf , pag
e216 used on input line 11.
(pdftex.def)             Requested size: 614.58406pt x 795.3441pt.

[243

 <./revisions/2026-09-24-r34/history/HISTORY_R32.pdf>]
<revisions/2026-09-24-r34/history/HISTORY_R32.pdf, id=2888, page=217, 614.295pt
 x 794.97pt>
File: revisions/2026-09-24-r34/history/HISTORY_R32.pdf Graphic file (type pdf)
<use revisions/2026-09-24-r34/history/HISTORY_R32.pdf, page 217>
Package pdftex.def Info: revisions/2026-09-24-r34/history/HISTORY_R32.pdf , pag
e217 used on input line 11.
(pdftex.def)             Requested size: 614.58406pt x 795.3441pt.
File: revisions/2026-09-24-r34/history/HISTORY_R32.pdf Graphic file (type pdf)
<use revisions/2026-09-24-r34/history/HISTORY_R32.pdf, page 217>
Package pdftex.def Info: revisions/2026-09-24-r34/history/HISTORY_R32.pdf , pag
e217 used on input line 11.
(pdftex.def)             Requested size: 614.58406pt x 795.3441pt.
File: revisions/2026-09-24-r34/history/HISTORY_R32.pdf Graphic file (type pdf)
<use revisions/2026-09-24-r34/history/HISTORY_R32.pdf, page 217>
Package pdftex.def Info: revisions/2026-09-24-r34/history/HISTORY_R32.pdf , pag
e217 used on input line 11.
(pdftex.def)             Requested size: 614.58406pt x 795.3441pt.
 [244

 <./revisions/2026-09-24-r34/history/HISTORY_R32.pdf>]
<revisions/2026-09-24-r34/history/HISTORY_R32.pdf, id=2897, page=218, 614.295pt
 x 794.97pt>
File: revisions/2026-09-24-r34/history/HISTORY_R32.pdf Graphic file (type pdf)
<use revisions/2026-09-24-r34/history/HISTORY_R32.pdf, page 218>
Package pdftex.def Info: revisions/2026-09-24-r34/history/HISTORY_R32.pdf , pag
e218 used on input line 11.
(pdftex.def)             Requested size: 614.58406pt x 795.3441pt.
File: revisions/2026-09-24-r34/history/HISTORY_R32.pdf Graphic file (type pdf)
<use revisions/2026-09-24-r34/history/HISTORY_R32.pdf, page 218>
Package pdftex.def Info: revisions/2026-09-24-r34/history/HISTORY_R32.pdf , pag
e218 used on input line 11.
(pdftex.def)             Requested size: 614.58406pt x 795.3441pt.
File: revisions/2026-09-24-r34/history/HISTORY_R32.pdf Graphic file (type pdf)
<use revisions/2026-09-24-r34/history/HISTORY_R32.pdf, page 218>
Package pdftex.def Info: revisions/2026-09-24-r34/history/HISTORY_R32.pdf , pag
e218 used on input line 11.
(pdftex.def)             Requested size: 614.58406pt x 795.3441pt.
 [245

 <./revisions/2026-09-24-r34/history/HISTORY_R32.pdf>]
<revisions/2026-09-24-r34/history/HISTORY_R32.pdf, id=2926, page=219, 614.295pt
 x 794.97pt>
File: revisions/2026-09-24-r34/history/HISTORY_R32.pdf Graphic file (type pdf)
<use revisions/2026-09-24-r34/history/HISTORY_R32.pdf, page 219>
Package pdftex.def Info: revisions/2026-09-24-r34/history/HISTORY_R32.pdf , pag
e219 used on input line 11.
(pdftex.def)             Requested size: 614.58406pt x 795.3441pt.
File: revisions/2026-09-24-r34/history/HISTORY_R32.pdf Graphic file (type pdf)
<use revisions/2026-09-24-r34/history/HISTORY_R32.pdf, page 219>
Package pdftex.def Info: revisions/2026-09-24-r34/history/HISTORY_R32.pdf , pag
e219 used on input line 11.
(pdftex.def)             Requested size: 614.58406pt x 795.3441pt.
File: revisions/2026-09-24-r34/history/HISTORY_R32.pdf Graphic file (type pdf)
<use revisions/2026-09-24-r34/history/HISTORY_R32.pdf, page 219>
Package pdftex.def Info: revisions/2026-09-24-r34/history/HISTORY_R32.pdf , pag
e219 used on input line 11.
(pdftex.def)             Requested size: 614.58406pt x 795.3441pt.
 [246

 <./revisions/2026-09-24-r34/history/HISTORY_R32.pdf>]
<revisions/2026-09-24-r34/history/HISTORY_R32.pdf, id=2935, page=220, 614.295pt
 x 794.97pt>
File: revisions/2026-09-24-r34/history/HISTORY_R32.pdf Graphic file (type pdf)
<use revisions/2026-09-24-r34/history/HISTORY_R32.pdf, page 220>
Package pdftex.def Info: revisions/2026-09-24-r34/history/HISTORY_R32.pdf , pag
e220 used on input line 11.
(pdftex.def)             Requested size: 614.58406pt x 795.3441pt.
File: revisions/2026-09-24-r34/history/HISTORY_R32.pdf Graphic file (type pdf)
<use revisions/2026-09-24-r34/history/HISTORY_R32.pdf, page 220>
Package pdftex.def Info: revisions/2026-09-24-r34/history/HISTORY_R32.pdf , pag
e220 used on input line 11.
(pdftex.def)             Requested size: 614.58406pt x 795.3441pt.
File: revisions/2026-09-24-r34/history/HISTORY_R32.pdf Graphic file (type pdf)
<use revisions/2026-09-24-r34/history/HISTORY_R32.pdf, page 220>
Package pdftex.def Info: revisions/2026-09-24-r34/history/HISTORY_R32.pdf , pag
e220 used on input line 11.
(pdftex.def)             Requested size: 614.58406pt x 795.3441pt.

[247

 <./revisions/2026-09-24-r34/history/HISTORY_R32.pdf>]
<revisions/2026-09-24-r34/history/HISTORY_R32.pdf, id=2945, page=221, 614.295pt
 x 794.97pt>
File: revisions/2026-09-24-r34/history/HISTORY_R32.pdf Graphic file (type pdf)
<use revisions/2026-09-24-r34/history/HISTORY_R32.pdf, page 221>
Package pdftex.def Info: revisions/2026-09-24-r34/history/HISTORY_R32.pdf , pag
e221 used on input line 11.
(pdftex.def)             Requested size: 614.58406pt x 795.3441pt.
File: revisions/2026-09-24-r34/history/HISTORY_R32.pdf Graphic file (type pdf)
<use revisions/2026-09-24-r34/history/HISTORY_R32.pdf, page 221>
Package pdftex.def Info: revisions/2026-09-24-r34/history/HISTORY_R32.pdf , pag
e221 used on input line 11.
(pdftex.def)             Requested size: 614.58406pt x 795.3441pt.
File: revisions/2026-09-24-r34/history/HISTORY_R32.pdf Graphic file (type pdf)
<use revisions/2026-09-24-r34/history/HISTORY_R32.pdf, page 221>
Package pdftex.def Info: revisions/2026-09-24-r34/history/HISTORY_R32.pdf , pag
e221 used on input line 11.
(pdftex.def)             Requested size: 614.58406pt x 795.3441pt.
 [248

 <./revisions/2026-09-24-r34/history/HISTORY_R32.pdf>]
<revisions/2026-09-24-r34/history/HISTORY_R32.pdf, id=2954, page=222, 614.295pt
 x 794.97pt>
File: revisions/2026-09-24-r34/history/HISTORY_R32.pdf Graphic file (type pdf)
<use revisions/2026-09-24-r34/history/HISTORY_R32.pdf, page 222>
Package pdftex.def Info: revisions/2026-09-24-r34/history/HISTORY_R32.pdf , pag
e222 used on input line 11.
(pdftex.def)             Requested size: 614.58406pt x 795.3441pt.
File: revisions/2026-09-24-r34/history/HISTORY_R32.pdf Graphic file (type pdf)
<use revisions/2026-09-24-r34/history/HISTORY_R32.pdf, page 222>
Package pdftex.def Info: revisions/2026-09-24-r34/history/HISTORY_R32.pdf , pag
e222 used on input line 11.
(pdftex.def)             Requested size: 614.58406pt x 795.3441pt.
File: revisions/2026-09-24-r34/history/HISTORY_R32.pdf Graphic file (type pdf)
<use revisions/2026-09-24-r34/history/HISTORY_R32.pdf, page 222>
Package pdftex.def Info: revisions/2026-09-24-r34/history/HISTORY_R32.pdf , pag
e222 used on input line 11.
(pdftex.def)             Requested size: 614.58406pt x 795.3441pt.
 [249

 <./revisions/2026-09-24-r34/history/HISTORY_R32.pdf>]
<revisions/2026-09-24-r34/history/HISTORY_R32.pdf, id=2975, page=223, 614.295pt
 x 794.97pt>
File: revisions/2026-09-24-r34/history/HISTORY_R32.pdf Graphic file (type pdf)
<use revisions/2026-09-24-r34/history/HISTORY_R32.pdf, page 223>
Package pdftex.def Info: revisions/2026-09-24-r34/history/HISTORY_R32.pdf , pag
e223 used on input line 11.
(pdftex.def)             Requested size: 614.58406pt x 795.3441pt.
File: revisions/2026-09-24-r34/history/HISTORY_R32.pdf Graphic file (type pdf)
<use revisions/2026-09-24-r34/history/HISTORY_R32.pdf, page 223>
Package pdftex.def Info: revisions/2026-09-24-r34/history/HISTORY_R32.pdf , pag
e223 used on input line 11.
(pdftex.def)             Requested size: 614.58406pt x 795.3441pt.
File: revisions/2026-09-24-r34/history/HISTORY_R32.pdf Graphic file (type pdf)
<use revisions/2026-09-24-r34/history/HISTORY_R32.pdf, page 223>
Package pdftex.def Info: revisions/2026-09-24-r34/history/HISTORY_R32.pdf , pag
e223 used on input line 11.
(pdftex.def)             Requested size: 614.58406pt x 795.3441pt.
 [250

 <./revisions/2026-09-24-r34/history/HISTORY_R32.pdf>]
<revisions/2026-09-24-r34/history/HISTORY_R32.pdf, id=2984, page=224, 614.295pt
 x 794.97pt>
File: revisions/2026-09-24-r34/history/HISTORY_R32.pdf Graphic file (type pdf)
<use revisions/2026-09-24-r34/history/HISTORY_R32.pdf, page 224>
Package pdftex.def Info: revisions/2026-09-24-r34/history/HISTORY_R32.pdf , pag
e224 used on input line 11.
(pdftex.def)             Requested size: 614.58406pt x 795.3441pt.
File: revisions/2026-09-24-r34/history/HISTORY_R32.pdf Graphic file (type pdf)
<use revisions/2026-09-24-r34/history/HISTORY_R32.pdf, page 224>
Package pdftex.def Info: revisions/2026-09-24-r34/history/HISTORY_R32.pdf , pag
e224 used on input line 11.
(pdftex.def)             Requested size: 614.58406pt x 795.3441pt.
File: revisions/2026-09-24-r34/history/HISTORY_R32.pdf Graphic file (type pdf)
<use revisions/2026-09-24-r34/history/HISTORY_R32.pdf, page 224>
Package pdftex.def Info: revisions/2026-09-24-r34/history/HISTORY_R32.pdf , pag
e224 used on input line 11.
(pdftex.def)             Requested size: 614.58406pt x 795.3441pt.

[251

 <./revisions/2026-09-24-r34/history/HISTORY_R32.pdf>]
<revisions/2026-09-24-r34/history/HISTORY_R32.pdf, id=2993, page=225, 614.295pt
 x 794.97pt>
File: revisions/2026-09-24-r34/history/HISTORY_R32.pdf Graphic file (type pdf)
<use revisions/2026-09-24-r34/history/HISTORY_R32.pdf, page 225>
Package pdftex.def Info: revisions/2026-09-24-r34/history/HISTORY_R32.pdf , pag
e225 used on input line 11.
(pdftex.def)             Requested size: 614.58406pt x 795.3441pt.
File: revisions/2026-09-24-r34/history/HISTORY_R32.pdf Graphic file (type pdf)
<use revisions/2026-09-24-r34/history/HISTORY_R32.pdf, page 225>
Package pdftex.def Info: revisions/2026-09-24-r34/history/HISTORY_R32.pdf , pag
e225 used on input line 11.
(pdftex.def)             Requested size: 614.58406pt x 795.3441pt.
File: revisions/2026-09-24-r34/history/HISTORY_R32.pdf Graphic file (type pdf)
<use revisions/2026-09-24-r34/history/HISTORY_R32.pdf, page 225>
Package pdftex.def Info: revisions/2026-09-24-r34/history/HISTORY_R32.pdf , pag
e225 used on input line 11.
(pdftex.def)             Requested size: 614.58406pt x 795.3441pt.
 [252

 <./revisions/2026-09-24-r34/history/HISTORY_R32.pdf>]
<revisions/2026-09-24-r34/history/HISTORY_R32.pdf, id=3002, page=226, 614.295pt
 x 794.97pt>
File: revisions/2026-09-24-r34/history/HISTORY_R32.pdf Graphic file (type pdf)
<use revisions/2026-09-24-r34/history/HISTORY_R32.pdf, page 226>
Package pdftex.def Info: revisions/2026-09-24-r34/history/HISTORY_R32.pdf , pag
e226 used on input line 11.
(pdftex.def)             Requested size: 614.58406pt x 795.3441pt.
File: revisions/2026-09-24-r34/history/HISTORY_R32.pdf Graphic file (type pdf)
<use revisions/2026-09-24-r34/history/HISTORY_R32.pdf, page 226>
Package pdftex.def Info: revisions/2026-09-24-r34/history/HISTORY_R32.pdf , pag
e226 used on input line 11.
(pdftex.def)             Requested size: 614.58406pt x 795.3441pt.
File: revisions/2026-09-24-r34/history/HISTORY_R32.pdf Graphic file (type pdf)
<use revisions/2026-09-24-r34/history/HISTORY_R32.pdf, page 226>
Package pdftex.def Info: revisions/2026-09-24-r34/history/HISTORY_R32.pdf , pag
e226 used on input line 11.
(pdftex.def)             Requested size: 614.58406pt x 795.3441pt.
 [253

 <./revisions/2026-09-24-r34/history/HISTORY_R32.pdf>]
<revisions/2026-09-24-r34/history/HISTORY_R32.pdf, id=3012, page=227, 614.295pt
 x 794.97pt>
File: revisions/2026-09-24-r34/history/HISTORY_R32.pdf Graphic file (type pdf)
<use revisions/2026-09-24-r34/history/HISTORY_R32.pdf, page 227>
Package pdftex.def Info: revisions/2026-09-24-r34/history/HISTORY_R32.pdf , pag
e227 used on input line 11.
(pdftex.def)             Requested size: 614.58406pt x 795.3441pt.
File: revisions/2026-09-24-r34/history/HISTORY_R32.pdf Graphic file (type pdf)
<use revisions/2026-09-24-r34/history/HISTORY_R32.pdf, page 227>
Package pdftex.def Info: revisions/2026-09-24-r34/history/HISTORY_R32.pdf , pag
e227 used on input line 11.
(pdftex.def)             Requested size: 614.58406pt x 795.3441pt.
File: revisions/2026-09-24-r34/history/HISTORY_R32.pdf Graphic file (type pdf)
<use revisions/2026-09-24-r34/history/HISTORY_R32.pdf, page 227>
Package pdftex.def Info: revisions/2026-09-24-r34/history/HISTORY_R32.pdf , pag
e227 used on input line 11.
(pdftex.def)             Requested size: 614.58406pt x 795.3441pt.
 [254

 <./revisions/2026-09-24-r34/history/HISTORY_R32.pdf>]
<revisions/2026-09-24-r34/history/HISTORY_R32.pdf, id=3021, page=228, 614.295pt
 x 794.97pt>
File: revisions/2026-09-24-r34/history/HISTORY_R32.pdf Graphic file (type pdf)
<use revisions/2026-09-24-r34/history/HISTORY_R32.pdf, page 228>
Package pdftex.def Info: revisions/2026-09-24-r34/history/HISTORY_R32.pdf , pag
e228 used on input line 11.
(pdftex.def)             Requested size: 614.58406pt x 795.3441pt.
File: revisions/2026-09-24-r34/history/HISTORY_R32.pdf Graphic file (type pdf)
<use revisions/2026-09-24-r34/history/HISTORY_R32.pdf, page 228>
Package pdftex.def Info: revisions/2026-09-24-r34/history/HISTORY_R32.pdf , pag
e228 used on input line 11.
(pdftex.def)             Requested size: 614.58406pt x 795.3441pt.
File: revisions/2026-09-24-r34/history/HISTORY_R32.pdf Graphic file (type pdf)
<use revisions/2026-09-24-r34/history/HISTORY_R32.pdf, page 228>
Package pdftex.def Info: revisions/2026-09-24-r34/history/HISTORY_R32.pdf , pag
e228 used on input line 11.
(pdftex.def)             Requested size: 614.58406pt x 795.3441pt.

[255

 <./revisions/2026-09-24-r34/history/HISTORY_R32.pdf>]
<revisions/2026-09-24-r34/history/HISTORY_R32.pdf, id=3034, page=229, 614.295pt
 x 794.97pt>
File: revisions/2026-09-24-r34/history/HISTORY_R32.pdf Graphic file (type pdf)
<use revisions/2026-09-24-r34/history/HISTORY_R32.pdf, page 229>
Package pdftex.def Info: revisions/2026-09-24-r34/history/HISTORY_R32.pdf , pag
e229 used on input line 11.
(pdftex.def)             Requested size: 614.58406pt x 795.3441pt.
File: revisions/2026-09-24-r34/history/HISTORY_R32.pdf Graphic file (type pdf)
<use revisions/2026-09-24-r34/history/HISTORY_R32.pdf, page 229>
Package pdftex.def Info: revisions/2026-09-24-r34/history/HISTORY_R32.pdf , pag
e229 used on input line 11.
(pdftex.def)             Requested size: 614.58406pt x 795.3441pt.
File: revisions/2026-09-24-r34/history/HISTORY_R32.pdf Graphic file (type pdf)
<use revisions/2026-09-24-r34/history/HISTORY_R32.pdf, page 229>
Package pdftex.def Info: revisions/2026-09-24-r34/history/HISTORY_R32.pdf , pag
e229 used on input line 11.
(pdftex.def)             Requested size: 614.58406pt x 795.3441pt.
 [256

 <./revisions/2026-09-24-r34/history/HISTORY_R32.pdf>]
<revisions/2026-09-24-r34/history/HISTORY_R32.pdf, id=3043, page=230, 614.295pt
 x 794.97pt>
File: revisions/2026-09-24-r34/history/HISTORY_R32.pdf Graphic file (type pdf)
<use revisions/2026-09-24-r34/history/HISTORY_R32.pdf, page 230>
Package pdftex.def Info: revisions/2026-09-24-r34/history/HISTORY_R32.pdf , pag
e230 used on input line 11.
(pdftex.def)             Requested size: 614.58406pt x 795.3441pt.
File: revisions/2026-09-24-r34/history/HISTORY_R32.pdf Graphic file (type pdf)
<use revisions/2026-09-24-r34/history/HISTORY_R32.pdf, page 230>
Package pdftex.def Info: revisions/2026-09-24-r34/history/HISTORY_R32.pdf , pag
e230 used on input line 11.
(pdftex.def)             Requested size: 614.58406pt x 795.3441pt.
File: revisions/2026-09-24-r34/history/HISTORY_R32.pdf Graphic file (type pdf)
<use revisions/2026-09-24-r34/history/HISTORY_R32.pdf, page 230>
Package pdftex.def Info: revisions/2026-09-24-r34/history/HISTORY_R32.pdf , pag
e230 used on input line 11.
(pdftex.def)             Requested size: 614.58406pt x 795.3441pt.
 [257

 <./revisions/2026-09-24-r34/history/HISTORY_R32.pdf>]
<revisions/2026-09-24-r34/history/HISTORY_R32.pdf, id=3053, page=231, 614.295pt
 x 794.97pt>
File: revisions/2026-09-24-r34/history/HISTORY_R32.pdf Graphic file (type pdf)
<use revisions/2026-09-24-r34/history/HISTORY_R32.pdf, page 231>
Package pdftex.def Info: revisions/2026-09-24-r34/history/HISTORY_R32.pdf , pag
e231 used on input line 11.
(pdftex.def)             Requested size: 614.58406pt x 795.3441pt.
File: revisions/2026-09-24-r34/history/HISTORY_R32.pdf Graphic file (type pdf)
<use revisions/2026-09-24-r34/history/HISTORY_R32.pdf, page 231>
Package pdftex.def Info: revisions/2026-09-24-r34/history/HISTORY_R32.pdf , pag
e231 used on input line 11.
(pdftex.def)             Requested size: 614.58406pt x 795.3441pt.
File: revisions/2026-09-24-r34/history/HISTORY_R32.pdf Graphic file (type pdf)
<use revisions/2026-09-24-r34/history/HISTORY_R32.pdf, page 231>
Package pdftex.def Info: revisions/2026-09-24-r34/history/HISTORY_R32.pdf , pag
e231 used on input line 11.
(pdftex.def)             Requested size: 614.58406pt x 795.3441pt.
 [258

 <./revisions/2026-09-24-r34/history/HISTORY_R32.pdf>]
<revisions/2026-09-24-r34/history/HISTORY_R32.pdf, id=3062, page=232, 614.295pt
 x 794.97pt>
File: revisions/2026-09-24-r34/history/HISTORY_R32.pdf Graphic file (type pdf)
<use revisions/2026-09-24-r34/history/HISTORY_R32.pdf, page 232>
Package pdftex.def Info: revisions/2026-09-24-r34/history/HISTORY_R32.pdf , pag
e232 used on input line 11.
(pdftex.def)             Requested size: 614.58406pt x 795.3441pt.
File: revisions/2026-09-24-r34/history/HISTORY_R32.pdf Graphic file (type pdf)
<use revisions/2026-09-24-r34/history/HISTORY_R32.pdf, page 232>
Package pdftex.def Info: revisions/2026-09-24-r34/history/HISTORY_R32.pdf , pag
e232 used on input line 11.
(pdftex.def)             Requested size: 614.58406pt x 795.3441pt.
File: revisions/2026-09-24-r34/history/HISTORY_R32.pdf Graphic file (type pdf)
<use revisions/2026-09-24-r34/history/HISTORY_R32.pdf, page 232>
Package pdftex.def Info: revisions/2026-09-24-r34/history/HISTORY_R32.pdf , pag
e232 used on input line 11.
(pdftex.def)             Requested size: 614.58406pt x 795.3441pt.

[259

 <./revisions/2026-09-24-r34/history/HISTORY_R32.pdf>]
<revisions/2026-09-24-r34/history/HISTORY_R32.pdf, id=3072, page=233, 614.295pt
 x 794.97pt>
File: revisions/2026-09-24-r34/history/HISTORY_R32.pdf Graphic file (type pdf)
<use revisions/2026-09-24-r34/history/HISTORY_R32.pdf, page 233>
Package pdftex.def Info: revisions/2026-09-24-r34/history/HISTORY_R32.pdf , pag
e233 used on input line 11.
(pdftex.def)             Requested size: 614.58406pt x 795.3441pt.
File: revisions/2026-09-24-r34/history/HISTORY_R32.pdf Graphic file (type pdf)
<use revisions/2026-09-24-r34/history/HISTORY_R32.pdf, page 233>
Package pdftex.def Info: revisions/2026-09-24-r34/history/HISTORY_R32.pdf , pag
e233 used on input line 11.
(pdftex.def)             Requested size: 614.58406pt x 795.3441pt.
File: revisions/2026-09-24-r34/history/HISTORY_R32.pdf Graphic file (type pdf)
<use revisions/2026-09-24-r34/history/HISTORY_R32.pdf, page 233>
Package pdftex.def Info: revisions/2026-09-24-r34/history/HISTORY_R32.pdf , pag
e233 used on input line 11.
(pdftex.def)             Requested size: 614.58406pt x 795.3441pt.
 [260

 <./revisions/2026-09-24-r34/history/HISTORY_R32.pdf>]
<revisions/2026-09-24-r34/history/HISTORY_R32.pdf, id=3081, page=234, 614.295pt
 x 794.97pt>
File: revisions/2026-09-24-r34/history/HISTORY_R32.pdf Graphic file (type pdf)
<use revisions/2026-09-24-r34/history/HISTORY_R32.pdf, page 234>
Package pdftex.def Info: revisions/2026-09-24-r34/history/HISTORY_R32.pdf , pag
e234 used on input line 11.
(pdftex.def)             Requested size: 614.58406pt x 795.3441pt.
File: revisions/2026-09-24-r34/history/HISTORY_R32.pdf Graphic file (type pdf)
<use revisions/2026-09-24-r34/history/HISTORY_R32.pdf, page 234>
Package pdftex.def Info: revisions/2026-09-24-r34/history/HISTORY_R32.pdf , pag
e234 used on input line 11.
(pdftex.def)             Requested size: 614.58406pt x 795.3441pt.
File: revisions/2026-09-24-r34/history/HISTORY_R32.pdf Graphic file (type pdf)
<use revisions/2026-09-24-r34/history/HISTORY_R32.pdf, page 234>
Package pdftex.def Info: revisions/2026-09-24-r34/history/HISTORY_R32.pdf , pag
e234 used on input line 11.
(pdftex.def)             Requested size: 614.58406pt x 795.3441pt.
 [261

 <./revisions/2026-09-24-r34/history/HISTORY_R32.pdf>]
<revisions/2026-09-24-r34/history/HISTORY_R32.pdf, id=3090, page=235, 614.295pt
 x 794.97pt>
File: revisions/2026-09-24-r34/history/HISTORY_R32.pdf Graphic file (type pdf)
<use revisions/2026-09-24-r34/history/HISTORY_R32.pdf, page 235>
Package pdftex.def Info: revisions/2026-09-24-r34/history/HISTORY_R32.pdf , pag
e235 used on input line 11.
(pdftex.def)             Requested size: 614.58406pt x 795.3441pt.
File: revisions/2026-09-24-r34/history/HISTORY_R32.pdf Graphic file (type pdf)
<use revisions/2026-09-24-r34/history/HISTORY_R32.pdf, page 235>
Package pdftex.def Info: revisions/2026-09-24-r34/history/HISTORY_R32.pdf , pag
e235 used on input line 11.
(pdftex.def)             Requested size: 614.58406pt x 795.3441pt.
File: revisions/2026-09-24-r34/history/HISTORY_R32.pdf Graphic file (type pdf)
<use revisions/2026-09-24-r34/history/HISTORY_R32.pdf, page 235>
Package pdftex.def Info: revisions/2026-09-24-r34/history/HISTORY_R32.pdf , pag
e235 used on input line 11.
(pdftex.def)             Requested size: 614.58406pt x 795.3441pt.
 [262

 <./revisions/2026-09-24-r34/history/HISTORY_R32.pdf>]
<revisions/2026-09-24-r34/history/HISTORY_R32.pdf, id=3107, page=236, 614.295pt
 x 794.97pt>
File: revisions/2026-09-24-r34/history/HISTORY_R32.pdf Graphic file (type pdf)
<use revisions/2026-09-24-r34/history/HISTORY_R32.pdf, page 236>
Package pdftex.def Info: revisions/2026-09-24-r34/history/HISTORY_R32.pdf , pag
e236 used on input line 11.
(pdftex.def)             Requested size: 614.58406pt x 795.3441pt.
File: revisions/2026-09-24-r34/history/HISTORY_R32.pdf Graphic file (type pdf)
<use revisions/2026-09-24-r34/history/HISTORY_R32.pdf, page 236>
Package pdftex.def Info: revisions/2026-09-24-r34/history/HISTORY_R32.pdf , pag
e236 used on input line 11.
(pdftex.def)             Requested size: 614.58406pt x 795.3441pt.
File: revisions/2026-09-24-r34/history/HISTORY_R32.pdf Graphic file (type pdf)
<use revisions/2026-09-24-r34/history/HISTORY_R32.pdf, page 236>
Package pdftex.def Info: revisions/2026-09-24-r34/history/HISTORY_R32.pdf , pag
e236 used on input line 11.
(pdftex.def)             Requested size: 614.58406pt x 795.3441pt.

[263

 <./revisions/2026-09-24-r34/history/HISTORY_R32.pdf>]
<revisions/2026-09-24-r34/history/HISTORY_R32.pdf, id=3116, page=237, 614.295pt
 x 794.97pt>
File: revisions/2026-09-24-r34/history/HISTORY_R32.pdf Graphic file (type pdf)
<use revisions/2026-09-24-r34/history/HISTORY_R32.pdf, page 237>
Package pdftex.def Info: revisions/2026-09-24-r34/history/HISTORY_R32.pdf , pag
e237 used on input line 11.
(pdftex.def)             Requested size: 614.58406pt x 795.3441pt.
File: revisions/2026-09-24-r34/history/HISTORY_R32.pdf Graphic file (type pdf)
<use revisions/2026-09-24-r34/history/HISTORY_R32.pdf, page 237>
Package pdftex.def Info: revisions/2026-09-24-r34/history/HISTORY_R32.pdf , pag
e237 used on input line 11.
(pdftex.def)             Requested size: 614.58406pt x 795.3441pt.
File: revisions/2026-09-24-r34/history/HISTORY_R32.pdf Graphic file (type pdf)
<use revisions/2026-09-24-r34/history/HISTORY_R32.pdf, page 237>
Package pdftex.def Info: revisions/2026-09-24-r34/history/HISTORY_R32.pdf , pag
e237 used on input line 11.
(pdftex.def)             Requested size: 614.58406pt x 795.3441pt.
 [264

 <./revisions/2026-09-24-r34/history/HISTORY_R32.pdf>]
<revisions/2026-09-24-r34/history/HISTORY_R32.pdf, id=3125, page=238, 614.295pt
 x 794.97pt>
File: revisions/2026-09-24-r34/history/HISTORY_R32.pdf Graphic file (type pdf)
<use revisions/2026-09-24-r34/history/HISTORY_R32.pdf, page 238>
Package pdftex.def Info: revisions/2026-09-24-r34/history/HISTORY_R32.pdf , pag
e238 used on input line 11.
(pdftex.def)             Requested size: 614.58406pt x 795.3441pt.
File: revisions/2026-09-24-r34/history/HISTORY_R32.pdf Graphic file (type pdf)
<use revisions/2026-09-24-r34/history/HISTORY_R32.pdf, page 238>
Package pdftex.def Info: revisions/2026-09-24-r34/history/HISTORY_R32.pdf , pag
e238 used on input line 11.
(pdftex.def)             Requested size: 614.58406pt x 795.3441pt.
File: revisions/2026-09-24-r34/history/HISTORY_R32.pdf Graphic file (type pdf)
<use revisions/2026-09-24-r34/history/HISTORY_R32.pdf, page 238>
Package pdftex.def Info: revisions/2026-09-24-r34/history/HISTORY_R32.pdf , pag
e238 used on input line 11.
(pdftex.def)             Requested size: 614.58406pt x 795.3441pt.
 [265

 <./revisions/2026-09-24-r34/history/HISTORY_R32.pdf>]
<revisions/2026-09-24-r34/history/HISTORY_R32.pdf, id=3135, page=239, 614.295pt
 x 794.97pt>
File: revisions/2026-09-24-r34/history/HISTORY_R32.pdf Graphic file (type pdf)
<use revisions/2026-09-24-r34/history/HISTORY_R32.pdf, page 239>
Package pdftex.def Info: revisions/2026-09-24-r34/history/HISTORY_R32.pdf , pag
e239 used on input line 11.
(pdftex.def)             Requested size: 614.58406pt x 795.3441pt.
File: revisions/2026-09-24-r34/history/HISTORY_R32.pdf Graphic file (type pdf)
<use revisions/2026-09-24-r34/history/HISTORY_R32.pdf, page 239>
Package pdftex.def Info: revisions/2026-09-24-r34/history/HISTORY_R32.pdf , pag
e239 used on input line 11.
(pdftex.def)             Requested size: 614.58406pt x 795.3441pt.
File: revisions/2026-09-24-r34/history/HISTORY_R32.pdf Graphic file (type pdf)
<use revisions/2026-09-24-r34/history/HISTORY_R32.pdf, page 239>
Package pdftex.def Info: revisions/2026-09-24-r34/history/HISTORY_R32.pdf , pag
e239 used on input line 11.
(pdftex.def)             Requested size: 614.58406pt x 795.3441pt.
 [266

 <./revisions/2026-09-24-r34/history/HISTORY_R32.pdf>]
<revisions/2026-09-24-r34/history/HISTORY_R32.pdf, id=3144, page=240, 614.295pt
 x 794.97pt>
File: revisions/2026-09-24-r34/history/HISTORY_R32.pdf Graphic file (type pdf)
<use revisions/2026-09-24-r34/history/HISTORY_R32.pdf, page 240>
Package pdftex.def Info: revisions/2026-09-24-r34/history/HISTORY_R32.pdf , pag
e240 used on input line 11.
(pdftex.def)             Requested size: 614.58406pt x 795.3441pt.
File: revisions/2026-09-24-r34/history/HISTORY_R32.pdf Graphic file (type pdf)
<use revisions/2026-09-24-r34/history/HISTORY_R32.pdf, page 240>
Package pdftex.def Info: revisions/2026-09-24-r34/history/HISTORY_R32.pdf , pag
e240 used on input line 11.
(pdftex.def)             Requested size: 614.58406pt x 795.3441pt.
File: revisions/2026-09-24-r34/history/HISTORY_R32.pdf Graphic file (type pdf)
<use revisions/2026-09-24-r34/history/HISTORY_R32.pdf, page 240>
Package pdftex.def Info: revisions/2026-09-24-r34/history/HISTORY_R32.pdf , pag
e240 used on input line 11.
(pdftex.def)             Requested size: 614.58406pt x 795.3441pt.

[267

 <./revisions/2026-09-24-r34/history/HISTORY_R32.pdf>]
<revisions/2026-09-24-r34/history/HISTORY_R32.pdf, id=3153, page=241, 614.295pt
 x 794.97pt>
File: revisions/2026-09-24-r34/history/HISTORY_R32.pdf Graphic file (type pdf)
<use revisions/2026-09-24-r34/history/HISTORY_R32.pdf, page 241>
Package pdftex.def Info: revisions/2026-09-24-r34/history/HISTORY_R32.pdf , pag
e241 used on input line 11.
(pdftex.def)             Requested size: 614.58406pt x 795.3441pt.
File: revisions/2026-09-24-r34/history/HISTORY_R32.pdf Graphic file (type pdf)
<use revisions/2026-09-24-r34/history/HISTORY_R32.pdf, page 241>
Package pdftex.def Info: revisions/2026-09-24-r34/history/HISTORY_R32.pdf , pag
e241 used on input line 11.
(pdftex.def)             Requested size: 614.58406pt x 795.3441pt.
File: revisions/2026-09-24-r34/history/HISTORY_R32.pdf Graphic file (type pdf)
<use revisions/2026-09-24-r34/history/HISTORY_R32.pdf, page 241>
Package pdftex.def Info: revisions/2026-09-24-r34/history/HISTORY_R32.pdf , pag
e241 used on input line 11.
(pdftex.def)             Requested size: 614.58406pt x 795.3441pt.
 [268

 <./revisions/2026-09-24-r34/history/HISTORY_R32.pdf>]
<revisions/2026-09-24-r34/history/HISTORY_R32.pdf, id=3162, page=242, 614.295pt
 x 794.97pt>
File: revisions/2026-09-24-r34/history/HISTORY_R32.pdf Graphic file (type pdf)
<use revisions/2026-09-24-r34/history/HISTORY_R32.pdf, page 242>
Package pdftex.def Info: revisions/2026-09-24-r34/history/HISTORY_R32.pdf , pag
e242 used on input line 11.
(pdftex.def)             Requested size: 614.58406pt x 795.3441pt.
File: revisions/2026-09-24-r34/history/HISTORY_R32.pdf Graphic file (type pdf)
<use revisions/2026-09-24-r34/history/HISTORY_R32.pdf, page 242>
Package pdftex.def Info: revisions/2026-09-24-r34/history/HISTORY_R32.pdf , pag
e242 used on input line 11.
(pdftex.def)             Requested size: 614.58406pt x 795.3441pt.
File: revisions/2026-09-24-r34/history/HISTORY_R32.pdf Graphic file (type pdf)
<use revisions/2026-09-24-r34/history/HISTORY_R32.pdf, page 242>
Package pdftex.def Info: revisions/2026-09-24-r34/history/HISTORY_R32.pdf , pag
e242 used on input line 11.
(pdftex.def)             Requested size: 614.58406pt x 795.3441pt.
 [269

 <./revisions/2026-09-24-r34/history/HISTORY_R32.pdf>]
<revisions/2026-09-24-r34/history/HISTORY_R32.pdf, id=3171, page=243, 614.295pt
 x 794.97pt>
File: revisions/2026-09-24-r34/history/HISTORY_R32.pdf Graphic file (type pdf)
<use revisions/2026-09-24-r34/history/HISTORY_R32.pdf, page 243>
Package pdftex.def Info: revisions/2026-09-24-r34/history/HISTORY_R32.pdf , pag
e243 used on input line 11.
(pdftex.def)             Requested size: 614.58406pt x 795.3441pt.
File: revisions/2026-09-24-r34/history/HISTORY_R32.pdf Graphic file (type pdf)
<use revisions/2026-09-24-r34/history/HISTORY_R32.pdf, page 243>
Package pdftex.def Info: revisions/2026-09-24-r34/history/HISTORY_R32.pdf , pag
e243 used on input line 11.
(pdftex.def)             Requested size: 614.58406pt x 795.3441pt.
File: revisions/2026-09-24-r34/history/HISTORY_R32.pdf Graphic file (type pdf)
<use revisions/2026-09-24-r34/history/HISTORY_R32.pdf, page 243>
Package pdftex.def Info: revisions/2026-09-24-r34/history/HISTORY_R32.pdf , pag
e243 used on input line 11.
(pdftex.def)             Requested size: 614.58406pt x 795.3441pt.
 [270

 <./revisions/2026-09-24-r34/history/HISTORY_R32.pdf>]
<revisions/2026-09-24-r34/history/HISTORY_R32.pdf, id=3180, page=244, 614.295pt
 x 794.97pt>
File: revisions/2026-09-24-r34/history/HISTORY_R32.pdf Graphic file (type pdf)
<use revisions/2026-09-24-r34/history/HISTORY_R32.pdf, page 244>
Package pdftex.def Info: revisions/2026-09-24-r34/history/HISTORY_R32.pdf , pag
e244 used on input line 11.
(pdftex.def)             Requested size: 614.58406pt x 795.3441pt.
File: revisions/2026-09-24-r34/history/HISTORY_R32.pdf Graphic file (type pdf)
<use revisions/2026-09-24-r34/history/HISTORY_R32.pdf, page 244>
Package pdftex.def Info: revisions/2026-09-24-r34/history/HISTORY_R32.pdf , pag
e244 used on input line 11.
(pdftex.def)             Requested size: 614.58406pt x 795.3441pt.
File: revisions/2026-09-24-r34/history/HISTORY_R32.pdf Graphic file (type pdf)
<use revisions/2026-09-24-r34/history/HISTORY_R32.pdf, page 244>
Package pdftex.def Info: revisions/2026-09-24-r34/history/HISTORY_R32.pdf , pag
e244 used on input line 11.
(pdftex.def)             Requested size: 614.58406pt x 795.3441pt.

[271

 <./revisions/2026-09-24-r34/history/HISTORY_R32.pdf>]
<revisions/2026-09-24-r34/history/HISTORY_R32.pdf, id=3190, page=245, 614.295pt
 x 794.97pt>
File: revisions/2026-09-24-r34/history/HISTORY_R32.pdf Graphic file (type pdf)
<use revisions/2026-09-24-r34/history/HISTORY_R32.pdf, page 245>
Package pdftex.def Info: revisions/2026-09-24-r34/history/HISTORY_R32.pdf , pag
e245 used on input line 11.
(pdftex.def)             Requested size: 614.58406pt x 795.3441pt.
File: revisions/2026-09-24-r34/history/HISTORY_R32.pdf Graphic file (type pdf)
<use revisions/2026-09-24-r34/history/HISTORY_R32.pdf, page 245>
Package pdftex.def Info: revisions/2026-09-24-r34/history/HISTORY_R32.pdf , pag
e245 used on input line 11.
(pdftex.def)             Requested size: 614.58406pt x 795.3441pt.
File: revisions/2026-09-24-r34/history/HISTORY_R32.pdf Graphic file (type pdf)
<use revisions/2026-09-24-r34/history/HISTORY_R32.pdf, page 245>
Package pdftex.def Info: revisions/2026-09-24-r34/history/HISTORY_R32.pdf , pag
e245 used on input line 11.
(pdftex.def)             Requested size: 614.58406pt x 795.3441pt.
 [272

 <./revisions/2026-09-24-r34/history/HISTORY_R32.pdf>]
<revisions/2026-09-24-r34/history/HISTORY_R32.pdf, id=3203, page=246, 614.295pt
 x 794.97pt>
File: revisions/2026-09-24-r34/history/HISTORY_R32.pdf Graphic file (type pdf)
<use revisions/2026-09-24-r34/history/HISTORY_R32.pdf, page 246>
Package pdftex.def Info: revisions/2026-09-24-r34/history/HISTORY_R32.pdf , pag
e246 used on input line 11.
(pdftex.def)             Requested size: 614.58406pt x 795.3441pt.
File: revisions/2026-09-24-r34/history/HISTORY_R32.pdf Graphic file (type pdf)
<use revisions/2026-09-24-r34/history/HISTORY_R32.pdf, page 246>
Package pdftex.def Info: revisions/2026-09-24-r34/history/HISTORY_R32.pdf , pag
e246 used on input line 11.
(pdftex.def)             Requested size: 614.58406pt x 795.3441pt.
File: revisions/2026-09-24-r34/history/HISTORY_R32.pdf Graphic file (type pdf)
<use revisions/2026-09-24-r34/history/HISTORY_R32.pdf, page 246>
Package pdftex.def Info: revisions/2026-09-24-r34/history/HISTORY_R32.pdf , pag
e246 used on input line 11.
(pdftex.def)             Requested size: 614.58406pt x 795.3441pt.
 [273

 <./revisions/2026-09-24-r34/history/HISTORY_R32.pdf>]
<revisions/2026-09-24-r34/history/HISTORY_R32.pdf, id=3212, page=247, 614.295pt
 x 794.97pt>
File: revisions/2026-09-24-r34/history/HISTORY_R32.pdf Graphic file (type pdf)
<use revisions/2026-09-24-r34/history/HISTORY_R32.pdf, page 247>
Package pdftex.def Info: revisions/2026-09-24-r34/history/HISTORY_R32.pdf , pag
e247 used on input line 11.
(pdftex.def)             Requested size: 614.58406pt x 795.3441pt.
File: revisions/2026-09-24-r34/history/HISTORY_R32.pdf Graphic file (type pdf)
<use revisions/2026-09-24-r34/history/HISTORY_R32.pdf, page 247>
Package pdftex.def Info: revisions/2026-09-24-r34/history/HISTORY_R32.pdf , pag
e247 used on input line 11.
(pdftex.def)             Requested size: 614.58406pt x 795.3441pt.
File: revisions/2026-09-24-r34/history/HISTORY_R32.pdf Graphic file (type pdf)
<use revisions/2026-09-24-r34/history/HISTORY_R32.pdf, page 247>
Package pdftex.def Info: revisions/2026-09-24-r34/history/HISTORY_R32.pdf , pag
e247 used on input line 11.
(pdftex.def)             Requested size: 614.58406pt x 795.3441pt.
 [274

 <./revisions/2026-09-24-r34/history/HISTORY_R32.pdf>]
<revisions/2026-09-24-r34/history/HISTORY_R32.pdf, id=3221, page=248, 614.295pt
 x 794.97pt>
File: revisions/2026-09-24-r34/history/HISTORY_R32.pdf Graphic file (type pdf)
<use revisions/2026-09-24-r34/history/HISTORY_R32.pdf, page 248>
Package pdftex.def Info: revisions/2026-09-24-r34/history/HISTORY_R32.pdf , pag
e248 used on input line 11.
(pdftex.def)             Requested size: 614.58406pt x 795.3441pt.
File: revisions/2026-09-24-r34/history/HISTORY_R32.pdf Graphic file (type pdf)
<use revisions/2026-09-24-r34/history/HISTORY_R32.pdf, page 248>
Package pdftex.def Info: revisions/2026-09-24-r34/history/HISTORY_R32.pdf , pag
e248 used on input line 11.
(pdftex.def)             Requested size: 614.58406pt x 795.3441pt.
File: revisions/2026-09-24-r34/history/HISTORY_R32.pdf Graphic file (type pdf)
<use revisions/2026-09-24-r34/history/HISTORY_R32.pdf, page 248>
Package pdftex.def Info: revisions/2026-09-24-r34/history/HISTORY_R32.pdf , pag
e248 used on input line 11.
(pdftex.def)             Requested size: 614.58406pt x 795.3441pt.

[275

 <./revisions/2026-09-24-r34/history/HISTORY_R32.pdf>]
<revisions/2026-09-24-r34/history/HISTORY_R32.pdf, id=3230, page=249, 614.295pt
 x 794.97pt>
File: revisions/2026-09-24-r34/history/HISTORY_R32.pdf Graphic file (type pdf)
<use revisions/2026-09-24-r34/history/HISTORY_R32.pdf, page 249>
Package pdftex.def Info: revisions/2026-09-24-r34/history/HISTORY_R32.pdf , pag
e249 used on input line 11.
(pdftex.def)             Requested size: 614.58406pt x 795.3441pt.
File: revisions/2026-09-24-r34/history/HISTORY_R32.pdf Graphic file (type pdf)
<use revisions/2026-09-24-r34/history/HISTORY_R32.pdf, page 249>
Package pdftex.def Info: revisions/2026-09-24-r34/history/HISTORY_R32.pdf , pag
e249 used on input line 11.
(pdftex.def)             Requested size: 614.58406pt x 795.3441pt.
File: revisions/2026-09-24-r34/history/HISTORY_R32.pdf Graphic file (type pdf)
<use revisions/2026-09-24-r34/history/HISTORY_R32.pdf, page 249>
Package pdftex.def Info: revisions/2026-09-24-r34/history/HISTORY_R32.pdf , pag
e249 used on input line 11.
(pdftex.def)             Requested size: 614.58406pt x 795.3441pt.
 [276

 <./revisions/2026-09-24-r34/history/HISTORY_R32.pdf>]
<revisions/2026-09-24-r34/history/HISTORY_R32.pdf, id=3239, page=250, 614.295pt
 x 794.97pt>
File: revisions/2026-09-24-r34/history/HISTORY_R32.pdf Graphic file (type pdf)
<use revisions/2026-09-24-r34/history/HISTORY_R32.pdf, page 250>
Package pdftex.def Info: revisions/2026-09-24-r34/history/HISTORY_R32.pdf , pag
e250 used on input line 11.
(pdftex.def)             Requested size: 614.58406pt x 795.3441pt.
File: revisions/2026-09-24-r34/history/HISTORY_R32.pdf Graphic file (type pdf)
<use revisions/2026-09-24-r34/history/HISTORY_R32.pdf, page 250>
Package pdftex.def Info: revisions/2026-09-24-r34/history/HISTORY_R32.pdf , pag
e250 used on input line 11.
(pdftex.def)             Requested size: 614.58406pt x 795.3441pt.
File: revisions/2026-09-24-r34/history/HISTORY_R32.pdf Graphic file (type pdf)
<use revisions/2026-09-24-r34/history/HISTORY_R32.pdf, page 250>
Package pdftex.def Info: revisions/2026-09-24-r34/history/HISTORY_R32.pdf , pag
e250 used on input line 11.
(pdftex.def)             Requested size: 614.58406pt x 795.3441pt.
 [277

 <./revisions/2026-09-24-r34/history/HISTORY_R32.pdf>]
<revisions/2026-09-24-r34/history/HISTORY_R32.pdf, id=3249, page=251, 614.295pt
 x 794.97pt>
File: revisions/2026-09-24-r34/history/HISTORY_R32.pdf Graphic file (type pdf)
<use revisions/2026-09-24-r34/history/HISTORY_R32.pdf, page 251>
Package pdftex.def Info: revisions/2026-09-24-r34/history/HISTORY_R32.pdf , pag
e251 used on input line 11.
(pdftex.def)             Requested size: 614.58406pt x 795.3441pt.
File: revisions/2026-09-24-r34/history/HISTORY_R32.pdf Graphic file (type pdf)
<use revisions/2026-09-24-r34/history/HISTORY_R32.pdf, page 251>
Package pdftex.def Info: revisions/2026-09-24-r34/history/HISTORY_R32.pdf , pag
e251 used on input line 11.
(pdftex.def)             Requested size: 614.58406pt x 795.3441pt.
File: revisions/2026-09-24-r34/history/HISTORY_R32.pdf Graphic file (type pdf)
<use revisions/2026-09-24-r34/history/HISTORY_R32.pdf, page 251>
Package pdftex.def Info: revisions/2026-09-24-r34/history/HISTORY_R32.pdf , pag
e251 used on input line 11.
(pdftex.def)             Requested size: 614.58406pt x 795.3441pt.
 [278

 <./revisions/2026-09-24-r34/history/HISTORY_R32.pdf>]
<revisions/2026-09-24-r34/history/HISTORY_R32.pdf, id=3262, page=252, 614.295pt
 x 794.97pt>
File: revisions/2026-09-24-r34/history/HISTORY_R32.pdf Graphic file (type pdf)
<use revisions/2026-09-24-r34/history/HISTORY_R32.pdf, page 252>
Package pdftex.def Info: revisions/2026-09-24-r34/history/HISTORY_R32.pdf , pag
e252 used on input line 11.
(pdftex.def)             Requested size: 614.58406pt x 795.3441pt.
File: revisions/2026-09-24-r34/history/HISTORY_R32.pdf Graphic file (type pdf)
<use revisions/2026-09-24-r34/history/HISTORY_R32.pdf, page 252>
Package pdftex.def Info: revisions/2026-09-24-r34/history/HISTORY_R32.pdf , pag
e252 used on input line 11.
(pdftex.def)             Requested size: 614.58406pt x 795.3441pt.
File: revisions/2026-09-24-r34/history/HISTORY_R32.pdf Graphic file (type pdf)
<use revisions/2026-09-24-r34/history/HISTORY_R32.pdf, page 252>
Package pdftex.def Info: revisions/2026-09-24-r34/history/HISTORY_R32.pdf , pag
e252 used on input line 11.
(pdftex.def)             Requested size: 614.58406pt x 795.3441pt.

[279

 <./revisions/2026-09-24-r34/history/HISTORY_R32.pdf>]
<revisions/2026-09-24-r34/history/HISTORY_R32.pdf, id=3275, page=253, 614.295pt
 x 794.97pt>
File: revisions/2026-09-24-r34/history/HISTORY_R32.pdf Graphic file (type pdf)
<use revisions/2026-09-24-r34/history/HISTORY_R32.pdf, page 253>
Package pdftex.def Info: revisions/2026-09-24-r34/history/HISTORY_R32.pdf , pag
e253 used on input line 11.
(pdftex.def)             Requested size: 614.58406pt x 795.3441pt.
File: revisions/2026-09-24-r34/history/HISTORY_R32.pdf Graphic file (type pdf)
<use revisions/2026-09-24-r34/history/HISTORY_R32.pdf, page 253>
Package pdftex.def Info: revisions/2026-09-24-r34/history/HISTORY_R32.pdf , pag
e253 used on input line 11.
(pdftex.def)             Requested size: 614.58406pt x 795.3441pt.
File: revisions/2026-09-24-r34/history/HISTORY_R32.pdf Graphic file (type pdf)
<use revisions/2026-09-24-r34/history/HISTORY_R32.pdf, page 253>
Package pdftex.def Info: revisions/2026-09-24-r34/history/HISTORY_R32.pdf , pag
e253 used on input line 11.
(pdftex.def)             Requested size: 614.58406pt x 795.3441pt.
 [280

 <./revisions/2026-09-24-r34/history/HISTORY_R32.pdf>]
<revisions/2026-09-24-r34/history/HISTORY_R32.pdf, id=3288, page=254, 614.295pt
 x 794.97pt>
File: revisions/2026-09-24-r34/history/HISTORY_R32.pdf Graphic file (type pdf)
<use revisions/2026-09-24-r34/history/HISTORY_R32.pdf, page 254>
Package pdftex.def Info: revisions/2026-09-24-r34/history/HISTORY_R32.pdf , pag
e254 used on input line 11.
(pdftex.def)             Requested size: 614.58406pt x 795.3441pt.
File: revisions/2026-09-24-r34/history/HISTORY_R32.pdf Graphic file (type pdf)
<use revisions/2026-09-24-r34/history/HISTORY_R32.pdf, page 254>
Package pdftex.def Info: revisions/2026-09-24-r34/history/HISTORY_R32.pdf , pag
e254 used on input line 11.
(pdftex.def)             Requested size: 614.58406pt x 795.3441pt.
File: revisions/2026-09-24-r34/history/HISTORY_R32.pdf Graphic file (type pdf)
<use revisions/2026-09-24-r34/history/HISTORY_R32.pdf, page 254>
Package pdftex.def Info: revisions/2026-09-24-r34/history/HISTORY_R32.pdf , pag
e254 used on input line 11.
(pdftex.def)             Requested size: 614.58406pt x 795.3441pt.
 [281

 <./revisions/2026-09-24-r34/history/HISTORY_R32.pdf>]
<revisions/2026-09-24-r34/history/HISTORY_R32.pdf, id=3297, page=255, 614.295pt
 x 794.97pt>
File: revisions/2026-09-24-r34/history/HISTORY_R32.pdf Graphic file (type pdf)
<use revisions/2026-09-24-r34/history/HISTORY_R32.pdf, page 255>
Package pdftex.def Info: revisions/2026-09-24-r34/history/HISTORY_R32.pdf , pag
e255 used on input line 11.
(pdftex.def)             Requested size: 614.58406pt x 795.3441pt.
File: revisions/2026-09-24-r34/history/HISTORY_R32.pdf Graphic file (type pdf)
<use revisions/2026-09-24-r34/history/HISTORY_R32.pdf, page 255>
Package pdftex.def Info: revisions/2026-09-24-r34/history/HISTORY_R32.pdf , pag
e255 used on input line 11.
(pdftex.def)             Requested size: 614.58406pt x 795.3441pt.
File: revisions/2026-09-24-r34/history/HISTORY_R32.pdf Graphic file (type pdf)
<use revisions/2026-09-24-r34/history/HISTORY_R32.pdf, page 255>
Package pdftex.def Info: revisions/2026-09-24-r34/history/HISTORY_R32.pdf , pag
e255 used on input line 11.
(pdftex.def)             Requested size: 614.58406pt x 795.3441pt.
 [282

 <./revisions/2026-09-24-r34/history/HISTORY_R32.pdf>]
<revisions/2026-09-24-r34/history/HISTORY_R32.pdf, id=3306, page=256, 614.295pt
 x 794.97pt>
File: revisions/2026-09-24-r34/history/HISTORY_R32.pdf Graphic file (type pdf)
<use revisions/2026-09-24-r34/history/HISTORY_R32.pdf, page 256>
Package pdftex.def Info: revisions/2026-09-24-r34/history/HISTORY_R32.pdf , pag
e256 used on input line 11.
(pdftex.def)             Requested size: 614.58406pt x 795.3441pt.
File: revisions/2026-09-24-r34/history/HISTORY_R32.pdf Graphic file (type pdf)
<use revisions/2026-09-24-r34/history/HISTORY_R32.pdf, page 256>
Package pdftex.def Info: revisions/2026-09-24-r34/history/HISTORY_R32.pdf , pag
e256 used on input line 11.
(pdftex.def)             Requested size: 614.58406pt x 795.3441pt.
File: revisions/2026-09-24-r34/history/HISTORY_R32.pdf Graphic file (type pdf)
<use revisions/2026-09-24-r34/history/HISTORY_R32.pdf, page 256>
Package pdftex.def Info: revisions/2026-09-24-r34/history/HISTORY_R32.pdf , pag
e256 used on input line 11.
(pdftex.def)             Requested size: 614.58406pt x 795.3441pt.

[283

 <./revisions/2026-09-24-r34/history/HISTORY_R32.pdf>]
<revisions/2026-09-24-r34/history/HISTORY_R32.pdf, id=3316, page=257, 614.295pt
 x 794.97pt>
File: revisions/2026-09-24-r34/history/HISTORY_R32.pdf Graphic file (type pdf)
<use revisions/2026-09-24-r34/history/HISTORY_R32.pdf, page 257>
Package pdftex.def Info: revisions/2026-09-24-r34/history/HISTORY_R32.pdf , pag
e257 used on input line 11.
(pdftex.def)             Requested size: 614.58406pt x 795.3441pt.
File: revisions/2026-09-24-r34/history/HISTORY_R32.pdf Graphic file (type pdf)
<use revisions/2026-09-24-r34/history/HISTORY_R32.pdf, page 257>
Package pdftex.def Info: revisions/2026-09-24-r34/history/HISTORY_R32.pdf , pag
e257 used on input line 11.
(pdftex.def)             Requested size: 614.58406pt x 795.3441pt.
File: revisions/2026-09-24-r34/history/HISTORY_R32.pdf Graphic file (type pdf)
<use revisions/2026-09-24-r34/history/HISTORY_R32.pdf, page 257>
Package pdftex.def Info: revisions/2026-09-24-r34/history/HISTORY_R32.pdf , pag
e257 used on input line 11.
(pdftex.def)             Requested size: 614.58406pt x 795.3441pt.
 [284

 <./revisions/2026-09-24-r34/history/HISTORY_R32.pdf>]
<revisions/2026-09-24-r34/history/HISTORY_R32.pdf, id=3326, page=258, 614.295pt
 x 794.97pt>
File: revisions/2026-09-24-r34/history/HISTORY_R32.pdf Graphic file (type pdf)
<use revisions/2026-09-24-r34/history/HISTORY_R32.pdf, page 258>
Package pdftex.def Info: revisions/2026-09-24-r34/history/HISTORY_R32.pdf , pag
e258 used on input line 11.
(pdftex.def)             Requested size: 614.58406pt x 795.3441pt.
File: revisions/2026-09-24-r34/history/HISTORY_R32.pdf Graphic file (type pdf)
<use revisions/2026-09-24-r34/history/HISTORY_R32.pdf, page 258>
Package pdftex.def Info: revisions/2026-09-24-r34/history/HISTORY_R32.pdf , pag
e258 used on input line 11.
(pdftex.def)             Requested size: 614.58406pt x 795.3441pt.
File: revisions/2026-09-24-r34/history/HISTORY_R32.pdf Graphic file (type pdf)
<use revisions/2026-09-24-r34/history/HISTORY_R32.pdf, page 258>
Package pdftex.def Info: revisions/2026-09-24-r34/history/HISTORY_R32.pdf , pag
e258 used on input line 11.
(pdftex.def)             Requested size: 614.58406pt x 795.3441pt.
 [285

 <./revisions/2026-09-24-r34/history/HISTORY_R32.pdf>]
<revisions/2026-09-24-r34/history/HISTORY_R32.pdf, id=3335, page=259, 614.295pt
 x 794.97pt>
File: revisions/2026-09-24-r34/history/HISTORY_R32.pdf Graphic file (type pdf)
<use revisions/2026-09-24-r34/history/HISTORY_R32.pdf, page 259>
Package pdftex.def Info: revisions/2026-09-24-r34/history/HISTORY_R32.pdf , pag
e259 used on input line 11.
(pdftex.def)             Requested size: 614.58406pt x 795.3441pt.
File: revisions/2026-09-24-r34/history/HISTORY_R32.pdf Graphic file (type pdf)
<use revisions/2026-09-24-r34/history/HISTORY_R32.pdf, page 259>
Package pdftex.def Info: revisions/2026-09-24-r34/history/HISTORY_R32.pdf , pag
e259 used on input line 11.
(pdftex.def)             Requested size: 614.58406pt x 795.3441pt.
File: revisions/2026-09-24-r34/history/HISTORY_R32.pdf Graphic file (type pdf)
<use revisions/2026-09-24-r34/history/HISTORY_R32.pdf, page 259>
Package pdftex.def Info: revisions/2026-09-24-r34/history/HISTORY_R32.pdf , pag
e259 used on input line 11.
(pdftex.def)             Requested size: 614.58406pt x 795.3441pt.
 [286

 <./revisions/2026-09-24-r34/history/HISTORY_R32.pdf>]
<revisions/2026-09-24-r34/history/HISTORY_R32.pdf, id=3344, page=260, 614.295pt
 x 794.97pt>
File: revisions/2026-09-24-r34/history/HISTORY_R32.pdf Graphic file (type pdf)
<use revisions/2026-09-24-r34/history/HISTORY_R32.pdf, page 260>
Package pdftex.def Info: revisions/2026-09-24-r34/history/HISTORY_R32.pdf , pag
e260 used on input line 11.
(pdftex.def)             Requested size: 614.58406pt x 795.3441pt.
File: revisions/2026-09-24-r34/history/HISTORY_R32.pdf Graphic file (type pdf)
<use revisions/2026-09-24-r34/history/HISTORY_R32.pdf, page 260>
Package pdftex.def Info: revisions/2026-09-24-r34/history/HISTORY_R32.pdf , pag
e260 used on input line 11.
(pdftex.def)             Requested size: 614.58406pt x 795.3441pt.
File: revisions/2026-09-24-r34/history/HISTORY_R32.pdf Graphic file (type pdf)
<use revisions/2026-09-24-r34/history/HISTORY_R32.pdf, page 260>
Package pdftex.def Info: revisions/2026-09-24-r34/history/HISTORY_R32.pdf , pag
e260 used on input line 11.
(pdftex.def)             Requested size: 614.58406pt x 795.3441pt.

[287

 <./revisions/2026-09-24-r34/history/HISTORY_R32.pdf>]
<revisions/2026-09-24-r34/history/HISTORY_R32.pdf, id=3353, page=261, 614.295pt
 x 794.97pt>
File: revisions/2026-09-24-r34/history/HISTORY_R32.pdf Graphic file (type pdf)
<use revisions/2026-09-24-r34/history/HISTORY_R32.pdf, page 261>
Package pdftex.def Info: revisions/2026-09-24-r34/history/HISTORY_R32.pdf , pag
e261 used on input line 11.
(pdftex.def)             Requested size: 614.58406pt x 795.3441pt.
File: revisions/2026-09-24-r34/history/HISTORY_R32.pdf Graphic file (type pdf)
<use revisions/2026-09-24-r34/history/HISTORY_R32.pdf, page 261>
Package pdftex.def Info: revisions/2026-09-24-r34/history/HISTORY_R32.pdf , pag
e261 used on input line 11.
(pdftex.def)             Requested size: 614.58406pt x 795.3441pt.
File: revisions/2026-09-24-r34/history/HISTORY_R32.pdf Graphic file (type pdf)
<use revisions/2026-09-24-r34/history/HISTORY_R32.pdf, page 261>
Package pdftex.def Info: revisions/2026-09-24-r34/history/HISTORY_R32.pdf , pag
e261 used on input line 11.
(pdftex.def)             Requested size: 614.58406pt x 795.3441pt.
 [288

 <./revisions/2026-09-24-r34/history/HISTORY_R32.pdf>]
<revisions/2026-09-24-r34/history/HISTORY_R32.pdf, id=3362, page=262, 614.295pt
 x 794.97pt>
File: revisions/2026-09-24-r34/history/HISTORY_R32.pdf Graphic file (type pdf)
<use revisions/2026-09-24-r34/history/HISTORY_R32.pdf, page 262>
Package pdftex.def Info: revisions/2026-09-24-r34/history/HISTORY_R32.pdf , pag
e262 used on input line 11.
(pdftex.def)             Requested size: 614.58406pt x 795.3441pt.
File: revisions/2026-09-24-r34/history/HISTORY_R32.pdf Graphic file (type pdf)
<use revisions/2026-09-24-r34/history/HISTORY_R32.pdf, page 262>
Package pdftex.def Info: revisions/2026-09-24-r34/history/HISTORY_R32.pdf , pag
e262 used on input line 11.
(pdftex.def)             Requested size: 614.58406pt x 795.3441pt.
File: revisions/2026-09-24-r34/history/HISTORY_R32.pdf Graphic file (type pdf)
<use revisions/2026-09-24-r34/history/HISTORY_R32.pdf, page 262>
Package pdftex.def Info: revisions/2026-09-24-r34/history/HISTORY_R32.pdf , pag
e262 used on input line 11.
(pdftex.def)             Requested size: 614.58406pt x 795.3441pt.
 [289

 <./revisions/2026-09-24-r34/history/HISTORY_R32.pdf>]
<revisions/2026-09-24-r34/history/HISTORY_R32.pdf, id=3372, page=263, 614.295pt
 x 794.97pt>
File: revisions/2026-09-24-r34/history/HISTORY_R32.pdf Graphic file (type pdf)
<use revisions/2026-09-24-r34/history/HISTORY_R32.pdf, page 263>
Package pdftex.def Info: revisions/2026-09-24-r34/history/HISTORY_R32.pdf , pag
e263 used on input line 11.
(pdftex.def)             Requested size: 614.58406pt x 795.3441pt.
File: revisions/2026-09-24-r34/history/HISTORY_R32.pdf Graphic file (type pdf)
<use revisions/2026-09-24-r34/history/HISTORY_R32.pdf, page 263>
Package pdftex.def Info: revisions/2026-09-24-r34/history/HISTORY_R32.pdf , pag
e263 used on input line 11.
(pdftex.def)             Requested size: 614.58406pt x 795.3441pt.
File: revisions/2026-09-24-r34/history/HISTORY_R32.pdf Graphic file (type pdf)
<use revisions/2026-09-24-r34/history/HISTORY_R32.pdf, page 263>
Package pdftex.def Info: revisions/2026-09-24-r34/history/HISTORY_R32.pdf , pag
e263 used on input line 11.
(pdftex.def)             Requested size: 614.58406pt x 795.3441pt.
 [290

 <./revisions/2026-09-24-r34/history/HISTORY_R32.pdf>]
<revisions/2026-09-24-r34/history/HISTORY_R32.pdf, id=3381, page=264, 614.295pt
 x 794.97pt>
File: revisions/2026-09-24-r34/history/HISTORY_R32.pdf Graphic file (type pdf)
<use revisions/2026-09-24-r34/history/HISTORY_R32.pdf, page 264>
Package pdftex.def Info: revisions/2026-09-24-r34/history/HISTORY_R32.pdf , pag
e264 used on input line 11.
(pdftex.def)             Requested size: 614.58406pt x 795.3441pt.
File: revisions/2026-09-24-r34/history/HISTORY_R32.pdf Graphic file (type pdf)
<use revisions/2026-09-24-r34/history/HISTORY_R32.pdf, page 264>
Package pdftex.def Info: revisions/2026-09-24-r34/history/HISTORY_R32.pdf , pag
e264 used on input line 11.
(pdftex.def)             Requested size: 614.58406pt x 795.3441pt.
File: revisions/2026-09-24-r34/history/HISTORY_R32.pdf Graphic file (type pdf)
<use revisions/2026-09-24-r34/history/HISTORY_R32.pdf, page 264>
Package pdftex.def Info: revisions/2026-09-24-r34/history/HISTORY_R32.pdf , pag
e264 used on input line 11.
(pdftex.def)             Requested size: 614.58406pt x 795.3441pt.

[291

 <./revisions/2026-09-24-r34/history/HISTORY_R32.pdf>]
<revisions/2026-09-24-r34/history/HISTORY_R32.pdf, id=3390, page=265, 614.295pt
 x 794.97pt>
File: revisions/2026-09-24-r34/history/HISTORY_R32.pdf Graphic file (type pdf)
<use revisions/2026-09-24-r34/history/HISTORY_R32.pdf, page 265>
Package pdftex.def Info: revisions/2026-09-24-r34/history/HISTORY_R32.pdf , pag
e265 used on input line 11.
(pdftex.def)             Requested size: 614.58406pt x 795.3441pt.
File: revisions/2026-09-24-r34/history/HISTORY_R32.pdf Graphic file (type pdf)
<use revisions/2026-09-24-r34/history/HISTORY_R32.pdf, page 265>
Package pdftex.def Info: revisions/2026-09-24-r34/history/HISTORY_R32.pdf , pag
e265 used on input line 11.
(pdftex.def)             Requested size: 614.58406pt x 795.3441pt.
File: revisions/2026-09-24-r34/history/HISTORY_R32.pdf Graphic file (type pdf)
<use revisions/2026-09-24-r34/history/HISTORY_R32.pdf, page 265>
Package pdftex.def Info: revisions/2026-09-24-r34/history/HISTORY_R32.pdf , pag
e265 used on input line 11.
(pdftex.def)             Requested size: 614.58406pt x 795.3441pt.
 [292

 <./revisions/2026-09-24-r34/history/HISTORY_R32.pdf>]
<revisions/2026-09-24-r34/history/HISTORY_R32.pdf, id=3399, page=266, 614.295pt
 x 794.97pt>
File: revisions/2026-09-24-r34/history/HISTORY_R32.pdf Graphic file (type pdf)
<use revisions/2026-09-24-r34/history/HISTORY_R32.pdf, page 266>
Package pdftex.def Info: revisions/2026-09-24-r34/history/HISTORY_R32.pdf , pag
e266 used on input line 11.
(pdftex.def)             Requested size: 614.58406pt x 795.3441pt.
File: revisions/2026-09-24-r34/history/HISTORY_R32.pdf Graphic file (type pdf)
<use revisions/2026-09-24-r34/history/HISTORY_R32.pdf, page 266>
Package pdftex.def Info: revisions/2026-09-24-r34/history/HISTORY_R32.pdf , pag
e266 used on input line 11.
(pdftex.def)             Requested size: 614.58406pt x 795.3441pt.
File: revisions/2026-09-24-r34/history/HISTORY_R32.pdf Graphic file (type pdf)
<use revisions/2026-09-24-r34/history/HISTORY_R32.pdf, page 266>
Package pdftex.def Info: revisions/2026-09-24-r34/history/HISTORY_R32.pdf , pag
e266 used on input line 11.
(pdftex.def)             Requested size: 614.58406pt x 795.3441pt.
 [293

 <./revisions/2026-09-24-r34/history/HISTORY_R32.pdf>]
<revisions/2026-09-24-r34/history/HISTORY_R32.pdf, id=3408, page=267, 614.295pt
 x 794.97pt>
File: revisions/2026-09-24-r34/history/HISTORY_R32.pdf Graphic file (type pdf)
<use revisions/2026-09-24-r34/history/HISTORY_R32.pdf, page 267>
Package pdftex.def Info: revisions/2026-09-24-r34/history/HISTORY_R32.pdf , pag
e267 used on input line 11.
(pdftex.def)             Requested size: 614.58406pt x 795.3441pt.
File: revisions/2026-09-24-r34/history/HISTORY_R32.pdf Graphic file (type pdf)
<use revisions/2026-09-24-r34/history/HISTORY_R32.pdf, page 267>
Package pdftex.def Info: revisions/2026-09-24-r34/history/HISTORY_R32.pdf , pag
e267 used on input line 11.
(pdftex.def)             Requested size: 614.58406pt x 795.3441pt.
File: revisions/2026-09-24-r34/history/HISTORY_R32.pdf Graphic file (type pdf)
<use revisions/2026-09-24-r34/history/HISTORY_R32.pdf, page 267>
Package pdftex.def Info: revisions/2026-09-24-r34/history/HISTORY_R32.pdf , pag
e267 used on input line 11.
(pdftex.def)             Requested size: 614.58406pt x 795.3441pt.
 [294

 <./revisions/2026-09-24-r34/history/HISTORY_R32.pdf>]
<revisions/2026-09-24-r34/history/HISTORY_R32.pdf, id=3417, page=268, 614.295pt
 x 794.97pt>
File: revisions/2026-09-24-r34/history/HISTORY_R32.pdf Graphic file (type pdf)
<use revisions/2026-09-24-r34/history/HISTORY_R32.pdf, page 268>
Package pdftex.def Info: revisions/2026-09-24-r34/history/HISTORY_R32.pdf , pag
e268 used on input line 11.
(pdftex.def)             Requested size: 614.58406pt x 795.3441pt.
File: revisions/2026-09-24-r34/history/HISTORY_R32.pdf Graphic file (type pdf)
<use revisions/2026-09-24-r34/history/HISTORY_R32.pdf, page 268>
Package pdftex.def Info: revisions/2026-09-24-r34/history/HISTORY_R32.pdf , pag
e268 used on input line 11.
(pdftex.def)             Requested size: 614.58406pt x 795.3441pt.
File: revisions/2026-09-24-r34/history/HISTORY_R32.pdf Graphic file (type pdf)
<use revisions/2026-09-24-r34/history/HISTORY_R32.pdf, page 268>
Package pdftex.def Info: revisions/2026-09-24-r34/history/HISTORY_R32.pdf , pag
e268 used on input line 11.
(pdftex.def)             Requested size: 614.58406pt x 795.3441pt.

[295

 <./revisions/2026-09-24-r34/history/HISTORY_R32.pdf>]
<revisions/2026-09-24-r34/history/HISTORY_R32.pdf, id=3427, page=269, 614.295pt
 x 794.97pt>
File: revisions/2026-09-24-r34/history/HISTORY_R32.pdf Graphic file (type pdf)
<use revisions/2026-09-24-r34/history/HISTORY_R32.pdf, page 269>
Package pdftex.def Info: revisions/2026-09-24-r34/history/HISTORY_R32.pdf , pag
e269 used on input line 11.
(pdftex.def)             Requested size: 614.58406pt x 795.3441pt.
File: revisions/2026-09-24-r34/history/HISTORY_R32.pdf Graphic file (type pdf)
<use revisions/2026-09-24-r34/history/HISTORY_R32.pdf, page 269>
Package pdftex.def Info: revisions/2026-09-24-r34/history/HISTORY_R32.pdf , pag
e269 used on input line 11.
(pdftex.def)             Requested size: 614.58406pt x 795.3441pt.
File: revisions/2026-09-24-r34/history/HISTORY_R32.pdf Graphic file (type pdf)
<use revisions/2026-09-24-r34/history/HISTORY_R32.pdf, page 269>
Package pdftex.def Info: revisions/2026-09-24-r34/history/HISTORY_R32.pdf , pag
e269 used on input line 11.
(pdftex.def)             Requested size: 614.58406pt x 795.3441pt.
 [296

 <./revisions/2026-09-24-r34/history/HISTORY_R32.pdf>]
<revisions/2026-09-24-r34/history/HISTORY_R32.pdf, id=3436, page=270, 614.295pt
 x 794.97pt>
File: revisions/2026-09-24-r34/history/HISTORY_R32.pdf Graphic file (type pdf)
<use revisions/2026-09-24-r34/history/HISTORY_R32.pdf, page 270>
Package pdftex.def Info: revisions/2026-09-24-r34/history/HISTORY_R32.pdf , pag
e270 used on input line 11.
(pdftex.def)             Requested size: 614.58406pt x 795.3441pt.
File: revisions/2026-09-24-r34/history/HISTORY_R32.pdf Graphic file (type pdf)
<use revisions/2026-09-24-r34/history/HISTORY_R32.pdf, page 270>
Package pdftex.def Info: revisions/2026-09-24-r34/history/HISTORY_R32.pdf , pag
e270 used on input line 11.
(pdftex.def)             Requested size: 614.58406pt x 795.3441pt.
File: revisions/2026-09-24-r34/history/HISTORY_R32.pdf Graphic file (type pdf)
<use revisions/2026-09-24-r34/history/HISTORY_R32.pdf, page 270>
Package pdftex.def Info: revisions/2026-09-24-r34/history/HISTORY_R32.pdf , pag
e270 used on input line 11.
(pdftex.def)             Requested size: 614.58406pt x 795.3441pt.
 [297

 <./revisions/2026-09-24-r34/history/HISTORY_R32.pdf>]
<revisions/2026-09-24-r34/history/HISTORY_R32.pdf, id=3445, page=271, 614.295pt
 x 794.97pt>
File: revisions/2026-09-24-r34/history/HISTORY_R32.pdf Graphic file (type pdf)
<use revisions/2026-09-24-r34/history/HISTORY_R32.pdf, page 271>
Package pdftex.def Info: revisions/2026-09-24-r34/history/HISTORY_R32.pdf , pag
e271 used on input line 11.
(pdftex.def)             Requested size: 614.58406pt x 795.3441pt.
File: revisions/2026-09-24-r34/history/HISTORY_R32.pdf Graphic file (type pdf)
<use revisions/2026-09-24-r34/history/HISTORY_R32.pdf, page 271>
Package pdftex.def Info: revisions/2026-09-24-r34/history/HISTORY_R32.pdf , pag
e271 used on input line 11.
(pdftex.def)             Requested size: 614.58406pt x 795.3441pt.
File: revisions/2026-09-24-r34/history/HISTORY_R32.pdf Graphic file (type pdf)
<use revisions/2026-09-24-r34/history/HISTORY_R32.pdf, page 271>
Package pdftex.def Info: revisions/2026-09-24-r34/history/HISTORY_R32.pdf , pag
e271 used on input line 11.
(pdftex.def)             Requested size: 614.58406pt x 795.3441pt.
 [298

 <./revisions/2026-09-24-r34/history/HISTORY_R32.pdf>]
<revisions/2026-09-24-r34/history/HISTORY_R32.pdf, id=3454, page=272, 614.295pt
 x 794.97pt>
File: revisions/2026-09-24-r34/history/HISTORY_R32.pdf Graphic file (type pdf)
<use revisions/2026-09-24-r34/history/HISTORY_R32.pdf, page 272>
Package pdftex.def Info: revisions/2026-09-24-r34/history/HISTORY_R32.pdf , pag
e272 used on input line 11.
(pdftex.def)             Requested size: 614.58406pt x 795.3441pt.
File: revisions/2026-09-24-r34/history/HISTORY_R32.pdf Graphic file (type pdf)
<use revisions/2026-09-24-r34/history/HISTORY_R32.pdf, page 272>
Package pdftex.def Info: revisions/2026-09-24-r34/history/HISTORY_R32.pdf , pag
e272 used on input line 11.
(pdftex.def)             Requested size: 614.58406pt x 795.3441pt.
File: revisions/2026-09-24-r34/history/HISTORY_R32.pdf Graphic file (type pdf)
<use revisions/2026-09-24-r34/history/HISTORY_R32.pdf, page 272>
Package pdftex.def Info: revisions/2026-09-24-r34/history/HISTORY_R32.pdf , pag
e272 used on input line 11.
(pdftex.def)             Requested size: 614.58406pt x 795.3441pt.

[299

 <./revisions/2026-09-24-r34/history/HISTORY_R32.pdf>]
<revisions/2026-09-24-r34/history/HISTORY_R32.pdf, id=3471, page=273, 614.295pt
 x 794.97pt>
File: revisions/2026-09-24-r34/history/HISTORY_R32.pdf Graphic file (type pdf)
<use revisions/2026-09-24-r34/history/HISTORY_R32.pdf, page 273>
Package pdftex.def Info: revisions/2026-09-24-r34/history/HISTORY_R32.pdf , pag
e273 used on input line 11.
(pdftex.def)             Requested size: 614.58406pt x 795.3441pt.
File: revisions/2026-09-24-r34/history/HISTORY_R32.pdf Graphic file (type pdf)
<use revisions/2026-09-24-r34/history/HISTORY_R32.pdf, page 273>
Package pdftex.def Info: revisions/2026-09-24-r34/history/HISTORY_R32.pdf , pag
e273 used on input line 11.
(pdftex.def)             Requested size: 614.58406pt x 795.3441pt.
File: revisions/2026-09-24-r34/history/HISTORY_R32.pdf Graphic file (type pdf)
<use revisions/2026-09-24-r34/history/HISTORY_R32.pdf, page 273>
Package pdftex.def Info: revisions/2026-09-24-r34/history/HISTORY_R32.pdf , pag
e273 used on input line 11.
(pdftex.def)             Requested size: 614.58406pt x 795.3441pt.
 [300

 <./revisions/2026-09-24-r34/history/HISTORY_R32.pdf>]
<revisions/2026-09-24-r34/history/HISTORY_R32.pdf, id=3500, page=274, 614.295pt
 x 794.97pt>
File: revisions/2026-09-24-r34/history/HISTORY_R32.pdf Graphic file (type pdf)
<use revisions/2026-09-24-r34/history/HISTORY_R32.pdf, page 274>
Package pdftex.def Info: revisions/2026-09-24-r34/history/HISTORY_R32.pdf , pag
e274 used on input line 11.
(pdftex.def)             Requested size: 614.58406pt x 795.3441pt.
File: revisions/2026-09-24-r34/history/HISTORY_R32.pdf Graphic file (type pdf)
<use revisions/2026-09-24-r34/history/HISTORY_R32.pdf, page 274>
Package pdftex.def Info: revisions/2026-09-24-r34/history/HISTORY_R32.pdf , pag
e274 used on input line 11.
(pdftex.def)             Requested size: 614.58406pt x 795.3441pt.
File: revisions/2026-09-24-r34/history/HISTORY_R32.pdf Graphic file (type pdf)
<use revisions/2026-09-24-r34/history/HISTORY_R32.pdf, page 274>
Package pdftex.def Info: revisions/2026-09-24-r34/history/HISTORY_R32.pdf , pag
e274 used on input line 11.
(pdftex.def)             Requested size: 614.58406pt x 795.3441pt.
 [301

 <./revisions/2026-09-24-r34/history/HISTORY_R32.pdf>]
<revisions/2026-09-24-r34/history/HISTORY_R32.pdf, id=3521, page=275, 614.295pt
 x 794.97pt>
File: revisions/2026-09-24-r34/history/HISTORY_R32.pdf Graphic file (type pdf)
<use revisions/2026-09-24-r34/history/HISTORY_R32.pdf, page 275>
Package pdftex.def Info: revisions/2026-09-24-r34/history/HISTORY_R32.pdf , pag
e275 used on input line 11.
(pdftex.def)             Requested size: 614.58406pt x 795.3441pt.
File: revisions/2026-09-24-r34/history/HISTORY_R32.pdf Graphic file (type pdf)
<use revisions/2026-09-24-r34/history/HISTORY_R32.pdf, page 275>
Package pdftex.def Info: revisions/2026-09-24-r34/history/HISTORY_R32.pdf , pag
e275 used on input line 11.
(pdftex.def)             Requested size: 614.58406pt x 795.3441pt.
File: revisions/2026-09-24-r34/history/HISTORY_R32.pdf Graphic file (type pdf)
<use revisions/2026-09-24-r34/history/HISTORY_R32.pdf, page 275>
Package pdftex.def Info: revisions/2026-09-24-r34/history/HISTORY_R32.pdf , pag
e275 used on input line 11.
(pdftex.def)             Requested size: 614.58406pt x 795.3441pt.
 [302

 <./revisions/2026-09-24-r34/history/HISTORY_R32.pdf>]
<revisions/2026-09-24-r34/history/HISTORY_R32.pdf, id=3529, page=276, 614.295pt
 x 794.97pt>
File: revisions/2026-09-24-r34/history/HISTORY_R32.pdf Graphic file (type pdf)
<use revisions/2026-09-24-r34/history/HISTORY_R32.pdf, page 276>
Package pdftex.def Info: revisions/2026-09-24-r34/history/HISTORY_R32.pdf , pag
e276 used on input line 11.
(pdftex.def)             Requested size: 614.58406pt x 795.3441pt.
File: revisions/2026-09-24-r34/history/HISTORY_R32.pdf Graphic file (type pdf)
<use revisions/2026-09-24-r34/history/HISTORY_R32.pdf, page 276>
Package pdftex.def Info: revisions/2026-09-24-r34/history/HISTORY_R32.pdf , pag
e276 used on input line 11.
(pdftex.def)             Requested size: 614.58406pt x 795.3441pt.
File: revisions/2026-09-24-r34/history/HISTORY_R32.pdf Graphic file (type pdf)
<use revisions/2026-09-24-r34/history/HISTORY_R32.pdf, page 276>
Package pdftex.def Info: revisions/2026-09-24-r34/history/HISTORY_R32.pdf , pag
e276 used on input line 11.
(pdftex.def)             Requested size: 614.58406pt x 795.3441pt.

[303

 <./revisions/2026-09-24-r34/history/HISTORY_R32.pdf>]
<revisions/2026-09-24-r34/history/HISTORY_R32.pdf, id=3537, page=277, 614.295pt
 x 794.97pt>
File: revisions/2026-09-24-r34/history/HISTORY_R32.pdf Graphic file (type pdf)
<use revisions/2026-09-24-r34/history/HISTORY_R32.pdf, page 277>
Package pdftex.def Info: revisions/2026-09-24-r34/history/HISTORY_R32.pdf , pag
e277 used on input line 11.
(pdftex.def)             Requested size: 614.58406pt x 795.3441pt.
File: revisions/2026-09-24-r34/history/HISTORY_R32.pdf Graphic file (type pdf)
<use revisions/2026-09-24-r34/history/HISTORY_R32.pdf, page 277>
Package pdftex.def Info: revisions/2026-09-24-r34/history/HISTORY_R32.pdf , pag
e277 used on input line 11.
(pdftex.def)             Requested size: 614.58406pt x 795.3441pt.
File: revisions/2026-09-24-r34/history/HISTORY_R32.pdf Graphic file (type pdf)
<use revisions/2026-09-24-r34/history/HISTORY_R32.pdf, page 277>
Package pdftex.def Info: revisions/2026-09-24-r34/history/HISTORY_R32.pdf , pag
e277 used on input line 11.
(pdftex.def)             Requested size: 614.58406pt x 795.3441pt.
 [304

 <./revisions/2026-09-24-r34/history/HISTORY_R32.pdf>]
<revisions/2026-09-24-r34/history/HISTORY_R32.pdf, id=3549, page=278, 614.295pt
 x 794.97pt>
File: revisions/2026-09-24-r34/history/HISTORY_R32.pdf Graphic file (type pdf)
<use revisions/2026-09-24-r34/history/HISTORY_R32.pdf, page 278>
Package pdftex.def Info: revisions/2026-09-24-r34/history/HISTORY_R32.pdf , pag
e278 used on input line 11.
(pdftex.def)             Requested size: 614.58406pt x 795.3441pt.
File: revisions/2026-09-24-r34/history/HISTORY_R32.pdf Graphic file (type pdf)
<use revisions/2026-09-24-r34/history/HISTORY_R32.pdf, page 278>
Package pdftex.def Info: revisions/2026-09-24-r34/history/HISTORY_R32.pdf , pag
e278 used on input line 11.
(pdftex.def)             Requested size: 614.58406pt x 795.3441pt.
File: revisions/2026-09-24-r34/history/HISTORY_R32.pdf Graphic file (type pdf)
<use revisions/2026-09-24-r34/history/HISTORY_R32.pdf, page 278>
Package pdftex.def Info: revisions/2026-09-24-r34/history/HISTORY_R32.pdf , pag
e278 used on input line 11.
(pdftex.def)             Requested size: 614.58406pt x 795.3441pt.
 [305

 <./revisions/2026-09-24-r34/history/HISTORY_R32.pdf>] (./HISTORY_R34.aux)
 ***********
LaTeX2e <2023-11-01> patch level 1
L3 programming layer <2024-01-22>
 ***********
Package rerunfilecheck Info: File `HISTORY_R34.out' has not changed.
(rerunfilecheck)             Checksum: D41D8CD98F00B204E9800998ECF8427E;0.
 ) 
Here is how much of TeX's memory you used:
 10881 strings out of 476106
 215997 string characters out of 5793933
 1925975 words of memory out of 5000000
 32491 multiletter control sequences out of 15000+600000
 558667 words of font info for 38 fonts, out of 8000000 for 9000
 59 hyphenation exceptions out of 8191
 75i,17n,79p,461b,569s stack positions out of 10000i,1000n,20000p,200000b,200000s
</usr/share/texlive/texmf-dist/fonts/type1/public/amsfonts/cm/cmbx10.pfb></us
r/share/texlive/texmf-dist/fonts/type1/public/amsfonts/cm/cmex10.pfb></usr/shar
e/texlive/texmf-dist/fonts/type1/public/amsfonts/cm/cmmi10.pfb></usr/share/texl
ive/texmf-dist/fonts/type1/public/amsfonts/cm/cmmi5.pfb></usr/share/texlive/tex
mf-dist/fonts/type1/public/amsfonts/cm/cmmi6.pfb></usr/share/texlive/texmf-dist
/fonts/type1/public/amsfonts/cm/cmmi8.pfb></usr/share/texlive/texmf-dist/fonts/
type1/public/amsfonts/cm/cmr10.pfb></usr/share/texlive/texmf-dist/fonts/type1/p
ublic/amsfonts/cm/cmr12.pfb></usr/share/texlive/texmf-dist/fonts/type1/public/a
msfonts/cm/cmr17.pfb></usr/share/texlive/texmf-dist/fonts/type1/public/amsfonts
/cm/cmr5.pfb></usr/share/texlive/texmf-dist/fonts/type1/public/amsfonts/cm/cmr6
.pfb></usr/share/texlive/texmf-dist/fonts/type1/public/amsfonts/cm/cmss10.pfb><
/usr/share/texlive/texmf-dist/fonts/type1/public/amsfonts/cm/cmsy10.pfb></usr/s
hare/texlive/texmf-dist/fonts/type1/public/amsfonts/cm/cmsy5.pfb></usr/share/te
xlive/texmf-dist/fonts/type1/public/amsfonts/cm/cmsy6.pfb></usr/share/texlive/t
exmf-dist/fonts/type1/public/amsfonts/cm/cmsy8.pfb></usr/share/texlive/texmf-di
st/fonts/type1/public/amsfonts/symbols/msbm10.pfb></usr/share/texlive/texmf-dis
t/fonts/type1/urw/courier/ucrr8a.pfb></usr/share/texlive/texmf-dist/fonts/type1
/urw/times/utmr8a.pfb></usr/share/texlive/texmf-dist/fonts/type1/urw/times/utmr
i8a.pfb>
Output written on HISTORY_R34.pdf (305 pages, 2648949 bytes).
PDF statistics:
 3661 PDF objects out of 4296 (max. 8388607)
 1871 compressed objects within 19 object streams
 306 named destinations out of 1000 (max. 500000)
 1596 words of extra memory for PDF output out of 10000 (max. 10000000)

