This is pdfTeX, Version 3.141592653-2.6-1.40.25 (TeX Live 2023/Debian) (preloaded format=pdflatex 2026.9.25)  25 SEP 2026 21:45
entering extended mode
 restricted \write18 enabled.
 %&-line parsing enabled.
**HISTORY_R45.tex
(./HISTORY_R45.tex
LaTeX2e <2023-11-01> patch level 1
L3 programming layer <2024-01-22>
(./revisions/2026-09-25-r45/paper/preamble.tex (./econsocart.cls
Document Class: econsocart 2022/11/21 v1.4.1, The Econometric Society Journals
(/usr/share/texlive/texmf-dist/tex/latex/etoolbox/etoolbox.sty
Package: etoolbox 2020/10/05 v2.5k e-TeX tools for LaTeX (JAW)
\etb@tempcnta=\count187
)
(./econsocart.cfg
File: econsocart.cfg 2023/02/04 v1.0.5 configuration for econsocart class
) (/usr/share/texlive/texmf-dist/tex/latex/base/fix-cm.sty
Package: fix-cm 2020/11/24 v1.1t fixes to LaTeX

(/usr/share/texlive/texmf-dist/tex/latex/base/ts1enc.def
File: ts1enc.def 2001/06/05 v3.0e (jk/car/fm) Standard LaTeX file
LaTeX Font Info:    Redeclaring font encoding TS1 on input line 47.
))
(/usr/share/texlive/texmf-dist/tex/latex/graphics/graphicx.sty
Package: graphicx 2021/09/16 v1.2d Enhanced LaTeX Graphics (DPC,SPQR)

(/usr/share/texlive/texmf-dist/tex/latex/graphics/keyval.sty
Package: keyval 2022/05/29 v1.15 key=value parser (DPC)
\KV@toks@=\toks17
)
(/usr/share/texlive/texmf-dist/tex/latex/graphics/graphics.sty
Package: graphics 2022/03/10 v1.4e Standard LaTeX Graphics (DPC,SPQR)

(/usr/share/texlive/texmf-dist/tex/latex/graphics/trig.sty
Package: trig 2021/08/11 v1.11 sin cos tan (DPC)
)
(/usr/share/texlive/texmf-dist/tex/latex/graphics-cfg/graphics.cfg
File: graphics.cfg 2016/06/04 v1.11 sample graphics configuration
)
Package graphics Info: Driver file: pdftex.def on input line 107.

(/usr/share/texlive/texmf-dist/tex/latex/graphics-def/pdftex.def
File: pdftex.def 2022/09/22 v1.2b Graphics/color driver for pdftex
))
\Gin@req@height=\dimen140
\Gin@req@width=\dimen141
)
(/usr/share/texlive/texmf-dist/tex/latex/base/fontenc.sty
Package: fontenc 2021/04/29 v2.0v Standard LaTeX package
)
(/usr/share/texlive/texmf-dist/tex/latex/psnfss/times.sty
Package: times 2020/03/25 PSNFSS-v9.3 (SPQR) 
)
(/usr/share/texlive/texmf-dist/tex/latex/textcase/textcase.sty
Package: textcase 2023/07/27 v1.04 Text only upper/lower case changing (DPC)
Package textcase Info: Defining Legacy names on input line 20.
)
(/usr/share/texlive/texmf-dist/tex/latex/psnfss/helvet.sty
Package: helvet 2020/03/25 PSNFSS-v9.3 (WaS) 
)
(/usr/share/texlive/texmf-dist/tex/latex/base/textcomp.sty
Package: textcomp 2020/02/02 v2.0n Standard LaTeX package
)
LaTeX Font Info:    Trying to load font information for T1+ptm on input line 46
1.

(/usr/share/texlive/texmf-dist/tex/latex/psnfss/t1ptm.fd
File: t1ptm.fd 2001/06/04 font definitions for T1/ptm.
)
(/usr/share/texlive/texmf-dist/tex/latex/amsfonts/amssymb.sty
Package: amssymb 2013/01/14 v3.01 AMS font symbols

(/usr/share/texlive/texmf-dist/tex/latex/amsfonts/amsfonts.sty
Package: amsfonts 2013/01/14 v3.01 Basic AMSFonts support
\@emptytoks=\toks18
\symAMSa=\mathgroup4
\symAMSb=\mathgroup5
LaTeX Font Info:    Redeclaring math symbol \hbar on input line 98.
LaTeX Font Info:    Overwriting math alphabet `\mathfrak' in version `bold'
(Font)                  U/euf/m/n --> U/euf/b/n on input line 106.
))
(/usr/share/texlive/texmf-dist/tex/latex/tools/bm.sty
Package: bm 2023/07/08 v1.2f Bold Symbol Support (DPC/FMi)
\symboldoperators=\mathgroup6
Package bm Info: No bold for \OMX/cmex/m/n, using \pmb.
Package bm Info: No bold for \U/msa/m/n, using \pmb.
Package bm Info: No bold for \U/msb/m/n, using \pmb.
LaTeX Font Info:    Redeclaring math alphabet \mathbf on input line 149.
)
\@pubyear=\count188
\@copyear=\count189
\c@thanks=\count190

(/usr/share/texlive/texmf-dist/tex/latex/url/url.sty
\Urlmuskip=\muskip16
Package: url 2013/09/16  ver 3.4  Verb mode for urls, etc.
)
\c@longlist=\count191
\c@part=\count192
\c@chapter=\count193
\c@section=\count194
\c@subsection=\count195
\c@subsubsection=\count196
\c@paragraph=\count197
\c@subparagraph=\count198

(/usr/share/texlive/texmf-dist/tex/latex/amsmath/amsmath.sty
Package: amsmath 2023/05/13 v2.17o AMS math features
\@mathmargin=\skip48

For additional information on amsmath, use the `?' option.
(/usr/share/texlive/texmf-dist/tex/latex/amsmath/amstext.sty
Package: amstext 2021/08/26 v2.01 AMS text

(/usr/share/texlive/texmf-dist/tex/latex/amsmath/amsgen.sty
File: amsgen.sty 1999/11/30 v2.0 generic functions
\@emptytoks=\toks19
\ex@=\dimen142
))
(/usr/share/texlive/texmf-dist/tex/latex/amsmath/amsbsy.sty
Package: amsbsy 1999/11/29 v1.2d Bold Symbols
LaTeX Info: Redefining \boldsymbol on input line 28.
\pmbraise@=\dimen143
)
(/usr/share/texlive/texmf-dist/tex/latex/amsmath/amsopn.sty
Package: amsopn 2022/04/08 v2.04 operator names
)
\inf@bad=\count199
LaTeX Info: Redefining \frac on input line 234.
\uproot@=\count266
\leftroot@=\count267
LaTeX Info: Redefining \overline on input line 399.
LaTeX Info: Redefining \colon on input line 410.
\classnum@=\count268
\DOTSCASE@=\count269
LaTeX Info: Redefining \ldots on input line 496.
LaTeX Info: Redefining \dots on input line 499.
LaTeX Info: Redefining \cdots on input line 620.
\Mathstrutbox@=\box51
\strutbox@=\box52
LaTeX Info: Redefining \big on input line 722.
LaTeX Info: Redefining \Big on input line 723.
LaTeX Info: Redefining \bigg on input line 724.
LaTeX Info: Redefining \Bigg on input line 725.
\big@size=\dimen144
LaTeX Font Info:    Redeclaring font encoding OML on input line 743.
LaTeX Font Info:    Redeclaring font encoding OMS on input line 744.
\macc@depth=\count270
LaTeX Info: Redefining \bmod on input line 905.
LaTeX Info: Redefining \pmod on input line 910.
LaTeX Info: Redefining \smash on input line 940.
LaTeX Info: Redefining \relbar on input line 970.
LaTeX Info: Redefining \Relbar on input line 971.
\c@MaxMatrixCols=\count271
\dotsspace@=\muskip17
\c@parentequation=\count272
\dspbrk@lvl=\count273
\tag@help=\toks20
\row@=\count274
\column@=\count275
\maxfields@=\count276
\andhelp@=\toks21
\eqnshift@=\dimen145
\alignsep@=\dimen146
\tagshift@=\dimen147
\tagwidth@=\dimen148
\totwidth@=\dimen149
\lineht@=\dimen150
\@envbody=\toks22
\multlinegap=\skip49
\multlinetaggap=\skip50
\mathdisplay@stack=\toks23
LaTeX Info: Redefining \[ on input line 2953.
LaTeX Info: Redefining \] on input line 2954.
)
\mathindent=\skip51

(/usr/share/texlive/texmf-dist/tex/latex/amscls/amsthm.sty
Package: amsthm 2020/05/29 v2.20.6
\thm@style=\toks24
\thm@bodyfont=\toks25
\thm@headfont=\toks26
\thm@notefont=\toks27
\thm@headpunct=\toks28
\thm@preskip=\skip52
\thm@postskip=\skip53
\thm@headsep=\skip54
\dth@everypar=\toks29
)
LaTeX Info: Redefining \qed on input line 753.

(/usr/share/texlive/texmf-dist/tex/latex/natbib/natbib.sty
Package: natbib 2010/09/13 8.31b (PWD, AO)
\bibhang=\skip55
\bibsep=\skip56
LaTeX Info: Redefining \cite on input line 694.
\c@NAT@ctr=\count277
)
\c@figure=\count278
\c@table=\count279
\tablewidth=\dimen151
\c@tabnote=\count280
\c@econsocart@legend@count=\count281
\c@author=\count282
\c@address=\count283
\sv@mathsurround=\dimen152
\@tempcntc=\count284
\@tempcntd=\count285
\@tempcnte=\count286
\fm@box=\box53
\fm@size=\dimen153
\t@xtheight=\dimen154
\c@econsocartaddressref=\count287
\abstract@box=\box54
\keyword@box=\box55
\pre@kwd@depth=\dimen155
\authors@list=\toks30
\keywords@list=\toks31
)
(/usr/share/texlive/texmf-dist/tex/latex/booktabs/booktabs.sty
Package: booktabs 2020/01/12 v1.61803398 Publication quality tables
\heavyrulewidth=\dimen156
\lightrulewidth=\dimen157
\cmidrulewidth=\dimen158
\belowrulesep=\dimen159
\belowbottomsep=\dimen160
\aboverulesep=\dimen161
\abovetopsep=\dimen162
\cmidrulesep=\dimen163
\cmidrulekern=\dimen164
\defaultaddspace=\dimen165
\@cmidla=\count288
\@cmidlb=\count289
\@aboverulesep=\dimen166
\@belowrulesep=\dimen167
\@thisruleclass=\count290
\@lastruleclass=\count291
\@thisrulewidth=\dimen168
)
(/usr/share/texlive/texmf-dist/tex/latex/tools/tabularx.sty
Package: tabularx 2023/07/08 v2.11c `tabularx' package (DPC)

(/usr/share/texlive/texmf-dist/tex/latex/tools/array.sty
Package: array 2023/10/16 v2.5g Tabular extension package (FMi)
\col@sep=\dimen169
\ar@mcellbox=\box56
\extrarowheight=\dimen170
\NC@list=\toks32
\extratabsurround=\skip57
\backup@length=\skip58
\ar@cellbox=\box57
)
\TX@col@width=\dimen171
\TX@old@table=\dimen172
\TX@old@col=\dimen173
\TX@target=\dimen174
\TX@delta=\dimen175
\TX@cols=\count292
\TX@ftn=\toks33
)
(/usr/share/texlive/texmf-dist/tex/latex/microtype/microtype.sty
Package: microtype 2023/03/13 v3.1a Micro-typographical refinements (RS)
\MT@toks=\toks34
\MT@tempbox=\box58
\MT@count=\count293
LaTeX Info: Redefining \noprotrusionifhmode on input line 1059.
LaTeX Info: Redefining \leftprotrusion on input line 1060.
\MT@prot@toks=\toks35
LaTeX Info: Redefining \rightprotrusion on input line 1078.
LaTeX Info: Redefining \textls on input line 1368.
\MT@outer@kern=\dimen176
LaTeX Info: Redefining \textmicrotypecontext on input line 1988.
\MT@listname@count=\count294

(/usr/share/texlive/texmf-dist/tex/latex/microtype/microtype-pdftex.def
File: microtype-pdftex.def 2023/03/13 v3.1a Definitions specific to pdftex (RS)

LaTeX Info: Redefining \lsstyle on input line 902.
LaTeX Info: Redefining \lslig on input line 902.
\MT@outer@space=\skip59
)
Package microtype Info: Loading configuration file microtype.cfg.

(/usr/share/texlive/texmf-dist/tex/latex/microtype/microtype.cfg
File: microtype.cfg 2023/03/13 v3.1a microtype main configuration file (RS)
))
(/usr/share/texlive/texmf-dist/tex/latex/tools/longtable.sty
Package: longtable 2023-11-01 v4.19 Multi-page Table package (DPC)
\LTleft=\skip60
\LTright=\skip61
\LTpre=\skip62
\LTpost=\skip63
\LTchunksize=\count295
\LTcapwidth=\dimen177
\LT@head=\box59
\LT@firsthead=\box60
\LT@foot=\box61
\LT@lastfoot=\box62
\LT@gbox=\box63
\LT@cols=\count296
\LT@rows=\count297
\c@LT@tables=\count298
\c@LT@chunks=\count299
\LT@p@ftn=\toks36
)
(/usr/share/texlive/texmf-dist/tex/latex/pdfpages/pdfpages.sty
Package: pdfpages 2024/01/21 v0.5y Insert pages of external PDF documents (AM)

(/usr/share/texlive/texmf-dist/tex/latex/base/ifthen.sty
Package: ifthen 2022/04/13 v1.1d Standard LaTeX ifthen package (DPC)
)
(/usr/share/texlive/texmf-dist/tex/latex/tools/calc.sty
Package: calc 2023/07/08 v4.3 Infix arithmetic (KKT,FJ)
\calc@Acount=\count300
\calc@Bcount=\count301
\calc@Adimen=\dimen178
\calc@Bdimen=\dimen179
\calc@Askip=\skip64
\calc@Bskip=\skip65
LaTeX Info: Redefining \setlength on input line 80.
LaTeX Info: Redefining \addtolength on input line 81.
\calc@Ccount=\count302
\calc@Cskip=\skip66
)
(/usr/share/texlive/texmf-dist/tex/latex/eso-pic/eso-pic.sty
Package: eso-pic 2023/05/03 v3.0c eso-pic (RN)
\ESO@tempdima=\dimen180
\ESO@tempdimb=\dimen181

(/usr/share/texlive/texmf-dist/tex/latex/xcolor/xcolor.sty
Package: xcolor 2023/11/15 v3.01 LaTeX color extensions (UK)

(/usr/share/texlive/texmf-dist/tex/latex/graphics-cfg/color.cfg
File: color.cfg 2016/01/02 v1.6 sample color configuration
)
Package xcolor Info: Driver file: pdftex.def on input line 274.

(/usr/share/texlive/texmf-dist/tex/latex/graphics/mathcolor.ltx)
Package xcolor Info: Model `cmy' substituted by `cmy0' on input line 1350.
Package xcolor Info: Model `hsb' substituted by `rgb' on input line 1354.
Package xcolor Info: Model `RGB' extended on input line 1366.
Package xcolor Info: Model `HTML' substituted by `rgb' on input line 1368.
Package xcolor Info: Model `Hsb' substituted by `hsb' on input line 1369.
Package xcolor Info: Model `tHsb' substituted by `hsb' on input line 1370.
Package xcolor Info: Model `HSB' substituted by `hsb' on input line 1371.
Package xcolor Info: Model `Gray' substituted by `gray' on input line 1372.
Package xcolor Info: Model `wave' substituted by `hsb' on input line 1373.
))
\AM@pagewidth=\dimen182
\AM@pageheight=\dimen183
\AM@fboxrule=\dimen184

(/usr/share/texlive/texmf-dist/tex/latex/pdfpages/pppdftex.def
File: pppdftex.def 2024/01/21 v0.5y Pdfpages driver for pdfTeX (AM)
)
\pdfpages@includegraphics@status=\count303
\AM@pagebox=\box64
\AM@global@opts=\toks37
\AM@pagecnt=\count304
\AM@toc@title=\toks38
\AM@lof@heading=\toks39
\c@AM@survey=\count305
\AM@templatesizebox=\box65
)
(/usr/share/texlive/texmf-dist/tex/latex/hyperref/hyperref.sty
Package: hyperref 2024-01-20 v7.01h Hypertext links for LaTeX

(/usr/share/texlive/texmf-dist/tex/generic/iftex/iftex.sty
Package: iftex 2022/02/03 v1.0f TeX engine tests
)
(/usr/share/texlive/texmf-dist/tex/latex/kvsetkeys/kvsetkeys.sty
Package: kvsetkeys 2022-10-05 v1.19 Key value parser (HO)
)
(/usr/share/texlive/texmf-dist/tex/generic/kvdefinekeys/kvdefinekeys.sty
Package: kvdefinekeys 2019-12-19 v1.6 Define keys (HO)
)
(/usr/share/texlive/texmf-dist/tex/generic/pdfescape/pdfescape.sty
Package: pdfescape 2019/12/09 v1.15 Implements pdfTeX's escape features (HO)

(/usr/share/texlive/texmf-dist/tex/generic/ltxcmds/ltxcmds.sty
Package: ltxcmds 2023-12-04 v1.26 LaTeX kernel commands for general use (HO)
)
(/usr/share/texlive/texmf-dist/tex/generic/pdftexcmds/pdftexcmds.sty
Package: pdftexcmds 2020-06-27 v0.33 Utility functions of pdfTeX for LuaTeX (HO
)

(/usr/share/texlive/texmf-dist/tex/generic/infwarerr/infwarerr.sty
Package: infwarerr 2019/12/03 v1.5 Providing info/warning/error messages (HO)
)
Package pdftexcmds Info: \pdf@primitive is available.
Package pdftexcmds Info: \pdf@ifprimitive is available.
Package pdftexcmds Info: \pdfdraftmode found.
))
(/usr/share/texlive/texmf-dist/tex/latex/hycolor/hycolor.sty
Package: hycolor 2020-01-27 v1.10 Color options for hyperref/bookmark (HO)
)
(/usr/share/texlive/texmf-dist/tex/latex/auxhook/auxhook.sty
Package: auxhook 2019-12-17 v1.6 Hooks for auxiliary files (HO)
)
(/usr/share/texlive/texmf-dist/tex/latex/hyperref/nameref.sty
Package: nameref 2023-11-26 v2.56 Cross-referencing by name of section

(/usr/share/texlive/texmf-dist/tex/latex/refcount/refcount.sty
Package: refcount 2019/12/15 v3.6 Data extraction from label references (HO)
)
(/usr/share/texlive/texmf-dist/tex/generic/gettitlestring/gettitlestring.sty
Package: gettitlestring 2019/12/15 v1.6 Cleanup title references (HO)

(/usr/share/texlive/texmf-dist/tex/latex/kvoptions/kvoptions.sty
Package: kvoptions 2022-06-15 v3.15 Key value format for package options (HO)
))
\c@section@level=\count306
)
\@linkdim=\dimen185
\Hy@linkcounter=\count307
\Hy@pagecounter=\count308

(/usr/share/texlive/texmf-dist/tex/latex/hyperref/pd1enc.def
File: pd1enc.def 2024-01-20 v7.01h Hyperref: PDFDocEncoding definition (HO)
Now handling font encoding PD1 ...
... no UTF-8 mapping file for font encoding PD1
)
(/usr/share/texlive/texmf-dist/tex/generic/intcalc/intcalc.sty
Package: intcalc 2019/12/15 v1.3 Expandable calculations with integers (HO)
)
\Hy@SavedSpaceFactor=\count309

(/usr/share/texlive/texmf-dist/tex/latex/hyperref/puenc.def
File: puenc.def 2024-01-20 v7.01h Hyperref: PDF Unicode definition (HO)
Now handling font encoding PU ...
... no UTF-8 mapping file for font encoding PU
)
Package hyperref Info: Option `setpagesize' set `false' on input line 4062.
Package hyperref Info: Hyper figures OFF on input line 4179.
Package hyperref Info: Link nesting OFF on input line 4184.
Package hyperref Info: Hyper index ON on input line 4187.
Package hyperref Info: Plain pages OFF on input line 4194.
Package hyperref Info: Backreferencing OFF on input line 4199.
Package hyperref Info: Implicit mode ON; LaTeX internals redefined.
Package hyperref Info: Bookmarks ON on input line 4446.
\c@Hy@tempcnt=\count310
LaTeX Info: Redefining \url on input line 4784.
\XeTeXLinkMargin=\dimen186

(/usr/share/texlive/texmf-dist/tex/generic/bitset/bitset.sty
Package: bitset 2019/12/09 v1.3 Handle bit-vector datatype (HO)

(/usr/share/texlive/texmf-dist/tex/generic/bigintcalc/bigintcalc.sty
Package: bigintcalc 2019/12/15 v1.5 Expandable calculations on big integers (HO
)
))
\Fld@menulength=\count311
\Field@Width=\dimen187
\Fld@charsize=\dimen188
Package hyperref Info: Hyper figures OFF on input line 6063.
Package hyperref Info: Link nesting OFF on input line 6068.
Package hyperref Info: Hyper index ON on input line 6071.
Package hyperref Info: backreferencing OFF on input line 6078.
Package hyperref Info: Link coloring OFF on input line 6083.
Package hyperref Info: Link coloring with OCG OFF on input line 6088.
Package hyperref Info: PDF/A mode OFF on input line 6093.

(/usr/share/texlive/texmf-dist/tex/latex/base/atbegshi-ltx.sty
Package: atbegshi-ltx 2021/01/10 v1.0c Emulation of the original atbegshi
package with kernel methods
)
\Hy@abspage=\count312
\c@Item=\count313
\c@Hfootnote=\count314
)
Package hyperref Info: Driver (autodetected): hpdftex.

(/usr/share/texlive/texmf-dist/tex/latex/hyperref/hpdftex.def
File: hpdftex.def 2024-01-20 v7.01h Hyperref driver for pdfTeX

(/usr/share/texlive/texmf-dist/tex/latex/base/atveryend-ltx.sty
Package: atveryend-ltx 2020/08/19 v1.0a Emulation of the original atveryend pac
kage
with kernel methods
)
\Fld@listcount=\count315
\c@bookmark@seq@number=\count316

(/usr/share/texlive/texmf-dist/tex/latex/rerunfilecheck/rerunfilecheck.sty
Package: rerunfilecheck 2022-07-10 v1.10 Rerun checks for auxiliary files (HO)

(/usr/share/texlive/texmf-dist/tex/generic/uniquecounter/uniquecounter.sty
Package: uniquecounter 2019/12/15 v1.4 Provide unlimited unique counter (HO)
)
Package uniquecounter Info: New unique counter `rerunfilecheck' on input line 2
85.
)
\Hy@SectionHShift=\skip67
)
(/usr/share/texlive/texmf-dist/tex/latex/xurl/xurl.sty
Package: xurl 2022/01/09 v 0.10 modify URL breaks
)
\c@theorem=\count317
\c@proposition=\count318
\c@lemma=\count319
\c@corollary=\count320
\c@assumption=\count321
\c@remark=\count322
)
(/usr/share/texlive/texmf-dist/tex/latex/hyperref/backref.sty
Package: backref 2023-11-26 v1.44 Bibliographical back referencing
)
(/usr/share/texlive/texmf-dist/tex/latex/l3backend/l3backend-pdftex.def
File: l3backend-pdftex.def 2024-01-04 L3 backend support: PDF output (pdfTeX)
\l__color_backend_stack_int=\count323
\l__pdf_internal_box=\box66
)
(./HISTORY_R45.aux)
\openout1 = `HISTORY_R45.aux'.

LaTeX Font Info:    Checking defaults for OML/cmm/m/it on input line 2.
LaTeX Font Info:    ... okay on input line 2.
LaTeX Font Info:    Checking defaults for OMS/cmsy/m/n on input line 2.
LaTeX Font Info:    ... okay on input line 2.
LaTeX Font Info:    Checking defaults for OT1/cmr/m/n on input line 2.
LaTeX Font Info:    ... okay on input line 2.
LaTeX Font Info:    Checking defaults for T1/cmr/m/n on input line 2.
LaTeX Font Info:    ... okay on input line 2.
LaTeX Font Info:    Checking defaults for TS1/cmr/m/n on input line 2.
LaTeX Font Info:    ... okay on input line 2.
LaTeX Font Info:    Checking defaults for OMX/cmex/m/n on input line 2.
LaTeX Font Info:    ... okay on input line 2.
LaTeX Font Info:    Checking defaults for U/cmr/m/n on input line 2.
LaTeX Font Info:    ... okay on input line 2.
LaTeX Font Info:    Checking defaults for PD1/pdf/m/n on input line 2.
LaTeX Font Info:    ... okay on input line 2.
LaTeX Font Info:    Checking defaults for PU/pdf/m/n on input line 2.
LaTeX Font Info:    ... okay on input line 2.

(/usr/share/texlive/texmf-dist/tex/context/base/mkii/supp-pdf.mkii
[Loading MPS to PDF converter (version 2006.09.02).]
\scratchcounter=\count324
\scratchdimen=\dimen189
\scratchbox=\box67
\nofMPsegments=\count325
\nofMParguments=\count326
\everyMPshowfont=\toks40
\MPscratchCnt=\count327
\MPscratchDim=\dimen190
\MPnumerator=\count328
\makeMPintoPDFobject=\count329
\everyMPtoPDFconversion=\toks41
) (/usr/share/texlive/texmf-dist/tex/latex/epstopdf-pkg/epstopdf-base.sty
Package: epstopdf-base 2020-01-24 v2.11 Base part for package epstopdf
Package epstopdf-base Info: Redefining graphics rule for `.eps' on input line 4
85.

(/usr/share/texlive/texmf-dist/tex/latex/latexconfig/epstopdf-sys.cfg
File: epstopdf-sys.cfg 2010/07/13 v1.3 Configuration of (r)epstopdf for TeX Liv
e
))
LaTeX Info: Redefining \microtypecontext on input line 2.
Package microtype Info: Applying patch `item' on input line 2.
Package microtype Info: Applying patch `toc' on input line 2.
Package microtype Info: Applying patch `eqnum' on input line 2.
Package microtype Info: Applying patch `footnote' on input line 2.
Package microtype Info: Applying patch `verbatim' on input line 2.
Package microtype Info: Generating PDF output.
Package microtype Info: Character protrusion enabled (level 2).
Package microtype Info: Using default protrusion set `alltext'.
Package microtype Info: Automatic font expansion enabled (level 2),
(microtype)             stretch: 20, shrink: 20, step: 1, non-selected.
Package microtype Info: Using default expansion set `alltext-nott'.
LaTeX Info: Redefining \showhyphens on input line 2.
Package microtype Info: No adjustment of tracking.
Package microtype Info: No adjustment of interword spacing.
Package microtype Info: No adjustment of character kerning.

(/usr/share/texlive/texmf-dist/tex/latex/microtype/mt-ptm.cfg
File: mt-ptm.cfg 2006/04/20 v1.7 microtype config. file: Times (RS)
)
(/usr/share/texlive/texmf-dist/tex/latex/pdflscape/pdflscape.sty
Package: pdflscape 2022-10-27 v0.13 Display of landscape pages in PDF

(/usr/share/texlive/texmf-dist/tex/latex/pdflscape/pdflscape-nometadata.sty
Package: pdflscape-nometadata 2022-10-28 v0.13 Display of landscape pages in PD
F (HO)

(/usr/share/texlive/texmf-dist/tex/latex/graphics/lscape.sty
Package: lscape 2020/05/28 v3.02 Landscape Pages (DPC)
)
Package pdflscape Info: Auto-detected driver: pdftex on input line 81.
))
Package hyperref Info: Link coloring OFF on input line 2.

(./HISTORY_R45.out) (./HISTORY_R45.out)
\@outlinefile=\write3
\openout3 = `HISTORY_R45.out'.

Package backref Info: ** backref set up for natbib ** on input line 2.
\@address@1=\toks42
LaTeX Font Info:    Trying to load font information for T1+pcr on input line 9.


(/usr/share/texlive/texmf-dist/tex/latex/psnfss/t1pcr.fd
File: t1pcr.fd 2001/06/04 font definitions for T1/pcr.
)
Package microtype Info: Loading generic protrusion settings for font family
(microtype)             `pcr' (encoding: T1).
(microtype)             For optimal results, create family-specific settings.
(microtype)             See the microtype manual for details.
 [1
Non-PDF special ignored!
<special> papersize=487.8225pt,704.63249pt
{/var/lib/texmf/fonts/map/pdftex/updmap/pdftex.map}{/usr/share/texlive/texmf-di
st/fonts/enc/dvips/base/8r.enc}

]
<ECTA_R43.pdf, id=27, 487.8225pt x 704.6325pt>
File: ECTA_R43.pdf Graphic file (type pdf)
<use ECTA_R43.pdf>
Package pdftex.def Info: ECTA_R43.pdf  used on input line 11.
(pdftex.def)             Requested size: 487.8213pt x 704.6308pt.
File: ECTA_R43.pdf Graphic file (type pdf)
<use ECTA_R43.pdf>
Package pdftex.def Info: ECTA_R43.pdf  used on input line 11.
(pdftex.def)             Requested size: 487.8213pt x 704.6308pt.
<ECTA_R43.pdf, id=30, page=1, 487.8225pt x 704.6325pt>
File: ECTA_R43.pdf Graphic file (type pdf)
<use ECTA_R43.pdf, page 1>
Package pdftex.def Info: ECTA_R43.pdf , page1 used on input line 11.
(pdftex.def)             Requested size: 487.8213pt x 704.6308pt.
File: ECTA_R43.pdf Graphic file (type pdf)
<use ECTA_R43.pdf, page 1>
Package pdftex.def Info: ECTA_R43.pdf , page1 used on input line 11.
(pdftex.def)             Requested size: 488.25302pt x 705.2544pt.
File: ECTA_R43.pdf Graphic file (type pdf)
<use ECTA_R43.pdf, page 1>
Package pdftex.def Info: ECTA_R43.pdf , page1 used on input line 11.
(pdftex.def)             Requested size: 488.25302pt x 705.2544pt.
File: ECTA_R43.pdf Graphic file (type pdf)
<use ECTA_R43.pdf, page 1>
Package pdftex.def Info: ECTA_R43.pdf , page1 used on input line 11.
(pdftex.def)             Requested size: 488.25302pt x 705.2544pt.
LaTeX Font Info:    Font shape `T1/ptm/m/uc' in size <8.5> not available
(Font)              Font shape `T1/ptm/m/sc' tried instead on input line 11.
LaTeX Font Info:    Font shape `T1/ptm/m/uc' in size <10.5> not available
(Font)              Font shape `T1/ptm/m/sc' tried instead on input line 11.
LaTeX Font Info:    Font shape `T1/ptm/m/up' in size <10.5> not available
(Font)              Font shape `T1/ptm/m/n' tried instead on input line 11.
File: ECTA_R43.pdf Graphic file (type pdf)
<use ECTA_R43.pdf, page 1>
Package pdftex.def Info: ECTA_R43.pdf , page1 used on input line 11.
(pdftex.def)             Requested size: 488.25302pt x 705.2544pt.
 [2


 <./ECTA_R43.pdf>]
<ECTA_R43.pdf, id=48, page=2, 487.8225pt x 704.6325pt>
File: ECTA_R43.pdf Graphic file (type pdf)
<use ECTA_R43.pdf, page 2>
Package pdftex.def Info: ECTA_R43.pdf , page2 used on input line 11.
(pdftex.def)             Requested size: 488.25302pt x 705.2544pt.
File: ECTA_R43.pdf Graphic file (type pdf)
<use ECTA_R43.pdf, page 2>
Package pdftex.def Info: ECTA_R43.pdf , page2 used on input line 11.
(pdftex.def)             Requested size: 488.25302pt x 705.2544pt.
File: ECTA_R43.pdf Graphic file (type pdf)
<use ECTA_R43.pdf, page 2>
Package pdftex.def Info: ECTA_R43.pdf , page2 used on input line 11.
(pdftex.def)             Requested size: 488.25302pt x 705.2544pt.
 [3

 <./ECTA_R43.pdf>]
<ECTA_R43.pdf, id=77, page=3, 487.8225pt x 704.6325pt>
File: ECTA_R43.pdf Graphic file (type pdf)
<use ECTA_R43.pdf, page 3>
Package pdftex.def Info: ECTA_R43.pdf , page3 used on input line 11.
(pdftex.def)             Requested size: 488.25302pt x 705.2544pt.
File: ECTA_R43.pdf Graphic file (type pdf)
<use ECTA_R43.pdf, page 3>
Package pdftex.def Info: ECTA_R43.pdf , page3 used on input line 11.
(pdftex.def)             Requested size: 488.25302pt x 705.2544pt.
File: ECTA_R43.pdf Graphic file (type pdf)
<use ECTA_R43.pdf, page 3>
Package pdftex.def Info: ECTA_R43.pdf , page3 used on input line 11.
(pdftex.def)             Requested size: 488.25302pt x 705.2544pt.

[4

 <./ECTA_R43.pdf>]
<ECTA_R43.pdf, id=88, page=4, 487.8225pt x 704.6325pt>
File: ECTA_R43.pdf Graphic file (type pdf)
<use ECTA_R43.pdf, page 4>
Package pdftex.def Info: ECTA_R43.pdf , page4 used on input line 11.
(pdftex.def)             Requested size: 488.25302pt x 705.2544pt.
File: ECTA_R43.pdf Graphic file (type pdf)
<use ECTA_R43.pdf, page 4>
Package pdftex.def Info: ECTA_R43.pdf , page4 used on input line 11.
(pdftex.def)             Requested size: 488.25302pt x 705.2544pt.
File: ECTA_R43.pdf Graphic file (type pdf)
<use ECTA_R43.pdf, page 4>
Package pdftex.def Info: ECTA_R43.pdf , page4 used on input line 11.
(pdftex.def)             Requested size: 488.25302pt x 705.2544pt.
 [5

 <./ECTA_R43.pdf>]
<ECTA_R43.pdf, id=111, page=5, 487.8225pt x 704.6325pt>
File: ECTA_R43.pdf Graphic file (type pdf)
<use ECTA_R43.pdf, page 5>
Package pdftex.def Info: ECTA_R43.pdf , page5 used on input line 11.
(pdftex.def)             Requested size: 488.25302pt x 705.2544pt.
File: ECTA_R43.pdf Graphic file (type pdf)
<use ECTA_R43.pdf, page 5>
Package pdftex.def Info: ECTA_R43.pdf , page5 used on input line 11.
(pdftex.def)             Requested size: 488.25302pt x 705.2544pt.
File: ECTA_R43.pdf Graphic file (type pdf)
<use ECTA_R43.pdf, page 5>
Package pdftex.def Info: ECTA_R43.pdf , page5 used on input line 11.
(pdftex.def)             Requested size: 488.25302pt x 705.2544pt.
 [6

 <./ECTA_R43.pdf>]
<ECTA_R43.pdf, id=128, page=6, 487.8225pt x 704.6325pt>
File: ECTA_R43.pdf Graphic file (type pdf)
<use ECTA_R43.pdf, page 6>
Package pdftex.def Info: ECTA_R43.pdf , page6 used on input line 11.
(pdftex.def)             Requested size: 488.25302pt x 705.2544pt.
File: ECTA_R43.pdf Graphic file (type pdf)
<use ECTA_R43.pdf, page 6>
Package pdftex.def Info: ECTA_R43.pdf , page6 used on input line 11.
(pdftex.def)             Requested size: 488.25302pt x 705.2544pt.
File: ECTA_R43.pdf Graphic file (type pdf)
<use ECTA_R43.pdf, page 6>
Package pdftex.def Info: ECTA_R43.pdf , page6 used on input line 11.
(pdftex.def)             Requested size: 488.25302pt x 705.2544pt.
 [7

 <./ECTA_R43.pdf>]
<ECTA_R43.pdf, id=140, page=7, 487.8225pt x 704.6325pt>
File: ECTA_R43.pdf Graphic file (type pdf)
<use ECTA_R43.pdf, page 7>
Package pdftex.def Info: ECTA_R43.pdf , page7 used on input line 11.
(pdftex.def)             Requested size: 488.25302pt x 705.2544pt.
File: ECTA_R43.pdf Graphic file (type pdf)
<use ECTA_R43.pdf, page 7>
Package pdftex.def Info: ECTA_R43.pdf , page7 used on input line 11.
(pdftex.def)             Requested size: 488.25302pt x 705.2544pt.
File: ECTA_R43.pdf Graphic file (type pdf)
<use ECTA_R43.pdf, page 7>
Package pdftex.def Info: ECTA_R43.pdf , page7 used on input line 11.
(pdftex.def)             Requested size: 488.25302pt x 705.2544pt.
 [8

 <./ECTA_R43.pdf>]
<ECTA_R43.pdf, id=145, page=8, 487.8225pt x 704.6325pt>
File: ECTA_R43.pdf Graphic file (type pdf)
<use ECTA_R43.pdf, page 8>
Package pdftex.def Info: ECTA_R43.pdf , page8 used on input line 11.
(pdftex.def)             Requested size: 488.25302pt x 705.2544pt.
File: ECTA_R43.pdf Graphic file (type pdf)
<use ECTA_R43.pdf, page 8>
Package pdftex.def Info: ECTA_R43.pdf , page8 used on input line 11.
(pdftex.def)             Requested size: 488.25302pt x 705.2544pt.
File: ECTA_R43.pdf Graphic file (type pdf)
<use ECTA_R43.pdf, page 8>
Package pdftex.def Info: ECTA_R43.pdf , page8 used on input line 11.
(pdftex.def)             Requested size: 488.25302pt x 705.2544pt.
 [9

 <./ECTA_R43.pdf>]
<ECTA_R43.pdf, id=150, page=9, 487.8225pt x 704.6325pt>
File: ECTA_R43.pdf Graphic file (type pdf)
<use ECTA_R43.pdf, page 9>
Package pdftex.def Info: ECTA_R43.pdf , page9 used on input line 11.
(pdftex.def)             Requested size: 488.25302pt x 705.2544pt.
File: ECTA_R43.pdf Graphic file (type pdf)
<use ECTA_R43.pdf, page 9>
Package pdftex.def Info: ECTA_R43.pdf , page9 used on input line 11.
(pdftex.def)             Requested size: 488.25302pt x 705.2544pt.
File: ECTA_R43.pdf Graphic file (type pdf)
<use ECTA_R43.pdf, page 9>
Package pdftex.def Info: ECTA_R43.pdf , page9 used on input line 11.
(pdftex.def)             Requested size: 488.25302pt x 705.2544pt.
 [10

 <./ECTA_R43.pdf>]
<ECTA_R43.pdf, id=155, page=10, 487.8225pt x 704.6325pt>
File: ECTA_R43.pdf Graphic file (type pdf)
<use ECTA_R43.pdf, page 10>
Package pdftex.def Info: ECTA_R43.pdf , page10 used on input line 11.
(pdftex.def)             Requested size: 488.25302pt x 705.2544pt.
File: ECTA_R43.pdf Graphic file (type pdf)
<use ECTA_R43.pdf, page 10>
Package pdftex.def Info: ECTA_R43.pdf , page10 used on input line 11.
(pdftex.def)             Requested size: 488.25302pt x 705.2544pt.
File: ECTA_R43.pdf Graphic file (type pdf)
<use ECTA_R43.pdf, page 10>
Package pdftex.def Info: ECTA_R43.pdf , page10 used on input line 11.
(pdftex.def)             Requested size: 488.25302pt x 705.2544pt.
 [11

 <./ECTA_R43.pdf>]
<ECTA_R43.pdf, id=160, page=11, 487.8225pt x 704.6325pt>
File: ECTA_R43.pdf Graphic file (type pdf)
<use ECTA_R43.pdf, page 11>
Package pdftex.def Info: ECTA_R43.pdf , page11 used on input line 11.
(pdftex.def)             Requested size: 488.25302pt x 705.2544pt.
File: ECTA_R43.pdf Graphic file (type pdf)
<use ECTA_R43.pdf, page 11>
Package pdftex.def Info: ECTA_R43.pdf , page11 used on input line 11.
(pdftex.def)             Requested size: 488.25302pt x 705.2544pt.
File: ECTA_R43.pdf Graphic file (type pdf)
<use ECTA_R43.pdf, page 11>
Package pdftex.def Info: ECTA_R43.pdf , page11 used on input line 11.
(pdftex.def)             Requested size: 488.25302pt x 705.2544pt.
 [12

 <./ECTA_R43.pdf>]
<ECTA_R43.pdf, id=165, page=12, 487.8225pt x 704.6325pt>
File: ECTA_R43.pdf Graphic file (type pdf)
<use ECTA_R43.pdf, page 12>
Package pdftex.def Info: ECTA_R43.pdf , page12 used on input line 11.
(pdftex.def)             Requested size: 488.25302pt x 705.2544pt.
File: ECTA_R43.pdf Graphic file (type pdf)
<use ECTA_R43.pdf, page 12>
Package pdftex.def Info: ECTA_R43.pdf , page12 used on input line 11.
(pdftex.def)             Requested size: 488.25302pt x 705.2544pt.
File: ECTA_R43.pdf Graphic file (type pdf)
<use ECTA_R43.pdf, page 12>
Package pdftex.def Info: ECTA_R43.pdf , page12 used on input line 11.
(pdftex.def)             Requested size: 488.25302pt x 705.2544pt.
 [13

 <./ECTA_R43.pdf>]
<ECTA_R43.pdf, id=171, page=13, 487.8225pt x 704.6325pt>
File: ECTA_R43.pdf Graphic file (type pdf)
<use ECTA_R43.pdf, page 13>
Package pdftex.def Info: ECTA_R43.pdf , page13 used on input line 11.
(pdftex.def)             Requested size: 488.25302pt x 705.2544pt.
File: ECTA_R43.pdf Graphic file (type pdf)
<use ECTA_R43.pdf, page 13>
Package pdftex.def Info: ECTA_R43.pdf , page13 used on input line 11.
(pdftex.def)             Requested size: 488.25302pt x 705.2544pt.
File: ECTA_R43.pdf Graphic file (type pdf)
<use ECTA_R43.pdf, page 13>
Package pdftex.def Info: ECTA_R43.pdf , page13 used on input line 11.
(pdftex.def)             Requested size: 488.25302pt x 705.2544pt.
 [14

 <./ECTA_R43.pdf>]
<ECTA_R43.pdf, id=176, page=14, 487.8225pt x 704.6325pt>
File: ECTA_R43.pdf Graphic file (type pdf)
<use ECTA_R43.pdf, page 14>
Package pdftex.def Info: ECTA_R43.pdf , page14 used on input line 11.
(pdftex.def)             Requested size: 488.25302pt x 705.2544pt.
File: ECTA_R43.pdf Graphic file (type pdf)
<use ECTA_R43.pdf, page 14>
Package pdftex.def Info: ECTA_R43.pdf , page14 used on input line 11.
(pdftex.def)             Requested size: 488.25302pt x 705.2544pt.
File: ECTA_R43.pdf Graphic file (type pdf)
<use ECTA_R43.pdf, page 14>
Package pdftex.def Info: ECTA_R43.pdf , page14 used on input line 11.
(pdftex.def)             Requested size: 488.25302pt x 705.2544pt.

[15

 <./ECTA_R43.pdf>]
<ECTA_R43.pdf, id=181, page=15, 487.8225pt x 704.6325pt>
File: ECTA_R43.pdf Graphic file (type pdf)
<use ECTA_R43.pdf, page 15>
Package pdftex.def Info: ECTA_R43.pdf , page15 used on input line 11.
(pdftex.def)             Requested size: 488.25302pt x 705.2544pt.
File: ECTA_R43.pdf Graphic file (type pdf)
<use ECTA_R43.pdf, page 15>
Package pdftex.def Info: ECTA_R43.pdf , page15 used on input line 11.
(pdftex.def)             Requested size: 488.25302pt x 705.2544pt.
File: ECTA_R43.pdf Graphic file (type pdf)
<use ECTA_R43.pdf, page 15>
Package pdftex.def Info: ECTA_R43.pdf , page15 used on input line 11.
(pdftex.def)             Requested size: 488.25302pt x 705.2544pt.
 [16

 <./ECTA_R43.pdf>]
<ECTA_R43.pdf, id=186, page=16, 487.8225pt x 704.6325pt>
File: ECTA_R43.pdf Graphic file (type pdf)
<use ECTA_R43.pdf, page 16>
Package pdftex.def Info: ECTA_R43.pdf , page16 used on input line 11.
(pdftex.def)             Requested size: 488.25302pt x 705.2544pt.
File: ECTA_R43.pdf Graphic file (type pdf)
<use ECTA_R43.pdf, page 16>
Package pdftex.def Info: ECTA_R43.pdf , page16 used on input line 11.
(pdftex.def)             Requested size: 488.25302pt x 705.2544pt.
File: ECTA_R43.pdf Graphic file (type pdf)
<use ECTA_R43.pdf, page 16>
Package pdftex.def Info: ECTA_R43.pdf , page16 used on input line 11.
(pdftex.def)             Requested size: 488.25302pt x 705.2544pt.
 [17

 <./ECTA_R43.pdf>]
<ECTA_R43.pdf, id=192, page=17, 487.8225pt x 704.6325pt>
File: ECTA_R43.pdf Graphic file (type pdf)
<use ECTA_R43.pdf, page 17>
Package pdftex.def Info: ECTA_R43.pdf , page17 used on input line 11.
(pdftex.def)             Requested size: 488.25302pt x 705.2544pt.
File: ECTA_R43.pdf Graphic file (type pdf)
<use ECTA_R43.pdf, page 17>
Package pdftex.def Info: ECTA_R43.pdf , page17 used on input line 11.
(pdftex.def)             Requested size: 488.25302pt x 705.2544pt.
File: ECTA_R43.pdf Graphic file (type pdf)
<use ECTA_R43.pdf, page 17>
Package pdftex.def Info: ECTA_R43.pdf , page17 used on input line 11.
(pdftex.def)             Requested size: 488.25302pt x 705.2544pt.
 [18

 <./ECTA_R43.pdf>]
<ECTA_R43.pdf, id=203, page=18, 487.8225pt x 704.6325pt>
File: ECTA_R43.pdf Graphic file (type pdf)
<use ECTA_R43.pdf, page 18>
Package pdftex.def Info: ECTA_R43.pdf , page18 used on input line 11.
(pdftex.def)             Requested size: 488.25302pt x 705.2544pt.
File: ECTA_R43.pdf Graphic file (type pdf)
<use ECTA_R43.pdf, page 18>
Package pdftex.def Info: ECTA_R43.pdf , page18 used on input line 11.
(pdftex.def)             Requested size: 488.25302pt x 705.2544pt.
File: ECTA_R43.pdf Graphic file (type pdf)
<use ECTA_R43.pdf, page 18>
Package pdftex.def Info: ECTA_R43.pdf , page18 used on input line 11.
(pdftex.def)             Requested size: 488.25302pt x 705.2544pt.
 [19

 <./ECTA_R43.pdf>]
<ECTA_R43.pdf, id=209, page=19, 487.8225pt x 704.6325pt>
File: ECTA_R43.pdf Graphic file (type pdf)
<use ECTA_R43.pdf, page 19>
Package pdftex.def Info: ECTA_R43.pdf , page19 used on input line 11.
(pdftex.def)             Requested size: 488.25302pt x 705.2544pt.
File: ECTA_R43.pdf Graphic file (type pdf)
<use ECTA_R43.pdf, page 19>
Package pdftex.def Info: ECTA_R43.pdf , page19 used on input line 11.
(pdftex.def)             Requested size: 488.25302pt x 705.2544pt.
File: ECTA_R43.pdf Graphic file (type pdf)
<use ECTA_R43.pdf, page 19>
Package pdftex.def Info: ECTA_R43.pdf , page19 used on input line 11.
(pdftex.def)             Requested size: 488.25302pt x 705.2544pt.
 [20

 <./ECTA_R43.pdf>]
<ECTA_R43.pdf, id=214, page=20, 487.8225pt x 704.6325pt>
File: ECTA_R43.pdf Graphic file (type pdf)
<use ECTA_R43.pdf, page 20>
Package pdftex.def Info: ECTA_R43.pdf , page20 used on input line 11.
(pdftex.def)             Requested size: 488.25302pt x 705.2544pt.
File: ECTA_R43.pdf Graphic file (type pdf)
<use ECTA_R43.pdf, page 20>
Package pdftex.def Info: ECTA_R43.pdf , page20 used on input line 11.
(pdftex.def)             Requested size: 488.25302pt x 705.2544pt.
File: ECTA_R43.pdf Graphic file (type pdf)
<use ECTA_R43.pdf, page 20>
Package pdftex.def Info: ECTA_R43.pdf , page20 used on input line 11.
(pdftex.def)             Requested size: 488.25302pt x 705.2544pt.
 [21

 <./ECTA_R43.pdf>]
<ECTA_R43.pdf, id=219, page=21, 487.8225pt x 704.6325pt>
File: ECTA_R43.pdf Graphic file (type pdf)
<use ECTA_R43.pdf, page 21>
Package pdftex.def Info: ECTA_R43.pdf , page21 used on input line 11.
(pdftex.def)             Requested size: 488.25302pt x 705.2544pt.
File: ECTA_R43.pdf Graphic file (type pdf)
<use ECTA_R43.pdf, page 21>
Package pdftex.def Info: ECTA_R43.pdf , page21 used on input line 11.
(pdftex.def)             Requested size: 488.25302pt x 705.2544pt.
File: ECTA_R43.pdf Graphic file (type pdf)
<use ECTA_R43.pdf, page 21>
Package pdftex.def Info: ECTA_R43.pdf , page21 used on input line 11.
(pdftex.def)             Requested size: 488.25302pt x 705.2544pt.

[22

 <./ECTA_R43.pdf>]
<ECTA_R43.pdf, id=230, page=22, 487.8225pt x 704.6325pt>
File: ECTA_R43.pdf Graphic file (type pdf)
<use ECTA_R43.pdf, page 22>
Package pdftex.def Info: ECTA_R43.pdf , page22 used on input line 11.
(pdftex.def)             Requested size: 488.25302pt x 705.2544pt.
File: ECTA_R43.pdf Graphic file (type pdf)
<use ECTA_R43.pdf, page 22>
Package pdftex.def Info: ECTA_R43.pdf , page22 used on input line 11.
(pdftex.def)             Requested size: 488.25302pt x 705.2544pt.
File: ECTA_R43.pdf Graphic file (type pdf)
<use ECTA_R43.pdf, page 22>
Package pdftex.def Info: ECTA_R43.pdf , page22 used on input line 11.
(pdftex.def)             Requested size: 488.25302pt x 705.2544pt.
 [23

 <./ECTA_R43.pdf>]
<ECTA_R43.pdf, id=235, page=23, 487.8225pt x 704.6325pt>
File: ECTA_R43.pdf Graphic file (type pdf)
<use ECTA_R43.pdf, page 23>
Package pdftex.def Info: ECTA_R43.pdf , page23 used on input line 11.
(pdftex.def)             Requested size: 488.25302pt x 705.2544pt.
File: ECTA_R43.pdf Graphic file (type pdf)
<use ECTA_R43.pdf, page 23>
Package pdftex.def Info: ECTA_R43.pdf , page23 used on input line 11.
(pdftex.def)             Requested size: 488.25302pt x 705.2544pt.
File: ECTA_R43.pdf Graphic file (type pdf)
<use ECTA_R43.pdf, page 23>
Package pdftex.def Info: ECTA_R43.pdf , page23 used on input line 11.
(pdftex.def)             Requested size: 488.25302pt x 705.2544pt.
 [24

 <./ECTA_R43.pdf>]
<ECTA_R43.pdf, id=252, page=24, 487.8225pt x 704.6325pt>
File: ECTA_R43.pdf Graphic file (type pdf)
<use ECTA_R43.pdf, page 24>
Package pdftex.def Info: ECTA_R43.pdf , page24 used on input line 11.
(pdftex.def)             Requested size: 488.25302pt x 705.2544pt.
File: ECTA_R43.pdf Graphic file (type pdf)
<use ECTA_R43.pdf, page 24>
Package pdftex.def Info: ECTA_R43.pdf , page24 used on input line 11.
(pdftex.def)             Requested size: 488.25302pt x 705.2544pt.
File: ECTA_R43.pdf Graphic file (type pdf)
<use ECTA_R43.pdf, page 24>
Package pdftex.def Info: ECTA_R43.pdf , page24 used on input line 11.
(pdftex.def)             Requested size: 488.25302pt x 705.2544pt.
 [25

 <./ECTA_R43.pdf>]
<ECTA_R43.pdf, id=282, page=25, 487.8225pt x 704.6325pt>
File: ECTA_R43.pdf Graphic file (type pdf)
<use ECTA_R43.pdf, page 25>
Package pdftex.def Info: ECTA_R43.pdf , page25 used on input line 11.
(pdftex.def)             Requested size: 488.25302pt x 705.2544pt.
File: ECTA_R43.pdf Graphic file (type pdf)
<use ECTA_R43.pdf, page 25>
Package pdftex.def Info: ECTA_R43.pdf , page25 used on input line 11.
(pdftex.def)             Requested size: 488.25302pt x 705.2544pt.
File: ECTA_R43.pdf Graphic file (type pdf)
<use ECTA_R43.pdf, page 25>
Package pdftex.def Info: ECTA_R43.pdf , page25 used on input line 11.
(pdftex.def)             Requested size: 488.25302pt x 705.2544pt.
 [26

 <./ECTA_R43.pdf>]
<ECTA_R43.pdf, id=287, page=26, 487.8225pt x 704.6325pt>
File: ECTA_R43.pdf Graphic file (type pdf)
<use ECTA_R43.pdf, page 26>
Package pdftex.def Info: ECTA_R43.pdf , page26 used on input line 11.
(pdftex.def)             Requested size: 488.25302pt x 705.2544pt.
File: ECTA_R43.pdf Graphic file (type pdf)
<use ECTA_R43.pdf, page 26>
Package pdftex.def Info: ECTA_R43.pdf , page26 used on input line 11.
(pdftex.def)             Requested size: 488.25302pt x 705.2544pt.
File: ECTA_R43.pdf Graphic file (type pdf)
<use ECTA_R43.pdf, page 26>
Package pdftex.def Info: ECTA_R43.pdf , page26 used on input line 11.
(pdftex.def)             Requested size: 488.25302pt x 705.2544pt.
 [27

 <./ECTA_R43.pdf>]
<ECTA_R43.pdf, id=292, page=27, 487.8225pt x 704.6325pt>
File: ECTA_R43.pdf Graphic file (type pdf)
<use ECTA_R43.pdf, page 27>
Package pdftex.def Info: ECTA_R43.pdf , page27 used on input line 11.
(pdftex.def)             Requested size: 488.25302pt x 705.2544pt.
File: ECTA_R43.pdf Graphic file (type pdf)
<use ECTA_R43.pdf, page 27>
Package pdftex.def Info: ECTA_R43.pdf , page27 used on input line 11.
(pdftex.def)             Requested size: 488.25302pt x 705.2544pt.
File: ECTA_R43.pdf Graphic file (type pdf)
<use ECTA_R43.pdf, page 27>
Package pdftex.def Info: ECTA_R43.pdf , page27 used on input line 11.
(pdftex.def)             Requested size: 488.25302pt x 705.2544pt.
 [28

 <./ECTA_R43.pdf>]
<ECTA_R43.pdf, id=297, page=28, 487.8225pt x 704.6325pt>
File: ECTA_R43.pdf Graphic file (type pdf)
<use ECTA_R43.pdf, page 28>
Package pdftex.def Info: ECTA_R43.pdf , page28 used on input line 11.
(pdftex.def)             Requested size: 488.25302pt x 705.2544pt.
File: ECTA_R43.pdf Graphic file (type pdf)
<use ECTA_R43.pdf, page 28>
Package pdftex.def Info: ECTA_R43.pdf , page28 used on input line 11.
(pdftex.def)             Requested size: 488.25302pt x 705.2544pt.
File: ECTA_R43.pdf Graphic file (type pdf)
<use ECTA_R43.pdf, page 28>
Package pdftex.def Info: ECTA_R43.pdf , page28 used on input line 11.
(pdftex.def)             Requested size: 488.25302pt x 705.2544pt.

[29

 <./ECTA_R43.pdf>]
<ECTA_R43.pdf, id=302, page=29, 487.8225pt x 704.6325pt>
File: ECTA_R43.pdf Graphic file (type pdf)
<use ECTA_R43.pdf, page 29>
Package pdftex.def Info: ECTA_R43.pdf , page29 used on input line 11.
(pdftex.def)             Requested size: 488.25302pt x 705.2544pt.
File: ECTA_R43.pdf Graphic file (type pdf)
<use ECTA_R43.pdf, page 29>
Package pdftex.def Info: ECTA_R43.pdf , page29 used on input line 11.
(pdftex.def)             Requested size: 488.25302pt x 705.2544pt.
File: ECTA_R43.pdf Graphic file (type pdf)
<use ECTA_R43.pdf, page 29>
Package pdftex.def Info: ECTA_R43.pdf , page29 used on input line 11.
(pdftex.def)             Requested size: 488.25302pt x 705.2544pt.
 [30

 <./ECTA_R43.pdf>]
<ECTA_R43.pdf, id=307, page=30, 487.8225pt x 704.6325pt>
File: ECTA_R43.pdf Graphic file (type pdf)
<use ECTA_R43.pdf, page 30>
Package pdftex.def Info: ECTA_R43.pdf , page30 used on input line 11.
(pdftex.def)             Requested size: 488.25302pt x 705.2544pt.
File: ECTA_R43.pdf Graphic file (type pdf)
<use ECTA_R43.pdf, page 30>
Package pdftex.def Info: ECTA_R43.pdf , page30 used on input line 11.
(pdftex.def)             Requested size: 488.25302pt x 705.2544pt.
File: ECTA_R43.pdf Graphic file (type pdf)
<use ECTA_R43.pdf, page 30>
Package pdftex.def Info: ECTA_R43.pdf , page30 used on input line 11.
(pdftex.def)             Requested size: 488.25302pt x 705.2544pt.
 [31

 <./ECTA_R43.pdf>]
<SUPP_R43.pdf, id=313, 487.8225pt x 704.6325pt>
File: SUPP_R43.pdf Graphic file (type pdf)
<use SUPP_R43.pdf>
Package pdftex.def Info: SUPP_R43.pdf  used on input line 12.
(pdftex.def)             Requested size: 487.8213pt x 704.6308pt.
File: SUPP_R43.pdf Graphic file (type pdf)
<use SUPP_R43.pdf>
Package pdftex.def Info: SUPP_R43.pdf  used on input line 12.
(pdftex.def)             Requested size: 487.8213pt x 704.6308pt.
<SUPP_R43.pdf, id=316, page=1, 487.8225pt x 704.6325pt>
File: SUPP_R43.pdf Graphic file (type pdf)
<use SUPP_R43.pdf, page 1>
Package pdftex.def Info: SUPP_R43.pdf , page1 used on input line 12.
(pdftex.def)             Requested size: 487.8213pt x 704.6308pt.
File: SUPP_R43.pdf Graphic file (type pdf)
<use SUPP_R43.pdf, page 1>
Package pdftex.def Info: SUPP_R43.pdf , page1 used on input line 12.
(pdftex.def)             Requested size: 488.25302pt x 705.2544pt.
File: SUPP_R43.pdf Graphic file (type pdf)
<use SUPP_R43.pdf, page 1>
Package pdftex.def Info: SUPP_R43.pdf , page1 used on input line 12.
(pdftex.def)             Requested size: 488.25302pt x 705.2544pt.
File: SUPP_R43.pdf Graphic file (type pdf)
<use SUPP_R43.pdf, page 1>
Package pdftex.def Info: SUPP_R43.pdf , page1 used on input line 12.
(pdftex.def)             Requested size: 488.25302pt x 705.2544pt.
File: SUPP_R43.pdf Graphic file (type pdf)
<use SUPP_R43.pdf, page 1>
Package pdftex.def Info: SUPP_R43.pdf , page1 used on input line 12.
(pdftex.def)             Requested size: 488.25302pt x 705.2544pt.
 [32

 <./SUPP_R43.pdf>]
<SUPP_R43.pdf, id=350, page=2, 487.8225pt x 704.6325pt>
File: SUPP_R43.pdf Graphic file (type pdf)
<use SUPP_R43.pdf, page 2>
Package pdftex.def Info: SUPP_R43.pdf , page2 used on input line 12.
(pdftex.def)             Requested size: 488.25302pt x 705.2544pt.
File: SUPP_R43.pdf Graphic file (type pdf)
<use SUPP_R43.pdf, page 2>
Package pdftex.def Info: SUPP_R43.pdf , page2 used on input line 12.
(pdftex.def)             Requested size: 488.25302pt x 705.2544pt.
File: SUPP_R43.pdf Graphic file (type pdf)
<use SUPP_R43.pdf, page 2>
Package pdftex.def Info: SUPP_R43.pdf , page2 used on input line 12.
(pdftex.def)             Requested size: 488.25302pt x 705.2544pt.
 [33

 <./SUPP_R43.pdf>]
<SUPP_R43.pdf, id=368, page=3, 487.8225pt x 704.6325pt>
File: SUPP_R43.pdf Graphic file (type pdf)
<use SUPP_R43.pdf, page 3>
Package pdftex.def Info: SUPP_R43.pdf , page3 used on input line 12.
(pdftex.def)             Requested size: 488.25302pt x 705.2544pt.
File: SUPP_R43.pdf Graphic file (type pdf)
<use SUPP_R43.pdf, page 3>
Package pdftex.def Info: SUPP_R43.pdf , page3 used on input line 12.
(pdftex.def)             Requested size: 488.25302pt x 705.2544pt.
File: SUPP_R43.pdf Graphic file (type pdf)
<use SUPP_R43.pdf, page 3>
Package pdftex.def Info: SUPP_R43.pdf , page3 used on input line 12.
(pdftex.def)             Requested size: 488.25302pt x 705.2544pt.
 [34

 <./SUPP_R43.pdf>]
<SUPP_R43.pdf, id=381, page=4, 487.8225pt x 704.6325pt>
File: SUPP_R43.pdf Graphic file (type pdf)
<use SUPP_R43.pdf, page 4>
Package pdftex.def Info: SUPP_R43.pdf , page4 used on input line 12.
(pdftex.def)             Requested size: 488.25302pt x 705.2544pt.
File: SUPP_R43.pdf Graphic file (type pdf)
<use SUPP_R43.pdf, page 4>
Package pdftex.def Info: SUPP_R43.pdf , page4 used on input line 12.
(pdftex.def)             Requested size: 488.25302pt x 705.2544pt.
File: SUPP_R43.pdf Graphic file (type pdf)
<use SUPP_R43.pdf, page 4>
Package pdftex.def Info: SUPP_R43.pdf , page4 used on input line 12.
(pdftex.def)             Requested size: 488.25302pt x 705.2544pt.
 [35

 <./SUPP_R43.pdf>]
<SUPP_R43.pdf, id=390, page=5, 487.8225pt x 704.6325pt>
File: SUPP_R43.pdf Graphic file (type pdf)
<use SUPP_R43.pdf, page 5>
Package pdftex.def Info: SUPP_R43.pdf , page5 used on input line 12.
(pdftex.def)             Requested size: 488.25302pt x 705.2544pt.
File: SUPP_R43.pdf Graphic file (type pdf)
<use SUPP_R43.pdf, page 5>
Package pdftex.def Info: SUPP_R43.pdf , page5 used on input line 12.
(pdftex.def)             Requested size: 488.25302pt x 705.2544pt.
File: SUPP_R43.pdf Graphic file (type pdf)
<use SUPP_R43.pdf, page 5>
Package pdftex.def Info: SUPP_R43.pdf , page5 used on input line 12.
(pdftex.def)             Requested size: 488.25302pt x 705.2544pt.

[36

 <./SUPP_R43.pdf>]
<SUPP_R43.pdf, id=395, page=6, 487.8225pt x 704.6325pt>
File: SUPP_R43.pdf Graphic file (type pdf)
<use SUPP_R43.pdf, page 6>
Package pdftex.def Info: SUPP_R43.pdf , page6 used on input line 12.
(pdftex.def)             Requested size: 488.25302pt x 705.2544pt.
File: SUPP_R43.pdf Graphic file (type pdf)
<use SUPP_R43.pdf, page 6>
Package pdftex.def Info: SUPP_R43.pdf , page6 used on input line 12.
(pdftex.def)             Requested size: 488.25302pt x 705.2544pt.
File: SUPP_R43.pdf Graphic file (type pdf)
<use SUPP_R43.pdf, page 6>
Package pdftex.def Info: SUPP_R43.pdf , page6 used on input line 12.
(pdftex.def)             Requested size: 488.25302pt x 705.2544pt.
 [37

 <./SUPP_R43.pdf>]
<SUPP_R43.pdf, id=409, page=7, 487.8225pt x 704.6325pt>
File: SUPP_R43.pdf Graphic file (type pdf)
<use SUPP_R43.pdf, page 7>
Package pdftex.def Info: SUPP_R43.pdf , page7 used on input line 12.
(pdftex.def)             Requested size: 488.25302pt x 705.2544pt.
File: SUPP_R43.pdf Graphic file (type pdf)
<use SUPP_R43.pdf, page 7>
Package pdftex.def Info: SUPP_R43.pdf , page7 used on input line 12.
(pdftex.def)             Requested size: 488.25302pt x 705.2544pt.
File: SUPP_R43.pdf Graphic file (type pdf)
<use SUPP_R43.pdf, page 7>
Package pdftex.def Info: SUPP_R43.pdf , page7 used on input line 12.
(pdftex.def)             Requested size: 488.25302pt x 705.2544pt.
 [38

 <./SUPP_R43.pdf>]
<SUPP_R43.pdf, id=424, page=8, 487.8225pt x 704.6325pt>
File: SUPP_R43.pdf Graphic file (type pdf)
<use SUPP_R43.pdf, page 8>
Package pdftex.def Info: SUPP_R43.pdf , page8 used on input line 12.
(pdftex.def)             Requested size: 488.25302pt x 705.2544pt.
File: SUPP_R43.pdf Graphic file (type pdf)
<use SUPP_R43.pdf, page 8>
Package pdftex.def Info: SUPP_R43.pdf , page8 used on input line 12.
(pdftex.def)             Requested size: 488.25302pt x 705.2544pt.
File: SUPP_R43.pdf Graphic file (type pdf)
<use SUPP_R43.pdf, page 8>
Package pdftex.def Info: SUPP_R43.pdf , page8 used on input line 12.
(pdftex.def)             Requested size: 488.25302pt x 705.2544pt.
 [39

 <./SUPP_R43.pdf>]
<SUPP_R43.pdf, id=429, page=9, 487.8225pt x 704.6325pt>
File: SUPP_R43.pdf Graphic file (type pdf)
<use SUPP_R43.pdf, page 9>
Package pdftex.def Info: SUPP_R43.pdf , page9 used on input line 12.
(pdftex.def)             Requested size: 488.25302pt x 705.2544pt.
File: SUPP_R43.pdf Graphic file (type pdf)
<use SUPP_R43.pdf, page 9>
Package pdftex.def Info: SUPP_R43.pdf , page9 used on input line 12.
(pdftex.def)             Requested size: 488.25302pt x 705.2544pt.
File: SUPP_R43.pdf Graphic file (type pdf)
<use SUPP_R43.pdf, page 9>
Package pdftex.def Info: SUPP_R43.pdf , page9 used on input line 12.
(pdftex.def)             Requested size: 488.25302pt x 705.2544pt.
 [40

 <./SUPP_R43.pdf>]
<SUPP_R43.pdf, id=434, page=10, 487.8225pt x 704.6325pt>
File: SUPP_R43.pdf Graphic file (type pdf)
<use SUPP_R43.pdf, page 10>
Package pdftex.def Info: SUPP_R43.pdf , page10 used on input line 12.
(pdftex.def)             Requested size: 488.25302pt x 705.2544pt.
File: SUPP_R43.pdf Graphic file (type pdf)
<use SUPP_R43.pdf, page 10>
Package pdftex.def Info: SUPP_R43.pdf , page10 used on input line 12.
(pdftex.def)             Requested size: 488.25302pt x 705.2544pt.
File: SUPP_R43.pdf Graphic file (type pdf)
<use SUPP_R43.pdf, page 10>
Package pdftex.def Info: SUPP_R43.pdf , page10 used on input line 12.
(pdftex.def)             Requested size: 488.25302pt x 705.2544pt.
 [41

 <./SUPP_R43.pdf>]

pdfTeX warning: pdflatex (file ./HISTORY_R42.pdf): PDF inclusion: found PDF ver
sion <1.7>, but at most version <1.5> allowed
<HISTORY_R42.pdf, id=439, 487.8225pt x 704.6325pt>
File: HISTORY_R42.pdf Graphic file (type pdf)
<use HISTORY_R42.pdf>
Package pdftex.def Info: HISTORY_R42.pdf  used on input line 13.
(pdftex.def)             Requested size: 487.8213pt x 704.6308pt.


pdfTeX warning: pdflatex (file ./HISTORY_R42.pdf): PDF inclusion: found PDF ver
sion <1.7>, but at most version <1.5> allowed
File: HISTORY_R42.pdf Graphic file (type pdf)
<use HISTORY_R42.pdf>
Package pdftex.def Info: HISTORY_R42.pdf  used on input line 13.
(pdftex.def)             Requested size: 487.8213pt x 704.6308pt.


pdfTeX warning: pdflatex (file ./HISTORY_R42.pdf): PDF inclusion: found PDF ver
sion <1.7>, but at most version <1.5> allowed


pdfTeX warning: pdflatex (file ./HISTORY_R42.pdf): PDF inclusion: found PDF ver
sion <1.7>, but at most version <1.5> allowed
<HISTORY_R42.pdf, id=442, page=1, 487.8225pt x 704.6325pt>
File: HISTORY_R42.pdf Graphic file (type pdf)
<use HISTORY_R42.pdf, page 1>
Package pdftex.def Info: HISTORY_R42.pdf , page1 used on input line 13.
(pdftex.def)             Requested size: 487.8213pt x 704.6308pt.
File: HISTORY_R42.pdf Graphic file (type pdf)
<use HISTORY_R42.pdf, page 1>
Package pdftex.def Info: HISTORY_R42.pdf , page1 used on input line 13.
(pdftex.def)             Requested size: 488.25302pt x 705.2544pt.
File: HISTORY_R42.pdf Graphic file (type pdf)
<use HISTORY_R42.pdf, page 1>
Package pdftex.def Info: HISTORY_R42.pdf , page1 used on input line 13.
(pdftex.def)             Requested size: 488.25302pt x 705.2544pt.
File: HISTORY_R42.pdf Graphic file (type pdf)
<use HISTORY_R42.pdf, page 1>
Package pdftex.def Info: HISTORY_R42.pdf , page1 used on input line 13.
(pdftex.def)             Requested size: 488.25302pt x 705.2544pt.
File: HISTORY_R42.pdf Graphic file (type pdf)
<use HISTORY_R42.pdf, page 1>
Package pdftex.def Info: HISTORY_R42.pdf , page1 used on input line 13.
(pdftex.def)             Requested size: 488.25302pt x 705.2544pt.
[42

 <./HISTORY_R42.pdf>]

pdfTeX warning: pdflatex (file ./HISTORY_R42.pdf): PDF inclusion: found PDF ver
sion <1.7>, but at most version <1.5> allowed
<HISTORY_R42.pdf, id=455, page=2, 487.8225pt x 704.6325pt>
File: HISTORY_R42.pdf Graphic file (type pdf)
<use HISTORY_R42.pdf, page 2>
Package pdftex.def Info: HISTORY_R42.pdf , page2 used on input line 13.
(pdftex.def)             Requested size: 488.25302pt x 705.2544pt.
File: HISTORY_R42.pdf Graphic file (type pdf)
<use HISTORY_R42.pdf, page 2>
Package pdftex.def Info: HISTORY_R42.pdf , page2 used on input line 13.
(pdftex.def)             Requested size: 488.25302pt x 705.2544pt.
File: HISTORY_R42.pdf Graphic file (type pdf)
<use HISTORY_R42.pdf, page 2>
Package pdftex.def Info: HISTORY_R42.pdf , page2 used on input line 13.
(pdftex.def)             Requested size: 488.25302pt x 705.2544pt.
[43

 <./HISTORY_R42.pdf>]

pdfTeX warning: pdflatex (file ./HISTORY_R42.pdf): PDF inclusion: found PDF ver
sion <1.7>, but at most version <1.5> allowed
<HISTORY_R42.pdf, id=469, page=3, 487.8225pt x 704.6325pt>
File: HISTORY_R42.pdf Graphic file (type pdf)
<use HISTORY_R42.pdf, page 3>
Package pdftex.def Info: HISTORY_R42.pdf , page3 used on input line 13.
(pdftex.def)             Requested size: 488.25302pt x 705.2544pt.
File: HISTORY_R42.pdf Graphic file (type pdf)
<use HISTORY_R42.pdf, page 3>
Package pdftex.def Info: HISTORY_R42.pdf , page3 used on input line 13.
(pdftex.def)             Requested size: 488.25302pt x 705.2544pt.
File: HISTORY_R42.pdf Graphic file (type pdf)
<use HISTORY_R42.pdf, page 3>
Package pdftex.def Info: HISTORY_R42.pdf , page3 used on input line 13.
(pdftex.def)             Requested size: 488.25302pt x 705.2544pt.
[44

 <./HISTORY_R42.pdf>]

pdfTeX warning: pdflatex (file ./HISTORY_R42.pdf): PDF inclusion: found PDF ver
sion <1.7>, but at most version <1.5> allowed
<HISTORY_R42.pdf, id=490, page=4, 487.8225pt x 704.6325pt>
File: HISTORY_R42.pdf Graphic file (type pdf)
<use HISTORY_R42.pdf, page 4>
Package pdftex.def Info: HISTORY_R42.pdf , page4 used on input line 13.
(pdftex.def)             Requested size: 488.25302pt x 705.2544pt.
File: HISTORY_R42.pdf Graphic file (type pdf)
<use HISTORY_R42.pdf, page 4>
Package pdftex.def Info: HISTORY_R42.pdf , page4 used on input line 13.
(pdftex.def)             Requested size: 488.25302pt x 705.2544pt.
File: HISTORY_R42.pdf Graphic file (type pdf)
<use HISTORY_R42.pdf, page 4>
Package pdftex.def Info: HISTORY_R42.pdf , page4 used on input line 13.
(pdftex.def)             Requested size: 488.25302pt x 705.2544pt.
[45

 <./HISTORY_R42.pdf>]

pdfTeX warning: pdflatex (file ./HISTORY_R42.pdf): PDF inclusion: found PDF ver
sion <1.7>, but at most version <1.5> allowed
<HISTORY_R42.pdf, id=507, page=5, 487.8225pt x 704.6325pt>
File: HISTORY_R42.pdf Graphic file (type pdf)
<use HISTORY_R42.pdf, page 5>
Package pdftex.def Info: HISTORY_R42.pdf , page5 used on input line 13.
(pdftex.def)             Requested size: 488.25302pt x 705.2544pt.
File: HISTORY_R42.pdf Graphic file (type pdf)
<use HISTORY_R42.pdf, page 5>
Package pdftex.def Info: HISTORY_R42.pdf , page5 used on input line 13.
(pdftex.def)             Requested size: 488.25302pt x 705.2544pt.
File: HISTORY_R42.pdf Graphic file (type pdf)
<use HISTORY_R42.pdf, page 5>
Package pdftex.def Info: HISTORY_R42.pdf , page5 used on input line 13.
(pdftex.def)             Requested size: 488.25302pt x 705.2544pt.
[46

 <./HISTORY_R42.pdf>]

pdfTeX warning: pdflatex (file ./HISTORY_R42.pdf): PDF inclusion: found PDF ver
sion <1.7>, but at most version <1.5> allowed
<HISTORY_R42.pdf, id=521, page=6, 487.8225pt x 704.6325pt>
File: HISTORY_R42.pdf Graphic file (type pdf)
<use HISTORY_R42.pdf, page 6>
Package pdftex.def Info: HISTORY_R42.pdf , page6 used on input line 13.
(pdftex.def)             Requested size: 488.25302pt x 705.2544pt.
File: HISTORY_R42.pdf Graphic file (type pdf)
<use HISTORY_R42.pdf, page 6>
Package pdftex.def Info: HISTORY_R42.pdf , page6 used on input line 13.
(pdftex.def)             Requested size: 488.25302pt x 705.2544pt.
File: HISTORY_R42.pdf Graphic file (type pdf)
<use HISTORY_R42.pdf, page 6>
Package pdftex.def Info: HISTORY_R42.pdf , page6 used on input line 13.
(pdftex.def)             Requested size: 488.25302pt x 705.2544pt.
[47

 <./HISTORY_R42.pdf>]

pdfTeX warning: pdflatex (file ./HISTORY_R42.pdf): PDF inclusion: found PDF ver
sion <1.7>, but at most version <1.5> allowed
<HISTORY_R42.pdf, id=526, page=7, 487.8225pt x 704.6325pt>
File: HISTORY_R42.pdf Graphic file (type pdf)
<use HISTORY_R42.pdf, page 7>
Package pdftex.def Info: HISTORY_R42.pdf , page7 used on input line 13.
(pdftex.def)             Requested size: 488.25302pt x 705.2544pt.
File: HISTORY_R42.pdf Graphic file (type pdf)
<use HISTORY_R42.pdf, page 7>
Package pdftex.def Info: HISTORY_R42.pdf , page7 used on input line 13.
(pdftex.def)             Requested size: 488.25302pt x 705.2544pt.
File: HISTORY_R42.pdf Graphic file (type pdf)
<use HISTORY_R42.pdf, page 7>
Package pdftex.def Info: HISTORY_R42.pdf , page7 used on input line 13.
(pdftex.def)             Requested size: 488.25302pt x 705.2544pt.
[48

 <./HISTORY_R42.pdf>]

pdfTeX warning: pdflatex (file ./HISTORY_R42.pdf): PDF inclusion: found PDF ver
sion <1.7>, but at most version <1.5> allowed
<HISTORY_R42.pdf, id=531, page=8, 487.8225pt x 704.6325pt>
File: HISTORY_R42.pdf Graphic file (type pdf)
<use HISTORY_R42.pdf, page 8>
Package pdftex.def Info: HISTORY_R42.pdf , page8 used on input line 13.
(pdftex.def)             Requested size: 488.25302pt x 705.2544pt.
File: HISTORY_R42.pdf Graphic file (type pdf)
<use HISTORY_R42.pdf, page 8>
Package pdftex.def Info: HISTORY_R42.pdf , page8 used on input line 13.
(pdftex.def)             Requested size: 488.25302pt x 705.2544pt.
File: HISTORY_R42.pdf Graphic file (type pdf)
<use HISTORY_R42.pdf, page 8>
Package pdftex.def Info: HISTORY_R42.pdf , page8 used on input line 13.
(pdftex.def)             Requested size: 488.25302pt x 705.2544pt.
[49

 <./HISTORY_R42.pdf>]

pdfTeX warning: pdflatex (file ./HISTORY_R42.pdf): PDF inclusion: found PDF ver
sion <1.7>, but at most version <1.5> allowed
<HISTORY_R42.pdf, id=537, page=9, 487.8225pt x 704.6325pt>
File: HISTORY_R42.pdf Graphic file (type pdf)
<use HISTORY_R42.pdf, page 9>
Package pdftex.def Info: HISTORY_R42.pdf , page9 used on input line 13.
(pdftex.def)             Requested size: 488.25302pt x 705.2544pt.
File: HISTORY_R42.pdf Graphic file (type pdf)
<use HISTORY_R42.pdf, page 9>
Package pdftex.def Info: HISTORY_R42.pdf , page9 used on input line 13.
(pdftex.def)             Requested size: 488.25302pt x 705.2544pt.
File: HISTORY_R42.pdf Graphic file (type pdf)
<use HISTORY_R42.pdf, page 9>
Package pdftex.def Info: HISTORY_R42.pdf , page9 used on input line 13.
(pdftex.def)             Requested size: 488.25302pt x 705.2544pt.
[50

 <./HISTORY_R42.pdf>]

pdfTeX warning: pdflatex (file ./HISTORY_R42.pdf): PDF inclusion: found PDF ver
sion <1.7>, but at most version <1.5> allowed
<HISTORY_R42.pdf, id=542, page=10, 487.8225pt x 704.6325pt>
File: HISTORY_R42.pdf Graphic file (type pdf)
<use HISTORY_R42.pdf, page 10>
Package pdftex.def Info: HISTORY_R42.pdf , page10 used on input line 13.
(pdftex.def)             Requested size: 488.25302pt x 705.2544pt.
File: HISTORY_R42.pdf Graphic file (type pdf)
<use HISTORY_R42.pdf, page 10>
Package pdftex.def Info: HISTORY_R42.pdf , page10 used on input line 13.
(pdftex.def)             Requested size: 488.25302pt x 705.2544pt.
File: HISTORY_R42.pdf Graphic file (type pdf)
<use HISTORY_R42.pdf, page 10>
Package pdftex.def Info: HISTORY_R42.pdf , page10 used on input line 13.
(pdftex.def)             Requested size: 488.25302pt x 705.2544pt.
[51

 <./HISTORY_R42.pdf>]

pdfTeX warning: pdflatex (file ./HISTORY_R42.pdf): PDF inclusion: found PDF ver
sion <1.7>, but at most version <1.5> allowed
<HISTORY_R42.pdf, id=547, page=11, 487.8225pt x 704.6325pt>
File: HISTORY_R42.pdf Graphic file (type pdf)
<use HISTORY_R42.pdf, page 11>
Package pdftex.def Info: HISTORY_R42.pdf , page11 used on input line 13.
(pdftex.def)             Requested size: 488.25302pt x 705.2544pt.
File: HISTORY_R42.pdf Graphic file (type pdf)
<use HISTORY_R42.pdf, page 11>
Package pdftex.def Info: HISTORY_R42.pdf , page11 used on input line 13.
(pdftex.def)             Requested size: 488.25302pt x 705.2544pt.
File: HISTORY_R42.pdf Graphic file (type pdf)
<use HISTORY_R42.pdf, page 11>
Package pdftex.def Info: HISTORY_R42.pdf , page11 used on input line 13.
(pdftex.def)             Requested size: 488.25302pt x 705.2544pt.
[52

 <./HISTORY_R42.pdf>]

pdfTeX warning: pdflatex (file ./HISTORY_R42.pdf): PDF inclusion: found PDF ver
sion <1.7>, but at most version <1.5> allowed
<HISTORY_R42.pdf, id=556, page=12, 487.8225pt x 704.6325pt>
File: HISTORY_R42.pdf Graphic file (type pdf)
<use HISTORY_R42.pdf, page 12>
Package pdftex.def Info: HISTORY_R42.pdf , page12 used on input line 13.
(pdftex.def)             Requested size: 488.25302pt x 705.2544pt.
File: HISTORY_R42.pdf Graphic file (type pdf)
<use HISTORY_R42.pdf, page 12>
Package pdftex.def Info: HISTORY_R42.pdf , page12 used on input line 13.
(pdftex.def)             Requested size: 488.25302pt x 705.2544pt.
File: HISTORY_R42.pdf Graphic file (type pdf)
<use HISTORY_R42.pdf, page 12>
Package pdftex.def Info: HISTORY_R42.pdf , page12 used on input line 13.
(pdftex.def)             Requested size: 488.25302pt x 705.2544pt.
[53

 <./HISTORY_R42.pdf>]

pdfTeX warning: pdflatex (file ./HISTORY_R42.pdf): PDF inclusion: found PDF ver
sion <1.7>, but at most version <1.5> allowed
<HISTORY_R42.pdf, id=565, page=13, 487.8225pt x 704.6325pt>
File: HISTORY_R42.pdf Graphic file (type pdf)
<use HISTORY_R42.pdf, page 13>
Package pdftex.def Info: HISTORY_R42.pdf , page13 used on input line 13.
(pdftex.def)             Requested size: 488.25302pt x 705.2544pt.
File: HISTORY_R42.pdf Graphic file (type pdf)
<use HISTORY_R42.pdf, page 13>
Package pdftex.def Info: HISTORY_R42.pdf , page13 used on input line 13.
(pdftex.def)             Requested size: 488.25302pt x 705.2544pt.
File: HISTORY_R42.pdf Graphic file (type pdf)
<use HISTORY_R42.pdf, page 13>
Package pdftex.def Info: HISTORY_R42.pdf , page13 used on input line 13.
(pdftex.def)             Requested size: 488.25302pt x 705.2544pt.
[54

 <./HISTORY_R42.pdf>]

pdfTeX warning: pdflatex (file ./HISTORY_R42.pdf): PDF inclusion: found PDF ver
sion <1.7>, but at most version <1.5> allowed
<HISTORY_R42.pdf, id=574, page=14, 487.8225pt x 704.6325pt>
File: HISTORY_R42.pdf Graphic file (type pdf)
<use HISTORY_R42.pdf, page 14>
Package pdftex.def Info: HISTORY_R42.pdf , page14 used on input line 13.
(pdftex.def)             Requested size: 488.25302pt x 705.2544pt.
File: HISTORY_R42.pdf Graphic file (type pdf)
<use HISTORY_R42.pdf, page 14>
Package pdftex.def Info: HISTORY_R42.pdf , page14 used on input line 13.
(pdftex.def)             Requested size: 488.25302pt x 705.2544pt.
File: HISTORY_R42.pdf Graphic file (type pdf)
<use HISTORY_R42.pdf, page 14>
Package pdftex.def Info: HISTORY_R42.pdf , page14 used on input line 13.
(pdftex.def)             Requested size: 488.25302pt x 705.2544pt.
[55

 <./HISTORY_R42.pdf>]

pdfTeX warning: pdflatex (file ./HISTORY_R42.pdf): PDF inclusion: found PDF ver
sion <1.7>, but at most version <1.5> allowed
<HISTORY_R42.pdf, id=588, page=15, 487.8225pt x 704.6325pt>
File: HISTORY_R42.pdf Graphic file (type pdf)
<use HISTORY_R42.pdf, page 15>
Package pdftex.def Info: HISTORY_R42.pdf , page15 used on input line 13.
(pdftex.def)             Requested size: 488.25302pt x 705.2544pt.
File: HISTORY_R42.pdf Graphic file (type pdf)
<use HISTORY_R42.pdf, page 15>
Package pdftex.def Info: HISTORY_R42.pdf , page15 used on input line 13.
(pdftex.def)             Requested size: 488.25302pt x 705.2544pt.
File: HISTORY_R42.pdf Graphic file (type pdf)
<use HISTORY_R42.pdf, page 15>
Package pdftex.def Info: HISTORY_R42.pdf , page15 used on input line 13.
(pdftex.def)             Requested size: 488.25302pt x 705.2544pt.
[56

 <./HISTORY_R42.pdf>]

pdfTeX warning: pdflatex (file ./HISTORY_R42.pdf): PDF inclusion: found PDF ver
sion <1.7>, but at most version <1.5> allowed
<HISTORY_R42.pdf, id=593, page=16, 487.8225pt x 704.6325pt>
File: HISTORY_R42.pdf Graphic file (type pdf)
<use HISTORY_R42.pdf, page 16>
Package pdftex.def Info: HISTORY_R42.pdf , page16 used on input line 13.
(pdftex.def)             Requested size: 488.25302pt x 705.2544pt.
File: HISTORY_R42.pdf Graphic file (type pdf)
<use HISTORY_R42.pdf, page 16>
Package pdftex.def Info: HISTORY_R42.pdf , page16 used on input line 13.
(pdftex.def)             Requested size: 488.25302pt x 705.2544pt.
File: HISTORY_R42.pdf Graphic file (type pdf)
<use HISTORY_R42.pdf, page 16>
Package pdftex.def Info: HISTORY_R42.pdf , page16 used on input line 13.
(pdftex.def)             Requested size: 488.25302pt x 705.2544pt.
[57

 <./HISTORY_R42.pdf>]

pdfTeX warning: pdflatex (file ./HISTORY_R42.pdf): PDF inclusion: found PDF ver
sion <1.7>, but at most version <1.5> allowed
<HISTORY_R42.pdf, id=598, page=17, 487.8225pt x 704.6325pt>
File: HISTORY_R42.pdf Graphic file (type pdf)
<use HISTORY_R42.pdf, page 17>
Package pdftex.def Info: HISTORY_R42.pdf , page17 used on input line 13.
(pdftex.def)             Requested size: 488.25302pt x 705.2544pt.
File: HISTORY_R42.pdf Graphic file (type pdf)
<use HISTORY_R42.pdf, page 17>
Package pdftex.def Info: HISTORY_R42.pdf , page17 used on input line 13.
(pdftex.def)             Requested size: 488.25302pt x 705.2544pt.
File: HISTORY_R42.pdf Graphic file (type pdf)
<use HISTORY_R42.pdf, page 17>
Package pdftex.def Info: HISTORY_R42.pdf , page17 used on input line 13.
(pdftex.def)             Requested size: 488.25302pt x 705.2544pt.
[58

 <./HISTORY_R42.pdf>]

pdfTeX warning: pdflatex (file ./HISTORY_R42.pdf): PDF inclusion: found PDF ver
sion <1.7>, but at most version <1.5> allowed
<HISTORY_R42.pdf, id=603, page=18, 487.8225pt x 704.6325pt>
File: HISTORY_R42.pdf Graphic file (type pdf)
<use HISTORY_R42.pdf, page 18>
Package pdftex.def Info: HISTORY_R42.pdf , page18 used on input line 13.
(pdftex.def)             Requested size: 488.25302pt x 705.2544pt.
File: HISTORY_R42.pdf Graphic file (type pdf)
<use HISTORY_R42.pdf, page 18>
Package pdftex.def Info: HISTORY_R42.pdf , page18 used on input line 13.
(pdftex.def)             Requested size: 488.25302pt x 705.2544pt.
File: HISTORY_R42.pdf Graphic file (type pdf)
<use HISTORY_R42.pdf, page 18>
Package pdftex.def Info: HISTORY_R42.pdf , page18 used on input line 13.
(pdftex.def)             Requested size: 488.25302pt x 705.2544pt.
[59

 <./HISTORY_R42.pdf>]

pdfTeX warning: pdflatex (file ./HISTORY_R42.pdf): PDF inclusion: found PDF ver
sion <1.7>, but at most version <1.5> allowed
<HISTORY_R42.pdf, id=608, page=19, 487.8225pt x 704.6325pt>
File: HISTORY_R42.pdf Graphic file (type pdf)
<use HISTORY_R42.pdf, page 19>
Package pdftex.def Info: HISTORY_R42.pdf , page19 used on input line 13.
(pdftex.def)             Requested size: 488.25302pt x 705.2544pt.
File: HISTORY_R42.pdf Graphic file (type pdf)
<use HISTORY_R42.pdf, page 19>
Package pdftex.def Info: HISTORY_R42.pdf , page19 used on input line 13.
(pdftex.def)             Requested size: 488.25302pt x 705.2544pt.
File: HISTORY_R42.pdf Graphic file (type pdf)
<use HISTORY_R42.pdf, page 19>
Package pdftex.def Info: HISTORY_R42.pdf , page19 used on input line 13.
(pdftex.def)             Requested size: 488.25302pt x 705.2544pt.
[60

 <./HISTORY_R42.pdf>]

pdfTeX warning: pdflatex (file ./HISTORY_R42.pdf): PDF inclusion: found PDF ver
sion <1.7>, but at most version <1.5> allowed
<HISTORY_R42.pdf, id=633, page=20, 487.8225pt x 704.6325pt>
File: HISTORY_R42.pdf Graphic file (type pdf)
<use HISTORY_R42.pdf, page 20>
Package pdftex.def Info: HISTORY_R42.pdf , page20 used on input line 13.
(pdftex.def)             Requested size: 488.25302pt x 705.2544pt.
File: HISTORY_R42.pdf Graphic file (type pdf)
<use HISTORY_R42.pdf, page 20>
Package pdftex.def Info: HISTORY_R42.pdf , page20 used on input line 13.
(pdftex.def)             Requested size: 488.25302pt x 705.2544pt.
File: HISTORY_R42.pdf Graphic file (type pdf)
<use HISTORY_R42.pdf, page 20>
Package pdftex.def Info: HISTORY_R42.pdf , page20 used on input line 13.
(pdftex.def)             Requested size: 488.25302pt x 705.2544pt.
[61

 <./HISTORY_R42.pdf>]

pdfTeX warning: pdflatex (file ./HISTORY_R42.pdf): PDF inclusion: found PDF ver
sion <1.7>, but at most version <1.5> allowed
<HISTORY_R42.pdf, id=655, page=21, 487.8225pt x 704.6325pt>
File: HISTORY_R42.pdf Graphic file (type pdf)
<use HISTORY_R42.pdf, page 21>
Package pdftex.def Info: HISTORY_R42.pdf , page21 used on input line 13.
(pdftex.def)             Requested size: 488.25302pt x 705.2544pt.
File: HISTORY_R42.pdf Graphic file (type pdf)
<use HISTORY_R42.pdf, page 21>
Package pdftex.def Info: HISTORY_R42.pdf , page21 used on input line 13.
(pdftex.def)             Requested size: 488.25302pt x 705.2544pt.
File: HISTORY_R42.pdf Graphic file (type pdf)
<use HISTORY_R42.pdf, page 21>
Package pdftex.def Info: HISTORY_R42.pdf , page21 used on input line 13.
(pdftex.def)             Requested size: 488.25302pt x 705.2544pt.
[62

 <./HISTORY_R42.pdf>]

pdfTeX warning: pdflatex (file ./HISTORY_R42.pdf): PDF inclusion: found PDF ver
sion <1.7>, but at most version <1.5> allowed
<HISTORY_R42.pdf, id=660, page=22, 487.8225pt x 704.6325pt>
File: HISTORY_R42.pdf Graphic file (type pdf)
<use HISTORY_R42.pdf, page 22>
Package pdftex.def Info: HISTORY_R42.pdf , page22 used on input line 13.
(pdftex.def)             Requested size: 488.25302pt x 705.2544pt.
File: HISTORY_R42.pdf Graphic file (type pdf)
<use HISTORY_R42.pdf, page 22>
Package pdftex.def Info: HISTORY_R42.pdf , page22 used on input line 13.
(pdftex.def)             Requested size: 488.25302pt x 705.2544pt.
File: HISTORY_R42.pdf Graphic file (type pdf)
<use HISTORY_R42.pdf, page 22>
Package pdftex.def Info: HISTORY_R42.pdf , page22 used on input line 13.
(pdftex.def)             Requested size: 488.25302pt x 705.2544pt.
[63

 <./HISTORY_R42.pdf>]

pdfTeX warning: pdflatex (file ./HISTORY_R42.pdf): PDF inclusion: found PDF ver
sion <1.7>, but at most version <1.5> allowed
<HISTORY_R42.pdf, id=670, page=23, 487.8225pt x 704.6325pt>
File: HISTORY_R42.pdf Graphic file (type pdf)
<use HISTORY_R42.pdf, page 23>
Package pdftex.def Info: HISTORY_R42.pdf , page23 used on input line 13.
(pdftex.def)             Requested size: 488.25302pt x 705.2544pt.
File: HISTORY_R42.pdf Graphic file (type pdf)
<use HISTORY_R42.pdf, page 23>
Package pdftex.def Info: HISTORY_R42.pdf , page23 used on input line 13.
(pdftex.def)             Requested size: 488.25302pt x 705.2544pt.
File: HISTORY_R42.pdf Graphic file (type pdf)
<use HISTORY_R42.pdf, page 23>
Package pdftex.def Info: HISTORY_R42.pdf , page23 used on input line 13.
(pdftex.def)             Requested size: 488.25302pt x 705.2544pt.
[64

 <./HISTORY_R42.pdf>]

pdfTeX warning: pdflatex (file ./HISTORY_R42.pdf): PDF inclusion: found PDF ver
sion <1.7>, but at most version <1.5> allowed
<HISTORY_R42.pdf, id=683, page=24, 487.8225pt x 704.6325pt>
File: HISTORY_R42.pdf Graphic file (type pdf)
<use HISTORY_R42.pdf, page 24>
Package pdftex.def Info: HISTORY_R42.pdf , page24 used on input line 13.
(pdftex.def)             Requested size: 488.25302pt x 705.2544pt.
File: HISTORY_R42.pdf Graphic file (type pdf)
<use HISTORY_R42.pdf, page 24>
Package pdftex.def Info: HISTORY_R42.pdf , page24 used on input line 13.
(pdftex.def)             Requested size: 488.25302pt x 705.2544pt.
File: HISTORY_R42.pdf Graphic file (type pdf)
<use HISTORY_R42.pdf, page 24>
Package pdftex.def Info: HISTORY_R42.pdf , page24 used on input line 13.
(pdftex.def)             Requested size: 488.25302pt x 705.2544pt.
[65

 <./HISTORY_R42.pdf>]

pdfTeX warning: pdflatex (file ./HISTORY_R42.pdf): PDF inclusion: found PDF ver
sion <1.7>, but at most version <1.5> allowed
<HISTORY_R42.pdf, id=688, page=25, 487.8225pt x 704.6325pt>
File: HISTORY_R42.pdf Graphic file (type pdf)
<use HISTORY_R42.pdf, page 25>
Package pdftex.def Info: HISTORY_R42.pdf , page25 used on input line 13.
(pdftex.def)             Requested size: 488.25302pt x 705.2544pt.
File: HISTORY_R42.pdf Graphic file (type pdf)
<use HISTORY_R42.pdf, page 25>
Package pdftex.def Info: HISTORY_R42.pdf , page25 used on input line 13.
(pdftex.def)             Requested size: 488.25302pt x 705.2544pt.
File: HISTORY_R42.pdf Graphic file (type pdf)
<use HISTORY_R42.pdf, page 25>
Package pdftex.def Info: HISTORY_R42.pdf , page25 used on input line 13.
(pdftex.def)             Requested size: 488.25302pt x 705.2544pt.
[66

 <./HISTORY_R42.pdf>]

pdfTeX warning: pdflatex (file ./HISTORY_R42.pdf): PDF inclusion: found PDF ver
sion <1.7>, but at most version <1.5> allowed
<HISTORY_R42.pdf, id=693, page=26, 487.8225pt x 704.6325pt>
File: HISTORY_R42.pdf Graphic file (type pdf)
<use HISTORY_R42.pdf, page 26>
Package pdftex.def Info: HISTORY_R42.pdf , page26 used on input line 13.
(pdftex.def)             Requested size: 488.25302pt x 705.2544pt.
File: HISTORY_R42.pdf Graphic file (type pdf)
<use HISTORY_R42.pdf, page 26>
Package pdftex.def Info: HISTORY_R42.pdf , page26 used on input line 13.
(pdftex.def)             Requested size: 488.25302pt x 705.2544pt.
File: HISTORY_R42.pdf Graphic file (type pdf)
<use HISTORY_R42.pdf, page 26>
Package pdftex.def Info: HISTORY_R42.pdf , page26 used on input line 13.
(pdftex.def)             Requested size: 488.25302pt x 705.2544pt.
[67

 <./HISTORY_R42.pdf>]

pdfTeX warning: pdflatex (file ./HISTORY_R42.pdf): PDF inclusion: found PDF ver
sion <1.7>, but at most version <1.5> allowed
<HISTORY_R42.pdf, id=699, page=27, 487.8225pt x 704.6325pt>
File: HISTORY_R42.pdf Graphic file (type pdf)
<use HISTORY_R42.pdf, page 27>
Package pdftex.def Info: HISTORY_R42.pdf , page27 used on input line 13.
(pdftex.def)             Requested size: 488.25302pt x 705.2544pt.
File: HISTORY_R42.pdf Graphic file (type pdf)
<use HISTORY_R42.pdf, page 27>
Package pdftex.def Info: HISTORY_R42.pdf , page27 used on input line 13.
(pdftex.def)             Requested size: 488.25302pt x 705.2544pt.
File: HISTORY_R42.pdf Graphic file (type pdf)
<use HISTORY_R42.pdf, page 27>
Package pdftex.def Info: HISTORY_R42.pdf , page27 used on input line 13.
(pdftex.def)             Requested size: 488.25302pt x 705.2544pt.
[68

 <./HISTORY_R42.pdf>]

pdfTeX warning: pdflatex (file ./HISTORY_R42.pdf): PDF inclusion: found PDF ver
sion <1.7>, but at most version <1.5> allowed
<HISTORY_R42.pdf, id=704, page=28, 487.8225pt x 704.6325pt>
File: HISTORY_R42.pdf Graphic file (type pdf)
<use HISTORY_R42.pdf, page 28>
Package pdftex.def Info: HISTORY_R42.pdf , page28 used on input line 13.
(pdftex.def)             Requested size: 488.25302pt x 705.2544pt.
File: HISTORY_R42.pdf Graphic file (type pdf)
<use HISTORY_R42.pdf, page 28>
Package pdftex.def Info: HISTORY_R42.pdf , page28 used on input line 13.
(pdftex.def)             Requested size: 488.25302pt x 705.2544pt.
File: HISTORY_R42.pdf Graphic file (type pdf)
<use HISTORY_R42.pdf, page 28>
Package pdftex.def Info: HISTORY_R42.pdf , page28 used on input line 13.
(pdftex.def)             Requested size: 488.25302pt x 705.2544pt.
[69

 <./HISTORY_R42.pdf>]

pdfTeX warning: pdflatex (file ./HISTORY_R42.pdf): PDF inclusion: found PDF ver
sion <1.7>, but at most version <1.5> allowed
<HISTORY_R42.pdf, id=709, page=29, 487.8225pt x 704.6325pt>
File: HISTORY_R42.pdf Graphic file (type pdf)
<use HISTORY_R42.pdf, page 29>
Package pdftex.def Info: HISTORY_R42.pdf , page29 used on input line 13.
(pdftex.def)             Requested size: 488.25302pt x 705.2544pt.
File: HISTORY_R42.pdf Graphic file (type pdf)
<use HISTORY_R42.pdf, page 29>
Package pdftex.def Info: HISTORY_R42.pdf , page29 used on input line 13.
(pdftex.def)             Requested size: 488.25302pt x 705.2544pt.
File: HISTORY_R42.pdf Graphic file (type pdf)
<use HISTORY_R42.pdf, page 29>
Package pdftex.def Info: HISTORY_R42.pdf , page29 used on input line 13.
(pdftex.def)             Requested size: 488.25302pt x 705.2544pt.
[70

 <./HISTORY_R42.pdf>]

pdfTeX warning: pdflatex (file ./HISTORY_R42.pdf): PDF inclusion: found PDF ver
sion <1.7>, but at most version <1.5> allowed
<HISTORY_R42.pdf, id=714, page=30, 487.8225pt x 704.6325pt>
File: HISTORY_R42.pdf Graphic file (type pdf)
<use HISTORY_R42.pdf, page 30>
Package pdftex.def Info: HISTORY_R42.pdf , page30 used on input line 13.
(pdftex.def)             Requested size: 488.25302pt x 705.2544pt.
File: HISTORY_R42.pdf Graphic file (type pdf)
<use HISTORY_R42.pdf, page 30>
Package pdftex.def Info: HISTORY_R42.pdf , page30 used on input line 13.
(pdftex.def)             Requested size: 488.25302pt x 705.2544pt.
File: HISTORY_R42.pdf Graphic file (type pdf)
<use HISTORY_R42.pdf, page 30>
Package pdftex.def Info: HISTORY_R42.pdf , page30 used on input line 13.
(pdftex.def)             Requested size: 488.25302pt x 705.2544pt.
[71

 <./HISTORY_R42.pdf>]

pdfTeX warning: pdflatex (file ./HISTORY_R42.pdf): PDF inclusion: found PDF ver
sion <1.7>, but at most version <1.5> allowed
<HISTORY_R42.pdf, id=719, page=31, 487.8225pt x 704.6325pt>
File: HISTORY_R42.pdf Graphic file (type pdf)
<use HISTORY_R42.pdf, page 31>
Package pdftex.def Info: HISTORY_R42.pdf , page31 used on input line 13.
(pdftex.def)             Requested size: 488.25302pt x 705.2544pt.
File: HISTORY_R42.pdf Graphic file (type pdf)
<use HISTORY_R42.pdf, page 31>
Package pdftex.def Info: HISTORY_R42.pdf , page31 used on input line 13.
(pdftex.def)             Requested size: 488.25302pt x 705.2544pt.
File: HISTORY_R42.pdf Graphic file (type pdf)
<use HISTORY_R42.pdf, page 31>
Package pdftex.def Info: HISTORY_R42.pdf , page31 used on input line 13.
(pdftex.def)             Requested size: 488.25302pt x 705.2544pt.
[72

 <./HISTORY_R42.pdf>]

pdfTeX warning: pdflatex (file ./HISTORY_R42.pdf): PDF inclusion: found PDF ver
sion <1.7>, but at most version <1.5> allowed
<HISTORY_R42.pdf, id=724, page=32, 487.8225pt x 704.6325pt>
File: HISTORY_R42.pdf Graphic file (type pdf)
<use HISTORY_R42.pdf, page 32>
Package pdftex.def Info: HISTORY_R42.pdf , page32 used on input line 13.
(pdftex.def)             Requested size: 488.25302pt x 705.2544pt.
File: HISTORY_R42.pdf Graphic file (type pdf)
<use HISTORY_R42.pdf, page 32>
Package pdftex.def Info: HISTORY_R42.pdf , page32 used on input line 13.
(pdftex.def)             Requested size: 488.25302pt x 705.2544pt.
File: HISTORY_R42.pdf Graphic file (type pdf)
<use HISTORY_R42.pdf, page 32>
Package pdftex.def Info: HISTORY_R42.pdf , page32 used on input line 13.
(pdftex.def)             Requested size: 488.25302pt x 705.2544pt.
[73

 <./HISTORY_R42.pdf>]

pdfTeX warning: pdflatex (file ./HISTORY_R42.pdf): PDF inclusion: found PDF ver
sion <1.7>, but at most version <1.5> allowed
<HISTORY_R42.pdf, id=730, page=33, 487.8225pt x 704.6325pt>
File: HISTORY_R42.pdf Graphic file (type pdf)
<use HISTORY_R42.pdf, page 33>
Package pdftex.def Info: HISTORY_R42.pdf , page33 used on input line 13.
(pdftex.def)             Requested size: 488.25302pt x 705.2544pt.
File: HISTORY_R42.pdf Graphic file (type pdf)
<use HISTORY_R42.pdf, page 33>
Package pdftex.def Info: HISTORY_R42.pdf , page33 used on input line 13.
(pdftex.def)             Requested size: 488.25302pt x 705.2544pt.
File: HISTORY_R42.pdf Graphic file (type pdf)
<use HISTORY_R42.pdf, page 33>
Package pdftex.def Info: HISTORY_R42.pdf , page33 used on input line 13.
(pdftex.def)             Requested size: 488.25302pt x 705.2544pt.
[74

 <./HISTORY_R42.pdf>]

pdfTeX warning: pdflatex (file ./HISTORY_R42.pdf): PDF inclusion: found PDF ver
sion <1.7>, but at most version <1.5> allowed
<HISTORY_R42.pdf, id=818, page=34, 487.8225pt x 704.6325pt>
File: HISTORY_R42.pdf Graphic file (type pdf)
<use HISTORY_R42.pdf, page 34>
Package pdftex.def Info: HISTORY_R42.pdf , page34 used on input line 13.
(pdftex.def)             Requested size: 488.25302pt x 705.2544pt.
File: HISTORY_R42.pdf Graphic file (type pdf)
<use HISTORY_R42.pdf, page 34>
Package pdftex.def Info: HISTORY_R42.pdf , page34 used on input line 13.
(pdftex.def)             Requested size: 488.25302pt x 705.2544pt.
File: HISTORY_R42.pdf Graphic file (type pdf)
<use HISTORY_R42.pdf, page 34>
Package pdftex.def Info: HISTORY_R42.pdf , page34 used on input line 13.
(pdftex.def)             Requested size: 488.25302pt x 705.2544pt.
[75

 <./HISTORY_R42.pdf>]

pdfTeX warning: pdflatex (file ./HISTORY_R42.pdf): PDF inclusion: found PDF ver
sion <1.7>, but at most version <1.5> allowed
<HISTORY_R42.pdf, id=823, page=35, 487.8225pt x 704.6325pt>
File: HISTORY_R42.pdf Graphic file (type pdf)
<use HISTORY_R42.pdf, page 35>
Package pdftex.def Info: HISTORY_R42.pdf , page35 used on input line 13.
(pdftex.def)             Requested size: 488.25302pt x 705.2544pt.
File: HISTORY_R42.pdf Graphic file (type pdf)
<use HISTORY_R42.pdf, page 35>
Package pdftex.def Info: HISTORY_R42.pdf , page35 used on input line 13.
(pdftex.def)             Requested size: 488.25302pt x 705.2544pt.
File: HISTORY_R42.pdf Graphic file (type pdf)
<use HISTORY_R42.pdf, page 35>
Package pdftex.def Info: HISTORY_R42.pdf , page35 used on input line 13.
(pdftex.def)             Requested size: 488.25302pt x 705.2544pt.
[76

 <./HISTORY_R42.pdf>]

pdfTeX warning: pdflatex (file ./HISTORY_R42.pdf): PDF inclusion: found PDF ver
sion <1.7>, but at most version <1.5> allowed
<HISTORY_R42.pdf, id=835, page=36, 487.8225pt x 704.6325pt>
File: HISTORY_R42.pdf Graphic file (type pdf)
<use HISTORY_R42.pdf, page 36>
Package pdftex.def Info: HISTORY_R42.pdf , page36 used on input line 13.
(pdftex.def)             Requested size: 488.25302pt x 705.2544pt.
File: HISTORY_R42.pdf Graphic file (type pdf)
<use HISTORY_R42.pdf, page 36>
Package pdftex.def Info: HISTORY_R42.pdf , page36 used on input line 13.
(pdftex.def)             Requested size: 488.25302pt x 705.2544pt.
File: HISTORY_R42.pdf Graphic file (type pdf)
<use HISTORY_R42.pdf, page 36>
Package pdftex.def Info: HISTORY_R42.pdf , page36 used on input line 13.
(pdftex.def)             Requested size: 488.25302pt x 705.2544pt.
[77

 <./HISTORY_R42.pdf>]

pdfTeX warning: pdflatex (file ./HISTORY_R42.pdf): PDF inclusion: found PDF ver
sion <1.7>, but at most version <1.5> allowed
<HISTORY_R42.pdf, id=846, page=37, 487.8225pt x 704.6325pt>
File: HISTORY_R42.pdf Graphic file (type pdf)
<use HISTORY_R42.pdf, page 37>
Package pdftex.def Info: HISTORY_R42.pdf , page37 used on input line 13.
(pdftex.def)             Requested size: 488.25302pt x 705.2544pt.
File: HISTORY_R42.pdf Graphic file (type pdf)
<use HISTORY_R42.pdf, page 37>
Package pdftex.def Info: HISTORY_R42.pdf , page37 used on input line 13.
(pdftex.def)             Requested size: 488.25302pt x 705.2544pt.
File: HISTORY_R42.pdf Graphic file (type pdf)
<use HISTORY_R42.pdf, page 37>
Package pdftex.def Info: HISTORY_R42.pdf , page37 used on input line 13.
(pdftex.def)             Requested size: 488.25302pt x 705.2544pt.
[78

 <./HISTORY_R42.pdf>]

pdfTeX warning: pdflatex (file ./HISTORY_R42.pdf): PDF inclusion: found PDF ver
sion <1.7>, but at most version <1.5> allowed
<HISTORY_R42.pdf, id=905, page=38, 487.8225pt x 704.6325pt>
File: HISTORY_R42.pdf Graphic file (type pdf)
<use HISTORY_R42.pdf, page 38>
Package pdftex.def Info: HISTORY_R42.pdf , page38 used on input line 13.
(pdftex.def)             Requested size: 488.25302pt x 705.2544pt.
File: HISTORY_R42.pdf Graphic file (type pdf)
<use HISTORY_R42.pdf, page 38>
Package pdftex.def Info: HISTORY_R42.pdf , page38 used on input line 13.
(pdftex.def)             Requested size: 488.25302pt x 705.2544pt.
File: HISTORY_R42.pdf Graphic file (type pdf)
<use HISTORY_R42.pdf, page 38>
Package pdftex.def Info: HISTORY_R42.pdf , page38 used on input line 13.
(pdftex.def)             Requested size: 488.25302pt x 705.2544pt.
[79

 <./HISTORY_R42.pdf>]

pdfTeX warning: pdflatex (file ./HISTORY_R42.pdf): PDF inclusion: found PDF ver
sion <1.7>, but at most version <1.5> allowed
<HISTORY_R42.pdf, id=919, page=39, 487.8225pt x 704.6325pt>
File: HISTORY_R42.pdf Graphic file (type pdf)
<use HISTORY_R42.pdf, page 39>
Package pdftex.def Info: HISTORY_R42.pdf , page39 used on input line 13.
(pdftex.def)             Requested size: 488.25302pt x 705.2544pt.
File: HISTORY_R42.pdf Graphic file (type pdf)
<use HISTORY_R42.pdf, page 39>
Package pdftex.def Info: HISTORY_R42.pdf , page39 used on input line 13.
(pdftex.def)             Requested size: 488.25302pt x 705.2544pt.
File: HISTORY_R42.pdf Graphic file (type pdf)
<use HISTORY_R42.pdf, page 39>
Package pdftex.def Info: HISTORY_R42.pdf , page39 used on input line 13.
(pdftex.def)             Requested size: 488.25302pt x 705.2544pt.
[80

 <./HISTORY_R42.pdf>]

pdfTeX warning: pdflatex (file ./HISTORY_R42.pdf): PDF inclusion: found PDF ver
sion <1.7>, but at most version <1.5> allowed
<HISTORY_R42.pdf, id=932, page=40, 487.8225pt x 704.6325pt>
File: HISTORY_R42.pdf Graphic file (type pdf)
<use HISTORY_R42.pdf, page 40>
Package pdftex.def Info: HISTORY_R42.pdf , page40 used on input line 13.
(pdftex.def)             Requested size: 488.25302pt x 705.2544pt.
File: HISTORY_R42.pdf Graphic file (type pdf)
<use HISTORY_R42.pdf, page 40>
Package pdftex.def Info: HISTORY_R42.pdf , page40 used on input line 13.
(pdftex.def)             Requested size: 488.25302pt x 705.2544pt.
File: HISTORY_R42.pdf Graphic file (type pdf)
<use HISTORY_R42.pdf, page 40>
Package pdftex.def Info: HISTORY_R42.pdf , page40 used on input line 13.
(pdftex.def)             Requested size: 488.25302pt x 705.2544pt.
[81

 <./HISTORY_R42.pdf>]

pdfTeX warning: pdflatex (file ./HISTORY_R42.pdf): PDF inclusion: found PDF ver
sion <1.7>, but at most version <1.5> allowed
<HISTORY_R42.pdf, id=938, page=41, 487.8225pt x 704.6325pt>
File: HISTORY_R42.pdf Graphic file (type pdf)
<use HISTORY_R42.pdf, page 41>
Package pdftex.def Info: HISTORY_R42.pdf , page41 used on input line 13.
(pdftex.def)             Requested size: 488.25302pt x 705.2544pt.
File: HISTORY_R42.pdf Graphic file (type pdf)
<use HISTORY_R42.pdf, page 41>
Package pdftex.def Info: HISTORY_R42.pdf , page41 used on input line 13.
(pdftex.def)             Requested size: 488.25302pt x 705.2544pt.
File: HISTORY_R42.pdf Graphic file (type pdf)
<use HISTORY_R42.pdf, page 41>
Package pdftex.def Info: HISTORY_R42.pdf , page41 used on input line 13.
(pdftex.def)             Requested size: 488.25302pt x 705.2544pt.
[82

 <./HISTORY_R42.pdf>]

pdfTeX warning: pdflatex (file ./HISTORY_R42.pdf): PDF inclusion: found PDF ver
sion <1.7>, but at most version <1.5> allowed
<HISTORY_R42.pdf, id=944, page=42, 487.8225pt x 704.6325pt>
File: HISTORY_R42.pdf Graphic file (type pdf)
<use HISTORY_R42.pdf, page 42>
Package pdftex.def Info: HISTORY_R42.pdf , page42 used on input line 13.
(pdftex.def)             Requested size: 488.25302pt x 705.2544pt.
File: HISTORY_R42.pdf Graphic file (type pdf)
<use HISTORY_R42.pdf, page 42>
Package pdftex.def Info: HISTORY_R42.pdf , page42 used on input line 13.
(pdftex.def)             Requested size: 488.25302pt x 705.2544pt.
File: HISTORY_R42.pdf Graphic file (type pdf)
<use HISTORY_R42.pdf, page 42>
Package pdftex.def Info: HISTORY_R42.pdf , page42 used on input line 13.
(pdftex.def)             Requested size: 488.25302pt x 705.2544pt.
[83

 <./HISTORY_R42.pdf>]

pdfTeX warning: pdflatex (file ./HISTORY_R42.pdf): PDF inclusion: found PDF ver
sion <1.7>, but at most version <1.5> allowed
<HISTORY_R42.pdf, id=950, page=43, 487.8225pt x 704.6325pt>
File: HISTORY_R42.pdf Graphic file (type pdf)
<use HISTORY_R42.pdf, page 43>
Package pdftex.def Info: HISTORY_R42.pdf , page43 used on input line 13.
(pdftex.def)             Requested size: 488.25302pt x 705.2544pt.
File: HISTORY_R42.pdf Graphic file (type pdf)
<use HISTORY_R42.pdf, page 43>
Package pdftex.def Info: HISTORY_R42.pdf , page43 used on input line 13.
(pdftex.def)             Requested size: 488.25302pt x 705.2544pt.
File: HISTORY_R42.pdf Graphic file (type pdf)
<use HISTORY_R42.pdf, page 43>
Package pdftex.def Info: HISTORY_R42.pdf , page43 used on input line 13.
(pdftex.def)             Requested size: 488.25302pt x 705.2544pt.
[84

 <./HISTORY_R42.pdf>]

pdfTeX warning: pdflatex (file ./HISTORY_R42.pdf): PDF inclusion: found PDF ver
sion <1.7>, but at most version <1.5> allowed
<HISTORY_R42.pdf, id=956, page=44, 487.8225pt x 704.6325pt>
File: HISTORY_R42.pdf Graphic file (type pdf)
<use HISTORY_R42.pdf, page 44>
Package pdftex.def Info: HISTORY_R42.pdf , page44 used on input line 13.
(pdftex.def)             Requested size: 488.25302pt x 705.2544pt.
File: HISTORY_R42.pdf Graphic file (type pdf)
<use HISTORY_R42.pdf, page 44>
Package pdftex.def Info: HISTORY_R42.pdf , page44 used on input line 13.
(pdftex.def)             Requested size: 488.25302pt x 705.2544pt.
File: HISTORY_R42.pdf Graphic file (type pdf)
<use HISTORY_R42.pdf, page 44>
Package pdftex.def Info: HISTORY_R42.pdf , page44 used on input line 13.
(pdftex.def)             Requested size: 488.25302pt x 705.2544pt.
[85

 <./HISTORY_R42.pdf>]

pdfTeX warning: pdflatex (file ./HISTORY_R42.pdf): PDF inclusion: found PDF ver
sion <1.7>, but at most version <1.5> allowed
<HISTORY_R42.pdf, id=963, page=45, 487.8225pt x 704.6325pt>
File: HISTORY_R42.pdf Graphic file (type pdf)
<use HISTORY_R42.pdf, page 45>
Package pdftex.def Info: HISTORY_R42.pdf , page45 used on input line 13.
(pdftex.def)             Requested size: 488.25302pt x 705.2544pt.
File: HISTORY_R42.pdf Graphic file (type pdf)
<use HISTORY_R42.pdf, page 45>
Package pdftex.def Info: HISTORY_R42.pdf , page45 used on input line 13.
(pdftex.def)             Requested size: 488.25302pt x 705.2544pt.
File: HISTORY_R42.pdf Graphic file (type pdf)
<use HISTORY_R42.pdf, page 45>
Package pdftex.def Info: HISTORY_R42.pdf , page45 used on input line 13.
(pdftex.def)             Requested size: 488.25302pt x 705.2544pt.
[86

 <./HISTORY_R42.pdf>]

pdfTeX warning: pdflatex (file ./HISTORY_R42.pdf): PDF inclusion: found PDF ver
sion <1.7>, but at most version <1.5> allowed
<HISTORY_R42.pdf, id=983, page=46, 487.8225pt x 704.6325pt>
File: HISTORY_R42.pdf Graphic file (type pdf)
<use HISTORY_R42.pdf, page 46>
Package pdftex.def Info: HISTORY_R42.pdf , page46 used on input line 13.
(pdftex.def)             Requested size: 488.25302pt x 705.2544pt.
File: HISTORY_R42.pdf Graphic file (type pdf)
<use HISTORY_R42.pdf, page 46>
Package pdftex.def Info: HISTORY_R42.pdf , page46 used on input line 13.
(pdftex.def)             Requested size: 488.25302pt x 705.2544pt.
File: HISTORY_R42.pdf Graphic file (type pdf)
<use HISTORY_R42.pdf, page 46>
Package pdftex.def Info: HISTORY_R42.pdf , page46 used on input line 13.
(pdftex.def)             Requested size: 488.25302pt x 705.2544pt.
[87

 <./HISTORY_R42.pdf>]

pdfTeX warning: pdflatex (file ./HISTORY_R42.pdf): PDF inclusion: found PDF ver
sion <1.7>, but at most version <1.5> allowed
<HISTORY_R42.pdf, id=989, page=47, 487.8225pt x 704.6325pt>
File: HISTORY_R42.pdf Graphic file (type pdf)
<use HISTORY_R42.pdf, page 47>
Package pdftex.def Info: HISTORY_R42.pdf , page47 used on input line 13.
(pdftex.def)             Requested size: 488.25302pt x 705.2544pt.
File: HISTORY_R42.pdf Graphic file (type pdf)
<use HISTORY_R42.pdf, page 47>
Package pdftex.def Info: HISTORY_R42.pdf , page47 used on input line 13.
(pdftex.def)             Requested size: 488.25302pt x 705.2544pt.
File: HISTORY_R42.pdf Graphic file (type pdf)
<use HISTORY_R42.pdf, page 47>
Package pdftex.def Info: HISTORY_R42.pdf , page47 used on input line 13.
(pdftex.def)             Requested size: 488.25302pt x 705.2544pt.
[88

 <./HISTORY_R42.pdf>]

pdfTeX warning: pdflatex (file ./HISTORY_R42.pdf): PDF inclusion: found PDF ver
sion <1.7>, but at most version <1.5> allowed
<HISTORY_R42.pdf, id=1009, page=48, 487.8225pt x 704.6325pt>
File: HISTORY_R42.pdf Graphic file (type pdf)
<use HISTORY_R42.pdf, page 48>
Package pdftex.def Info: HISTORY_R42.pdf , page48 used on input line 13.
(pdftex.def)             Requested size: 488.25302pt x 705.2544pt.
File: HISTORY_R42.pdf Graphic file (type pdf)
<use HISTORY_R42.pdf, page 48>
Package pdftex.def Info: HISTORY_R42.pdf , page48 used on input line 13.
(pdftex.def)             Requested size: 488.25302pt x 705.2544pt.
File: HISTORY_R42.pdf Graphic file (type pdf)
<use HISTORY_R42.pdf, page 48>
Package pdftex.def Info: HISTORY_R42.pdf , page48 used on input line 13.
(pdftex.def)             Requested size: 488.25302pt x 705.2544pt.
[89

 <./HISTORY_R42.pdf>]

pdfTeX warning: pdflatex (file ./HISTORY_R42.pdf): PDF inclusion: found PDF ver
sion <1.7>, but at most version <1.5> allowed
<HISTORY_R42.pdf, id=1022, page=49, 487.8225pt x 704.6325pt>
File: HISTORY_R42.pdf Graphic file (type pdf)
<use HISTORY_R42.pdf, page 49>
Package pdftex.def Info: HISTORY_R42.pdf , page49 used on input line 13.
(pdftex.def)             Requested size: 488.25302pt x 705.2544pt.
File: HISTORY_R42.pdf Graphic file (type pdf)
<use HISTORY_R42.pdf, page 49>
Package pdftex.def Info: HISTORY_R42.pdf , page49 used on input line 13.
(pdftex.def)             Requested size: 488.25302pt x 705.2544pt.
File: HISTORY_R42.pdf Graphic file (type pdf)
<use HISTORY_R42.pdf, page 49>
Package pdftex.def Info: HISTORY_R42.pdf , page49 used on input line 13.
(pdftex.def)             Requested size: 488.25302pt x 705.2544pt.
[90

 <./HISTORY_R42.pdf>]

pdfTeX warning: pdflatex (file ./HISTORY_R42.pdf): PDF inclusion: found PDF ver
sion <1.7>, but at most version <1.5> allowed
<HISTORY_R42.pdf, id=1028, page=50, 487.8225pt x 704.6325pt>
File: HISTORY_R42.pdf Graphic file (type pdf)
<use HISTORY_R42.pdf, page 50>
Package pdftex.def Info: HISTORY_R42.pdf , page50 used on input line 13.
(pdftex.def)             Requested size: 488.25302pt x 705.2544pt.
File: HISTORY_R42.pdf Graphic file (type pdf)
<use HISTORY_R42.pdf, page 50>
Package pdftex.def Info: HISTORY_R42.pdf , page50 used on input line 13.
(pdftex.def)             Requested size: 488.25302pt x 705.2544pt.
File: HISTORY_R42.pdf Graphic file (type pdf)
<use HISTORY_R42.pdf, page 50>
Package pdftex.def Info: HISTORY_R42.pdf , page50 used on input line 13.
(pdftex.def)             Requested size: 488.25302pt x 705.2544pt.
[91

 <./HISTORY_R42.pdf>]

pdfTeX warning: pdflatex (file ./HISTORY_R42.pdf): PDF inclusion: found PDF ver
sion <1.7>, but at most version <1.5> allowed
<HISTORY_R42.pdf, id=1034, page=51, 487.8225pt x 704.6325pt>
File: HISTORY_R42.pdf Graphic file (type pdf)
<use HISTORY_R42.pdf, page 51>
Package pdftex.def Info: HISTORY_R42.pdf , page51 used on input line 13.
(pdftex.def)             Requested size: 488.25302pt x 705.2544pt.
File: HISTORY_R42.pdf Graphic file (type pdf)
<use HISTORY_R42.pdf, page 51>
Package pdftex.def Info: HISTORY_R42.pdf , page51 used on input line 13.
(pdftex.def)             Requested size: 488.25302pt x 705.2544pt.
File: HISTORY_R42.pdf Graphic file (type pdf)
<use HISTORY_R42.pdf, page 51>
Package pdftex.def Info: HISTORY_R42.pdf , page51 used on input line 13.
(pdftex.def)             Requested size: 488.25302pt x 705.2544pt.
[92

 <./HISTORY_R42.pdf>]

pdfTeX warning: pdflatex (file ./HISTORY_R42.pdf): PDF inclusion: found PDF ver
sion <1.7>, but at most version <1.5> allowed
<HISTORY_R42.pdf, id=1062, page=52, 487.8225pt x 704.6325pt>
File: HISTORY_R42.pdf Graphic file (type pdf)
<use HISTORY_R42.pdf, page 52>
Package pdftex.def Info: HISTORY_R42.pdf , page52 used on input line 13.
(pdftex.def)             Requested size: 488.25302pt x 705.2544pt.
File: HISTORY_R42.pdf Graphic file (type pdf)
<use HISTORY_R42.pdf, page 52>
Package pdftex.def Info: HISTORY_R42.pdf , page52 used on input line 13.
(pdftex.def)             Requested size: 488.25302pt x 705.2544pt.
File: HISTORY_R42.pdf Graphic file (type pdf)
<use HISTORY_R42.pdf, page 52>
Package pdftex.def Info: HISTORY_R42.pdf , page52 used on input line 13.
(pdftex.def)             Requested size: 488.25302pt x 705.2544pt.
[93

 <./HISTORY_R42.pdf>]

pdfTeX warning: pdflatex (file ./HISTORY_R42.pdf): PDF inclusion: found PDF ver
sion <1.7>, but at most version <1.5> allowed
<HISTORY_R42.pdf, id=1072, page=53, 487.8225pt x 704.6325pt>
File: HISTORY_R42.pdf Graphic file (type pdf)
<use HISTORY_R42.pdf, page 53>
Package pdftex.def Info: HISTORY_R42.pdf , page53 used on input line 13.
(pdftex.def)             Requested size: 488.25302pt x 705.2544pt.
File: HISTORY_R42.pdf Graphic file (type pdf)
<use HISTORY_R42.pdf, page 53>
Package pdftex.def Info: HISTORY_R42.pdf , page53 used on input line 13.
(pdftex.def)             Requested size: 488.25302pt x 705.2544pt.
File: HISTORY_R42.pdf Graphic file (type pdf)
<use HISTORY_R42.pdf, page 53>
Package pdftex.def Info: HISTORY_R42.pdf , page53 used on input line 13.
(pdftex.def)             Requested size: 488.25302pt x 705.2544pt.
[94

 <./HISTORY_R42.pdf>]

pdfTeX warning: pdflatex (file ./HISTORY_R42.pdf): PDF inclusion: found PDF ver
sion <1.7>, but at most version <1.5> allowed
<HISTORY_R42.pdf, id=1086, page=54, 487.8225pt x 704.6325pt>
File: HISTORY_R42.pdf Graphic file (type pdf)
<use HISTORY_R42.pdf, page 54>
Package pdftex.def Info: HISTORY_R42.pdf , page54 used on input line 13.
(pdftex.def)             Requested size: 488.25302pt x 705.2544pt.
File: HISTORY_R42.pdf Graphic file (type pdf)
<use HISTORY_R42.pdf, page 54>
Package pdftex.def Info: HISTORY_R42.pdf , page54 used on input line 13.
(pdftex.def)             Requested size: 488.25302pt x 705.2544pt.
File: HISTORY_R42.pdf Graphic file (type pdf)
<use HISTORY_R42.pdf, page 54>
Package pdftex.def Info: HISTORY_R42.pdf , page54 used on input line 13.
(pdftex.def)             Requested size: 488.25302pt x 705.2544pt.
[95

 <./HISTORY_R42.pdf>]

pdfTeX warning: pdflatex (file ./HISTORY_R42.pdf): PDF inclusion: found PDF ver
sion <1.7>, but at most version <1.5> allowed
<HISTORY_R42.pdf, id=1092, page=55, 487.8225pt x 704.6325pt>
File: HISTORY_R42.pdf Graphic file (type pdf)
<use HISTORY_R42.pdf, page 55>
Package pdftex.def Info: HISTORY_R42.pdf , page55 used on input line 13.
(pdftex.def)             Requested size: 488.25302pt x 705.2544pt.
File: HISTORY_R42.pdf Graphic file (type pdf)
<use HISTORY_R42.pdf, page 55>
Package pdftex.def Info: HISTORY_R42.pdf , page55 used on input line 13.
(pdftex.def)             Requested size: 488.25302pt x 705.2544pt.
File: HISTORY_R42.pdf Graphic file (type pdf)
<use HISTORY_R42.pdf, page 55>
Package pdftex.def Info: HISTORY_R42.pdf , page55 used on input line 13.
(pdftex.def)             Requested size: 488.25302pt x 705.2544pt.
[96

 <./HISTORY_R42.pdf>]

pdfTeX warning: pdflatex (file ./HISTORY_R42.pdf): PDF inclusion: found PDF ver
sion <1.7>, but at most version <1.5> allowed
<HISTORY_R42.pdf, id=1102, page=56, 487.8225pt x 704.6325pt>
File: HISTORY_R42.pdf Graphic file (type pdf)
<use HISTORY_R42.pdf, page 56>
Package pdftex.def Info: HISTORY_R42.pdf , page56 used on input line 13.
(pdftex.def)             Requested size: 488.25302pt x 705.2544pt.
File: HISTORY_R42.pdf Graphic file (type pdf)
<use HISTORY_R42.pdf, page 56>
Package pdftex.def Info: HISTORY_R42.pdf , page56 used on input line 13.
(pdftex.def)             Requested size: 488.25302pt x 705.2544pt.
File: HISTORY_R42.pdf Graphic file (type pdf)
<use HISTORY_R42.pdf, page 56>
Package pdftex.def Info: HISTORY_R42.pdf , page56 used on input line 13.
(pdftex.def)             Requested size: 488.25302pt x 705.2544pt.
[97

 <./HISTORY_R42.pdf>]

pdfTeX warning: pdflatex (file ./HISTORY_R42.pdf): PDF inclusion: found PDF ver
sion <1.7>, but at most version <1.5> allowed
<HISTORY_R42.pdf, id=1113, page=57, 487.8225pt x 704.6325pt>
File: HISTORY_R42.pdf Graphic file (type pdf)
<use HISTORY_R42.pdf, page 57>
Package pdftex.def Info: HISTORY_R42.pdf , page57 used on input line 13.
(pdftex.def)             Requested size: 488.25302pt x 705.2544pt.
File: HISTORY_R42.pdf Graphic file (type pdf)
<use HISTORY_R42.pdf, page 57>
Package pdftex.def Info: HISTORY_R42.pdf , page57 used on input line 13.
(pdftex.def)             Requested size: 488.25302pt x 705.2544pt.
File: HISTORY_R42.pdf Graphic file (type pdf)
<use HISTORY_R42.pdf, page 57>
Package pdftex.def Info: HISTORY_R42.pdf , page57 used on input line 13.
(pdftex.def)             Requested size: 488.25302pt x 705.2544pt.
[98

 <./HISTORY_R42.pdf>]

pdfTeX warning: pdflatex (file ./HISTORY_R42.pdf): PDF inclusion: found PDF ver
sion <1.7>, but at most version <1.5> allowed
<HISTORY_R42.pdf, id=1119, page=58, 487.8225pt x 704.6325pt>
File: HISTORY_R42.pdf Graphic file (type pdf)
<use HISTORY_R42.pdf, page 58>
Package pdftex.def Info: HISTORY_R42.pdf , page58 used on input line 13.
(pdftex.def)             Requested size: 488.25302pt x 705.2544pt.
File: HISTORY_R42.pdf Graphic file (type pdf)
<use HISTORY_R42.pdf, page 58>
Package pdftex.def Info: HISTORY_R42.pdf , page58 used on input line 13.
(pdftex.def)             Requested size: 488.25302pt x 705.2544pt.
File: HISTORY_R42.pdf Graphic file (type pdf)
<use HISTORY_R42.pdf, page 58>
Package pdftex.def Info: HISTORY_R42.pdf , page58 used on input line 13.
(pdftex.def)             Requested size: 488.25302pt x 705.2544pt.
[99

 <./HISTORY_R42.pdf>]

pdfTeX warning: pdflatex (file ./HISTORY_R42.pdf): PDF inclusion: found PDF ver
sion <1.7>, but at most version <1.5> allowed
<HISTORY_R42.pdf, id=1125, page=59, 487.8225pt x 704.6325pt>
File: HISTORY_R42.pdf Graphic file (type pdf)
<use HISTORY_R42.pdf, page 59>
Package pdftex.def Info: HISTORY_R42.pdf , page59 used on input line 13.
(pdftex.def)             Requested size: 488.25302pt x 705.2544pt.
File: HISTORY_R42.pdf Graphic file (type pdf)
<use HISTORY_R42.pdf, page 59>
Package pdftex.def Info: HISTORY_R42.pdf , page59 used on input line 13.
(pdftex.def)             Requested size: 488.25302pt x 705.2544pt.
File: HISTORY_R42.pdf Graphic file (type pdf)
<use HISTORY_R42.pdf, page 59>
Package pdftex.def Info: HISTORY_R42.pdf , page59 used on input line 13.
(pdftex.def)             Requested size: 488.25302pt x 705.2544pt.
[100

 <./HISTORY_R42.pdf>]

pdfTeX warning: pdflatex (file ./HISTORY_R42.pdf): PDF inclusion: found PDF ver
sion <1.7>, but at most version <1.5> allowed
<HISTORY_R42.pdf, id=1131, page=60, 487.8225pt x 704.6325pt>
File: HISTORY_R42.pdf Graphic file (type pdf)
<use HISTORY_R42.pdf, page 60>
Package pdftex.def Info: HISTORY_R42.pdf , page60 used on input line 13.
(pdftex.def)             Requested size: 488.25302pt x 705.2544pt.
File: HISTORY_R42.pdf Graphic file (type pdf)
<use HISTORY_R42.pdf, page 60>
Package pdftex.def Info: HISTORY_R42.pdf , page60 used on input line 13.
(pdftex.def)             Requested size: 488.25302pt x 705.2544pt.
File: HISTORY_R42.pdf Graphic file (type pdf)
<use HISTORY_R42.pdf, page 60>
Package pdftex.def Info: HISTORY_R42.pdf , page60 used on input line 13.
(pdftex.def)             Requested size: 488.25302pt x 705.2544pt.
[101

 <./HISTORY_R42.pdf>]

pdfTeX warning: pdflatex (file ./HISTORY_R42.pdf): PDF inclusion: found PDF ver
sion <1.7>, but at most version <1.5> allowed
<HISTORY_R42.pdf, id=1137, page=61, 487.8225pt x 704.6325pt>
File: HISTORY_R42.pdf Graphic file (type pdf)
<use HISTORY_R42.pdf, page 61>
Package pdftex.def Info: HISTORY_R42.pdf , page61 used on input line 13.
(pdftex.def)             Requested size: 488.25302pt x 705.2544pt.
File: HISTORY_R42.pdf Graphic file (type pdf)
<use HISTORY_R42.pdf, page 61>
Package pdftex.def Info: HISTORY_R42.pdf , page61 used on input line 13.
(pdftex.def)             Requested size: 488.25302pt x 705.2544pt.
File: HISTORY_R42.pdf Graphic file (type pdf)
<use HISTORY_R42.pdf, page 61>
Package pdftex.def Info: HISTORY_R42.pdf , page61 used on input line 13.
(pdftex.def)             Requested size: 488.25302pt x 705.2544pt.
[102

 <./HISTORY_R42.pdf>]

pdfTeX warning: pdflatex (file ./HISTORY_R42.pdf): PDF inclusion: found PDF ver
sion <1.7>, but at most version <1.5> allowed
<HISTORY_R42.pdf, id=1143, page=62, 487.8225pt x 704.6325pt>
File: HISTORY_R42.pdf Graphic file (type pdf)
<use HISTORY_R42.pdf, page 62>
Package pdftex.def Info: HISTORY_R42.pdf , page62 used on input line 13.
(pdftex.def)             Requested size: 488.25302pt x 705.2544pt.
File: HISTORY_R42.pdf Graphic file (type pdf)
<use HISTORY_R42.pdf, page 62>
Package pdftex.def Info: HISTORY_R42.pdf , page62 used on input line 13.
(pdftex.def)             Requested size: 488.25302pt x 705.2544pt.
File: HISTORY_R42.pdf Graphic file (type pdf)
<use HISTORY_R42.pdf, page 62>
Package pdftex.def Info: HISTORY_R42.pdf , page62 used on input line 13.
(pdftex.def)             Requested size: 488.25302pt x 705.2544pt.
[103

 <./HISTORY_R42.pdf>]

pdfTeX warning: pdflatex (file ./HISTORY_R42.pdf): PDF inclusion: found PDF ver
sion <1.7>, but at most version <1.5> allowed
<HISTORY_R42.pdf, id=1154, page=63, 487.8225pt x 704.6325pt>
File: HISTORY_R42.pdf Graphic file (type pdf)
<use HISTORY_R42.pdf, page 63>
Package pdftex.def Info: HISTORY_R42.pdf , page63 used on input line 13.
(pdftex.def)             Requested size: 488.25302pt x 705.2544pt.
File: HISTORY_R42.pdf Graphic file (type pdf)
<use HISTORY_R42.pdf, page 63>
Package pdftex.def Info: HISTORY_R42.pdf , page63 used on input line 13.
(pdftex.def)             Requested size: 488.25302pt x 705.2544pt.
File: HISTORY_R42.pdf Graphic file (type pdf)
<use HISTORY_R42.pdf, page 63>
Package pdftex.def Info: HISTORY_R42.pdf , page63 used on input line 13.
(pdftex.def)             Requested size: 488.25302pt x 705.2544pt.
[104

 <./HISTORY_R42.pdf>]

pdfTeX warning: pdflatex (file ./HISTORY_R42.pdf): PDF inclusion: found PDF ver
sion <1.7>, but at most version <1.5> allowed
<HISTORY_R42.pdf, id=1168, page=64, 487.8225pt x 704.6325pt>
File: HISTORY_R42.pdf Graphic file (type pdf)
<use HISTORY_R42.pdf, page 64>
Package pdftex.def Info: HISTORY_R42.pdf , page64 used on input line 13.
(pdftex.def)             Requested size: 488.25302pt x 705.2544pt.
File: HISTORY_R42.pdf Graphic file (type pdf)
<use HISTORY_R42.pdf, page 64>
Package pdftex.def Info: HISTORY_R42.pdf , page64 used on input line 13.
(pdftex.def)             Requested size: 488.25302pt x 705.2544pt.
File: HISTORY_R42.pdf Graphic file (type pdf)
<use HISTORY_R42.pdf, page 64>
Package pdftex.def Info: HISTORY_R42.pdf , page64 used on input line 13.
(pdftex.def)             Requested size: 488.25302pt x 705.2544pt.
[105

 <./HISTORY_R42.pdf>]

pdfTeX warning: pdflatex (file ./HISTORY_R42.pdf): PDF inclusion: found PDF ver
sion <1.7>, but at most version <1.5> allowed
<HISTORY_R42.pdf, id=1174, page=65, 487.8225pt x 704.6325pt>
File: HISTORY_R42.pdf Graphic file (type pdf)
<use HISTORY_R42.pdf, page 65>
Package pdftex.def Info: HISTORY_R42.pdf , page65 used on input line 13.
(pdftex.def)             Requested size: 488.25302pt x 705.2544pt.
File: HISTORY_R42.pdf Graphic file (type pdf)
<use HISTORY_R42.pdf, page 65>
Package pdftex.def Info: HISTORY_R42.pdf , page65 used on input line 13.
(pdftex.def)             Requested size: 488.25302pt x 705.2544pt.
File: HISTORY_R42.pdf Graphic file (type pdf)
<use HISTORY_R42.pdf, page 65>
Package pdftex.def Info: HISTORY_R42.pdf , page65 used on input line 13.
(pdftex.def)             Requested size: 488.25302pt x 705.2544pt.
[106

 <./HISTORY_R42.pdf>] (./HISTORY_R45.aux)
 ***********
LaTeX2e <2023-11-01> patch level 1
L3 programming layer <2024-01-22>
 ***********
Package rerunfilecheck Info: File `HISTORY_R45.out' has not changed.
(rerunfilecheck)             Checksum: E8F38A55A85556B03DA402C5520C72A2;611.
 ) 
Here is how much of TeX's memory you used:
 15495 strings out of 476106
 246035 string characters out of 5793933
 1928975 words of memory out of 5000000
 37153 multiletter control sequences out of 15000+600000
 584595 words of font info for 76 fonts, out of 8000000 for 9000
 59 hyphenation exceptions out of 8191
 80i,17n,88p,1027b,598s stack positions out of 10000i,1000n,20000p,200000b,200000s
</usr/share/texlive/texmf-dist/fonts/type1/public/amsfonts/cm/cmbx10.pfb></us
r/share/texlive/texmf-dist/fonts/type1/public/amsfonts/cm/cmex10.pfb></usr/shar
e/texlive/texmf-dist/fonts/type1/public/amsfonts/cmextra/cmex7.pfb></usr/share/
texlive/texmf-dist/fonts/type1/public/amsfonts/cm/cmmi10.pfb></usr/share/texliv
e/texmf-dist/fonts/type1/public/amsfonts/cm/cmmi5.pfb></usr/share/texlive/texmf
-dist/fonts/type1/public/amsfonts/cm/cmmi6.pfb></usr/share/texlive/texmf-dist/f
onts/type1/public/amsfonts/cm/cmmi8.pfb></usr/share/texlive/texmf-dist/fonts/ty
pe1/public/amsfonts/cm/cmmi9.pfb></usr/share/texlive/texmf-dist/fonts/type1/pub
lic/amsfonts/cm/cmr10.pfb></usr/share/texlive/texmf-dist/fonts/type1/public/ams
fonts/cm/cmr5.pfb></usr/share/texlive/texmf-dist/fonts/type1/public/amsfonts/cm
/cmr6.pfb></usr/share/texlive/texmf-dist/fonts/type1/public/amsfonts/cm/cmr8.pf
b></usr/share/texlive/texmf-dist/fonts/type1/public/amsfonts/cm/cmr9.pfb></usr/
share/texlive/texmf-dist/fonts/type1/public/amsfonts/cm/cmsy10.pfb></usr/share/
texlive/texmf-dist/fonts/type1/public/amsfonts/cm/cmsy5.pfb></usr/share/texlive
/texmf-dist/fonts/type1/public/amsfonts/cm/cmsy6.pfb></usr/share/texlive/texmf-
dist/fonts/type1/public/amsfonts/cm/cmsy8.pfb></usr/share/texlive/texmf-dist/fo
nts/type1/public/amsfonts/cm/cmsy9.pfb></usr/share/texlive/texmf-dist/fonts/typ
e1/public/amsfonts/symbols/msbm10.pfb></usr/share/texlive/texmf-dist/fonts/type
1/urw/courier/ucrr8a.pfb></usr/share/texlive/texmf-dist/fonts/type1/urw/times/u
tmr8a.pfb></usr/share/texlive/texmf-dist/fonts/type1/urw/times/utmri8a.pfb>
Output written on HISTORY_R45.pdf (106 pages, 881263 bytes).
PDF statistics:
 1245 PDF objects out of 1440 (max. 8388607)
 779 compressed objects within 8 object streams
 111 named destinations out of 1000 (max. 500000)
 21595 words of extra memory for PDF output out of 24883 (max. 10000000)

