2026-10-04T13:43:57.1868444Z Current runner version: '2.337.0'
2026-10-04T13:43:57.1887348Z ##[group]Runner Image Provisioner
2026-10-04T13:43:57.1888016Z Hosted Compute Agent
2026-10-04T13:43:57.1888439Z Version: 20260901.588
2026-10-04T13:43:57.1888973Z Commit: f88ec8081b781fac6c440065ac7ff9e710ce3d0b
2026-10-04T13:43:57.1889528Z Build Date: 2026-09-01T19:56:44Z
2026-10-04T13:43:57.1890027Z Worker ID: {4c9216a9-ce38-408a-ad9a-a13039f60eb0}
2026-10-04T13:43:57.1890568Z Azure Region: centralus
2026-10-04T13:43:57.1890988Z ##[endgroup]
2026-10-04T13:43:57.1891914Z ##[group]Operating System
2026-10-04T13:43:57.1892346Z Ubuntu
2026-10-04T13:43:57.1892699Z 24.04.5
2026-10-04T13:43:57.1893086Z LTS
2026-10-04T13:43:57.1893616Z ##[endgroup]
2026-10-04T13:43:57.1894047Z ##[group]Runner Image
2026-10-04T13:43:57.1894517Z Image: ubuntu-24.04
2026-10-04T13:43:57.1894914Z Version: 20260927.320.1
2026-10-04T13:43:57.1895930Z Included Software: https://github.com/actions/runner-images/blob/ubuntu24/20260927.320/images/ubuntu/Ubuntu2404-Readme.md
2026-10-04T13:43:57.1897207Z Image Release: https://github.com/actions/runner-images/releases/tag/ubuntu24%2F20260927.320
2026-10-04T13:43:57.1897942Z ##[endgroup]
2026-10-04T13:43:57.1898798Z ##[group]GITHUB_TOKEN Permissions
2026-10-04T13:43:57.1900366Z Actions: read
2026-10-04T13:43:57.1900778Z Contents: write
2026-10-04T13:43:57.1901211Z Metadata: read
2026-10-04T13:43:57.1901606Z ##[endgroup]
2026-10-04T13:43:57.1903020Z Secret source: Actions
2026-10-04T13:43:57.1903860Z Cache mode: write
2026-10-04T13:43:57.1904391Z Prepare workflow directory
2026-10-04T13:43:57.2281433Z Prepare all required actions
2026-10-04T13:43:57.2320246Z Getting action download info
2026-10-04T13:43:57.5459680Z Download action repository 'actions/checkout@v4' (SHA:11d5960a326750d5838078e36cf38b85af677262)
2026-10-04T13:43:57.7815804Z Download action repository 'actions/setup-python@v5' (SHA:a26af69be951a213d495a4c3e4e4022e16d87065)
2026-10-04T13:43:58.1238919Z Download action repository 'actions/download-artifact@v4' (SHA:d3f86a106a0bac45b974a628896c90dbdf5c8093)
2026-10-04T13:43:58.9127912Z Download action repository 'actions/upload-artifact@v4' (SHA:ea165f8d65b6e75b540449e92b4886f43607fa02)
2026-10-04T13:43:59.3311428Z Complete job name: evidence
2026-10-04T13:43:59.3805989Z ##[group]Run actions/checkout@v4
2026-10-04T13:43:59.3806404Z with:
2026-10-04T13:43:59.3806645Z   ref: 503a724817899105a78f8c2fd516f417efb6b483
2026-10-04T13:43:59.3806960Z   fetch-depth: 0
2026-10-04T13:43:59.3807181Z   filter: blob:none
2026-10-04T13:43:59.3807434Z   sparse-checkout-cone-mode: false
2026-10-04T13:43:59.3809192Z   sparse-checkout: .github/workflows/nbo-r16-continuation-menu.yml
.github/workflows/nbo-r15-experiment.yml
revisions/2026-10-04-r16/code/
revisions/2026-10-04-r16/protocols/
revisions/2026-10-04-r16/manuscript/menu_theory.tex
revisions/2026-10-04-r16/results/exploratory/menu/
revisions/2026-09-29-r6/code/
revisions/2026-10-04-r10/code/
revisions/2026-10-04-r11/code/
revisions/2026-10-04-r12/code/
revisions/2026-10-04-r12/PROTOCOL.json
revisions/2026-10-04-r12/results/reference/dpo_d1_s7919.pt
revisions/2026-10-04-r12/results/reference/nbo_d1_s7919.pt
revisions/2026-10-04-r15/code/
revisions/2026-10-04-r15/PROTOCOL.json
revisions/2026-10-04-r15/SCALAR_PROTOCOL.json

2026-10-04T13:43:59.3810856Z   persist-credentials: true
2026-10-04T13:43:59.3811120Z   repository: TrillionniumFoundation/NBO
2026-10-04T13:43:59.3813091Z   token: ***
2026-10-04T13:43:59.3813329Z   ssh-strict: true
2026-10-04T13:43:59.3813707Z   ssh-user: git
2026-10-04T13:43:59.3813950Z   clean: true
2026-10-04T13:43:59.3814167Z   fetch-tags: false
2026-10-04T13:43:59.3814401Z   show-progress: true
2026-10-04T13:43:59.3814648Z   lfs: false
2026-10-04T13:43:59.3814907Z   submodules: false
2026-10-04T13:43:59.3815146Z   set-safe-directory: true
2026-10-04T13:43:59.3815412Z   allow-unsafe-pr-checkout: false
2026-10-04T13:43:59.3815831Z env:
2026-10-04T13:43:59.3816134Z   NBO_R16_MENU_SOURCE_COMMIT: 503a724817899105a78f8c2fd516f417efb6b483
2026-10-04T13:43:59.3816450Z   OMP_NUM_THREADS: 1
2026-10-04T13:43:59.3816850Z   MKL_NUM_THREADS: 1
2026-10-04T13:43:59.3817088Z   OPENBLAS_NUM_THREADS: 1
2026-10-04T13:43:59.3817337Z   NUMBA_NUM_THREADS: 1
2026-10-04T13:43:59.3817585Z   PYTHONHASHSEED: 0
2026-10-04T13:43:59.3817840Z   PYTHONDONTWRITEBYTECODE: 1
2026-10-04T13:43:59.3818090Z ##[endgroup]
2026-10-04T13:43:59.4620981Z Syncing repository: TrillionniumFoundation/NBO
2026-10-04T13:43:59.4622815Z ##[group]Getting Git version info
2026-10-04T13:43:59.4623332Z Working directory is '/home/runner/work/NBO/NBO'
2026-10-04T13:43:59.4624306Z [command]/usr/bin/git version
2026-10-04T13:43:59.4698610Z git version 2.55.0
2026-10-04T13:43:59.4726503Z ##[endgroup]
2026-10-04T13:43:59.4740920Z Temporarily overriding HOME='/home/runner/work/_temp/fb431cfd-f553-4140-94de-764c802073e4' before making global git config changes
2026-10-04T13:43:59.4742249Z Adding repository directory to the temporary git global config as a safe directory
2026-10-04T13:43:59.4746035Z [command]/usr/bin/git config --global --add safe.directory /home/runner/work/NBO/NBO
2026-10-04T13:43:59.5409066Z Deleting the contents of '/home/runner/work/NBO/NBO'
2026-10-04T13:43:59.5412389Z ##[group]Initializing the repository
2026-10-04T13:43:59.5416432Z [command]/usr/bin/git init /home/runner/work/NBO/NBO
2026-10-04T13:43:59.5802701Z hint: Using 'master' as the name for the initial branch. This default branch name
2026-10-04T13:43:59.5803580Z hint: will change to "main" in Git 3.0. To configure the initial branch name
2026-10-04T13:43:59.5804015Z hint: to use in all of your new repositories, which will suppress this warning,
2026-10-04T13:43:59.5804362Z hint: call:
2026-10-04T13:43:59.5804613Z hint:
2026-10-04T13:43:59.5804964Z hint: 	git config --global init.defaultBranch <name>
2026-10-04T13:43:59.5805259Z hint:
2026-10-04T13:43:59.5805534Z hint: Names commonly chosen instead of 'master' are 'main', 'trunk' and
2026-10-04T13:43:59.5805919Z hint: 'development'. The just-created branch can be renamed via this command:
2026-10-04T13:43:59.5806350Z hint:
2026-10-04T13:43:59.5806585Z hint: 	git branch -m <name>
2026-10-04T13:43:59.5806826Z hint:
2026-10-04T13:43:59.5807113Z hint: Disable this message with "git config set advice.defaultBranchName false"
2026-10-04T13:43:59.5818085Z Initialized empty Git repository in /home/runner/work/NBO/NBO/.git/
2026-10-04T13:43:59.5824479Z [command]/usr/bin/git remote add origin https://github.com/TrillionniumFoundation/NBO
2026-10-04T13:43:59.5891290Z ##[endgroup]
2026-10-04T13:43:59.5891790Z ##[group]Disabling automatic garbage collection
2026-10-04T13:43:59.5896093Z [command]/usr/bin/git config --local gc.auto 0
2026-10-04T13:43:59.5985161Z ##[endgroup]
2026-10-04T13:43:59.5985824Z ##[group]Setting up auth
2026-10-04T13:43:59.5990606Z [command]/usr/bin/git config --local --name-only --get-regexp core\.sshCommand
2026-10-04T13:43:59.6017495Z [command]/usr/bin/git submodule foreach --recursive sh -c "git config --local --name-only --get-regexp 'core\.sshCommand' && git config --local --unset-all 'core.sshCommand' || :"
2026-10-04T13:43:59.6301700Z [command]/usr/bin/git config --local --name-only --get-regexp http\.https\:\/\/github\.com\/\.extraheader
2026-10-04T13:43:59.6326645Z [command]/usr/bin/git submodule foreach --recursive sh -c "git config --local --name-only --get-regexp 'http\.https\:\/\/github\.com\/\.extraheader' && git config --local --unset-all 'http.https://github.com/.extraheader' || :"
2026-10-04T13:43:59.6479837Z [command]/usr/bin/git config --local --name-only --get-regexp ^includeIf\.gitdir:
2026-10-04T13:43:59.6504544Z [command]/usr/bin/git submodule foreach --recursive git config --local --show-origin --name-only --get-regexp remote.origin.url
2026-10-04T13:43:59.6657536Z [command]/usr/bin/git config --local http.https://github.com/.extraheader AUTHORIZATION: basic ***
2026-10-04T13:43:59.7388437Z ##[endgroup]
2026-10-04T13:43:59.7388982Z ##[group]Fetching the repository
2026-10-04T13:43:59.7400247Z [command]/usr/bin/git -c protocol.version=2 fetch --prune --no-recurse-submodules --filter=blob:none origin +refs/heads/*:refs/remotes/origin/* +refs/tags/*:refs/tags/*
2026-10-04T13:44:00.8447477Z From https://github.com/TrillionniumFoundation/NBO
2026-10-04T13:44:00.8448716Z  * [new branch]      main       -> origin/main
2026-10-04T13:44:00.8449581Z  * [new branch]      review/econometrica-2026-09-15-bf049e3 -> origin/review/econometrica-2026-09-15-bf049e3
2026-10-04T13:44:00.8450650Z  * [new branch]      review/econometrica-numerical-methods-r10-2026-10-04-8ded262 -> origin/review/econometrica-numerical-methods-r10-2026-10-04-8ded262
2026-10-04T13:44:00.8451792Z  * [new branch]      review/econometrica-numerical-methods-r11-2026-10-04-840565f -> origin/review/econometrica-numerical-methods-r11-2026-10-04-840565f
2026-10-04T13:44:00.8453049Z  * [new branch]      review/econometrica-numerical-methods-r12-2026-10-04-39344d4 -> origin/review/econometrica-numerical-methods-r12-2026-10-04-39344d4
2026-10-04T13:44:00.8454582Z  * [new branch]      review/econometrica-numerical-methods-r14-2026-10-04-f5021ce -> origin/review/econometrica-numerical-methods-r14-2026-10-04-f5021ce
2026-10-04T13:44:00.8456005Z  * [new branch]      review/econometrica-numerical-methods-r15-2026-10-04-1cb3cc9 -> origin/review/econometrica-numerical-methods-r15-2026-10-04-1cb3cc9
2026-10-04T13:44:00.8457372Z  * [new branch]      review/econometrica-numerical-methods-r2-2026-09-28-d9054ab -> origin/review/econometrica-numerical-methods-r2-2026-09-28-d9054ab
2026-10-04T13:44:00.8458639Z  * [new branch]      review/econometrica-numerical-methods-r6-2026-09-29-01f4e00 -> origin/review/econometrica-numerical-methods-r6-2026-09-29-01f4e00
2026-10-04T13:44:00.8460003Z  * [new branch]      review/econometrica-numerical-methods-r7-2026-10-03-b140900 -> origin/review/econometrica-numerical-methods-r7-2026-10-03-b140900
2026-10-04T13:44:00.8461358Z  * [new branch]      review/econometrica-numerical-methods-r8-2026-10-03-f9a7e32 -> origin/review/econometrica-numerical-methods-r8-2026-10-03-f9a7e32
2026-10-04T13:44:00.8462669Z  * [new branch]      revision/econometrica-nbo-2026-09-28-verified -> origin/revision/econometrica-nbo-2026-09-28-verified
2026-10-04T13:44:00.8464122Z  * [new branch]      revision/econometrica-nbo-r1-2026-09-28 -> origin/revision/econometrica-nbo-r1-2026-09-28
2026-10-04T13:44:00.8465168Z  * [new branch]      revision/econometrica-nbo-r10-evidence-2026-10-04 -> origin/revision/econometrica-nbo-r10-evidence-2026-10-04
2026-10-04T13:44:00.8466297Z  * [new branch]      revision/econometrica-nbo-r10-referee-2026-10-04 -> origin/revision/econometrica-nbo-r10-referee-2026-10-04
2026-10-04T13:44:00.8467345Z  * [new branch]      revision/econometrica-nbo-r10-source-2026-10-04 -> origin/revision/econometrica-nbo-r10-source-2026-10-04
2026-10-04T13:44:00.8468432Z  * [new branch]      revision/econometrica-nbo-r10-verified-source-2026-10-04 -> origin/revision/econometrica-nbo-r10-verified-source-2026-10-04
2026-10-04T13:44:00.8469668Z  * [new branch]      revision/econometrica-nbo-r11-delivery-2026-10-04 -> origin/revision/econometrica-nbo-r11-delivery-2026-10-04
2026-10-04T13:44:00.8470533Z  * [new branch]      revision/econometrica-nbo-r11-evidence-2026-10-04 -> origin/revision/econometrica-nbo-r11-evidence-2026-10-04
2026-10-04T13:44:00.8471498Z  * [new branch]      revision/econometrica-nbo-r11-referee-2026-10-04 -> origin/revision/econometrica-nbo-r11-referee-2026-10-04
2026-10-04T13:44:00.8472362Z  * [new branch]      revision/econometrica-nbo-r11-source-2026-10-04 -> origin/revision/econometrica-nbo-r11-source-2026-10-04
2026-10-04T13:44:00.8473134Z  * [new branch]      revision/econometrica-nbo-r12-development-2026-10-04 -> origin/revision/econometrica-nbo-r12-development-2026-10-04
2026-10-04T13:44:00.8474327Z  * [new branch]      revision/econometrica-nbo-r13-2026-10-04 -> origin/revision/econometrica-nbo-r13-2026-10-04
2026-10-04T13:44:00.8475207Z  * [new branch]      revision/econometrica-nbo-r13-development-2026-10-04 -> origin/revision/econometrica-nbo-r13-development-2026-10-04
2026-10-04T13:44:00.8475912Z  * [new branch]      revision/econometrica-nbo-r14-2026-10-04 -> origin/revision/econometrica-nbo-r14-2026-10-04
2026-10-04T13:44:00.8476707Z  * [new branch]      revision/econometrica-nbo-r14-evidence-2026-10-04 -> origin/revision/econometrica-nbo-r14-evidence-2026-10-04
2026-10-04T13:44:00.8477604Z  * [new branch]      revision/econometrica-nbo-r14-referee-2026-10-04 -> origin/revision/econometrica-nbo-r14-referee-2026-10-04
2026-10-04T13:44:00.8478558Z  * [new branch]      revision/econometrica-nbo-r14-source-2026-10-04 -> origin/revision/econometrica-nbo-r14-source-2026-10-04
2026-10-04T13:44:00.8479717Z  * [new branch]      revision/econometrica-nbo-r15-2026-10-04 -> origin/revision/econometrica-nbo-r15-2026-10-04
2026-10-04T13:44:00.8480443Z  * [new branch]      revision/econometrica-nbo-r15-evidence-2026-10-04 -> origin/revision/econometrica-nbo-r15-evidence-2026-10-04
2026-10-04T13:44:00.8481201Z  * [new branch]      revision/econometrica-nbo-r15-experiment-evidence-2026-10-04 -> origin/revision/econometrica-nbo-r15-experiment-evidence-2026-10-04
2026-10-04T13:44:00.8482017Z  * [new branch]      revision/econometrica-nbo-r15-experiment-source-2026-10-04 -> origin/revision/econometrica-nbo-r15-experiment-source-2026-10-04
2026-10-04T13:44:00.8482885Z  * [new branch]      revision/econometrica-nbo-r15-mechanism-evidence-2026-10-04 -> origin/revision/econometrica-nbo-r15-mechanism-evidence-2026-10-04
2026-10-04T13:44:00.8483922Z  * [new branch]      revision/econometrica-nbo-r15-mechanism-execute-2026-10-04 -> origin/revision/econometrica-nbo-r15-mechanism-execute-2026-10-04
2026-10-04T13:44:00.8484766Z  * [new branch]      revision/econometrica-nbo-r15-mechanism-source-2026-10-04 -> origin/revision/econometrica-nbo-r15-mechanism-source-2026-10-04
2026-10-04T13:44:00.8485577Z  * [new branch]      revision/econometrica-nbo-r15-observation-evidence-2026-10-04 -> origin/revision/econometrica-nbo-r15-observation-evidence-2026-10-04
2026-10-04T13:44:00.8486419Z  * [new branch]      revision/econometrica-nbo-r15-observation-source-2026-10-04 -> origin/revision/econometrica-nbo-r15-observation-source-2026-10-04
2026-10-04T13:44:00.8487304Z  * [new branch]      revision/econometrica-nbo-r15-referee-2026-10-04 -> origin/revision/econometrica-nbo-r15-referee-2026-10-04
2026-10-04T13:44:00.8488053Z  * [new branch]      revision/econometrica-nbo-r15-scalar-inspection-2026-10-04 -> origin/revision/econometrica-nbo-r15-scalar-inspection-2026-10-04
2026-10-04T13:44:00.8489072Z  * [new branch]      revision/econometrica-nbo-r15-scalar-transfer-2026-10-04 -> origin/revision/econometrica-nbo-r15-scalar-transfer-2026-10-04
2026-10-04T13:44:00.8490092Z  * [new branch]      revision/econometrica-nbo-r15-source-2026-10-04 -> origin/revision/econometrica-nbo-r15-source-2026-10-04
2026-10-04T13:44:00.8491209Z  * [new branch]      revision/econometrica-nbo-r16-integration-2026-10-04 -> origin/revision/econometrica-nbo-r16-integration-2026-10-04
2026-10-04T13:44:00.8492351Z  * [new branch]      revision/econometrica-nbo-r16-menu-source-2026-10-04 -> origin/revision/econometrica-nbo-r16-menu-source-2026-10-04
2026-10-04T13:44:00.8493550Z  * [new branch]      revision/econometrica-nbo-r16-menu-transport-2026-10-04 -> origin/revision/econometrica-nbo-r16-menu-transport-2026-10-04
2026-10-04T13:44:00.8494761Z  * [new branch]      revision/econometrica-nbo-r16-replication-evidence-2026-10-04 -> origin/revision/econometrica-nbo-r16-replication-evidence-2026-10-04
2026-10-04T13:44:00.8496062Z  * [new branch]      revision/econometrica-nbo-r16-replication-source-2026-10-04 -> origin/revision/econometrica-nbo-r16-replication-source-2026-10-04
2026-10-04T13:44:00.8497347Z  * [new branch]      revision/econometrica-nbo-r16-robustness-source-2026-10-04 -> origin/revision/econometrica-nbo-r16-robustness-source-2026-10-04
2026-10-04T13:44:00.8498591Z  * [new branch]      revision/econometrica-nbo-r16-signed-evidence-2026-10-04 -> origin/revision/econometrica-nbo-r16-signed-evidence-2026-10-04
2026-10-04T13:44:00.8499704Z  * [new branch]      revision/econometrica-nbo-r16-signed-source-2026-10-04 -> origin/revision/econometrica-nbo-r16-signed-source-2026-10-04
2026-10-04T13:44:00.8501079Z  * [new branch]      revision/econometrica-nbo-r16-signed-source-v2-2026-10-04 -> origin/revision/econometrica-nbo-r16-signed-source-v2-2026-10-04
2026-10-04T13:44:00.8502095Z  * [new branch]      revision/econometrica-nbo-r2-2026-09-28 -> origin/revision/econometrica-nbo-r2-2026-09-28
2026-10-04T13:44:00.8502971Z  * [new branch]      revision/econometrica-nbo-r3-2026-09-28 -> origin/revision/econometrica-nbo-r3-2026-09-28
2026-10-04T13:44:00.8504059Z  * [new branch]      revision/econometrica-nbo-r4-2026-09-29 -> origin/revision/econometrica-nbo-r4-2026-09-29
2026-10-04T13:44:00.8504986Z  * [new branch]      revision/econometrica-nbo-r5-evidence-2026-09-29 -> origin/revision/econometrica-nbo-r5-evidence-2026-09-29
2026-10-04T13:44:00.8505971Z  * [new branch]      revision/econometrica-nbo-r6-2026-09-29 -> origin/revision/econometrica-nbo-r6-2026-09-29
2026-10-04T13:44:00.8507295Z  * [new branch]      revision/econometrica-nbo-r7-development-2026-10-03 -> origin/revision/econometrica-nbo-r7-development-2026-10-03
2026-10-04T13:44:00.8508355Z  * [new branch]      revision/econometrica-nbo-r7-evidence-2026-10-03 -> origin/revision/econometrica-nbo-r7-evidence-2026-10-03
2026-10-04T13:44:00.8509258Z  * [new branch]      revision/econometrica-nbo-r7-source-2026-10-03 -> origin/revision/econometrica-nbo-r7-source-2026-10-03
2026-10-04T13:44:00.8510155Z  * [new branch]      revision/econometrica-nbo-r8-development-2026-10-03 -> origin/revision/econometrica-nbo-r8-development-2026-10-03
2026-10-04T13:44:00.8511080Z  * [new branch]      revision/econometrica-nbo-r8-evidence-2026-10-03 -> origin/revision/econometrica-nbo-r8-evidence-2026-10-03
2026-10-04T13:44:00.8512070Z  * [new branch]      revision/econometrica-nbo-r8-materialized-source-2026-10-03 -> origin/revision/econometrica-nbo-r8-materialized-source-2026-10-03
2026-10-04T13:44:00.8513072Z  * [new branch]      revision/econometrica-nbo-r8-referee-2026-10-03 -> origin/revision/econometrica-nbo-r8-referee-2026-10-03
2026-10-04T13:44:00.8514156Z  * [new branch]      revision/econometrica-nbo-r8-source-2026-10-03 -> origin/revision/econometrica-nbo-r8-source-2026-10-03
2026-10-04T13:44:00.8515204Z  * [new branch]      revision/econometrica-nbo-r9-development-2026-10-03 -> origin/revision/econometrica-nbo-r9-development-2026-10-03
2026-10-04T13:44:00.8516142Z  * [new branch]      revision/econometrica-nbo-r9-evidence-2026-10-03 -> origin/revision/econometrica-nbo-r9-evidence-2026-10-03
2026-10-04T13:44:00.8517063Z  * [new branch]      revision/econometrica-nbo-r9-source-2026-10-03 -> origin/revision/econometrica-nbo-r9-source-2026-10-03
2026-10-04T13:44:00.8518451Z [command]/usr/bin/git rev-parse --verify --quiet 503a724817899105a78f8c2fd516f417efb6b483^{object}
2026-10-04T13:44:00.8518912Z 503a724817899105a78f8c2fd516f417efb6b483
2026-10-04T13:44:00.8519742Z ##[endgroup]
2026-10-04T13:44:00.8520155Z ##[group]Determining the checkout info
2026-10-04T13:44:00.8520536Z ##[endgroup]
2026-10-04T13:44:00.8520963Z ##[group]Setting up sparse checkout
2026-10-04T13:44:00.8521271Z [command]/usr/bin/git config core.sparseCheckout true
2026-10-04T13:44:00.8700801Z [command]/usr/bin/git rev-parse --git-path info/sparse-checkout
2026-10-04T13:44:00.8713561Z .git/info/sparse-checkout
2026-10-04T13:44:00.8720336Z ##[endgroup]
2026-10-04T13:44:00.8720805Z ##[group]Checking out the ref
2026-10-04T13:44:00.8725283Z [command]/usr/bin/git checkout --progress --force 503a724817899105a78f8c2fd516f417efb6b483
2026-10-04T13:44:01.4697937Z Note: switching to '503a724817899105a78f8c2fd516f417efb6b483'.
2026-10-04T13:44:01.4698261Z 
2026-10-04T13:44:01.4698612Z You are in 'detached HEAD' state. You can look around, make experimental
2026-10-04T13:44:01.4699132Z changes and commit them, and you can discard any commits you make in this
2026-10-04T13:44:01.4699733Z state without impacting any branches by switching back to a branch.
2026-10-04T13:44:01.4700167Z 
2026-10-04T13:44:01.4700384Z If you want to create a new branch to retain commits you create, you may
2026-10-04T13:44:01.4701173Z do so (now or later) by using -c with the switch command. Example:
2026-10-04T13:44:01.4701446Z 
2026-10-04T13:44:01.4701635Z   git switch -c <new-branch-name>
2026-10-04T13:44:01.4701852Z 
2026-10-04T13:44:01.4701975Z Or undo this operation with:
2026-10-04T13:44:01.4702161Z 
2026-10-04T13:44:01.4702281Z   git switch -
2026-10-04T13:44:01.4702460Z 
2026-10-04T13:44:01.4702626Z Turn off this advice by setting config variable advice.detachedHead to false
2026-10-04T13:44:01.4702897Z 
2026-10-04T13:44:01.4703085Z HEAD is now at 503a724 R16: freeze prospective five-method continuation reuse study
2026-10-04T13:44:01.4706439Z ##[endgroup]
2026-10-04T13:44:01.4743665Z [command]/usr/bin/git log -1 --format=%H
2026-10-04T13:44:01.4762977Z 503a724817899105a78f8c2fd516f417efb6b483
2026-10-04T13:44:01.4960656Z ##[group]Run actions/setup-python@v5
2026-10-04T13:44:01.4960964Z with:
2026-10-04T13:44:01.4961208Z   python-version: 3.12
2026-10-04T13:44:01.4961462Z   check-latest: false
2026-10-04T13:44:01.4963563Z   token: ***
2026-10-04T13:44:01.4963814Z   update-environment: true
2026-10-04T13:44:01.4964092Z   allow-prereleases: false
2026-10-04T13:44:01.4964353Z   freethreaded: false
2026-10-04T13:44:01.4964578Z env:
2026-10-04T13:44:01.4964853Z   NBO_R16_MENU_SOURCE_COMMIT: 503a724817899105a78f8c2fd516f417efb6b483
2026-10-04T13:44:01.4965168Z   OMP_NUM_THREADS: 1
2026-10-04T13:44:01.4965410Z   MKL_NUM_THREADS: 1
2026-10-04T13:44:01.4965653Z   OPENBLAS_NUM_THREADS: 1
2026-10-04T13:44:01.4965910Z   NUMBA_NUM_THREADS: 1
2026-10-04T13:44:01.4966140Z   PYTHONHASHSEED: 0
2026-10-04T13:44:01.4966371Z   PYTHONDONTWRITEBYTECODE: 1
2026-10-04T13:44:01.4966619Z ##[endgroup]
2026-10-04T13:44:01.5948094Z ##[group]Installed versions
2026-10-04T13:44:01.6009319Z (node:2099) [DEP0040] DeprecationWarning: The `punycode` module is deprecated. Please use a userland alternative instead.
2026-10-04T13:44:01.6010241Z (Use `node --trace-deprecation ...` to show where the warning was created)
2026-10-04T13:44:01.6010744Z Successfully set up CPython (3.12.14)
2026-10-04T13:44:01.6011427Z ##[endgroup]
2026-10-04T13:44:01.6112775Z ##[group]Run python -m pip install numpy==2.3.5 scipy==1.17.0 numba==0.65.1 mpmath==1.3.0
2026-10-04T13:44:01.6113629Z [36;1mpython -m pip install numpy==2.3.5 scipy==1.17.0 numba==0.65.1 mpmath==1.3.0[0m
2026-10-04T13:44:01.6114201Z [36;1mpython -m pip install torch==2.10.0 --index-url https://download.pytorch.org/whl/cpu[0m
2026-10-04T13:44:01.6323959Z shell: /usr/bin/bash -e {0}
2026-10-04T13:44:01.6324256Z env:
2026-10-04T13:44:01.6324557Z   NBO_R16_MENU_SOURCE_COMMIT: 503a724817899105a78f8c2fd516f417efb6b483
2026-10-04T13:44:01.6324892Z   OMP_NUM_THREADS: 1
2026-10-04T13:44:01.6325093Z   MKL_NUM_THREADS: 1
2026-10-04T13:44:01.6325333Z   OPENBLAS_NUM_THREADS: 1
2026-10-04T13:44:01.6325568Z   NUMBA_NUM_THREADS: 1
2026-10-04T13:44:01.6325786Z   PYTHONHASHSEED: 0
2026-10-04T13:44:01.6326032Z   PYTHONDONTWRITEBYTECODE: 1
2026-10-04T13:44:01.6326347Z   pythonLocation: /opt/hostedtoolcache/Python/3.12.14/x64
2026-10-04T13:44:01.6326828Z   PKG_CONFIG_PATH: /opt/hostedtoolcache/Python/3.12.14/x64/lib/pkgconfig
2026-10-04T13:44:01.6327181Z   Python_ROOT_DIR: /opt/hostedtoolcache/Python/3.12.14/x64
2026-10-04T13:44:01.6327530Z   Python2_ROOT_DIR: /opt/hostedtoolcache/Python/3.12.14/x64
2026-10-04T13:44:01.6327869Z   Python3_ROOT_DIR: /opt/hostedtoolcache/Python/3.12.14/x64
2026-10-04T13:44:01.6328198Z   LD_LIBRARY_PATH: /opt/hostedtoolcache/Python/3.12.14/x64/lib
2026-10-04T13:44:01.6328513Z ##[endgroup]
2026-10-04T13:44:02.8905789Z Collecting numpy==2.3.5
2026-10-04T13:44:02.9542263Z   Downloading numpy-2.3.5-cp312-cp312-manylinux_2_27_x86_64.manylinux_2_28_x86_64.whl.metadata (62 kB)
2026-10-04T13:44:03.0678054Z Collecting scipy==1.17.0
2026-10-04T13:44:03.0783748Z   Downloading scipy-1.17.0-cp312-cp312-manylinux_2_27_x86_64.manylinux_2_28_x86_64.whl.metadata (62 kB)
2026-10-04T13:44:03.1771870Z Collecting numba==0.65.1
2026-10-04T13:44:03.1878603Z   Downloading numba-0.65.1-cp312-cp312-manylinux2014_x86_64.manylinux_2_17_x86_64.whl.metadata (2.9 kB)
2026-10-04T13:44:03.2064848Z Collecting mpmath==1.3.0
2026-10-04T13:44:03.2163980Z   Downloading mpmath-1.3.0-py3-none-any.whl.metadata (8.6 kB)
2026-10-04T13:44:03.2705948Z Collecting llvmlite<0.48,>=0.47.0dev0 (from numba==0.65.1)
2026-10-04T13:44:03.2809192Z   Downloading llvmlite-0.47.0-cp312-cp312-manylinux2014_x86_64.manylinux_2_17_x86_64.whl.metadata (5.0 kB)
2026-10-04T13:44:03.2956604Z Downloading numpy-2.3.5-cp312-cp312-manylinux_2_27_x86_64.manylinux_2_28_x86_64.whl (16.6 MB)
2026-10-04T13:44:03.8517550Z    ━━━━━━━━━━━━━━━━━━━━━━━━━━━━━━━━━━━━━━━━ 16.6/16.6 MB 31.0 MB/s  0:00:00
2026-10-04T13:44:03.8621867Z Downloading scipy-1.17.0-cp312-cp312-manylinux_2_27_x86_64.manylinux_2_28_x86_64.whl (35.0 MB)
2026-10-04T13:44:04.2522459Z    ━━━━━━━━━━━━━━━━━━━━━━━━━━━━━━━━━━━━━━━━ 35.0/35.0 MB 89.8 MB/s  0:00:00
2026-10-04T13:44:04.2624762Z Downloading numba-0.65.1-cp312-cp312-manylinux2014_x86_64.manylinux_2_17_x86_64.whl (3.8 MB)
2026-10-04T13:44:04.2897666Z    ━━━━━━━━━━━━━━━━━━━━━━━━━━━━━━━━━━━━━━━━ 3.8/3.8 MB 138.6 MB/s  0:00:00
2026-10-04T13:44:04.2998420Z Downloading mpmath-1.3.0-py3-none-any.whl (536 kB)
2026-10-04T13:44:04.3043136Z    ━━━━━━━━━━━━━━━━━━━━━━━━━━━━━━━━━━━━━━━━ 536.2/536.2 kB 99.5 MB/s  0:00:00
2026-10-04T13:44:04.3143073Z Downloading llvmlite-0.47.0-cp312-cp312-manylinux2014_x86_64.manylinux_2_17_x86_64.whl (56.3 MB)
2026-10-04T13:44:04.7789551Z    ━━━━━━━━━━━━━━━━━━━━━━━━━━━━━━━━━━━━━━━━ 56.3/56.3 MB 121.8 MB/s  0:00:00
2026-10-04T13:44:04.9299061Z Installing collected packages: mpmath, numpy, llvmlite, scipy, numba
2026-10-04T13:44:11.5995462Z 
2026-10-04T13:44:11.6005256Z Successfully installed llvmlite-0.47.0 mpmath-1.3.0 numba-0.65.1 numpy-2.3.5 scipy-1.17.0
2026-10-04T13:44:12.3691359Z Looking in indexes: https://download.pytorch.org/whl/cpu
2026-10-04T13:44:12.5734207Z Collecting torch==2.10.0
2026-10-04T13:44:12.6507863Z   Downloading torch-2.10.0%2Bcpu-cp312-cp312-manylinux_2_28_x86_64.whl.metadata (29 kB)
2026-10-04T13:44:12.7045151Z Collecting filelock (from torch==2.10.0)
2026-10-04T13:44:12.7827284Z   Downloading filelock-3.32.3-py3-none-any.whl.metadata (2.0 kB)
2026-10-04T13:44:12.8115057Z Collecting typing-extensions>=4.10.0 (from torch==2.10.0)
2026-10-04T13:44:12.8242565Z   Downloading typing_extensions-4.16.0-py3-none-any.whl.metadata (3.3 kB)
2026-10-04T13:44:12.8449971Z Collecting setuptools (from torch==2.10.0)
2026-10-04T13:44:12.8588113Z   Downloading setuptools-78.1.0-py3-none-any.whl.metadata (6.6 kB)
2026-10-04T13:44:12.8867076Z Collecting sympy>=1.13.3 (from torch==2.10.0)
2026-10-04T13:44:12.8995183Z   Downloading sympy-1.14.0-py3-none-any.whl.metadata (12 kB)
2026-10-04T13:44:12.9339909Z Collecting networkx>=2.5.1 (from torch==2.10.0)
2026-10-04T13:44:12.9468184Z   Downloading networkx-3.6.1-py3-none-any.whl.metadata (6.8 kB)
2026-10-04T13:44:12.9724518Z Collecting jinja2 (from torch==2.10.0)
2026-10-04T13:44:12.9864603Z   Downloading jinja2-3.1.6-py3-none-any.whl.metadata (2.9 kB)
2026-10-04T13:44:13.0275120Z Collecting fsspec>=0.8.5 (from torch==2.10.0)
2026-10-04T13:44:13.0404834Z   Downloading fsspec-2026.7.0-py3-none-any.whl.metadata (10 kB)
2026-10-04T13:44:13.0548250Z Requirement already satisfied: mpmath<1.4,>=1.1.0 in /opt/hostedtoolcache/Python/3.12.14/x64/lib/python3.12/site-packages (from sympy>=1.13.3->torch==2.10.0) (1.3.0)
2026-10-04T13:44:13.0782015Z Collecting MarkupSafe>=2.0 (from jinja2->torch==2.10.0)
2026-10-04T13:44:13.0918249Z   Downloading markupsafe-3.0.3-cp312-cp312-manylinux2014_x86_64.manylinux_2_17_x86_64.manylinux_2_28_x86_64.whl.metadata (2.7 kB)
2026-10-04T13:44:13.1159860Z Downloading torch-2.10.0%2Bcpu-cp312-cp312-manylinux_2_28_x86_64.whl (188.9 MB)
2026-10-04T13:44:15.6186786Z    ━━━━━━━━━━━━━━━━━━━━━━━━━━━━━━━━━━━━━━━━ 188.9/188.9 MB 75.9 MB/s  0:00:02
2026-10-04T13:44:15.6317896Z Downloading fsspec-2026.7.0-py3-none-any.whl (206 kB)
2026-10-04T13:44:15.6742268Z Downloading networkx-3.6.1-py3-none-any.whl (2.1 MB)
2026-10-04T13:44:15.7416656Z    ━━━━━━━━━━━━━━━━━━━━━━━━━━━━━━━━━━━━━━━━ 2.1/2.1 MB 33.5 MB/s  0:00:00
2026-10-04T13:44:15.7546825Z Downloading sympy-1.14.0-py3-none-any.whl (6.3 MB)
2026-10-04T13:44:15.8447768Z    ━━━━━━━━━━━━━━━━━━━━━━━━━━━━━━━━━━━━━━━━ 6.3/6.3 MB 68.6 MB/s  0:00:00
2026-10-04T13:44:15.8581502Z Downloading typing_extensions-4.16.0-py3-none-any.whl (45 kB)
2026-10-04T13:44:15.8732236Z Downloading filelock-3.32.3-py3-none-any.whl (98 kB)
2026-10-04T13:44:15.8895150Z Downloading jinja2-3.1.6-py3-none-any.whl (134 kB)
2026-10-04T13:44:15.9079051Z Downloading markupsafe-3.0.3-cp312-cp312-manylinux2014_x86_64.manylinux_2_17_x86_64.manylinux_2_28_x86_64.whl (22 kB)
2026-10-04T13:44:15.9237148Z Downloading setuptools-78.1.0-py3-none-any.whl (1.3 MB)
2026-10-04T13:44:15.9627215Z    ━━━━━━━━━━━━━━━━━━━━━━━━━━━━━━━━━━━━━━━━ 1.3/1.3 MB 31.0 MB/s  0:00:00
2026-10-04T13:44:16.2377702Z Installing collected packages: typing-extensions, sympy, setuptools, networkx, MarkupSafe, fsspec, filelock, jinja2, torch
2026-10-04T13:44:29.3145107Z 
2026-10-04T13:44:29.3159790Z Successfully installed MarkupSafe-3.0.3 filelock-3.32.3 fsspec-2026.7.0 jinja2-3.1.6 networkx-3.6.1 setuptools-78.1.0 sympy-1.14.0 torch-2.10.0+cpu typing-extensions-4.16.0
2026-10-04T13:44:29.4060042Z ##[group]Run actions/download-artifact@v4
2026-10-04T13:44:29.4060342Z with:
2026-10-04T13:44:29.4060588Z   name: nbo-r16-menu-source-37204836544
2026-10-04T13:44:29.4060924Z   path: /home/runner/work/_temp/menu-source
2026-10-04T13:44:29.4061191Z   merge-multiple: false
2026-10-04T13:44:29.4061493Z   repository: TrillionniumFoundation/NBO
2026-10-04T13:44:29.4061762Z   run-id: 37204836544
2026-10-04T13:44:29.4061985Z env:
2026-10-04T13:44:29.4062263Z   NBO_R16_MENU_SOURCE_COMMIT: 503a724817899105a78f8c2fd516f417efb6b483
2026-10-04T13:44:29.4062587Z   OMP_NUM_THREADS: 1
2026-10-04T13:44:29.4062850Z   MKL_NUM_THREADS: 1
2026-10-04T13:44:29.4063079Z   OPENBLAS_NUM_THREADS: 1
2026-10-04T13:44:29.4063359Z   NUMBA_NUM_THREADS: 1
2026-10-04T13:44:29.4063862Z   PYTHONHASHSEED: 0
2026-10-04T13:44:29.4064106Z   PYTHONDONTWRITEBYTECODE: 1
2026-10-04T13:44:29.4064440Z   pythonLocation: /opt/hostedtoolcache/Python/3.12.14/x64
2026-10-04T13:44:29.4064903Z   PKG_CONFIG_PATH: /opt/hostedtoolcache/Python/3.12.14/x64/lib/pkgconfig
2026-10-04T13:44:29.4065290Z   Python_ROOT_DIR: /opt/hostedtoolcache/Python/3.12.14/x64
2026-10-04T13:44:29.4065677Z   Python2_ROOT_DIR: /opt/hostedtoolcache/Python/3.12.14/x64
2026-10-04T13:44:29.4066029Z   Python3_ROOT_DIR: /opt/hostedtoolcache/Python/3.12.14/x64
2026-10-04T13:44:29.4066407Z   LD_LIBRARY_PATH: /opt/hostedtoolcache/Python/3.12.14/x64/lib
2026-10-04T13:44:29.4066710Z ##[endgroup]
2026-10-04T13:44:29.5196967Z Downloading single artifact
2026-10-04T13:44:29.5338840Z (node:2172) [DEP0040] DeprecationWarning: The `punycode` module is deprecated. Please use a userland alternative instead.
2026-10-04T13:44:29.5339534Z (Use `node --trace-deprecation ...` to show where the warning was created)
2026-10-04T13:44:29.6934475Z Preparing to download the following artifacts:
2026-10-04T13:44:29.6935224Z - nbo-r16-menu-source-37204836544 (ID: 11303629001, Size: 438150, Expected Digest: sha256:6a8fa11b1bcc7fbcf63367bbd69591a77f87fa9c7e9af4146de0ed726581b698)
2026-10-04T13:44:29.8467258Z Redirecting to blob download url: https://productionresultssa10.blob.core.windows.net/actions-results/f247fafb-9db1-8749-985f-c6a4f2e7179c/workflow-job-run-63eb261a-6bdf-5a61-84e0-6fc82d2117e2/artifacts/aa2ba2fbcd0f1a966aff2edc702152af3f3e8bbde879021da44c9e40f0e427c9.zip
2026-10-04T13:44:29.8468282Z Starting download of artifact to: /home/runner/work/_temp/menu-source
2026-10-04T13:44:29.9969662Z (node:2172) [DEP0005] DeprecationWarning: Buffer() is deprecated due to security and usability issues. Please use the Buffer.alloc(), Buffer.allocUnsafe(), or Buffer.from() methods instead.
2026-10-04T13:44:30.1288124Z SHA256 digest of downloaded artifact is 6a8fa11b1bcc7fbcf63367bbd69591a77f87fa9c7e9af4146de0ed726581b698
2026-10-04T13:44:30.1288824Z Artifact download completed successfully.
2026-10-04T13:44:30.1289554Z Total of 1 artifact(s) downloaded
2026-10-04T13:44:30.1293578Z Download artifact has finished successfully
2026-10-04T13:44:30.1400392Z ##[group]Run actions/download-artifact@v4
2026-10-04T13:44:30.1400746Z with:
2026-10-04T13:44:30.1401027Z   pattern: nbo-r16-menu-analysis-*-37204836544
2026-10-04T13:44:30.1401357Z   path: /home/runner/work/_temp/menu-analysis-parts
2026-10-04T13:44:30.1401658Z   merge-multiple: false
2026-10-04T13:44:30.1401998Z   repository: TrillionniumFoundation/NBO
2026-10-04T13:44:30.1402285Z   run-id: 37204836544
2026-10-04T13:44:30.1402525Z env:
2026-10-04T13:44:30.1402810Z   NBO_R16_MENU_SOURCE_COMMIT: 503a724817899105a78f8c2fd516f417efb6b483
2026-10-04T13:44:30.1403174Z   OMP_NUM_THREADS: 1
2026-10-04T13:44:30.1403719Z   MKL_NUM_THREADS: 1
2026-10-04T13:44:30.1403977Z   OPENBLAS_NUM_THREADS: 1
2026-10-04T13:44:30.1404251Z   NUMBA_NUM_THREADS: 1
2026-10-04T13:44:30.1404523Z   PYTHONHASHSEED: 0
2026-10-04T13:44:30.1404771Z   PYTHONDONTWRITEBYTECODE: 1
2026-10-04T13:44:30.1405132Z   pythonLocation: /opt/hostedtoolcache/Python/3.12.14/x64
2026-10-04T13:44:30.1405636Z   PKG_CONFIG_PATH: /opt/hostedtoolcache/Python/3.12.14/x64/lib/pkgconfig
2026-10-04T13:44:30.1406045Z   Python_ROOT_DIR: /opt/hostedtoolcache/Python/3.12.14/x64
2026-10-04T13:44:30.1406409Z   Python2_ROOT_DIR: /opt/hostedtoolcache/Python/3.12.14/x64
2026-10-04T13:44:30.1406827Z   Python3_ROOT_DIR: /opt/hostedtoolcache/Python/3.12.14/x64
2026-10-04T13:44:30.1407184Z   LD_LIBRARY_PATH: /opt/hostedtoolcache/Python/3.12.14/x64/lib
2026-10-04T13:44:30.1407538Z ##[endgroup]
2026-10-04T13:44:30.2646534Z (node:2185) [DEP0040] DeprecationWarning: The `punycode` module is deprecated. Please use a userland alternative instead.
2026-10-04T13:44:30.2647437Z (Use `node --trace-deprecation ...` to show where the warning was created)
2026-10-04T13:44:30.8766415Z Found 817 artifact(s)
2026-10-04T13:44:30.8767022Z Filtering artifacts by pattern 'nbo-r16-menu-analysis-*-37204836544'
2026-10-04T13:44:30.8767740Z Preparing to download the following artifacts:
2026-10-04T13:44:30.8768666Z - nbo-r16-menu-analysis-untouched_intermediate_d50_s3308926306-00-37204836544 (ID: 11305560123, Size: 19826827, Expected Digest: sha256:df55dab23225eac0b754f1aea8d950ecaa4ad41f0e5ff92388a3d8962154991e)
2026-10-04T13:44:30.8770051Z - nbo-r16-menu-analysis-untouched_intermediate_d50_s2427697457-00-37204836544 (ID: 11305505286, Size: 19828407, Expected Digest: sha256:4b46632e5fad8dd8623f73bef3988d23e29035d8c7e8aaf3dd59f9d93c4a839a)
2026-10-04T13:44:30.8771436Z - nbo-r16-menu-analysis-untouched_intermediate_d50_s4219929003-00-37204836544 (ID: 11305360585, Size: 19827858, Expected Digest: sha256:53b9c8e4b2ddce4c7c05e30f7f6e8a685b963f85ef97368035a6df106aa1c5a5)
2026-10-04T13:44:30.8776526Z - nbo-r16-menu-analysis-untouched_intermediate_d50_s2023679796-01-37204836544 (ID: 11305335016, Size: 7889579, Expected Digest: sha256:15d90cb4f9e4e5019042f0d6910aee3bbf8f16c36708e8e8a6d9e6bfd61beb72)
2026-10-04T13:44:30.8777962Z - nbo-r16-menu-analysis-untouched_intermediate_d50_s194396786-01-37204836544 (ID: 11305330547, Size: 7890143, Expected Digest: sha256:1a18cc1514fa85564ba5c29b20c6b2374db480bf9c615495af3eb32529fd89ee)
2026-10-04T13:44:30.8779348Z - nbo-r16-menu-analysis-untouched_intermediate_d50_s194396786-00-37204836544 (ID: 11305330543, Size: 19826842, Expected Digest: sha256:83a88f178ceef7397f77c35c364c1f5254a05aaa446595be2516d144c82b230d)
2026-10-04T13:44:30.8780944Z - nbo-r16-menu-analysis-untouched_intermediate_d50_s3443860912-00-37204836544 (ID: 11305315260, Size: 19825594, Expected Digest: sha256:f71a762d8041e9d6a7f92787b39ff996b3ccb60ba9f8ff6529107a06a82296c3)
2026-10-04T13:44:30.8782356Z - nbo-r16-menu-analysis-untouched_intermediate_d10_s3089473238-01-37204836544 (ID: 11305280157, Size: 7300407, Expected Digest: sha256:6a91bd6792ae496bbe272b283b0caeda39886cff9d25cea879dc1a7561cee66e)
2026-10-04T13:44:30.8783757Z - nbo-r16-menu-analysis-untouched_intermediate_d50_s3443860912-01-37204836544 (ID: 11305275383, Size: 7890072, Expected Digest: sha256:26f7b1efe1b28f1fd64db105b69d630a84841fd8eae6015d827ffd4c65825e55)
2026-10-04T13:44:30.8786033Z - nbo-r16-menu-analysis-untouched_intermediate_d50_s2427697457-01-37204836544 (ID: 11305270671, Size: 7888841, Expected Digest: sha256:7e28061aaa42b10ce71df80ddec9afd83a65b180d7d0a75f1142cd986f32066b)
2026-10-04T13:44:30.8787610Z - nbo-r16-menu-analysis-untouched_intermediate_d50_s2063512792-00-37204836544 (ID: 11305245263, Size: 19824420, Expected Digest: sha256:827dd84d940091ca28a81616ea36c666fd02db5593e8d6c7f86924ee13f602df)
2026-10-04T13:44:30.8789282Z - nbo-r16-menu-analysis-untouched_intermediate_d50_s1635636351-00-37204836544 (ID: 11305245199, Size: 19831120, Expected Digest: sha256:4bf2d00851cccb17c34be3b5a763bbc2cc9b20e4644e8414227908a1243dbecc)
2026-10-04T13:44:30.8790954Z - nbo-r16-menu-analysis-untouched_intermediate_d10_s782199465-01-37204836544 (ID: 11305220203, Size: 7300127, Expected Digest: sha256:e656f9c029ced56c8b14ef3364f0b0e1e44fadc89121134ff0da449cfd4cd97b)
2026-10-04T13:44:30.8792382Z - nbo-r16-menu-analysis-untouched_intermediate_d10_s1264292074-00-37204836544 (ID: 11305210382, Size: 16761481, Expected Digest: sha256:6e3ea911ecad8a3cc8164f91576517527d514af626f962263f30250075892743)
2026-10-04T13:44:30.8793876Z - nbo-r16-menu-analysis-untouched_intermediate_d10_s3641281291-01-37204836544 (ID: 11305200425, Size: 7300220, Expected Digest: sha256:f779805b5f2d714028f255162465ea07e2e8ee65229c095a3938c2d33054fc1d)
2026-10-04T13:44:30.8795359Z - nbo-r16-menu-analysis-untouched_intermediate_d10_s2427697457-00-37204836544 (ID: 11305200328, Size: 16761962, Expected Digest: sha256:03828bcc6051ef40a94e51a758780b20a60b59b8ae554d781d809a776844ec94)
2026-10-04T13:44:30.8796787Z - nbo-r16-menu-analysis-untouched_intermediate_d50_s3641281291-01-37204836544 (ID: 11305170468, Size: 7890017, Expected Digest: sha256:ede3f1058c503743ba6f8ce48825b41d51ab77356b285dea93f8607606561ae9)
2026-10-04T13:44:30.8798141Z - nbo-r16-menu-analysis-untouched_intermediate_d50_s1264292074-00-37204836544 (ID: 11305165344, Size: 19824927, Expected Digest: sha256:a47252ba834c398e20e550ce1a8defa4ab181737fce6d8f05c0b8a842cb87e67)
2026-10-04T13:44:30.8799597Z - nbo-r16-menu-analysis-untouched_intermediate_d50_s2063512792-01-37204836544 (ID: 11305140417, Size: 7889914, Expected Digest: sha256:92217085d282e0d8ddb24d713089c9319e7f2f99fe19e6be151c34de9dfd5385)
2026-10-04T13:44:30.8800975Z - nbo-r16-menu-analysis-untouched_intermediate_d50_s320343828-01-37204836544 (ID: 11305090729, Size: 7890496, Expected Digest: sha256:40bd491158ab8a1d7f70aa4d6bd461f514e2527b784a44af3a74c376e0eb1489)
2026-10-04T13:44:30.8803110Z - nbo-r16-menu-analysis-untouched_intermediate_d50_s320343828-00-37204836544 (ID: 11305085707, Size: 19826707, Expected Digest: sha256:14113ac3e6402262c47ed979acf29a079763d281e5cbbdf27f3f79b9370593aa)
2026-10-04T13:44:30.8805852Z - nbo-r16-menu-analysis-untouched_intermediate_d10_s2063512792-01-37204836544 (ID: 11305080528, Size: 7302057, Expected Digest: sha256:fa5cf5d1ffd149b01bbe9b2c22a591406a1c9567c123a9da65e8cd6f034dceae)
2026-10-04T13:44:30.8807232Z - nbo-r16-menu-analysis-untouched_intermediate_d10_s3176718348-00-37204836544 (ID: 11305065131, Size: 16760998, Expected Digest: sha256:e76228ba341b122975835e46834e0ae3737b42aa49b3267cf60bdc388eae4162)
2026-10-04T13:44:30.8808611Z - nbo-r16-menu-analysis-untouched_intermediate_d50_s2023679796-00-37204836544 (ID: 11305055489, Size: 19823112, Expected Digest: sha256:2107ba8a53865e4d945e0bf9ca141ada19e270b472c01743075864e98c664a30)
2026-10-04T13:44:30.8809829Z - nbo-r16-menu-analysis-long_reuse_d10_s194396786-01-37204836544 (ID: 11305035076, Size: 7451153, Expected Digest: sha256:218cbfc2f96b8e194062933401e8f07ac26b2c8624e8b3e8167801b6bd0df355)
2026-10-04T13:44:30.8811124Z - nbo-r16-menu-analysis-untouched_intermediate_d50_s782199465-00-37204836544 (ID: 11305026375, Size: 19830780, Expected Digest: sha256:cf61db2944fae5d7ae7f0e4979fa8c44292ceb043bc029404003400272f81d8a)
2026-10-04T13:44:30.8812766Z - nbo-r16-menu-analysis-untouched_intermediate_d50_s1635636351-01-37204836544 (ID: 11305020613, Size: 7891183, Expected Digest: sha256:60ba39d3ad985aefa1c98359b442fff5d979ed3064085c0c512c3e4ade95ef0e)
2026-10-04T13:44:30.8815423Z - nbo-r16-menu-analysis-long_reuse_d50_s320343828-01-37204836544 (ID: 11304975272, Size: 8028111, Expected Digest: sha256:7dfe01b0536a7ed7e421cc4f3050fae94df490cd7296ceb6d90389f8ae997f4a)
2026-10-04T13:44:30.8816886Z - nbo-r16-menu-analysis-untouched_intermediate_d10_s2023679796-01-37204836544 (ID: 11304960392, Size: 7300946, Expected Digest: sha256:b29e258999ffc7775a2ff127943171f76600e2d0aee7bf1a50f8770d73c117e7)
2026-10-04T13:44:30.8818446Z - nbo-r16-menu-analysis-untouched_intermediate_d10_s3641281291-00-37204836544 (ID: 11304956067, Size: 16759269, Expected Digest: sha256:679457521a6b8b9f909bdc3a28ec74c4e5bcb791c96a6a49974710220714d0ab)
2026-10-04T13:44:30.8819798Z - nbo-r16-menu-analysis-long_reuse_d50_s527701303-00-37204836544 (ID: 11304940263, Size: 20145428, Expected Digest: sha256:5db01fecdf29e5cf54c8868292bcc9c80d21dfb0c1804a3ee587d4465a747261)
2026-10-04T13:44:30.8821275Z - nbo-r16-menu-analysis-untouched_intermediate_d50_s527701303-00-37204836544 (ID: 11304935841, Size: 19825766, Expected Digest: sha256:cd1c50a521e1d345eb92e48311749f0a183974adc1f663d72ba4497d15696aad)
2026-10-04T13:44:30.8822606Z - nbo-r16-menu-analysis-untouched_intermediate_d10_s3176718348-01-37204836544 (ID: 11304930355, Size: 7300694, Expected Digest: sha256:05fa311824a770b05b8a1539d518de759b0ff3ce78d357255e38a702f0f1d617)
2026-10-04T13:44:30.8824139Z - nbo-r16-menu-analysis-quarterly_reuse_d50_s3089473238-00-37204836544 (ID: 11304910042, Size: 19949532, Expected Digest: sha256:fb8fc6851dd7fa207d9da12345dd044c7034064628da156df8afceaf31937c79)
2026-10-04T13:44:30.8825689Z - nbo-r16-menu-analysis-long_reuse_d10_s2427697457-00-37204836544 (ID: 11304905406, Size: 17090256, Expected Digest: sha256:001d6de48d90d75e1a9bfaa1e89368f5cbc0e46de3969031052c405cbe2037dd)
2026-10-04T13:44:30.8826984Z - nbo-r16-menu-analysis-quarterly_reuse_d50_s1264292074-01-37204836544 (ID: 11304895135, Size: 7942939, Expected Digest: sha256:01cd54fc9ad5f2506c54445e09acb34d849476d9c1f74c957556248c83f6120b)
2026-10-04T13:44:30.8828313Z - nbo-r16-menu-analysis-long_reuse_d50_s1264292074-00-37204836544 (ID: 11304890452, Size: 20138012, Expected Digest: sha256:b101ba015bea5048b8ed0bc1dad9e82c47b3cfdbc3ef3ac1f7092057cffe889c)
2026-10-04T13:44:30.8830001Z - nbo-r16-menu-analysis-long_reuse_d50_s1635636351-00-37204836544 (ID: 11304880354, Size: 20144030, Expected Digest: sha256:3c06198591f8b553237e327ecba05f57add7bbd77e3488901792a8f69a1bdda0)
2026-10-04T13:44:30.8831650Z - nbo-r16-menu-analysis-untouched_intermediate_d50_s1264292074-01-37204836544 (ID: 11304871032, Size: 7890392, Expected Digest: sha256:0e1d2f77578a4ce1f3495d1ed11f92c0196934c80a5b68e349258dcfa5a99525)
2026-10-04T13:44:30.8833354Z - nbo-r16-menu-analysis-long_reuse_d50_s3308926306-01-37204836544 (ID: 11304840475, Size: 8028213, Expected Digest: sha256:36f689a4659049e8f8e7906080f0d1bd511f298024e04968f34ef459a5defef5)
2026-10-04T13:44:30.8834976Z - nbo-r16-menu-analysis-untouched_intermediate_d10_s3308926306-00-37204836544 (ID: 11304831312, Size: 16761488, Expected Digest: sha256:64d2406f7a0f06c1dbf37518bc15560a95b8544090826c92b2e6a98f89a274d0)
2026-10-04T13:44:30.8836574Z - nbo-r16-menu-analysis-untouched_intermediate_d50_s3641281291-00-37204836544 (ID: 11304816237, Size: 19827099, Expected Digest: sha256:11249ab82e8d060d4b3658287d462a1c308325681e2f0ba39ca59fdcc4938503)
2026-10-04T13:44:30.8837966Z - nbo-r16-menu-analysis-quarterly_reuse_d50_s194396786-01-37204836544 (ID: 11304815206, Size: 7942416, Expected Digest: sha256:b138f7586c96ce003b92c935815fbb7f5401d86ce51f2633f449c10a2feca7ca)
2026-10-04T13:44:30.8839308Z - nbo-r16-menu-analysis-long_reuse_d10_s3641281291-00-37204836544 (ID: 11304800437, Size: 17091992, Expected Digest: sha256:c62137e0024965c8975c2470524ca044505d11ecbb685cd76d36c3635bbde98a)
2026-10-04T13:44:30.8840618Z - nbo-r16-menu-analysis-quarterly_reuse_d10_s3308926306-00-37204836544 (ID: 11304790112, Size: 16947995, Expected Digest: sha256:814a73cc2bc13b8abdc6345a5c2451f08303d4979ab49514bc37318693291a12)
2026-10-04T13:44:30.8842263Z - nbo-r16-menu-analysis-quarterly_reuse_d50_s782199465-00-37204836544 (ID: 11304785847, Size: 19950424, Expected Digest: sha256:7d1ccbb33c46f41f44c310e1e2827cb348102e4bb50673a9884a3f04fdbc1db5)
2026-10-04T13:44:30.8843654Z - nbo-r16-menu-analysis-long_reuse_d50_s3487691819-00-37204836544 (ID: 11304781112, Size: 20139687, Expected Digest: sha256:904571bb47e43adaffea3f7bb75d7e1153a630810f9affe930f23ceb0b2253da)
2026-10-04T13:44:30.8845015Z - nbo-r16-menu-analysis-quarterly_reuse_d10_s527701303-00-37204836544 (ID: 11304780229, Size: 16949147, Expected Digest: sha256:af68fba4b74c059b84240fda55c909ad39d3593f8fe6810957807920853515a9)
2026-10-04T13:44:30.8846294Z - nbo-r16-menu-analysis-untouched_intermediate_d10_s1635636351-00-37204836544 (ID: 11304776283, Size: 16761301, Expected Digest: sha256:5293dc129d52b743020fe72c765fa72ba0f6dcf8d5cca77ae65cdd8e1e21ef8e)
2026-10-04T13:44:30.8847694Z - nbo-r16-menu-analysis-original_low_d50_s4219929003-00-37204836544 (ID: 11304775082, Size: 19066611, Expected Digest: sha256:b7c32e180e7ca713b2e2fa902a39d3a1eb251fc70a58c3a70e37dc6a29f54135)
2026-10-04T13:44:30.8849507Z - nbo-r16-menu-analysis-untouched_intermediate_d50_s3487691819-00-37204836544 (ID: 11304771717, Size: 19824710, Expected Digest: sha256:8482c742f27df143586b5391a77a9da3fe08542ef2824c399da7020a5bdf47e2)
2026-10-04T13:44:30.8850849Z - nbo-r16-menu-analysis-quarterly_reuse_d10_s3176718348-01-37204836544 (ID: 11304770170, Size: 7385634, Expected Digest: sha256:00d636ddda0191b042358b2efdd9476668b5ba1bc5164cb31729b2ca2f34e20b)
2026-10-04T13:44:30.8852149Z - nbo-r16-menu-analysis-original_low_d50_s527701303-01-37204836544 (ID: 11304770134, Size: 7533600, Expected Digest: sha256:378b4409dc6498520fda31f4a25bf9f67d2851c9bb4772a204250dc92d08df97)
2026-10-04T13:44:30.8853588Z - nbo-r16-menu-analysis-original_low_d50_s3089473238-01-37204836544 (ID: 11304751224, Size: 7533912, Expected Digest: sha256:36162a70a449932c6fcd09bbacf0d83769af2dc8425090f5c9e2b6b389bdb586)
2026-10-04T13:44:30.8855109Z - nbo-r16-menu-analysis-original_low_d50_s2063512792-00-37204836544 (ID: 11304731272, Size: 19072114, Expected Digest: sha256:7d573a392b8d9d4e2055e5153f8e1d600494970d8e40bf5735b91f9f5b10ee2d)
2026-10-04T13:44:30.8856457Z - nbo-r16-menu-analysis-original_low_d10_s3176718348-00-37204836544 (ID: 11304726121, Size: 16042103, Expected Digest: sha256:9ccba33d0cf7811a71d6d1a2f699e0ee9e431ffe93ea757e0a0aeae4a4ca35c3)
2026-10-04T13:44:30.8857773Z - nbo-r16-menu-analysis-original_low_d50_s3443860912-01-37204836544 (ID: 11304716251, Size: 7533538, Expected Digest: sha256:0c7ea06d421b2c26adb02b8bd157a59399c09aba10181bc643f4f8e75508e225)
2026-10-04T13:44:30.8859170Z - nbo-r16-menu-analysis-long_reuse_d10_s320343828-01-37204836544 (ID: 11304712635, Size: 7451492, Expected Digest: sha256:24c45ea62b47027af5410dc306d010a20c3047b4ce7fb2199f5e99d5abdcbdeb)
2026-10-04T13:44:30.8860601Z - nbo-r16-menu-analysis-untouched_intermediate_d10_s194396786-00-37204836544 (ID: 11304708486, Size: 16762530, Expected Digest: sha256:ca64e38327d0dfe9bc2a342bd9d4f4e1f2790ec181ce14f2f6a6cd9c743e0eb8)
2026-10-04T13:44:30.8861999Z - nbo-r16-menu-analysis-untouched_intermediate_d50_s527701303-01-37204836544 (ID: 11304702592, Size: 7889486, Expected Digest: sha256:c8b2f7ffdcaa3141cc30c5f8c34d420fa3b4096e4d716196eb6681d8e778f308)
2026-10-04T13:44:30.8863354Z - nbo-r16-menu-analysis-quarterly_reuse_d50_s2063512792-01-37204836544 (ID: 11304701221, Size: 7942287, Expected Digest: sha256:a5a098ede39a8d7126c7562e8025a0558d319dc7c6dc10db5024a9f71a16df84)
2026-10-04T13:44:30.8865028Z - nbo-r16-menu-analysis-untouched_intermediate_d50_s3176718348-00-37204836544 (ID: 11304698789, Size: 19827427, Expected Digest: sha256:8ce0df4cecfb008711aa85105457de329e935ffccc57b2e3bf85c6599f12c70d)
2026-10-04T13:44:30.8866460Z - nbo-r16-menu-analysis-untouched_intermediate_d10_s3308926306-01-37204836544 (ID: 11304693343, Size: 7301417, Expected Digest: sha256:7d35e7a4bbbd34a102a2142d29ee38689ded225d1a0728fafeaa4951844993f7)
2026-10-04T13:44:30.8868121Z - nbo-r16-menu-analysis-long_reuse_d10_s2063512792-00-37204836544 (ID: 11304692508, Size: 17091233, Expected Digest: sha256:59c8e7f411b4c8a55c09cccb77aaf76a5499960bcff07a7902bf7ba162bf0bab)
2026-10-04T13:44:30.8869173Z - nbo-r16-menu-analysis-original_low_d10_s3308926306-00-37204836544 (ID: 11304691454, Size: 16042873, Expected Digest: sha256:e5765065cb5de5bc99cc23963255a0694f791caddad9b840e4fbf075eab4298e)
2026-10-04T13:44:30.8870291Z - nbo-r16-menu-analysis-untouched_intermediate_d50_s3089473238-01-37204836544 (ID: 11304688902, Size: 7891979, Expected Digest: sha256:d7dc2205c30c8f42a1b752ad613ee0bc2641e105667c1285a37b17dc11ed508e)
2026-10-04T13:44:30.8871664Z - nbo-r16-menu-analysis-long_reuse_d50_s3176718348-00-37204836544 (ID: 11304683024, Size: 20143694, Expected Digest: sha256:798027dae90516a9d45b93982a5fe6410ed74e138c5e1d188005900e8618465c)
2026-10-04T13:44:30.8872903Z - nbo-r16-menu-analysis-quarterly_reuse_d50_s3641281291-00-37204836544 (ID: 11304672616, Size: 19951123, Expected Digest: sha256:c6e3745752735bf221d6ec0b543ab1931bac6dd99ca261830211dcdfdd2a43f9)
2026-10-04T13:44:30.8874295Z - nbo-r16-menu-analysis-quarterly_reuse_d50_s3308926306-01-37204836544 (ID: 11304662662, Size: 7943053, Expected Digest: sha256:a2ebd0f6bb42efb57de91592493cf2db75713f89da9e97057e782e4eadc28b51)
2026-10-04T13:44:30.8875690Z - nbo-r16-menu-analysis-original_low_d50_s320343828-00-37204836544 (ID: 11304661844, Size: 19070629, Expected Digest: sha256:ceb8240ea6ffaf6195e054973a12593ff984bc1d5553c01a6dafb38b8111295b)
2026-10-04T13:44:30.8877141Z - nbo-r16-menu-analysis-quarterly_reuse_d50_s3487691819-00-37204836544 (ID: 11304657455, Size: 19950438, Expected Digest: sha256:90f36f9226831c96541aea2f6d2f38bd281edc6b48ca85629862764ecf2a2689)
2026-10-04T13:44:30.8878495Z - nbo-r16-menu-analysis-untouched_intermediate_d10_s782199465-00-37204836544 (ID: 11304648688, Size: 16762526, Expected Digest: sha256:1bb8afcd9bdc41fb5461f5cc03687cae5dbdf7a7e6b4dddefe0ba1f763652fda)
2026-10-04T13:44:30.8879871Z - nbo-r16-menu-analysis-long_reuse_d10_s320343828-00-37204836544 (ID: 11304648004, Size: 17096326, Expected Digest: sha256:8c252933fb4e136a17427aa4181c0fc39db97e77ef46dcb68ed8f3e1e205353e)
2026-10-04T13:44:30.8881367Z - nbo-r16-menu-analysis-long_reuse_d50_s2023679796-00-37204836544 (ID: 11304643311, Size: 20140406, Expected Digest: sha256:7b7f34ab935d1e4a1c25f03a2d1d08efddb5382cf175288a884e0145ace7d9e8)
2026-10-04T13:44:30.8882650Z - nbo-r16-menu-analysis-quarterly_reuse_d50_s3641281291-01-37204836544 (ID: 11304642774, Size: 7942302, Expected Digest: sha256:c97fc86bc4bd8f93f5c091443adfe9e8aaa41e01ca816885ad9f33eca1a04499)
2026-10-04T13:44:30.8884172Z - nbo-r16-menu-analysis-original_low_d50_s3487691819-01-37204836544 (ID: 11304641829, Size: 7533164, Expected Digest: sha256:94db641717bc9c858f414a4a94925c5579fc6757d49330062a838ced7780ce43)
2026-10-04T13:44:30.8885492Z - nbo-r16-menu-analysis-untouched_intermediate_d50_s3308926306-01-37204836544 (ID: 11304634467, Size: 7890684, Expected Digest: sha256:22cc96d6b00c6dbf6516f17247a26c1ca037912dda6f4630804e03bca7458b00)
2026-10-04T13:44:30.8886924Z - nbo-r16-menu-analysis-long_reuse_d50_s782199465-01-37204836544 (ID: 11304633455, Size: 8028524, Expected Digest: sha256:263f71dfb2219c2f94cb99762a7764b9028d62cafa5ff422d1fa269e5dac1028)
2026-10-04T13:44:30.8888194Z - nbo-r16-menu-analysis-quarterly_reuse_d10_s3641281291-01-37204836544 (ID: 11304632420, Size: 7385594, Expected Digest: sha256:77de40621b1f223c7aaadf534fa716560d1b22d63a916e70f77b19b11481aa9b)
2026-10-04T13:44:30.8889489Z - nbo-r16-menu-analysis-quarterly_reuse_d50_s4219929003-01-37204836544 (ID: 11304627683, Size: 7942320, Expected Digest: sha256:14bd1c7cd6145785fb846950d8b46d7f8a738c3024f9baa83caf758bd0b79499)
2026-10-04T13:44:30.8890826Z - nbo-r16-menu-analysis-quarterly_reuse_d50_s4219929003-00-37204836544 (ID: 11304612767, Size: 19947953, Expected Digest: sha256:bc6775c35bc6864363c9fbd91d277cf95d19c4125239b096648b9753206b77fb)
2026-10-04T13:44:30.8892098Z - nbo-r16-menu-analysis-long_reuse_d10_s3443860912-00-37204836544 (ID: 11304612748, Size: 17092918, Expected Digest: sha256:8e6a85b004de6267892b1a1a22cfe94a69d70b5f187e651de706c38e812de369)
2026-10-04T13:44:30.8893792Z - nbo-r16-menu-analysis-quarterly_reuse_d50_s3443860912-01-37204836544 (ID: 11304612618, Size: 7943831, Expected Digest: sha256:dd9d8cd17cc46116a770452832a38b46af9396cbb59a3493ff4afd076b3ee171)
2026-10-04T13:44:30.8895098Z - nbo-r16-menu-analysis-original_low_d50_s2063512792-01-37204836544 (ID: 11304611905, Size: 7535362, Expected Digest: sha256:b16558a59acf57f05f11c2d2504d252bea5582790f4f50139d012fdd1598d28c)
2026-10-04T13:44:30.8896362Z - nbo-r16-menu-analysis-long_reuse_d50_s2427697457-01-37204836544 (ID: 11304588452, Size: 8028727, Expected Digest: sha256:24a7f904379bc879644631acd03cdf9ca022b02baca4f53db9b7fe0067c780d1)
2026-10-04T13:44:30.8897667Z - nbo-r16-menu-analysis-quarterly_reuse_d50_s3176718348-01-37204836544 (ID: 11304587644, Size: 7942696, Expected Digest: sha256:535b90823f05d4b7964eb48aef6738f433babe5d0674bb7e0d0ae0ff66caca57)
2026-10-04T13:44:30.8899001Z - nbo-r16-menu-analysis-quarterly_reuse_d50_s2023679796-01-37204836544 (ID: 11304587572, Size: 7941818, Expected Digest: sha256:1ae14dc7f45046234b0deca11ead5b9b277ca394724b20c8030a7cdde7d946a2)
2026-10-04T13:44:30.8900340Z - nbo-r16-menu-analysis-quarterly_reuse_d50_s3089473238-01-37204836544 (ID: 11304582758, Size: 7941457, Expected Digest: sha256:d8dc68e354cd0e2c3f14bf0609e7d2721cc6988fe4a1c7a461ee566550bc739a)
2026-10-04T13:44:30.8901603Z - nbo-r16-menu-analysis-original_low_d10_s1635636351-01-37204836544 (ID: 11304581741, Size: 6949688, Expected Digest: sha256:5cb2a61fc8728075433f49c7d440f89e04385f1a00dc3c25d0fc736b72510031)
2026-10-04T13:44:30.8902894Z - nbo-r16-menu-analysis-original_low_d10_s320343828-01-37204836544 (ID: 11304581703, Size: 6949647, Expected Digest: sha256:94a06cf5ac6eabfea9abe8b42c4d07842e8f27be4538245f82c93f7960ab14dd)
2026-10-04T13:44:30.8904381Z - nbo-r16-menu-analysis-untouched_intermediate_d10_s194396786-01-37204836544 (ID: 11304578983, Size: 7300826, Expected Digest: sha256:3973626f832aa92e63a27a8377302ebd15427043aaeca2b24dd725ff422683fd)
2026-10-04T13:44:30.8905705Z - nbo-r16-menu-analysis-quarterly_reuse_d50_s782199465-01-37204836544 (ID: 11304577665, Size: 7943551, Expected Digest: sha256:8b944be796d706812a1c8ced9bd88bce7fd5f8e60685ef842d9ce9cfa058b273)
2026-10-04T13:44:30.8907065Z - nbo-r16-menu-analysis-untouched_intermediate_d10_s3487691819-00-37204836544 (ID: 11304573818, Size: 16759669, Expected Digest: sha256:185293bb19478df63335adbe15a514fb2b5a1c38f1060cd97d4cb7bf22be8ad1)
2026-10-04T13:44:30.8908399Z - nbo-r16-menu-analysis-original_low_d10_s3176718348-01-37204836544 (ID: 11304571853, Size: 6949794, Expected Digest: sha256:5226e8c128fb5f17096382f35c41a51a4bcf3e28f412daec17f5175c44b9ee8f)
2026-10-04T13:44:30.8909703Z - nbo-r16-menu-analysis-long_reuse_d10_s3176718348-00-37204836544 (ID: 11304562944, Size: 17094415, Expected Digest: sha256:93fbf9b3e6b08ada7e218aa736dd322383c37cc11f19a782f9e0003fbb03b16f)
2026-10-04T13:44:30.8910985Z - nbo-r16-menu-analysis-original_low_d10_s3089473238-01-37204836544 (ID: 11304561716, Size: 6950645, Expected Digest: sha256:82d6baff22953cb9057e102121ffd6088f40e57e1c5a90ae14e42d8703e6180a)
2026-10-04T13:44:30.8912284Z - nbo-r16-menu-analysis-untouched_intermediate_d50_s3089473238-00-37204836544 (ID: 11304559408, Size: 19825729, Expected Digest: sha256:bbd4117584eb90c30c64dc3e84af4e3cc42cf71c1fe4a8bff55b75b5dd8c0164)
2026-10-04T13:44:30.8913769Z - nbo-r16-menu-analysis-quarterly_reuse_d10_s3089473238-01-37204836544 (ID: 11304547409, Size: 7385929, Expected Digest: sha256:1c83ea47b19fa88a1018845274572bc2fbd6b032d2981e03560109a0357bf91f)
2026-10-04T13:44:30.8915059Z - nbo-r16-menu-analysis-untouched_intermediate_d10_s3443860912-00-37204836544 (ID: 11304538724, Size: 16766237, Expected Digest: sha256:e1e008d2390c7f5e9e980352d9ba13a56cba1494c30d40bb7a9f3f5f91797ed2)
2026-10-04T13:44:30.8916386Z - nbo-r16-menu-analysis-quarterly_reuse_d10_s3641281291-00-37204836544 (ID: 11304537517, Size: 16951031, Expected Digest: sha256:05e94ed8305f17419d999869b7f82f6f2e4ab0d0a8c198b5a3564913dc9c94c4)
2026-10-04T13:44:30.8918020Z - nbo-r16-menu-analysis-untouched_intermediate_d50_s4219929003-01-37204836544 (ID: 11304534760, Size: 7889918, Expected Digest: sha256:9a0129b028aff46bd26758c5524f760a635b49fb1c9ffd02191ff5d664ed4755)
2026-10-04T13:44:30.8919270Z - nbo-r16-menu-analysis-untouched_intermediate_d50_s782199465-01-37204836544 (ID: 11304534692, Size: 7889477, Expected Digest: sha256:1713653fbabf894a63f65ee32bd62fcb06ea4d36ff22f3f4a6bc7c9d3f2ca4ad)
2026-10-04T13:44:30.8920567Z - nbo-r16-menu-analysis-original_low_d10_s527701303-00-37204836544 (ID: 11304531917, Size: 16042647, Expected Digest: sha256:6e16f9f63b097fae93b818550229cc180920bb64c311ec1c57c6e0c4f59a6cdf)
2026-10-04T13:44:30.8921792Z - nbo-r16-menu-analysis-original_low_d10_s2427697457-00-37204836544 (ID: 11304526941, Size: 16040813, Expected Digest: sha256:54970cdd4fd1e1aa593382231b34f39a5952927128586608edd2d7b2d1497194)
2026-10-04T13:44:30.8923110Z - nbo-r16-menu-analysis-long_reuse_d50_s2023679796-01-37204836544 (ID: 11304523643, Size: 8027326, Expected Digest: sha256:bd0b05d0575e2cad6040aa636d4b1154c4323b7d042c1ff7bc594b84a8cf693c)
2026-10-04T13:44:30.8924506Z - nbo-r16-menu-analysis-original_low_d50_s2023679796-00-37204836544 (ID: 11304522162, Size: 19070122, Expected Digest: sha256:37a2c2528323d9efeedee29da16e6191bcb5529ae0f8098f7f2a6aa13ce0f2b9)
2026-10-04T13:44:30.8925771Z - nbo-r16-menu-analysis-original_low_d10_s527701303-01-37204836544 (ID: 11304522003, Size: 6950354, Expected Digest: sha256:66bbd2b5e481f1147d01034b4739f7ba02a0dab7e0c7a4252d9c88be015aebd0)
2026-10-04T13:44:30.8927105Z - nbo-r16-menu-analysis-quarterly_reuse_d10_s3443860912-00-37204836544 (ID: 11304512240, Size: 16952616, Expected Digest: sha256:9bc037363f9a69a26d5ac903059386605fdbd2fb1fea9c8152e0b0e7497b1fee)
2026-10-04T13:44:30.8928384Z - nbo-r16-menu-analysis-original_low_d10_s3641281291-01-37204836544 (ID: 11304511959, Size: 6949443, Expected Digest: sha256:8e67908b1d328f1141011518bc69916579b78eae470837ae2bf47eed89cba18e)
2026-10-04T13:44:30.8929649Z - nbo-r16-menu-analysis-untouched_intermediate_d10_s2427697457-01-37204836544 (ID: 11304509184, Size: 7301485, Expected Digest: sha256:9cd2d71084d7f2b4cd664c6177dff20adf1df0a09917fd6ba5d39f7853729ce6)
2026-10-04T13:44:30.8930970Z - nbo-r16-menu-analysis-quarterly_reuse_d10_s4219929003-00-37204836544 (ID: 11304502609, Size: 16949173, Expected Digest: sha256:a6cd226876ed7bbc98624977fb47a8dc0524a370dcd50fd48c02ce4c6630beb6)
2026-10-04T13:44:30.8932501Z - nbo-r16-menu-analysis-long_reuse_d50_s2063512792-00-37204836544 (ID: 11304498587, Size: 20142631, Expected Digest: sha256:6d77129c8496ad573c2295f62205b281fad8e3616c123ca6fb3e72851a4703e0)
2026-10-04T13:44:30.8933887Z - nbo-r16-menu-analysis-untouched_intermediate_d10_s1264292074-01-37204836544 (ID: 11304494220, Size: 7301267, Expected Digest: sha256:4dff9d71a7116b5bb4d17fd3652daac585ffd010cf0a5a269d079e226f85e847)
2026-10-04T13:44:30.8935178Z - nbo-r16-menu-analysis-original_low_d50_s320343828-01-37204836544 (ID: 11304492348, Size: 7534167, Expected Digest: sha256:f71010dcbb5810e32727de8575aa7fb036961a5960bfde72d21636641f80e1d5)
2026-10-04T13:44:30.8936535Z - nbo-r16-menu-analysis-untouched_intermediate_d10_s320343828-01-37204836544 (ID: 11304474403, Size: 7300114, Expected Digest: sha256:9e52883877b9a05f4a13089a1cdf9949790ce5fb2724b301f6deeca1fee3c778)
2026-10-04T13:44:30.8937913Z - nbo-r16-menu-analysis-untouched_intermediate_d10_s320343828-00-37204836544 (ID: 11304469521, Size: 16763143, Expected Digest: sha256:fe444dec31f84cf9ea89da9ab92f993d087a83f969ef315e683cb5af59800c9c)
2026-10-04T13:44:30.8939254Z - nbo-r16-menu-analysis-untouched_intermediate_d10_s527701303-00-37204836544 (ID: 11304469441, Size: 16762094, Expected Digest: sha256:e41ebb8239c8c9c0811d5bb2103eb5070c5136fb7816346a9bb7bba81278632f)
2026-10-04T13:44:30.8940585Z - nbo-r16-menu-analysis-long_reuse_d50_s3443860912-01-37204836544 (ID: 11304463814, Size: 8028102, Expected Digest: sha256:19e49faa590abc4f646766c529c3e8f2003aca9a90bd86a01bab5e8d5b65cef6)
2026-10-04T13:44:30.8942324Z - nbo-r16-menu-analysis-long_reuse_d10_s2063512792-01-37204836544 (ID: 11304463274, Size: 7450841, Expected Digest: sha256:fa81766efd129881689da74346af70fac3edf8df2b6e22e0360d22aa1536374e)
2026-10-04T13:44:30.8944040Z - nbo-r16-menu-analysis-quarterly_reuse_d50_s3308926306-00-37204836544 (ID: 11304458262, Size: 19953630, Expected Digest: sha256:629a7fec3fe756cbc196ddd387616993a419896decba59ab657bdbe1a7d434ed)
2026-10-04T13:44:30.8945328Z - nbo-r16-menu-analysis-quarterly_reuse_d10_s320343828-01-37204836544 (ID: 11304432976, Size: 7385865, Expected Digest: sha256:91749fc74f20244ecf6edb089f74b39059d5fb26055e42fba4d24fc19edcb430)
2026-10-04T13:44:30.8946588Z - nbo-r16-menu-analysis-long_reuse_d50_s2063512792-01-37204836544 (ID: 11304428931, Size: 8027884, Expected Digest: sha256:3ab1517dbdc84dc616c786697e88d94dd454804092e0f0689ade827e4e12ed6b)
2026-10-04T13:44:30.8947913Z - nbo-r16-menu-analysis-long_reuse_d10_s3308926306-01-37204836544 (ID: 11304428629, Size: 7450997, Expected Digest: sha256:7aa1bb777143bb0824a32ab6c3f62fc78758987541cea21d76da4880727eb24b)
2026-10-04T13:44:30.8949023Z - nbo-r16-menu-analysis-long_reuse_d50_s4219929003-01-37204836544 (ID: 11304419033, Size: 8027742, Expected Digest: sha256:b1ca74f9d5fbeacfcc0efd9490f777eb9adce069cac496609f52a2ff6afb0bac)
2026-10-04T13:44:30.8950028Z - nbo-r16-menu-analysis-long_reuse_d50_s2427697457-00-37204836544 (ID: 11304419013, Size: 20141711, Expected Digest: sha256:6d64b853a99d60145f561eeb980aa2af3d60a595a5cf0b32271fdc29db22fbff)
2026-10-04T13:44:30.8951224Z - nbo-r16-menu-analysis-original_low_d10_s194396786-00-37204836544 (ID: 11304417381, Size: 16041683, Expected Digest: sha256:68ceeff61460d19056a37c249d6b7054dfb273e9b0d179899792dc7f8be31032)
2026-10-04T13:44:30.8952708Z - nbo-r16-menu-analysis-untouched_intermediate_d50_s3176718348-01-37204836544 (ID: 11304409635, Size: 7888349, Expected Digest: sha256:1d2cb58101cbab5ff907a2b7549877d53cf2a3e09f95cdf7f3765e89d119a1e7)
2026-10-04T13:44:30.8954267Z - nbo-r16-menu-analysis-long_reuse_d50_s782199465-00-37204836544 (ID: 11304408999, Size: 20142409, Expected Digest: sha256:fecd79952aef71020e266ff97654b7c3edfe79f7fb94c4609823ba7f6b43d5c3)
2026-10-04T13:44:30.8955559Z - nbo-r16-menu-analysis-long_reuse_d10_s3176718348-01-37204836544 (ID: 11304403485, Size: 7452178, Expected Digest: sha256:6606dc8f1a24c18030962b89112866ea254c96dc6ce7816732c587fe5105e0b8)
2026-10-04T13:44:30.8956925Z - nbo-r16-menu-analysis-untouched_intermediate_d10_s4219929003-00-37204836544 (ID: 11304389452, Size: 16760508, Expected Digest: sha256:f0f604fdcd0fa293876e688a67ac745c6814d4d779564123643d6750f5d9f28c)
2026-10-04T13:44:30.8958320Z - nbo-r16-menu-analysis-original_low_d50_s2427697457-00-37204836544 (ID: 11304387688, Size: 19068815, Expected Digest: sha256:110a29130daacdd68edd834c5ea91abd77d0e8a92b5e198b399bd5d01906e108)
2026-10-04T13:44:30.8959609Z - nbo-r16-menu-analysis-long_reuse_d50_s3641281291-01-37204836544 (ID: 11304384189, Size: 8028557, Expected Digest: sha256:8864f125d2da6fab22840d45a518d1727eed3dbced57d326fcd12fb9b9eb65ca)
2026-10-04T13:44:30.8960891Z - nbo-r16-menu-analysis-long_reuse_d10_s3443860912-01-37204836544 (ID: 11304378479, Size: 7451425, Expected Digest: sha256:9f5b5ad6dc5612fba293973805fce1165193a0f0b846e80d0ff27900c2d4bfd9)
2026-10-04T13:44:30.8962172Z - nbo-r16-menu-analysis-long_reuse_d50_s3443860912-00-37204836544 (ID: 11304374036, Size: 20142500, Expected Digest: sha256:3bcb9d8d673d73a16b00a2ce95100d0788d5a2fc29ec471fc15995268c8d3ebe)
2026-10-04T13:44:30.8963616Z - nbo-r16-menu-analysis-original_low_d10_s2023679796-01-37204836544 (ID: 11304372363, Size: 6950107, Expected Digest: sha256:5e7b11255bebc37f6f271bb7561bced20c59b9f066ca78559534b743bd9b06a7)
2026-10-04T13:44:30.8964651Z - nbo-r16-menu-analysis-untouched_intermediate_d10_s2063512792-00-37204836544 (ID: 11304369390, Size: 16761488, Expected Digest: sha256:4237ee8e86c8b1ebb5e0d77a79fa179dcef7f2d8b66dfea93723543341018256)
2026-10-04T13:44:30.8965490Z - nbo-r16-menu-analysis-quarterly_reuse_d50_s3487691819-01-37204836544 (ID: 11304363333, Size: 7942343, Expected Digest: sha256:4bf4d176531e442c5774d7d19bae4ee21c12cb6d7c93066adc4e83ea2e3301ec)
2026-10-04T13:44:30.8966564Z - nbo-r16-menu-analysis-long_reuse_d50_s3176718348-01-37204836544 (ID: 11304358939, Size: 8027441, Expected Digest: sha256:eeecd5fad20edeae73658edf69d90c85c8f16209ecbd657b3f5f481f680e3d65)
2026-10-04T13:44:30.8967351Z - nbo-r16-menu-analysis-long_reuse_d10_s1635636351-01-37204836544 (ID: 11304358587, Size: 7451830, Expected Digest: sha256:32bd2298d0d28163e7f856922fd2861973b54ea46af30cd9ba48c2f9e085c039)
2026-10-04T13:44:30.8968136Z - nbo-r16-menu-analysis-quarterly_reuse_d10_s3487691819-00-37204836544 (ID: 11304357713, Size: 16949033, Expected Digest: sha256:016d5198de7799a5afdb1468b931ec2496dfc4daebc6e38b34556560a25a718b)
2026-10-04T13:44:30.8968922Z - nbo-r16-menu-analysis-long_reuse_d50_s194396786-00-37204836544 (ID: 11304347814, Size: 20140551, Expected Digest: sha256:8b1580777da4bac30ece4bbf2a52cf448d0a15dc92ba8f2a2f61f0cb91cf0dd0)
2026-10-04T13:44:30.8969693Z - nbo-r16-menu-analysis-long_reuse_d50_s3487691819-01-37204836544 (ID: 11304347736, Size: 8028369, Expected Digest: sha256:a8565ce0fb69011fa8d517595613c04e1878c3f15bbfaf69e8202f7443ecd522)
2026-10-04T13:44:30.8970483Z - nbo-r16-menu-analysis-untouched_intermediate_d10_s3089473238-00-37204836544 (ID: 11304344642, Size: 16761689, Expected Digest: sha256:46878adab9a837687dfb82be2c8920e7e575b9bce6faa706250397fa53c9be23)
2026-10-04T13:44:30.8971284Z - nbo-r16-menu-analysis-long_reuse_d10_s2427697457-01-37204836544 (ID: 11304343795, Size: 7452187, Expected Digest: sha256:4ff995fd086d505bba5c69aba33795f88bed0da86dfd029b28133f2cd3b2a62e)
2026-10-04T13:44:30.8972094Z - nbo-r16-menu-analysis-untouched_intermediate_d10_s4219929003-01-37204836544 (ID: 11304324582, Size: 7301696, Expected Digest: sha256:33e64ca2302b590c49255820f93cad7a96d1a3d5143f697f79b5dbc3be7210d3)
2026-10-04T13:44:30.8972894Z - nbo-r16-menu-analysis-long_reuse_d50_s3641281291-00-37204836544 (ID: 11304319330, Size: 20139060, Expected Digest: sha256:854b9cdd9ef127a7f776f60cb1ee73416062f57f9126b9885c268f8d845623c2)
2026-10-04T13:44:30.8973882Z - nbo-r16-menu-analysis-long_reuse_d10_s194396786-00-37204836544 (ID: 11304314029, Size: 17097740, Expected Digest: sha256:81ebbe6111ed9bf7954e2391ae8c1f22d4b1da8a2e8b3eb6ee2b85f9e9969ba3)
2026-10-04T13:44:30.8974804Z - nbo-r16-menu-analysis-quarterly_reuse_d10_s782199465-00-37204836544 (ID: 11304313059, Size: 16951222, Expected Digest: sha256:abcdf4be165bd1fbd825383a2b36eb1385b682dc8de6421f131bb8f69683f46a)
2026-10-04T13:44:30.8975592Z - nbo-r16-menu-analysis-quarterly_reuse_d10_s194396786-01-37204836544 (ID: 11304293112, Size: 7385120, Expected Digest: sha256:9e69065a38e43665a18b113b372758c77fc143aa40c99613771391dfec23002a)
2026-10-04T13:44:30.8976441Z - nbo-r16-menu-analysis-untouched_intermediate_d10_s527701303-01-37204836544 (ID: 11304289808, Size: 7300154, Expected Digest: sha256:dcd4494c6b49aa2a5c55acd38a403b2fa35d6b4666a0ea16e12ee8aa44544db8)
2026-10-04T13:44:30.8977242Z - nbo-r16-menu-analysis-original_low_d10_s1264292074-01-37204836544 (ID: 11304287614, Size: 6949820, Expected Digest: sha256:f7f4930415bcc64418cb8d566bdf9200527cf021a111c53858f9c9439ce68cc5)
2026-10-04T13:44:30.8978633Z - nbo-r16-menu-analysis-original_low_d50_s782199465-01-37204836544 (ID: 11304282827, Size: 7533538, Expected Digest: sha256:1b83b10cf288c28f131c5bda60c8daf3ae9e7b7592f393e9db6ec55757058185)
2026-10-04T13:44:30.8979908Z - nbo-r16-menu-analysis-original_low_d10_s4219929003-01-37204836544 (ID: 11304282480, Size: 6950210, Expected Digest: sha256:a869dd904831e5ba4b80a9b0126f196e75f44b25bdda7860b4c636422235cb90)
2026-10-04T13:44:30.8981556Z - nbo-r16-menu-analysis-quarterly_reuse_d50_s2023679796-00-37204836544 (ID: 11304278398, Size: 19949101, Expected Digest: sha256:94f0bfdf75cd0a68bf2425053ab7577fb991b056e5b1b9bb603d900177029e94)
2026-10-04T13:44:30.8982775Z - nbo-r16-menu-analysis-untouched_intermediate_d10_s3443860912-01-37204836544 (ID: 11304269466, Size: 7301006, Expected Digest: sha256:0da7b1612b9c81229db56902599562a4e978febd70e19ae9ca031674c6c97bbc)
2026-10-04T13:44:30.8984348Z - nbo-r16-menu-analysis-long_reuse_d10_s4219929003-01-37204836544 (ID: 11304268777, Size: 7451107, Expected Digest: sha256:96aa6724566cd448ac6c1d35df9dfae2d19a6573faa5d8ae2a6176e76a1e4614)
2026-10-04T13:44:30.8985161Z - nbo-r16-menu-analysis-quarterly_reuse_d50_s320343828-00-37204836544 (ID: 11304268718, Size: 19951649, Expected Digest: sha256:b49d97036192f00e29bd5522d7fa93401940a2849a533be1bc3508d438771790)
2026-10-04T13:44:30.8985939Z - nbo-r16-menu-analysis-quarterly_reuse_d10_s4219929003-01-37204836544 (ID: 11304258302, Size: 7386020, Expected Digest: sha256:56b203727200ba4ee0d98d09658cbcb85f53c2e36d2bf75b434a7fa13a701cf7)
2026-10-04T13:44:30.8986736Z - nbo-r16-menu-analysis-quarterly_reuse_d10_s3443860912-01-37204836544 (ID: 11304253063, Size: 7385530, Expected Digest: sha256:f44b036bdf54621df21dfa54dbe72d3ff6a400bf0a6ac07bfe9823ba95be16f5)
2026-10-04T13:44:30.8987569Z - nbo-r16-menu-analysis-original_low_d10_s2023679796-00-37204836544 (ID: 11304247599, Size: 16042613, Expected Digest: sha256:75ce02b0e2afaa6cb7a2d261a7c86c687e05c52b05ab5469b20903e1e77a196c)
2026-10-04T13:44:30.8988463Z - nbo-r16-menu-analysis-quarterly_reuse_d10_s782199465-01-37204836544 (ID: 11304243173, Size: 7385297, Expected Digest: sha256:ebaf3e727eb24b6c7ba5e2586d8271ae904d3ee0682f7ea7be28b76ad0b7dc6a)
2026-10-04T13:44:30.8989749Z - nbo-r16-menu-analysis-original_low_d50_s3487691819-00-37204836544 (ID: 11304242922, Size: 19069789, Expected Digest: sha256:79aa3d714859ab72637bff7100c0f304939626fae54874b62b215bc2c9f13e2b)
2026-10-04T13:44:30.8991137Z - nbo-r16-menu-analysis-original_low_d50_s1635636351-00-37204836544 (ID: 11304223046, Size: 19070218, Expected Digest: sha256:99ec776d4d80f310ea4bce786f7fdb0ce9e1be1fcfac3e708a6515361f645fee)
2026-10-04T13:44:30.8991957Z - nbo-r16-menu-analysis-long_reuse_d10_s3089473238-01-37204836544 (ID: 11304219146, Size: 7450623, Expected Digest: sha256:0c17170fd112ab816f38b3de101cb673ac8cff3e3c03b5a6ec22a22352739864)
2026-10-04T13:44:30.8992748Z - nbo-r16-menu-analysis-long_reuse_d10_s3487691819-00-37204836544 (ID: 11304218959, Size: 17094890, Expected Digest: sha256:533d4c066f3a63b51344291283ed5e3cfe3dec75ebba89b2cb5f6df269e10526)
2026-10-04T13:44:30.8994288Z - nbo-r16-menu-analysis-original_low_d10_s320343828-00-37204836544 (ID: 11304217805, Size: 16042742, Expected Digest: sha256:8e6b7346a7b145608f497251e75dc27e2dfff76fefb6976b2b710bf9304213ab)
2026-10-04T13:44:30.8995070Z - nbo-r16-menu-analysis-long_reuse_d50_s3089473238-00-37204836544 (ID: 11304214630, Size: 20141483, Expected Digest: sha256:2d5e4289476b00e9c7a308575962e26170465d44dd00dac091f5c33973674a94)
2026-10-04T13:44:30.8995980Z - nbo-r16-menu-analysis-original_low_d10_s4219929003-00-37204836544 (ID: 11304207704, Size: 16041938, Expected Digest: sha256:e453c58ce6f550169ccc4556a872a7f6c9a5117724dab7652d5cb7098489d33e)
2026-10-04T13:44:30.8997461Z - nbo-r16-menu-analysis-untouched_intermediate_d10_s3487691819-01-37204836544 (ID: 11304199814, Size: 7300638, Expected Digest: sha256:974b08b000898a1b56afedb8eef6ee4603f15633be365adb4ed321afa361d26b)
2026-10-04T13:44:30.8998731Z - nbo-r16-menu-analysis-long_reuse_d50_s3089473238-01-37204836544 (ID: 11304194729, Size: 8027133, Expected Digest: sha256:7883de91f9bd2901304ba7478fc4f203e4d3bc2f2871fc4148c1f949917cc914)
2026-10-04T13:44:30.8999929Z - nbo-r16-menu-analysis-quarterly_reuse_d50_s320343828-01-37204836544 (ID: 11304194080, Size: 7941843, Expected Digest: sha256:05cbf02d1e3f68b24783c92e2984c31b2c2ce07c67ea76fd21aaa2c32155ea1d)
2026-10-04T13:44:30.9001202Z - nbo-r16-menu-analysis-quarterly_reuse_d50_s3176718348-00-37204836544 (ID: 11304188707, Size: 19951027, Expected Digest: sha256:60700b3bc72d693618218bd668f3385794d2d3d77abed2999ca26eb7e6adcb2a)
2026-10-04T13:44:30.9002051Z - nbo-r16-menu-analysis-original_low_d50_s3443860912-00-37204836544 (ID: 11304187943, Size: 19069840, Expected Digest: sha256:696adef6907177814d690d967c13a54284e3f6a11f382b2c2ba900c4209494e7)
2026-10-04T13:44:30.9002823Z - nbo-r16-menu-analysis-original_low_d10_s3089473238-00-37204836544 (ID: 11304187764, Size: 16041527, Expected Digest: sha256:70cf81768aac5a40fad49102c9a318b891203d2bc5b07447ebefc5a2f6d7597d)
2026-10-04T13:44:30.9004117Z - nbo-r16-menu-analysis-long_reuse_d10_s3487691819-01-37204836544 (ID: 11304174202, Size: 7450986, Expected Digest: sha256:4186cd1ff4ecdfcb4b6c9677007c612fc2d9b1e3aedd7d26db91997ce41529dc)
2026-10-04T13:44:30.9004914Z - nbo-r16-menu-analysis-long_reuse_d50_s4219929003-00-37204836544 (ID: 11304169588, Size: 20141794, Expected Digest: sha256:445dd95d3a1915d34c9eb2d7e81fdfb1df3b90c6ec5b17e731149a639d5b26b0)
2026-10-04T13:44:30.9005686Z - nbo-r16-menu-analysis-long_reuse_d10_s3089473238-00-37204836544 (ID: 11304164330, Size: 17097651, Expected Digest: sha256:31db4b1f94ce6e01f08689c6098a08d60441e7477d064ef5b469476eb61fd294)
2026-10-04T13:44:30.9006687Z - nbo-r16-menu-analysis-original_low_d10_s3641281291-00-37204836544 (ID: 11304157942, Size: 16044011, Expected Digest: sha256:585f953edc6350c3d872e14bbf5313bf7808f99604e906b912ba5b3cc62faf7b)
2026-10-04T13:44:30.9007477Z - nbo-r16-menu-analysis-original_low_d10_s2427697457-01-37204836544 (ID: 11304148058, Size: 6949686, Expected Digest: sha256:02b032a9a8721a92408c55af72916105cee9c6b9ee908a3697515c48a224e412)
2026-10-04T13:44:30.9008247Z - nbo-r16-menu-analysis-original_low_d10_s3308926306-01-37204836544 (ID: 11304143161, Size: 6950950, Expected Digest: sha256:29d416b2a796cb4106e59887798babc025ea0a2febc4fa15b504fa25a52ea3b0)
2026-10-04T13:44:30.9009130Z - nbo-r16-menu-analysis-quarterly_reuse_d10_s3487691819-01-37204836544 (ID: 11304138556, Size: 7385472, Expected Digest: sha256:36d8b1a64d016cea4dd8b1b76d4c1a6bd9314c1aa5b91129fafe362da3527c7b)
2026-10-04T13:44:30.9009997Z - nbo-r16-menu-analysis-original_low_d10_s1635636351-00-37204836544 (ID: 11304138206, Size: 16043210, Expected Digest: sha256:d0aaacb54fdd8c5db281235434b9e370389991ca0532eae495e8d75980018533)
2026-10-04T13:44:30.9010876Z - nbo-r16-menu-analysis-long_reuse_d10_s4219929003-00-37204836544 (ID: 11304114509, Size: 17092528, Expected Digest: sha256:45c1c148fa6b22a18680e90fdf43f491fc09a11539696abce8e8d9a4b46c9a69)
2026-10-04T13:44:30.9011658Z - nbo-r16-menu-analysis-long_reuse_d10_s1635636351-00-37204836544 (ID: 11304109506, Size: 17092175, Expected Digest: sha256:85530e050ab92bac3cf642bb06667f60f6c86dfc1d90f75b0889d3c3669cf753)
2026-10-04T13:44:30.9012454Z - nbo-r16-menu-analysis-quarterly_reuse_d50_s1264292074-00-37204836544 (ID: 11304109266, Size: 19948195, Expected Digest: sha256:6deabae23077afdfe9f27a1dc6321d7adae7c7714ef9165cc6551d669fe9fcd6)
2026-10-04T13:44:30.9013242Z - nbo-r16-menu-analysis-original_low_d50_s1635636351-01-37204836544 (ID: 11304108479, Size: 7533373, Expected Digest: sha256:82a07e0723d77469a047f02a4e890beae0127a76380e64127d9b687a850a19eb)
2026-10-04T13:44:30.9014231Z - nbo-r16-menu-analysis-original_low_d50_s2023679796-01-37204836544 (ID: 11304108365, Size: 7533759, Expected Digest: sha256:da47d40d16c18c607ec9d61a18d24b8fc768bbeab1968d2dfe26cd586c3e683b)
2026-10-04T13:44:30.9015005Z - nbo-r16-menu-analysis-original_low_d10_s1264292074-00-37204836544 (ID: 11304103319, Size: 16043413, Expected Digest: sha256:395afd0f73687115115ab322ae9969b81667ce5de37c5abbac6e0bf051f11924)
2026-10-04T13:44:30.9015934Z - nbo-r16-menu-analysis-quarterly_reuse_d10_s320343828-00-37204836544 (ID: 11304094110, Size: 16949053, Expected Digest: sha256:af3978fa7ad413ee729c00aead29d182f1af0dd72cfe325b0e6835cdb7da9243)
2026-10-04T13:44:30.9016880Z - nbo-r16-menu-analysis-quarterly_reuse_d10_s2063512792-00-37204836544 (ID: 11304083744, Size: 16951304, Expected Digest: sha256:5eff75504f2b82dd8b4aa0aa790b064fd4e4f7ddd6540a4039a027343546014f)
2026-10-04T13:44:30.9017663Z - nbo-r16-menu-analysis-long_reuse_d10_s3308926306-00-37204836544 (ID: 11304074909, Size: 17091878, Expected Digest: sha256:862906b51d4bafec332ddf9459a9de16191a9a1d9274cd5d57033b7d3ae85319)
2026-10-04T13:44:30.9018435Z - nbo-r16-menu-analysis-quarterly_reuse_d50_s3443860912-00-37204836544 (ID: 11304074532, Size: 19947594, Expected Digest: sha256:8113545d211b297113551b171f7385033fdc3229e9aacd106f109e7254d98f85)
2026-10-04T13:44:30.9019351Z - nbo-r16-menu-analysis-original_low_d50_s2427697457-01-37204836544 (ID: 11304073947, Size: 7533671, Expected Digest: sha256:8129b89e7391a7fd9f39715fc2c940533bcc3abe1ac711b2ed8c629b48da4569)
2026-10-04T13:44:30.9020417Z - nbo-r16-menu-analysis-quarterly_reuse_d10_s2063512792-01-37204836544 (ID: 11304069018, Size: 7385601, Expected Digest: sha256:64826b8dc451a905aaed36646c6564f660dfc355a69b5001aff1529223f3427d)
2026-10-04T13:44:30.9021203Z - nbo-r16-menu-analysis-quarterly_reuse_d10_s2023679796-01-37204836544 (ID: 11304062672, Size: 7386415, Expected Digest: sha256:2e833f50caf11d532b0e88d27654c50fd96073830b870ee3074492cb6fda5765)
2026-10-04T13:44:30.9021995Z - nbo-r16-menu-analysis-original_low_d50_s194396786-01-37204836544 (ID: 11304062565, Size: 7533772, Expected Digest: sha256:fe28076dcecde3d6daeb26e744d667f08463a314c8f0f9770549b5e40aa876fb)
2026-10-04T13:44:30.9022784Z - nbo-r16-menu-analysis-original_low_d50_s1264292074-01-37204836544 (ID: 11304062543, Size: 7533260, Expected Digest: sha256:28c0c88776707e19314c3f3f16b9f9c7c8ad788dc0a644ca67342e17b333f459)
2026-10-04T13:44:30.9023713Z - nbo-r16-menu-analysis-quarterly_reuse_d10_s3089473238-00-37204836544 (ID: 11304059461, Size: 16950180, Expected Digest: sha256:836fc8c7309f4d4673c08f838014aa6f0487169523fed64cc8a423f0db9b0624)
2026-10-04T13:44:30.9024528Z - nbo-r16-menu-analysis-quarterly_reuse_d10_s194396786-00-37204836544 (ID: 11304049478, Size: 16947774, Expected Digest: sha256:539746a2d70c901ebddcd21e9094c4a35d0a4c67cc3418b480b20a4df106eab1)
2026-10-04T13:44:30.9025327Z - nbo-r16-menu-analysis-original_low_d50_s782199465-00-37204836544 (ID: 11304039237, Size: 19071336, Expected Digest: sha256:e42ed91f060f36de1c0adbed5871916dd21fa1ce265079420317a7434055f6a9)
2026-10-04T13:44:30.9026148Z - nbo-r16-menu-analysis-untouched_intermediate_d50_s3487691819-01-37204836544 (ID: 11304014691, Size: 7888883, Expected Digest: sha256:547d265d9bb9b1b89c23a944d855e0939c20d3c6e42b890e335b0c16a41f15d4)
2026-10-04T13:44:30.9026966Z - nbo-r16-menu-analysis-original_low_d10_s194396786-01-37204836544 (ID: 11303999336, Size: 6950923, Expected Digest: sha256:7074cdf4591d77676dfdd7f119750b22ad049f66abb0b24a101fadb707dc57ec)
2026-10-04T13:44:30.9027748Z - nbo-r16-menu-analysis-long_reuse_d50_s320343828-00-37204836544 (ID: 11303984359, Size: 20141244, Expected Digest: sha256:dfd409146734612a87b1718bd120789eeb953db7fe7a9a49214c5cc6281f47e3)
2026-10-04T13:44:30.9028534Z - nbo-r16-menu-analysis-quarterly_reuse_d10_s1635636351-00-37204836544 (ID: 11303973421, Size: 16948918, Expected Digest: sha256:3f0e77b7e77e67a2c2334c2af993cb25c3b62afd2176833e01cb967fbb77e0a1)
2026-10-04T13:44:30.9029364Z - nbo-r16-menu-analysis-long_reuse_d50_s527701303-01-37204836544 (ID: 11303959414, Size: 8027827, Expected Digest: sha256:e83523f6f1800ad3e00edaf3cd723c2947e5a9ad2353585b2ef4e3d5134d9556)
2026-10-04T13:44:30.9030140Z - nbo-r16-menu-analysis-quarterly_reuse_d10_s1264292074-01-37204836544 (ID: 11303948614, Size: 7385993, Expected Digest: sha256:22d9d585b31893057feecff02a1d1a7167daa14eae677ca9aac143ed775c28e6)
2026-10-04T13:44:30.9030977Z - nbo-r16-menu-analysis-long_reuse_d10_s1264292074-00-37204836544 (ID: 11303944007, Size: 17097025, Expected Digest: sha256:33ba5d5e697e90a9926466d536257b259f3229befda26208ba7b2a1221f7f424)
2026-10-04T13:44:30.9031730Z - nbo-r16-menu-analysis-quarterly_reuse_d50_s1635636351-01-37204836544 (ID: 11303943791, Size: 7941405, Expected Digest: sha256:97f49177a517441dfcc459aa412b4c0774d4503eb87623034d205cb12243e929)
2026-10-04T13:44:30.9032553Z - nbo-r16-menu-analysis-quarterly_reuse_d10_s527701303-01-37204836544 (ID: 11303933615, Size: 7386059, Expected Digest: sha256:4527a0598d38aa6b912f2fe217f3d1f0981a80610d4ea59ec532164370dcd84d)
2026-10-04T13:44:30.9033660Z - nbo-r16-menu-analysis-original_low_d10_s2063512792-01-37204836544 (ID: 11303923150, Size: 6950919, Expected Digest: sha256:1a3b4859245741033a6a463c9a5a1fbeb6fea6272aab809ad3e7404af0714f56)
2026-10-04T13:44:30.9035163Z - nbo-r16-menu-analysis-long_reuse_d10_s1264292074-01-37204836544 (ID: 11303904402, Size: 7451609, Expected Digest: sha256:4b5a0316bf43c5ca7ad32cc58fe1a98b7415999bb7b057c2abbc6952d66cd171)
2026-10-04T13:44:30.9036858Z - nbo-r16-menu-analysis-long_reuse_d10_s2023679796-00-37204836544 (ID: 11303904358, Size: 17090180, Expected Digest: sha256:a999275612f28dc55f59e8138e5bd21e6f514239c5066e4d5a5e5e9b88d74aa4)
2026-10-04T13:44:30.9038109Z - nbo-r16-menu-analysis-original_low_d50_s3641281291-01-37204836544 (ID: 11303903733, Size: 7533974, Expected Digest: sha256:b74b00e5cceae9ddbb889c46b0a58099cfe3ff1b9318fe499d64a19f864d1f86)
2026-10-04T13:44:30.9039559Z - nbo-r16-menu-analysis-original_low_d10_s3487691819-00-37204836544 (ID: 11303898519, Size: 16044105, Expected Digest: sha256:dc4112d49bcf4a9af0d74d19e12be7adc68801483debd3bb2a028c33c0d9d84e)
2026-10-04T13:44:30.9040496Z - nbo-r16-menu-analysis-untouched_intermediate_d10_s2023679796-00-37204836544 (ID: 11303894855, Size: 16762770, Expected Digest: sha256:ae75cd88d6bd5e99d5591bdd98cee4e504b82c0a54e2614ead9e53a3e481bc9e)
2026-10-04T13:44:30.9041382Z - nbo-r16-menu-analysis-untouched_intermediate_d10_s1635636351-01-37204836544 (ID: 11303894816, Size: 7300575, Expected Digest: sha256:826376334e724bfd73ed078b4825d9ee2165be3c5af3764e8e67796976126cd5)
2026-10-04T13:44:30.9042185Z - nbo-r16-menu-analysis-long_reuse_d10_s782199465-01-37204836544 (ID: 11303884186, Size: 7451316, Expected Digest: sha256:03d77a5249ea5382ca96a9c3feb72d9d17e06123605e929e401c3c7aa9378816)
2026-10-04T13:44:30.9043078Z - nbo-r16-menu-analysis-quarterly_reuse_d50_s2427697457-01-37204836544 (ID: 11303879191, Size: 7943241, Expected Digest: sha256:adb431157f8594cd8d240a1bfd1a4efff88109e3a6a1ef9bbee3d9970209b2ca)
2026-10-04T13:44:30.9044208Z - nbo-r16-menu-analysis-quarterly_reuse_d50_s194396786-00-37204836544 (ID: 11303874405, Size: 19949713, Expected Digest: sha256:762516e1f736da64922775f4769055b106001161205b02c0525ad383e8c501ed)
2026-10-04T13:44:30.9044985Z - nbo-r16-menu-analysis-original_low_d50_s3641281291-00-37204836544 (ID: 11303873840, Size: 19068080, Expected Digest: sha256:4dd9ae5467f7aac311a6c9558680418347f34563bcb7cc4f125fab7634b2cecc)
2026-10-04T13:44:30.9045781Z - nbo-r16-menu-analysis-quarterly_reuse_d50_s527701303-01-37204836544 (ID: 11303869325, Size: 7942181, Expected Digest: sha256:334545236d7f428b240af784fbc152d8ca4ec5b64ca5aea2df375867de3fe1e8)
2026-10-04T13:44:30.9046621Z - nbo-r16-menu-analysis-quarterly_reuse_d50_s1635636351-00-37204836544 (ID: 11303869276, Size: 19949444, Expected Digest: sha256:36b156bc4bb6513986644f7e4d9880fcc82fe4be528a54db05f215d2e996f327)
2026-10-04T13:44:30.9047408Z - nbo-r16-menu-analysis-original_low_d10_s3443860912-01-37204836544 (ID: 11303868493, Size: 6950003, Expected Digest: sha256:95840034cb5051ff0ac5f05a7ccb5192e7abac9007afdc2d55662b3aa9f3bb94)
2026-10-04T13:44:30.9048300Z - nbo-r16-menu-analysis-original_low_d50_s3176718348-00-37204836544 (ID: 11303858702, Size: 19069072, Expected Digest: sha256:bcc55556b05bc129d89ba87e94073ca1a65e1e99b3acefb138e2c64abc80403b)
2026-10-04T13:44:30.9049073Z - nbo-r16-menu-analysis-long_reuse_d50_s194396786-01-37204836544 (ID: 11303854890, Size: 8028139, Expected Digest: sha256:22a801dc1731c77608f23e1eac85beec2f13192a53980b5c88d8f561f33619a3)
2026-10-04T13:44:30.9050009Z - nbo-r16-menu-analysis-original_low_d10_s3487691819-01-37204836544 (ID: 11303848562, Size: 6951561, Expected Digest: sha256:453346c565fc81ff75097b3f8c586af0ddf9f4b1525bf729982f4b5211796442)
2026-10-04T13:44:30.9051042Z - nbo-r16-menu-analysis-long_reuse_d50_s1264292074-01-37204836544 (ID: 11303844870, Size: 8027315, Expected Digest: sha256:985f7e48dfe804cbf130fe6748c12207c778531e2cb45d47ca4018d145a37982)
2026-10-04T13:44:30.9051812Z - nbo-r16-menu-analysis-quarterly_reuse_d10_s1635636351-01-37204836544 (ID: 11303843977, Size: 7385547, Expected Digest: sha256:918c1404a80c594a9a1240c63d0492c61d79d86ae6180e7bc849be1812c40de4)
2026-10-04T13:44:30.9052922Z - nbo-r16-menu-analysis-long_reuse_d50_s1635636351-01-37204836544 (ID: 11303839714, Size: 8028824, Expected Digest: sha256:9297d375c1c0b1a140d89a2e7a038b6664b12232ac2d2fe7d0b36419eb14ba2b)
2026-10-04T13:44:30.9054155Z - nbo-r16-menu-analysis-original_low_d50_s3308926306-00-37204836544 (ID: 11303828754, Size: 19068324, Expected Digest: sha256:7f2010cdb9e82d01ac33612775dec27a836cd55f45cdcafdb497508d3206cc5b)
2026-10-04T13:44:30.9055082Z - nbo-r16-menu-analysis-quarterly_reuse_d10_s2427697457-01-37204836544 (ID: 11303819097, Size: 7385241, Expected Digest: sha256:43bae9307a4f8c27a7e7f760d8b1bd520c794152dda186e6d5cdbacbbb7cedfb)
2026-10-04T13:44:30.9055936Z - nbo-r16-menu-analysis-long_reuse_d50_s3308926306-00-37204836544 (ID: 11303814968, Size: 20141842, Expected Digest: sha256:3e3d53fa831296de2fb2eeb149cb06c82c2748664d8a3933a135774e5af5c366)
2026-10-04T13:44:30.9056775Z - nbo-r16-menu-analysis-long_reuse_d10_s527701303-00-37204836544 (ID: 11303814735, Size: 17094834, Expected Digest: sha256:03ed84b485b62ab4278e2fb71fec0750babd5d51a2cb3c9023dc216a0a46e564)
2026-10-04T13:44:30.9057694Z - nbo-r16-menu-analysis-long_reuse_d10_s527701303-01-37204836544 (ID: 11303809808, Size: 7451059, Expected Digest: sha256:5427daeaabfc9d24a7896571b6a70f555a9430ec21ab6397c5e3fd26bda87c43)
2026-10-04T13:44:30.9058611Z - nbo-r16-menu-analysis-original_low_d10_s3443860912-00-37204836544 (ID: 11303808804, Size: 16040910, Expected Digest: sha256:3e1b87dc580d0f5c53f2b3ceec6509100aa4ccde1f2d1fe3480132008254f0e7)
2026-10-04T13:44:30.9059484Z - nbo-r16-menu-analysis-original_low_d10_s2063512792-00-37204836544 (ID: 11303803570, Size: 16044177, Expected Digest: sha256:bb145135dd463b87c806a5a0983af27ae23f7889091be02b8c1bbf6e32318c39)
2026-10-04T13:44:30.9060492Z - nbo-r16-menu-analysis-original_low_d50_s527701303-00-37204836544 (ID: 11303799026, Size: 19069358, Expected Digest: sha256:b938050f6f77b703edc541c5f69da6d7fff079efab06b8b32f4a9999afb1fb6f)
2026-10-04T13:44:30.9061561Z - nbo-r16-menu-analysis-long_reuse_d10_s782199465-00-37204836544 (ID: 11303794500, Size: 17095599, Expected Digest: sha256:a57352dd6897802d214a7eb1b565245cb4cb9389aa3fc57f2667153664f10c01)
2026-10-04T13:44:30.9062548Z - nbo-r16-menu-analysis-original_low_d50_s4219929003-01-37204836544 (ID: 11303788915, Size: 7533989, Expected Digest: sha256:7e9edbc1fbc24cb17205bb05b3bb888b9bf474d1be253bebf560dd986c430315)
2026-10-04T13:44:30.9063741Z - nbo-r16-menu-analysis-quarterly_reuse_d10_s3176718348-00-37204836544 (ID: 11303783967, Size: 16951752, Expected Digest: sha256:58d9f0d92627042c9cbff1930cbb14f0166898a5122983518dafdaaac0553b0e)
2026-10-04T13:44:30.9065228Z - nbo-r16-menu-analysis-original_low_d50_s3308926306-01-37204836544 (ID: 11303748907, Size: 7533958, Expected Digest: sha256:d1254f6262897f8be9b3a959d0dc14cc9a32aa5bfe55c7b70a87f9f15c9c320c)
2026-10-04T13:44:30.9066755Z - nbo-r16-menu-analysis-long_reuse_d10_s2023679796-01-37204836544 (ID: 11303739713, Size: 7451987, Expected Digest: sha256:9d776cf80a4fbdf31a59d798bd279e9f7c24e7490c8a90392c56fb13f7bbdaa7)
2026-10-04T13:44:30.9068254Z - nbo-r16-menu-analysis-original_low_d50_s3176718348-01-37204836544 (ID: 11303729027, Size: 7533966, Expected Digest: sha256:65fa419c4928192fe5421f1ba30b8535eeb9304fc082ed90c6d44186a3670bb5)
2026-10-04T13:44:30.9069904Z - nbo-r16-menu-analysis-original_low_d50_s1264292074-00-37204836544 (ID: 11303714169, Size: 19068697, Expected Digest: sha256:e84a0f198a1d64ac72f5397afb7c46119d96d2531753af6b6a010ea229197399)
2026-10-04T13:44:30.9071076Z - nbo-r16-menu-analysis-long_reuse_d10_s3641281291-01-37204836544 (ID: 11303704736, Size: 7451377, Expected Digest: sha256:69e224b77a4134b6c62edc5134be584fc357aa14bc3a2599e50f01e1cb5362a1)
2026-10-04T13:44:30.9072101Z - nbo-r16-menu-analysis-quarterly_reuse_d50_s527701303-00-37204836544 (ID: 11303694641, Size: 19950664, Expected Digest: sha256:434174251787bddb39e10012aaafbe11fdda780be6b6524072ebd898ff44bd89)
2026-10-04T13:44:30.9072987Z - nbo-r16-menu-analysis-original_low_d10_s782199465-01-37204836544 (ID: 11303648925, Size: 6951388, Expected Digest: sha256:63f9077346e96798abd5c6636e42c192eba76526949244b4c7cc41be18dfb30e)
2026-10-04T13:44:30.9074032Z - nbo-r16-menu-analysis-quarterly_reuse_d50_s2063512792-00-37204836544 (ID: 11303624447, Size: 19952493, Expected Digest: sha256:7e31569cf6bee80dd36d70f97287c3d1928e29ceb11e75d82f21cbbff76ccc65)
2026-10-04T13:44:30.9075151Z - nbo-r16-menu-analysis-original_low_d50_s3089473238-00-37204836544 (ID: 11303619415, Size: 19070363, Expected Digest: sha256:5c052a483a4b59c23f4d6f55685c0fd805c0dba41d0405c251d686998bb5f6ab)
2026-10-04T13:44:30.9076053Z - nbo-r16-menu-analysis-quarterly_reuse_d10_s2427697457-00-37204836544 (ID: 11303599444, Size: 16951392, Expected Digest: sha256:b26444beecac1d34801f1e246280a2cd1bc019cfacee603ae3a12cc21fc30818)
2026-10-04T13:44:30.9077236Z - nbo-r16-menu-analysis-original_low_d10_s782199465-00-37204836544 (ID: 11303599041, Size: 16042208, Expected Digest: sha256:88473095a3cd70d8d5eb173937df94affb918cab7ff6d912c02fcd42dd3bec5e)
2026-10-04T13:44:30.9078639Z - nbo-r16-menu-analysis-quarterly_reuse_d50_s2427697457-00-37204836544 (ID: 11303574892, Size: 19950325, Expected Digest: sha256:1421c0447c738c6eda4adbbea89585816037585979530ca9ea7462979abfb563)
2026-10-04T13:44:30.9080332Z - nbo-r16-menu-analysis-quarterly_reuse_d10_s1264292074-00-37204836544 (ID: 11303534688, Size: 16950250, Expected Digest: sha256:c675b0c54a8b52b3ea46660b3deba7da107a56dbf68d361dd22cbb1bf2c85472)
2026-10-04T13:44:30.9081857Z - nbo-r16-menu-analysis-quarterly_reuse_d10_s2023679796-00-37204836544 (ID: 11303494804, Size: 16949938, Expected Digest: sha256:deea81fac325edc377c6fc0b76d92f0640771df95acc04b06777ff5d9ed7f11a)
2026-10-04T13:44:30.9083240Z - nbo-r16-menu-analysis-original_low_d50_s194396786-00-37204836544 (ID: 11303484789, Size: 19069093, Expected Digest: sha256:55ee28751035ac635804757575c8713e2338961a2eda22c791050db9d1c8e46f)
2026-10-04T13:44:30.9084315Z - nbo-r16-menu-analysis-quarterly_reuse_d10_s3308926306-01-37204836544 (ID: 11303479875, Size: 7385460, Expected Digest: sha256:3a002b95df03d6bfe59fcbf0c10a8e22cbf75ce0bef6b4cbe601059ef0fd0642)
2026-10-04T13:44:30.9885961Z Redirecting to blob download url: https://productionresultssa10.blob.core.windows.net/actions-results/f247fafb-9db1-8749-985f-c6a4f2e7179c/workflow-job-run-3a8c4a21-4eaa-534b-a9a8-d2f25d8c3607/artifacts/58903eddcdbf90a68c1ad8c82a4eed9fb8f0dde009191cbd72c763783e6a5945.zip
2026-10-04T13:44:30.9887541Z Starting download of artifact to: /home/runner/work/_temp/menu-analysis-parts/nbo-r16-menu-analysis-untouched_intermediate_d50_s2427697457-00-37204836544
2026-10-04T13:44:31.0816579Z Redirecting to blob download url: https://productionresultssa10.blob.core.windows.net/actions-results/f247fafb-9db1-8749-985f-c6a4f2e7179c/workflow-job-run-ff75f333-c655-54e0-8212-5e216c81da8b/artifacts/8ce634babbc81dc64f24b05f0cd5b1eb35f80634fb6a4bb8eb980d73a850b146.zip
2026-10-04T13:44:31.0817699Z Starting download of artifact to: /home/runner/work/_temp/menu-analysis-parts/nbo-r16-menu-analysis-untouched_intermediate_d50_s3641281291-01-37204836544
2026-10-04T13:44:31.0850925Z Redirecting to blob download url: https://productionresultssa10.blob.core.windows.net/actions-results/f247fafb-9db1-8749-985f-c6a4f2e7179c/workflow-job-run-26700194-2877-5ce0-87dd-1523c0dd868d/artifacts/1a7f974b97f5e56ce716b3e2f310970d8c857b016547189826c122d3cda22310.zip
2026-10-04T13:44:31.0852426Z Starting download of artifact to: /home/runner/work/_temp/menu-analysis-parts/nbo-r16-menu-analysis-untouched_intermediate_d50_s3443860912-01-37204836544
2026-10-04T13:44:31.0868732Z Redirecting to blob download url: https://productionresultssa10.blob.core.windows.net/actions-results/f247fafb-9db1-8749-985f-c6a4f2e7179c/workflow-job-run-189faf61-ff65-5b2f-b076-edb31b6a148d/artifacts/e8969181070d704f0258a53aca62f0fd3b7e0f2a1778452a0724ecc9451580b8.zip
2026-10-04T13:44:31.0870356Z Starting download of artifact to: /home/runner/work/_temp/menu-analysis-parts/nbo-r16-menu-analysis-untouched_intermediate_d10_s3641281291-01-37204836544
2026-10-04T13:44:31.0877001Z Redirecting to blob download url: https://productionresultssa10.blob.core.windows.net/actions-results/f247fafb-9db1-8749-985f-c6a4f2e7179c/workflow-job-run-635ec506-9d34-5cbf-adfa-4199dce23d0c/artifacts/b9b3f8a60f1386163054ec37b333c2b38cc2316877ce08f2e1c425388a507468.zip
2026-10-04T13:44:31.0879146Z Starting download of artifact to: /home/runner/work/_temp/menu-analysis-parts/nbo-r16-menu-analysis-quarterly_reuse_d10_s3308926306-00-37204836544
2026-10-04T13:44:31.0884188Z Redirecting to blob download url: https://productionresultssa10.blob.core.windows.net/actions-results/f247fafb-9db1-8749-985f-c6a4f2e7179c/workflow-job-run-052a88b5-dace-5977-866f-5d7140fdffb9/artifacts/712d1d53b7fda23823f295891d882cf8531bb2b60c16ed60176f5dbae1f4447b.zip
2026-10-04T13:44:31.0885236Z Starting download of artifact to: /home/runner/work/_temp/menu-analysis-parts/nbo-r16-menu-analysis-quarterly_reuse_d50_s3089473238-01-37204836544
2026-10-04T13:44:31.0920142Z Redirecting to blob download url: https://productionresultssa10.blob.core.windows.net/actions-results/f247fafb-9db1-8749-985f-c6a4f2e7179c/workflow-job-run-4fd4a575-17be-5e33-9e01-152777966f12/artifacts/3f6bd2bfdc31641168fbebd6a6fa8cec5c6fa423f0a90433638ccf07dc076177.zip
2026-10-04T13:44:31.0922000Z Starting download of artifact to: /home/runner/work/_temp/menu-analysis-parts/nbo-r16-menu-analysis-long_reuse_d50_s3176718348-00-37204836544
2026-10-04T13:44:31.0935273Z Redirecting to blob download url: https://productionresultssa10.blob.core.windows.net/actions-results/f247fafb-9db1-8749-985f-c6a4f2e7179c/workflow-job-run-a474526e-83a9-5fdb-ac90-363eaceeb2ff/artifacts/dae0bf7f94e675fd9e36352b648a0345d47bbe7f54db342643614a72f445eff1.zip
2026-10-04T13:44:31.0936294Z Starting download of artifact to: /home/runner/work/_temp/menu-analysis-parts/nbo-r16-menu-analysis-long_reuse_d10_s2427697457-00-37204836544
2026-10-04T13:44:31.0943280Z Redirecting to blob download url: https://productionresultssa10.blob.core.windows.net/actions-results/f247fafb-9db1-8749-985f-c6a4f2e7179c/workflow-job-run-3c8345c4-a972-5356-b9dd-4c4d548ee892/artifacts/ec132d8e54c1dff48f56b6ea84b1d1e12afac5027aed0a879e7a6b309659e0e5.zip
2026-10-04T13:44:31.0944990Z Starting download of artifact to: /home/runner/work/_temp/menu-analysis-parts/nbo-r16-menu-analysis-quarterly_reuse_d50_s4219929003-01-37204836544
2026-10-04T13:44:31.0955319Z Redirecting to blob download url: https://productionresultssa10.blob.core.windows.net/actions-results/f247fafb-9db1-8749-985f-c6a4f2e7179c/workflow-job-run-55dd673b-3a76-5f71-a3de-1767503a4b9a/artifacts/fcf9638f9ea568b6454d311c0b29b4a08b8ea0e317837573e715ff0fc973c766.zip
2026-10-04T13:44:31.0956486Z Starting download of artifact to: /home/runner/work/_temp/menu-analysis-parts/nbo-r16-menu-analysis-untouched_intermediate_d50_s4219929003-00-37204836544
2026-10-04T13:44:31.0961378Z Redirecting to blob download url: https://productionresultssa10.blob.core.windows.net/actions-results/f247fafb-9db1-8749-985f-c6a4f2e7179c/workflow-job-run-eb3a1010-3d29-5bbe-9c39-e7af46ce18d6/artifacts/e217c76c59f71704906f1d7cf8847ff1a2e09860bc5864fbc4a983d3f2da081a.zip
2026-10-04T13:44:31.0962878Z Starting download of artifact to: /home/runner/work/_temp/menu-analysis-parts/nbo-r16-menu-analysis-untouched_intermediate_d50_s2023679796-00-37204836544
2026-10-04T13:44:31.0971671Z Redirecting to blob download url: https://productionresultssa10.blob.core.windows.net/actions-results/f247fafb-9db1-8749-985f-c6a4f2e7179c/workflow-job-run-9d625aa1-33b5-5b99-a50a-2cf08fa42bc2/artifacts/2ca3746070863d1d7a719a9aafd03211ef66411399de54694ef57460a220b497.zip
2026-10-04T13:44:31.0972720Z Starting download of artifact to: /home/runner/work/_temp/menu-analysis-parts/nbo-r16-menu-analysis-original_low_d50_s4219929003-00-37204836544
2026-10-04T13:44:31.1001590Z Redirecting to blob download url: https://productionresultssa10.blob.core.windows.net/actions-results/f247fafb-9db1-8749-985f-c6a4f2e7179c/workflow-job-run-cd434e78-6d1a-5376-8766-061fe0296e26/artifacts/9513f51b935d46b4eb396927207b70583be6656b224022c58d2c6397f6aee099.zip
2026-10-04T13:44:31.1002643Z Starting download of artifact to: /home/runner/work/_temp/menu-analysis-parts/nbo-r16-menu-analysis-original_low_d10_s3308926306-00-37204836544
2026-10-04T13:44:31.1008734Z Redirecting to blob download url: https://productionresultssa10.blob.core.windows.net/actions-results/f247fafb-9db1-8749-985f-c6a4f2e7179c/workflow-job-run-463992fc-0635-5912-964c-015365928887/artifacts/18a39acfadf382a366abec414e540512a36ed71679988f942eef713213270e27.zip
2026-10-04T13:44:31.1010073Z Starting download of artifact to: /home/runner/work/_temp/menu-analysis-parts/nbo-r16-menu-analysis-original_low_d50_s2063512792-01-37204836544
2026-10-04T13:44:31.1014881Z Redirecting to blob download url: https://productionresultssa10.blob.core.windows.net/actions-results/f247fafb-9db1-8749-985f-c6a4f2e7179c/workflow-job-run-65f0b2d5-5a47-5dd0-8918-788fff49c5b7/artifacts/77c384df0630fe96bfdfcbdaa9b4e9726bb24c9d13f19529870fc844b406b766.zip
2026-10-04T13:44:31.1016019Z Starting download of artifact to: /home/runner/work/_temp/menu-analysis-parts/nbo-r16-menu-analysis-long_reuse_d50_s3308926306-01-37204836544
2026-10-04T13:44:31.1035812Z Redirecting to blob download url: https://productionresultssa10.blob.core.windows.net/actions-results/f247fafb-9db1-8749-985f-c6a4f2e7179c/workflow-job-run-2a5a6642-0c25-586c-a0fc-de4ca2c8bc8f/artifacts/c430bfdfd997d23b31c1dca09c5ccd1590f37a0ee8ad74211bb70cbc18e4293a.zip
2026-10-04T13:44:31.1037495Z Starting download of artifact to: /home/runner/work/_temp/menu-analysis-parts/nbo-r16-menu-analysis-untouched_intermediate_d50_s527701303-01-37204836544
2026-10-04T13:44:31.1042568Z Redirecting to blob download url: https://productionresultssa10.blob.core.windows.net/actions-results/f247fafb-9db1-8749-985f-c6a4f2e7179c/workflow-job-run-a62d619d-9a9a-5315-8016-47cd9dddcccf/artifacts/1fac0322104646388c0243cea4227064e79929fb5225c0e56d74bfc76367cc2c.zip
2026-10-04T13:44:31.1044550Z Starting download of artifact to: /home/runner/work/_temp/menu-analysis-parts/nbo-r16-menu-analysis-long_reuse_d10_s320343828-00-37204836544
2026-10-04T13:44:31.1051316Z Redirecting to blob download url: https://productionresultssa10.blob.core.windows.net/actions-results/f247fafb-9db1-8749-985f-c6a4f2e7179c/workflow-job-run-60de8bde-4d2f-506b-b877-a63d306b02c3/artifacts/4088f36247ae7dc4ec6d122dccaed7efd3407b00f9e29220d067f9f7ea816823.zip
2026-10-04T13:44:31.1052920Z Starting download of artifact to: /home/runner/work/_temp/menu-analysis-parts/nbo-r16-menu-analysis-untouched_intermediate_d10_s3487691819-00-37204836544
2026-10-04T13:44:31.1058485Z Redirecting to blob download url: https://productionresultssa10.blob.core.windows.net/actions-results/f247fafb-9db1-8749-985f-c6a4f2e7179c/workflow-job-run-8c574500-a028-57f2-9684-1c4c7307d5c8/artifacts/2e76a159372298eb531ae03c99e2eb1a81bdaafc018610f337f10384ac619ada.zip
2026-10-04T13:44:31.1060144Z Starting download of artifact to: /home/runner/work/_temp/menu-analysis-parts/nbo-r16-menu-analysis-untouched_intermediate_d10_s2427697457-00-37204836544
2026-10-04T13:44:31.1074734Z Redirecting to blob download url: https://productionresultssa10.blob.core.windows.net/actions-results/f247fafb-9db1-8749-985f-c6a4f2e7179c/workflow-job-run-102227b8-869e-5142-b4b1-115d845e438f/artifacts/911bd5fa73df222f4d4bceaaed44694b733f395d99a1f4d7f6e76ef894b32c78.zip
2026-10-04T13:44:31.1076498Z Starting download of artifact to: /home/runner/work/_temp/menu-analysis-parts/nbo-r16-menu-analysis-long_reuse_d50_s782199465-01-37204836544
2026-10-04T13:44:31.1082606Z Redirecting to blob download url: https://productionresultssa10.blob.core.windows.net/actions-results/f247fafb-9db1-8749-985f-c6a4f2e7179c/workflow-job-run-eb3a1010-3d29-5bbe-9c39-e7af46ce18d6/artifacts/e41d5ed8347bc695ddf723cc644dd18305bcdfd4789f6591c135afa826772bbd.zip
2026-10-04T13:44:31.1084441Z Starting download of artifact to: /home/runner/work/_temp/menu-analysis-parts/nbo-r16-menu-analysis-untouched_intermediate_d50_s2023679796-01-37204836544
2026-10-04T13:44:31.1102994Z Redirecting to blob download url: https://productionresultssa10.blob.core.windows.net/actions-results/f247fafb-9db1-8749-985f-c6a4f2e7179c/workflow-job-run-a4e33983-3483-5671-a611-80e496407aba/artifacts/98045cb7938a59a364fb32dda392ac504a4dd1a06b8574d0f9aa2397726b0ca6.zip
2026-10-04T13:44:31.1104343Z Starting download of artifact to: /home/runner/work/_temp/menu-analysis-parts/nbo-r16-menu-analysis-original_low_d50_s527701303-01-37204836544
2026-10-04T13:44:31.1115384Z Redirecting to blob download url: https://productionresultssa10.blob.core.windows.net/actions-results/f247fafb-9db1-8749-985f-c6a4f2e7179c/workflow-job-run-f8ebcb2e-4bc9-5760-9644-78c21e0d396d/artifacts/3aa262b83294ccc90fa685072e84146c4a31e580f66098c7e839f8e438f1e2d2.zip
2026-10-04T13:44:31.1134748Z Starting download of artifact to: /home/runner/work/_temp/menu-analysis-parts/nbo-r16-menu-analysis-untouched_intermediate_d50_s3089473238-00-37204836544
2026-10-04T13:44:31.1148756Z Redirecting to blob download url: https://productionresultssa10.blob.core.windows.net/actions-results/f247fafb-9db1-8749-985f-c6a4f2e7179c/workflow-job-run-f820da4d-3474-5649-9beb-59fe9be660f9/artifacts/1158c29548dd45bcf4c8151011fb1d57f74004939e439352498bb81fda74d327.zip
2026-10-04T13:44:31.1150004Z Starting download of artifact to: /home/runner/work/_temp/menu-analysis-parts/nbo-r16-menu-analysis-long_reuse_d50_s320343828-01-37204836544
2026-10-04T13:44:31.1152679Z Redirecting to blob download url: https://productionresultssa10.blob.core.windows.net/actions-results/f247fafb-9db1-8749-985f-c6a4f2e7179c/workflow-job-run-8bf15180-fa0b-5ac8-876c-9108757c9574/artifacts/c07a978c62f81cf96e6f0862d481e4cea9dcc1ee3b749ddf3093bd98207ad40d.zip
2026-10-04T13:44:31.1154093Z Starting download of artifact to: /home/runner/work/_temp/menu-analysis-parts/nbo-r16-menu-analysis-original_low_d10_s3089473238-01-37204836544
2026-10-04T13:44:31.1156916Z Redirecting to blob download url: https://productionresultssa10.blob.core.windows.net/actions-results/f247fafb-9db1-8749-985f-c6a4f2e7179c/workflow-job-run-3925ad08-aefd-50c8-b837-e06f570475e0/artifacts/cbeb9ecf83392a849eca839ca5cc448985ccfb44f52cd2aa0c76775a49b5609f.zip
2026-10-04T13:44:31.1158068Z Starting download of artifact to: /home/runner/work/_temp/menu-analysis-parts/nbo-r16-menu-analysis-quarterly_reuse_d50_s1264292074-01-37204836544
2026-10-04T13:44:31.1161504Z Redirecting to blob download url: https://productionresultssa10.blob.core.windows.net/actions-results/f247fafb-9db1-8749-985f-c6a4f2e7179c/workflow-job-run-e1dedf16-e9ce-5a46-8737-89bb6be55e87/artifacts/8528e4617b268c62be2aee822f30f44cbf4fdff90a800058674d0b59961a1bdc.zip
2026-10-04T13:44:31.1162804Z Starting download of artifact to: /home/runner/work/_temp/menu-analysis-parts/nbo-r16-menu-analysis-untouched_intermediate_d10_s1635636351-00-37204836544
2026-10-04T13:44:31.1165712Z Redirecting to blob download url: https://productionresultssa10.blob.core.windows.net/actions-results/f247fafb-9db1-8749-985f-c6a4f2e7179c/workflow-job-run-7334ba31-4a46-5d78-8932-dc720ae55054/artifacts/93e82dce580e727dd5ff794ce7b7fc560ac924fd8b25ac92d395ab434e1d37bd.zip
2026-10-04T13:44:31.1166903Z Starting download of artifact to: /home/runner/work/_temp/menu-analysis-parts/nbo-r16-menu-analysis-untouched_intermediate_d10_s3308926306-00-37204836544
2026-10-04T13:44:31.1178049Z Redirecting to blob download url: https://productionresultssa10.blob.core.windows.net/actions-results/f247fafb-9db1-8749-985f-c6a4f2e7179c/workflow-job-run-4c92b9c2-075b-579d-95d4-05a7276a9388/artifacts/6ba2eb4909cd8d5d0d771f58ea491828e714d687a70cfe26f77a7a65dae1ea97.zip
2026-10-04T13:44:31.1179223Z Starting download of artifact to: /home/runner/work/_temp/menu-analysis-parts/nbo-r16-menu-analysis-quarterly_reuse_d50_s3443860912-01-37204836544
2026-10-04T13:44:31.1184871Z Redirecting to blob download url: https://productionresultssa10.blob.core.windows.net/actions-results/f247fafb-9db1-8749-985f-c6a4f2e7179c/workflow-job-run-81b22be5-4881-5443-9f06-f5c7815e9acb/artifacts/bb29a418291ed7102cdbcf3a1fb575fe0ced30d51b98ca6501b55a68c252e284.zip
2026-10-04T13:44:31.1186063Z Starting download of artifact to: /home/runner/work/_temp/menu-analysis-parts/nbo-r16-menu-analysis-untouched_intermediate_d50_s320343828-00-37204836544
2026-10-04T13:44:31.1223736Z Redirecting to blob download url: https://productionresultssa10.blob.core.windows.net/actions-results/f247fafb-9db1-8749-985f-c6a4f2e7179c/workflow-job-run-30158f3a-bb2c-5719-a2c8-35e68674756c/artifacts/4318879840fb226d479c0d1c194ed599cef53ef2a22ce6798bbb7a3a2128d054.zip
2026-10-04T13:44:31.1225180Z Starting download of artifact to: /home/runner/work/_temp/menu-analysis-parts/nbo-r16-menu-analysis-untouched_intermediate_d50_s1264292074-00-37204836544
2026-10-04T13:44:31.1241870Z Redirecting to blob download url: https://productionresultssa10.blob.core.windows.net/actions-results/f247fafb-9db1-8749-985f-c6a4f2e7179c/workflow-job-run-fcfd0396-8072-534f-94ee-63177f751350/artifacts/ba6aec09f0cab026391df5ec6362bb4a63f3c7b44ca1a99098c553e71b77de0a.zip
2026-10-04T13:44:31.1243090Z Starting download of artifact to: /home/runner/work/_temp/menu-analysis-parts/nbo-r16-menu-analysis-untouched_intermediate_d10_s2063512792-01-37204836544
2026-10-04T13:44:31.1274307Z Redirecting to blob download url: https://productionresultssa10.blob.core.windows.net/actions-results/f247fafb-9db1-8749-985f-c6a4f2e7179c/workflow-job-run-7334ba31-4a46-5d78-8932-dc720ae55054/artifacts/576809280d4418e6b8d4cc697e1e71996fdd18cae602b0b2252ca103fec303e1.zip
2026-10-04T13:44:31.1275617Z Starting download of artifact to: /home/runner/work/_temp/menu-analysis-parts/nbo-r16-menu-analysis-untouched_intermediate_d10_s3308926306-01-37204836544
2026-10-04T13:44:31.1279958Z Redirecting to blob download url: https://productionresultssa10.blob.core.windows.net/actions-results/f247fafb-9db1-8749-985f-c6a4f2e7179c/workflow-job-run-ef61b2f3-9746-5612-b89a-f57ab2a93e11/artifacts/012c483fff13ce750dabf749d53f50f17dbd05f474124c8ea4aa4abeb0690888.zip
2026-10-04T13:44:31.1281170Z Starting download of artifact to: /home/runner/work/_temp/menu-analysis-parts/nbo-r16-menu-analysis-untouched_intermediate_d10_s3176718348-00-37204836544
2026-10-04T13:44:31.1287612Z Redirecting to blob download url: https://productionresultssa10.blob.core.windows.net/actions-results/f247fafb-9db1-8749-985f-c6a4f2e7179c/workflow-job-run-c44c68a0-5022-58f2-b401-92142cec7fd0/artifacts/e6233b6bcb871d420fe82081ae3cfdf26d388d46905cc4f41488c424995b9c59.zip
2026-10-04T13:44:31.1288868Z Starting download of artifact to: /home/runner/work/_temp/menu-analysis-parts/nbo-r16-menu-analysis-quarterly_reuse_d50_s194396786-01-37204836544
2026-10-04T13:44:31.1304449Z Redirecting to blob download url: https://productionresultssa10.blob.core.windows.net/actions-results/f247fafb-9db1-8749-985f-c6a4f2e7179c/workflow-job-run-2a5a6642-0c25-586c-a0fc-de4ca2c8bc8f/artifacts/c97320ee3a8213ea7285272053d70dab2f461efc6eeb7c56bbce188c9bd38dd9.zip
2026-10-04T13:44:31.1305695Z Starting download of artifact to: /home/runner/work/_temp/menu-analysis-parts/nbo-r16-menu-analysis-untouched_intermediate_d50_s527701303-00-37204836544
2026-10-04T13:44:31.1316721Z Redirecting to blob download url: https://productionresultssa10.blob.core.windows.net/actions-results/f247fafb-9db1-8749-985f-c6a4f2e7179c/workflow-job-run-93cb3d10-4bf0-55ad-afad-b399d3a32fe0/artifacts/701332b53b75bd6018cdeddcf360df7a52331f0371f1b0eba78a857f5850d634.zip
2026-10-04T13:44:31.1318573Z Starting download of artifact to: /home/runner/work/_temp/menu-analysis-parts/nbo-r16-menu-analysis-untouched_intermediate_d10_s1264292074-00-37204836544
2026-10-04T13:44:31.1346209Z Redirecting to blob download url: https://productionresultssa10.blob.core.windows.net/actions-results/f247fafb-9db1-8749-985f-c6a4f2e7179c/workflow-job-run-052a88b5-dace-5977-866f-5d7140fdffb9/artifacts/8128ec5a76715ee593b1555671d56ba4e8d932b836035f5f74fbe46bf62e174d.zip
2026-10-04T13:44:31.1348005Z Starting download of artifact to: /home/runner/work/_temp/menu-analysis-parts/nbo-r16-menu-analysis-quarterly_reuse_d50_s3089473238-00-37204836544
2026-10-04T13:44:31.1364573Z Redirecting to blob download url: https://productionresultssa10.blob.core.windows.net/actions-results/f247fafb-9db1-8749-985f-c6a4f2e7179c/workflow-job-run-35e84d30-1c3c-5efe-addb-a20098ff3026/artifacts/0fda061cc4838120ba1b100db52c40aeae438fae085f81e8de7d4eb92e31e0c8.zip
2026-10-04T13:44:31.1366589Z Starting download of artifact to: /home/runner/work/_temp/menu-analysis-parts/nbo-r16-menu-analysis-untouched_intermediate_d10_s782199465-01-37204836544
2026-10-04T13:44:31.1372100Z Redirecting to blob download url: https://productionresultssa10.blob.core.windows.net/actions-results/f247fafb-9db1-8749-985f-c6a4f2e7179c/workflow-job-run-7dbf75fd-59ef-570b-ae3f-03295375a491/artifacts/000eee808ad248d6b8fd830cd766e40eff6da702a40d54400ce569843f579e2b.zip
2026-10-04T13:44:31.1374292Z Starting download of artifact to: /home/runner/work/_temp/menu-analysis-parts/nbo-r16-menu-analysis-quarterly_reuse_d50_s3308926306-01-37204836544
2026-10-04T13:44:31.1412055Z Redirecting to blob download url: https://productionresultssa10.blob.core.windows.net/actions-results/f247fafb-9db1-8749-985f-c6a4f2e7179c/workflow-job-run-ef61b2f3-9746-5612-b89a-f57ab2a93e11/artifacts/05e874ba379a68efd62216589222d5ae087410af27b51d563e8adba57fab683e.zip
2026-10-04T13:44:31.1413352Z Starting download of artifact to: /home/runner/work/_temp/menu-analysis-parts/nbo-r16-menu-analysis-untouched_intermediate_d10_s3176718348-01-37204836544
2026-10-04T13:44:31.1423367Z Redirecting to blob download url: https://productionresultssa10.blob.core.windows.net/actions-results/f247fafb-9db1-8749-985f-c6a4f2e7179c/workflow-job-run-30158f3a-bb2c-5719-a2c8-35e68674756c/artifacts/93b5d2161aa8540dc891169ceafdc07f514f351adc6ad17159c8ccbdda3357c2.zip
2026-10-04T13:44:31.1424842Z Starting download of artifact to: /home/runner/work/_temp/menu-analysis-parts/nbo-r16-menu-analysis-untouched_intermediate_d50_s1264292074-01-37204836544
2026-10-04T13:44:31.1429806Z Redirecting to blob download url: https://productionresultssa10.blob.core.windows.net/actions-results/f247fafb-9db1-8749-985f-c6a4f2e7179c/workflow-job-run-99e78254-bd6a-58ac-aec1-09f6c36021b7/artifacts/9019a09b8890bdf5a9b0593cbd1d358edb3240a9bd7748bef14958c9ec0c7edc.zip
2026-10-04T13:44:31.1431272Z Starting download of artifact to: /home/runner/work/_temp/menu-analysis-parts/nbo-r16-menu-analysis-quarterly_reuse_d50_s3641281291-01-37204836544
2026-10-04T13:44:31.1458255Z Redirecting to blob download url: https://productionresultssa10.blob.core.windows.net/actions-results/f247fafb-9db1-8749-985f-c6a4f2e7179c/workflow-job-run-9180caa4-b8bc-5a6d-94f9-5a72553b5167/artifacts/b04bd1c2eaec3828f44a59d3ab925afe138d766704e1e7b0a43b92316c3b61bb.zip
2026-10-04T13:44:31.1460270Z Starting download of artifact to: /home/runner/work/_temp/menu-analysis-parts/nbo-r16-menu-analysis-quarterly_reuse_d50_s2023679796-01-37204836544
2026-10-04T13:44:31.1465465Z Redirecting to blob download url: https://productionresultssa10.blob.core.windows.net/actions-results/f247fafb-9db1-8749-985f-c6a4f2e7179c/workflow-job-run-a8ff729a-f0df-540b-af37-804f35018551/artifacts/a8e763025f485a36abd01941e0a01343fee07defed0c02e89e46d9a30a13f6f1.zip
2026-10-04T13:44:31.1467526Z Starting download of artifact to: /home/runner/work/_temp/menu-analysis-parts/nbo-r16-menu-analysis-quarterly_reuse_d10_s527701303-00-37204836544
2026-10-04T13:44:31.1472547Z Redirecting to blob download url: https://productionresultssa10.blob.core.windows.net/actions-results/f247fafb-9db1-8749-985f-c6a4f2e7179c/workflow-job-run-3a8c4a21-4eaa-534b-a9a8-d2f25d8c3607/artifacts/5b6809675fbe160ca262ab09d89ada805377f35b03f1777e8b812a8df1b0a395.zip
2026-10-04T13:44:31.1474995Z Starting download of artifact to: /home/runner/work/_temp/menu-analysis-parts/nbo-r16-menu-analysis-untouched_intermediate_d50_s2427697457-01-37204836544
2026-10-04T13:44:31.1480723Z Redirecting to blob download url: https://productionresultssa10.blob.core.windows.net/actions-results/f247fafb-9db1-8749-985f-c6a4f2e7179c/workflow-job-run-632583e3-ea8b-5b16-8c37-1f8b85dcaec3/artifacts/981860fb515a3339e922c7a722e36bb0be61580f857c9c439068bd51bab9264c.zip
2026-10-04T13:44:31.1482756Z Starting download of artifact to: /home/runner/work/_temp/menu-analysis-parts/nbo-r16-menu-analysis-quarterly_reuse_d50_s3176718348-01-37204836544
2026-10-04T13:44:31.1488375Z Redirecting to blob download url: https://productionresultssa10.blob.core.windows.net/actions-results/f247fafb-9db1-8749-985f-c6a4f2e7179c/workflow-job-run-a321a808-a3ef-518f-99b7-224cbd4722d8/artifacts/d331a86e2d55072d8a6a5494e36bfb1753c939aa4dceaeba597830f7a0df3e96.zip
2026-10-04T13:44:31.1490750Z Starting download of artifact to: /home/runner/work/_temp/menu-analysis-parts/nbo-r16-menu-analysis-quarterly_reuse_d10_s3641281291-01-37204836544
2026-10-04T13:44:31.1496100Z Redirecting to blob download url: https://productionresultssa10.blob.core.windows.net/actions-results/f247fafb-9db1-8749-985f-c6a4f2e7179c/workflow-job-run-fac6ac97-7ca0-5021-a4dc-ae110d69ace8/artifacts/fad0ac0a240cd3eba20443064f0d421f42051fda0749851be93ab3210e7692f5.zip
2026-10-04T13:44:31.1498032Z Starting download of artifact to: /home/runner/work/_temp/menu-analysis-parts/nbo-r16-menu-analysis-untouched_intermediate_d50_s1635636351-00-37204836544
2026-10-04T13:44:31.1503037Z Redirecting to blob download url: https://productionresultssa10.blob.core.windows.net/actions-results/f247fafb-9db1-8749-985f-c6a4f2e7179c/workflow-job-run-282319cd-3826-59cc-8d66-bd4e2972c4c9/artifacts/523cf998e9ff044080f22b8d6564a74b92ae40fac66c8a5f521e07ac14d8ae5c.zip
2026-10-04T13:44:31.1505612Z Starting download of artifact to: /home/runner/work/_temp/menu-analysis-parts/nbo-r16-menu-analysis-quarterly_reuse_d10_s3176718348-01-37204836544
2026-10-04T13:44:31.1541144Z Redirecting to blob download url: https://productionresultssa10.blob.core.windows.net/actions-results/f247fafb-9db1-8749-985f-c6a4f2e7179c/workflow-job-run-9c10a2ea-2671-5c83-be08-d1d2477a67a9/artifacts/0d5bb9cea359457a491e50ba1ef27dd70cb298202b927784f0fa538ba06631eb.zip
2026-10-04T13:44:31.1542707Z Starting download of artifact to: /home/runner/work/_temp/menu-analysis-parts/nbo-r16-menu-analysis-quarterly_reuse_d10_s3089473238-01-37204836544
2026-10-04T13:44:31.1551849Z Redirecting to blob download url: https://productionresultssa10.blob.core.windows.net/actions-results/f247fafb-9db1-8749-985f-c6a4f2e7179c/workflow-job-run-26700194-2877-5ce0-87dd-1523c0dd868d/artifacts/31a7fd7b7c0f19d91d9a5597b1fb97a678d00dbf79ada557ae057def7d28fe2c.zip
2026-10-04T13:44:31.1553882Z Starting download of artifact to: /home/runner/work/_temp/menu-analysis-parts/nbo-r16-menu-analysis-untouched_intermediate_d50_s3443860912-00-37204836544
2026-10-04T13:44:31.1560778Z Redirecting to blob download url: https://productionresultssa10.blob.core.windows.net/actions-results/f247fafb-9db1-8749-985f-c6a4f2e7179c/workflow-job-run-5317194a-c0fa-5acc-91f1-f71b750e5138/artifacts/574d03a76f03b7656398a6d08b7416311c8f44551a674bdb82023ccb0b1cf82e.zip
2026-10-04T13:44:31.1562534Z Starting download of artifact to: /home/runner/work/_temp/menu-analysis-parts/nbo-r16-menu-analysis-original_low_d10_s1635636351-01-37204836544
2026-10-04T13:44:31.1567967Z Redirecting to blob download url: https://productionresultssa10.blob.core.windows.net/actions-results/f247fafb-9db1-8749-985f-c6a4f2e7179c/workflow-job-run-189faf61-ff65-5b2f-b076-edb31b6a148d/artifacts/960035b15d3cc92fc01d404807af12fc7f637298b130f81e2f448eb61ed36549.zip
2026-10-04T13:44:31.1569828Z Starting download of artifact to: /home/runner/work/_temp/menu-analysis-parts/nbo-r16-menu-analysis-untouched_intermediate_d10_s3641281291-00-37204836544
2026-10-04T13:44:31.1574989Z Redirecting to blob download url: https://productionresultssa10.blob.core.windows.net/actions-results/f247fafb-9db1-8749-985f-c6a4f2e7179c/workflow-job-run-2db2c7a5-67d7-553a-b27d-fae656e038c5/artifacts/f41da2a14beba608dcbf1e7a7e0349bf5313758612329668a6a4810420291839.zip
2026-10-04T13:44:31.1576830Z Starting download of artifact to: /home/runner/work/_temp/menu-analysis-parts/nbo-r16-menu-analysis-quarterly_reuse_d50_s3487691819-00-37204836544
2026-10-04T13:44:31.1582250Z Redirecting to blob download url: https://productionresultssa10.blob.core.windows.net/actions-results/f247fafb-9db1-8749-985f-c6a4f2e7179c/workflow-job-run-b55cac04-e4fc-5a04-9288-c500eeb859ee/artifacts/fe2697a442f46cdc7425f48ee9a267dbaae8bac488213eefa457c2d26b1299f7.zip
2026-10-04T13:44:31.1584514Z Starting download of artifact to: /home/runner/work/_temp/menu-analysis-parts/nbo-r16-menu-analysis-quarterly_reuse_d50_s782199465-01-37204836544
2026-10-04T13:44:31.1594486Z Redirecting to blob download url: https://productionresultssa10.blob.core.windows.net/actions-results/f247fafb-9db1-8749-985f-c6a4f2e7179c/workflow-job-run-e22bf1db-0ec3-5669-baa7-884d419cd7b8/artifacts/dad6f7c41c011785330721e6e8189d4f587f8dea14281e2d23f8e4f45771cf07.zip
2026-10-04T13:44:31.1596320Z Starting download of artifact to: /home/runner/work/_temp/menu-analysis-parts/nbo-r16-menu-analysis-quarterly_reuse_d50_s2063512792-01-37204836544
2026-10-04T13:44:31.1600990Z Redirecting to blob download url: https://productionresultssa10.blob.core.windows.net/actions-results/f247fafb-9db1-8749-985f-c6a4f2e7179c/workflow-job-run-a62d619d-9a9a-5315-8016-47cd9dddcccf/artifacts/cd3d34cbd9b38ac1bbb3431935ae8f865301a982ef8a8365c2d55b9188553659.zip
2026-10-04T13:44:31.1603130Z Starting download of artifact to: /home/runner/work/_temp/menu-analysis-parts/nbo-r16-menu-analysis-long_reuse_d10_s320343828-01-37204836544
2026-10-04T13:44:31.1609141Z Redirecting to blob download url: https://productionresultssa10.blob.core.windows.net/actions-results/f247fafb-9db1-8749-985f-c6a4f2e7179c/workflow-job-run-55dd673b-3a76-5f71-a3de-1767503a4b9a/artifacts/fc534196afd3f0511ab327432442eb1edc8d0c330d318f83a7bc9a2451d7f261.zip
2026-10-04T13:44:31.1611056Z Starting download of artifact to: /home/runner/work/_temp/menu-analysis-parts/nbo-r16-menu-analysis-untouched_intermediate_d50_s4219929003-01-37204836544
2026-10-04T13:44:31.1617225Z Redirecting to blob download url: https://productionresultssa10.blob.core.windows.net/actions-results/f247fafb-9db1-8749-985f-c6a4f2e7179c/workflow-job-run-7ceef0ff-0b7f-5afa-abba-41b08f50c251/artifacts/9b7a7fa1ecda45947bba287545fa98b3e467421fef2752aa96ec7cb159dbd5a7.zip
2026-10-04T13:44:31.1618951Z Starting download of artifact to: /home/runner/work/_temp/menu-analysis-parts/nbo-r16-menu-analysis-long_reuse_d50_s527701303-00-37204836544
2026-10-04T13:44:31.1624575Z Redirecting to blob download url: https://productionresultssa10.blob.core.windows.net/actions-results/f247fafb-9db1-8749-985f-c6a4f2e7179c/workflow-job-run-701f859a-6028-5dbb-b3f3-25c55ca5b157/artifacts/db3ec8c86f6b5687e38154d83be35e6d3035f5b95249dd855133afed320904bc.zip
2026-10-04T13:44:31.1626995Z Starting download of artifact to: /home/runner/work/_temp/menu-analysis-parts/nbo-r16-menu-analysis-long_reuse_d50_s2023679796-00-37204836544
2026-10-04T13:44:31.1634443Z Redirecting to blob download url: https://productionresultssa10.blob.core.windows.net/actions-results/f247fafb-9db1-8749-985f-c6a4f2e7179c/workflow-job-run-f8ebcb2e-4bc9-5760-9644-78c21e0d396d/artifacts/1e91c4ce15b07b9b6eb74a618403be3819634e000bdc1b5e8ce65927a138b923.zip
2026-10-04T13:44:31.1636352Z Starting download of artifact to: /home/runner/work/_temp/menu-analysis-parts/nbo-r16-menu-analysis-untouched_intermediate_d50_s3089473238-01-37204836544
2026-10-04T13:44:31.1656880Z Redirecting to blob download url: https://productionresultssa10.blob.core.windows.net/actions-results/f247fafb-9db1-8749-985f-c6a4f2e7179c/workflow-job-run-0ebbe371-c828-53a4-ba74-ed9a869ae4c6/artifacts/c7f8a55e525f2615f2f11b93f9cc0a1c7d5d7a907261627fdeb6a5f363e69dc7.zip
2026-10-04T13:44:31.1684933Z Starting download of artifact to: /home/runner/work/_temp/menu-analysis-parts/nbo-r16-menu-analysis-original_low_d50_s3487691819-01-37204836544
2026-10-04T13:44:31.1726439Z Redirecting to blob download url: https://productionresultssa10.blob.core.windows.net/actions-results/f247fafb-9db1-8749-985f-c6a4f2e7179c/workflow-job-run-5622351c-c676-5071-9fff-4a0edfe555ff/artifacts/2213198645a0a613c8d83081a5fd7abda0a9b9a7249aaeda0c7eaeee11c506ea.zip
2026-10-04T13:44:31.1728390Z Starting download of artifact to: /home/runner/work/_temp/menu-analysis-parts/nbo-r16-menu-analysis-untouched_intermediate_d10_s2023679796-01-37204836544
2026-10-04T13:44:31.1740591Z Redirecting to blob download url: https://productionresultssa10.blob.core.windows.net/actions-results/f247fafb-9db1-8749-985f-c6a4f2e7179c/workflow-job-run-c6fb9936-f39f-5769-a11c-2e7040fb668d/artifacts/e99bf8c90a56e04565981439ff13b8caceb3d05353d7d5e822e591eb04eb84e7.zip
2026-10-04T13:44:31.1742695Z Starting download of artifact to: /home/runner/work/_temp/menu-analysis-parts/nbo-r16-menu-analysis-long_reuse_d10_s3641281291-00-37204836544
2026-10-04T13:44:31.1750294Z Redirecting to blob download url: https://productionresultssa10.blob.core.windows.net/actions-results/f247fafb-9db1-8749-985f-c6a4f2e7179c/workflow-job-run-67427960-0f66-5fb6-92ed-9da3932fd4d5/artifacts/98d2b00bfc697fc4a0b9b8852ceabcd51c38688f290f7d2d386bd74a230f6628.zip
2026-10-04T13:44:31.1752600Z Starting download of artifact to: /home/runner/work/_temp/menu-analysis-parts/nbo-r16-menu-analysis-long_reuse_d50_s1264292074-00-37204836544
2026-10-04T13:44:31.1763716Z Redirecting to blob download url: https://productionresultssa10.blob.core.windows.net/actions-results/f247fafb-9db1-8749-985f-c6a4f2e7179c/workflow-job-run-a2d28369-f1d1-55d6-999e-938a635a512f/artifacts/553f4b6504e6b48569c9e618d4c696b847b7a2b087267a1d7a57360f0b96b4a9.zip
2026-10-04T13:44:31.1766311Z Starting download of artifact to: /home/runner/work/_temp/menu-analysis-parts/nbo-r16-menu-analysis-untouched_intermediate_d50_s3308926306-00-37204836544
2026-10-04T13:44:31.1775183Z Redirecting to blob download url: https://productionresultssa10.blob.core.windows.net/actions-results/f247fafb-9db1-8749-985f-c6a4f2e7179c/workflow-job-run-0ac6a4fb-ae44-5831-92bb-eb6a5504e2dc/artifacts/36fd8c6668d54a270352bbef2212e03e216b12fe8b1be62bd26cc2d4bda21f30.zip
2026-10-04T13:44:31.1777856Z Starting download of artifact to: /home/runner/work/_temp/menu-analysis-parts/nbo-r16-menu-analysis-long_reuse_d10_s194396786-01-37204836544
2026-10-04T13:44:31.1784996Z Redirecting to blob download url: https://productionresultssa10.blob.core.windows.net/actions-results/f247fafb-9db1-8749-985f-c6a4f2e7179c/workflow-job-run-4b4b1651-f2b3-5eda-999e-6a8832c88b57/artifacts/3fdb00d3fc125d94e80c732e079f03051262bdb6c6f1b39db22b0f48d998cad9.zip
2026-10-04T13:44:31.1787422Z Starting download of artifact to: /home/runner/work/_temp/menu-analysis-parts/nbo-r16-menu-analysis-long_reuse_d10_s2063512792-00-37204836544
2026-10-04T13:44:31.1794446Z Redirecting to blob download url: https://productionresultssa10.blob.core.windows.net/actions-results/f247fafb-9db1-8749-985f-c6a4f2e7179c/workflow-job-run-1b156c96-011a-56a5-8ac9-6cc7bd1c7e08/artifacts/34b3096a40dcf604521221f522f7bc0e4a520c013112757a01f55719bbc87ff0.zip
2026-10-04T13:44:31.1796925Z Starting download of artifact to: /home/runner/work/_temp/menu-analysis-parts/nbo-r16-menu-analysis-untouched_intermediate_d50_s3487691819-00-37204836544
2026-10-04T13:44:31.1807124Z Redirecting to blob download url: https://productionresultssa10.blob.core.windows.net/actions-results/f247fafb-9db1-8749-985f-c6a4f2e7179c/workflow-job-run-16f33e0e-423f-56d7-b54d-bc5c0fc1962c/artifacts/65128c1d654dee682933740020abe086a3de00d9a4efa331a9af89b0803d1e2a.zip
2026-10-04T13:44:31.1809434Z Starting download of artifact to: /home/runner/work/_temp/menu-analysis-parts/nbo-r16-menu-analysis-quarterly_reuse_d10_s3443860912-00-37204836544
2026-10-04T13:44:31.1817160Z Redirecting to blob download url: https://productionresultssa10.blob.core.windows.net/actions-results/f247fafb-9db1-8749-985f-c6a4f2e7179c/workflow-job-run-5c9d01a1-b057-5d5e-b997-d037a8d7d679/artifacts/9db73139d7b4b6ed0467044ef27b529d4ba0401ea3ccd8603961395050f2e237.zip
2026-10-04T13:44:31.1819711Z Starting download of artifact to: /home/runner/work/_temp/menu-analysis-parts/nbo-r16-menu-analysis-untouched_intermediate_d50_s194396786-01-37204836544
2026-10-04T13:44:31.1827092Z Redirecting to blob download url: https://productionresultssa10.blob.core.windows.net/actions-results/f247fafb-9db1-8749-985f-c6a4f2e7179c/workflow-job-run-df342e45-5726-5a7e-ac0e-050687b21860/artifacts/ea4f67a3665aa18e75ea1ccef63f1337189d6804ead52d74337903e0764469b3.zip
2026-10-04T13:44:31.1829852Z Starting download of artifact to: /home/runner/work/_temp/menu-analysis-parts/nbo-r16-menu-analysis-untouched_intermediate_d50_s2063512792-01-37204836544
2026-10-04T13:44:31.1837431Z Redirecting to blob download url: https://productionresultssa10.blob.core.windows.net/actions-results/f247fafb-9db1-8749-985f-c6a4f2e7179c/workflow-job-run-81b22be5-4881-5443-9f06-f5c7815e9acb/artifacts/a16bb4d9d79e7d9d644bba42a34c56fd90ef55af66cc9dcb1f4d26d4b73543e7.zip
2026-10-04T13:44:31.1840019Z Starting download of artifact to: /home/runner/work/_temp/menu-analysis-parts/nbo-r16-menu-analysis-untouched_intermediate_d50_s320343828-01-37204836544
2026-10-04T13:44:31.1852536Z Redirecting to blob download url: https://productionresultssa10.blob.core.windows.net/actions-results/f247fafb-9db1-8749-985f-c6a4f2e7179c/workflow-job-run-12779000-3234-581e-8dde-ea044f8dcd59/artifacts/ec66f3655baf4f86ea4bafcc7f74ef8d38d2384df325a08ca3691407b1138de0.zip
2026-10-04T13:44:31.1855194Z Starting download of artifact to: /home/runner/work/_temp/menu-analysis-parts/nbo-r16-menu-analysis-original_low_d10_s320343828-01-37204836544
2026-10-04T13:44:31.1862798Z Redirecting to blob download url: https://productionresultssa10.blob.core.windows.net/actions-results/f247fafb-9db1-8749-985f-c6a4f2e7179c/workflow-job-run-a2d28369-f1d1-55d6-999e-938a635a512f/artifacts/19537b6b1bb4cf73760328b67d712734a7e5f01b68d218ed5963c16b0e3144b0.zip
2026-10-04T13:44:31.1866546Z Starting download of artifact to: /home/runner/work/_temp/menu-analysis-parts/nbo-r16-menu-analysis-untouched_intermediate_d50_s3308926306-01-37204836544
2026-10-04T13:44:31.1874248Z Redirecting to blob download url: https://productionresultssa10.blob.core.windows.net/actions-results/f247fafb-9db1-8749-985f-c6a4f2e7179c/workflow-job-run-fac6ac97-7ca0-5021-a4dc-ae110d69ace8/artifacts/2edb5da0ab6821761b921c26f8e730eb464b0fd734c0ddda340d87a59a63b084.zip
2026-10-04T13:44:31.1876814Z Starting download of artifact to: /home/runner/work/_temp/menu-analysis-parts/nbo-r16-menu-analysis-untouched_intermediate_d50_s1635636351-01-37204836544
2026-10-04T13:44:31.1884756Z Redirecting to blob download url: https://productionresultssa10.blob.core.windows.net/actions-results/f247fafb-9db1-8749-985f-c6a4f2e7179c/workflow-job-run-52fd64ab-d5b0-51a3-84fe-669c5b49eabf/artifacts/5ae753226122715dd5d57d8f7b14359f1a519222ab9ada3cbcd0215f4eb75a3d.zip
2026-10-04T13:44:31.1887305Z Starting download of artifact to: /home/runner/work/_temp/menu-analysis-parts/nbo-r16-menu-analysis-long_reuse_d50_s3487691819-00-37204836544
2026-10-04T13:44:31.1895049Z Redirecting to blob download url: https://productionresultssa10.blob.core.windows.net/actions-results/f247fafb-9db1-8749-985f-c6a4f2e7179c/workflow-job-run-41c843a5-596d-5a16-8556-6fcaaf913dde/artifacts/adb009a4d1fb0df8cda4ad16abbf039dc11aebffee6af7dec3834a7afdb6af99.zip
2026-10-04T13:44:31.1897716Z Starting download of artifact to: /home/runner/work/_temp/menu-analysis-parts/nbo-r16-menu-analysis-original_low_d10_s2427697457-00-37204836544
2026-10-04T13:44:31.1905549Z Redirecting to blob download url: https://productionresultssa10.blob.core.windows.net/actions-results/f247fafb-9db1-8749-985f-c6a4f2e7179c/workflow-job-run-92a1dfa6-4534-55d5-8804-86370f9bfcb5/artifacts/63ac8e6fd8ca305e5fe8cfac04a07f0b27e01eb85ada0f3a51ee26db79408f43.zip
2026-10-04T13:44:31.1908204Z Starting download of artifact to: /home/runner/work/_temp/menu-analysis-parts/nbo-r16-menu-analysis-long_reuse_d50_s2427697457-01-37204836544
2026-10-04T13:44:31.1916061Z Redirecting to blob download url: https://productionresultssa10.blob.core.windows.net/actions-results/f247fafb-9db1-8749-985f-c6a4f2e7179c/workflow-job-run-63e7a2c1-6de9-5554-b408-fb2253315c1d/artifacts/af89411050bfbceb76b8a55998773c8018ac0985b830def4428f0572a5129413.zip
2026-10-04T13:44:31.1918782Z Starting download of artifact to: /home/runner/work/_temp/menu-analysis-parts/nbo-r16-menu-analysis-original_low_d50_s3443860912-01-37204836544
2026-10-04T13:44:31.1926652Z Redirecting to blob download url: https://productionresultssa10.blob.core.windows.net/actions-results/f247fafb-9db1-8749-985f-c6a4f2e7179c/workflow-job-run-df342e45-5726-5a7e-ac0e-050687b21860/artifacts/55f7f6fc8638cfdc7dbe6923e838dfb1a34b994850c6cfeeb68a465d154f0654.zip
2026-10-04T13:44:31.1929356Z Starting download of artifact to: /home/runner/work/_temp/menu-analysis-parts/nbo-r16-menu-analysis-untouched_intermediate_d50_s2063512792-00-37204836544
2026-10-04T13:44:31.1937240Z Redirecting to blob download url: https://productionresultssa10.blob.core.windows.net/actions-results/f247fafb-9db1-8749-985f-c6a4f2e7179c/workflow-job-run-b00c08d8-6e3b-5e3e-9863-daf4c3d4e1bf/artifacts/809f9b3afe9e1031c1b314c8f61c8b03b4c1abd1e9c00cc4e23fb91fb292f3ec.zip
2026-10-04T13:44:31.1939906Z Starting download of artifact to: /home/runner/work/_temp/menu-analysis-parts/nbo-r16-menu-analysis-long_reuse_d10_s3176718348-00-37204836544
2026-10-04T13:44:31.1946589Z Redirecting to blob download url: https://productionresultssa10.blob.core.windows.net/actions-results/f247fafb-9db1-8749-985f-c6a4f2e7179c/workflow-job-run-0ad8c7e2-3910-54f0-be96-601ad87489d7/artifacts/b770834d7301df4ccd8900e79348c4aae24a100919bf6475be8baf18f6764e93.zip
2026-10-04T13:44:31.1948528Z Starting download of artifact to: /home/runner/work/_temp/menu-analysis-parts/nbo-r16-menu-analysis-original_low_d50_s2023679796-00-37204836544
2026-10-04T13:44:31.1971925Z Redirecting to blob download url: https://productionresultssa10.blob.core.windows.net/actions-results/f247fafb-9db1-8749-985f-c6a4f2e7179c/workflow-job-run-3f5d5841-6cec-5527-a321-53f50cd1f872/artifacts/35e6c0b1a4be70279b11ba62315eb5cc7c142e6f831407a9d63dd06480a07145.zip
2026-10-04T13:44:31.1974179Z Starting download of artifact to: /home/runner/work/_temp/menu-analysis-parts/nbo-r16-menu-analysis-untouched_intermediate_d50_s782199465-00-37204836544
2026-10-04T13:44:31.1980602Z Redirecting to blob download url: https://productionresultssa10.blob.core.windows.net/actions-results/f247fafb-9db1-8749-985f-c6a4f2e7179c/workflow-job-run-ca7c9ea5-d62b-5c34-bfaf-f6de751e9e4b/artifacts/86cfb25afc23a7df8822955219603e1831d8ccad0db72becd8e13e9369884c23.zip
2026-10-04T13:44:31.1982593Z Starting download of artifact to: /home/runner/work/_temp/menu-analysis-parts/nbo-r16-menu-analysis-long_reuse_d50_s1635636351-00-37204836544
2026-10-04T13:44:31.2036247Z Redirecting to blob download url: https://productionresultssa10.blob.core.windows.net/actions-results/f247fafb-9db1-8749-985f-c6a4f2e7179c/workflow-job-run-8c574500-a028-57f2-9684-1c4c7307d5c8/artifacts/c8ad5a6067bbf5e14a160ae5c346be3e37bfe128b9c3ccccb98710c50d40d188.zip
2026-10-04T13:44:31.2038284Z Starting download of artifact to: /home/runner/work/_temp/menu-analysis-parts/nbo-r16-menu-analysis-untouched_intermediate_d10_s2427697457-01-37204836544
2026-10-04T13:44:31.2047297Z Redirecting to blob download url: https://productionresultssa10.blob.core.windows.net/actions-results/f247fafb-9db1-8749-985f-c6a4f2e7179c/workflow-job-run-3c8090d2-d845-5615-9c08-5bf0abc5844c/artifacts/ad650acd55d15554b034a129042af6fb765882f6ac01e9ba5254e1bccd1921fd.zip
2026-10-04T13:44:31.2049393Z Starting download of artifact to: /home/runner/work/_temp/menu-analysis-parts/nbo-r16-menu-analysis-original_low_d10_s3176718348-01-37204836544
2026-10-04T13:44:31.2056914Z Redirecting to blob download url: https://productionresultssa10.blob.core.windows.net/actions-results/f247fafb-9db1-8749-985f-c6a4f2e7179c/workflow-job-run-a20c301b-3ab2-58a8-bb3a-e0ccf72f5da4/artifacts/ba02e568cc9a6c21152e5acf016531823cf8af1f52293e55dd4b5031361fc751.zip
2026-10-04T13:44:31.2059027Z Starting download of artifact to: /home/runner/work/_temp/menu-analysis-parts/nbo-r16-menu-analysis-original_low_d10_s527701303-01-37204836544
2026-10-04T13:44:31.2067428Z Redirecting to blob download url: https://productionresultssa10.blob.core.windows.net/actions-results/f247fafb-9db1-8749-985f-c6a4f2e7179c/workflow-job-run-76b80069-0af7-5f59-8c5a-254a914baef8/artifacts/69efecf9b36274e94fe45b23a389e740f63982df3e8e935b0c5142b0a1071652.zip
2026-10-04T13:44:31.2069554Z Starting download of artifact to: /home/runner/work/_temp/menu-analysis-parts/nbo-r16-menu-analysis-untouched_intermediate_d50_s3176718348-00-37204836544
2026-10-04T13:44:31.2080030Z Redirecting to blob download url: https://productionresultssa10.blob.core.windows.net/actions-results/f247fafb-9db1-8749-985f-c6a4f2e7179c/workflow-job-run-b55cac04-e4fc-5a04-9288-c500eeb859ee/artifacts/ce0ea44f8662e1294c5eb700ee3bb24550a41ada23866d60b9fab9470efa1450.zip
2026-10-04T13:44:31.2082151Z Starting download of artifact to: /home/runner/work/_temp/menu-analysis-parts/nbo-r16-menu-analysis-quarterly_reuse_d50_s782199465-00-37204836544
2026-10-04T13:44:31.2088839Z Redirecting to blob download url: https://productionresultssa10.blob.core.windows.net/actions-results/f247fafb-9db1-8749-985f-c6a4f2e7179c/workflow-job-run-99e78254-bd6a-58ac-aec1-09f6c36021b7/artifacts/7e9b6c9ec0cd4966c62f954e64411d826c14eb74c333dd428e0e064ef97cae99.zip
2026-10-04T13:44:31.2090931Z Starting download of artifact to: /home/runner/work/_temp/menu-analysis-parts/nbo-r16-menu-analysis-quarterly_reuse_d50_s3641281291-00-37204836544
2026-10-04T13:44:31.2097158Z Redirecting to blob download url: https://productionresultssa10.blob.core.windows.net/actions-results/f247fafb-9db1-8749-985f-c6a4f2e7179c/workflow-job-run-5c9d01a1-b057-5d5e-b997-d037a8d7d679/artifacts/d83f505ae095c11d13c4a9bb9b26f842e2c106137a0505e4d75025dc97d3e1ea.zip
2026-10-04T13:44:31.2099171Z Starting download of artifact to: /home/runner/work/_temp/menu-analysis-parts/nbo-r16-menu-analysis-untouched_intermediate_d50_s194396786-00-37204836544
2026-10-04T13:44:31.2108109Z Redirecting to blob download url: https://productionresultssa10.blob.core.windows.net/actions-results/f247fafb-9db1-8749-985f-c6a4f2e7179c/workflow-job-run-3c8090d2-d845-5615-9c08-5bf0abc5844c/artifacts/309cd87c6187be29be7e5a192ec0d767ac9942a7e17af8365788c2f70213a910.zip
2026-10-04T13:44:31.2110363Z Starting download of artifact to: /home/runner/work/_temp/menu-analysis-parts/nbo-r16-menu-analysis-original_low_d10_s3176718348-00-37204836544
2026-10-04T13:44:31.2119038Z Redirecting to blob download url: https://productionresultssa10.blob.core.windows.net/actions-results/f247fafb-9db1-8749-985f-c6a4f2e7179c/workflow-job-run-a20c301b-3ab2-58a8-bb3a-e0ccf72f5da4/artifacts/f658c235671413e4d03532a38b614a3c3b3eb97d50957d84aa665b7a22e41896.zip
2026-10-04T13:44:31.2121719Z Starting download of artifact to: /home/runner/work/_temp/menu-analysis-parts/nbo-r16-menu-analysis-original_low_d10_s527701303-00-37204836544
2026-10-04T13:44:31.2130174Z Redirecting to blob download url: https://productionresultssa10.blob.core.windows.net/actions-results/f247fafb-9db1-8749-985f-c6a4f2e7179c/workflow-job-run-c9185518-6384-524c-b69a-3223046d8857/artifacts/1c38e0c67b98db4999ac235d4c6841e17db82a0b02974865a824b38dc3f53937.zip
2026-10-04T13:44:31.2132969Z Starting download of artifact to: /home/runner/work/_temp/menu-analysis-parts/nbo-r16-menu-analysis-original_low_d10_s3641281291-01-37204836544
2026-10-04T13:44:31.2534277Z Redirecting to blob download url: https://productionresultssa10.blob.core.windows.net/actions-results/f247fafb-9db1-8749-985f-c6a4f2e7179c/workflow-job-run-5f8703ce-904b-526a-b514-0d4ff91d78ff/artifacts/91fa2c7468ffcce95bfa3c7f35aad30103655084d78144fb228001160993fabc.zip
2026-10-04T13:44:31.2537055Z Starting download of artifact to: /home/runner/work/_temp/menu-analysis-parts/nbo-r16-menu-analysis-quarterly_reuse_d10_s320343828-01-37204836544
2026-10-04T13:44:31.2543753Z Redirecting to blob download url: https://productionresultssa10.blob.core.windows.net/actions-results/f247fafb-9db1-8749-985f-c6a4f2e7179c/workflow-job-run-7dbc72d8-b430-532c-85e2-a449efd3ad66/artifacts/c8fce170206c89387c8035e6ff8bb8dd93362f625b78e1bd0d7dd20dc371802d.zip
2026-10-04T13:44:31.2545685Z Starting download of artifact to: /home/runner/work/_temp/menu-analysis-parts/nbo-r16-menu-analysis-untouched_intermediate_d10_s194396786-01-37204836544
2026-10-04T13:44:31.2550808Z Redirecting to blob download url: https://productionresultssa10.blob.core.windows.net/actions-results/f247fafb-9db1-8749-985f-c6a4f2e7179c/workflow-job-run-7dbc72d8-b430-532c-85e2-a449efd3ad66/artifacts/19478b8cc029535472f71f35fdbe4e8ef71bc617bc4789048449d20cfdd24e50.zip
2026-10-04T13:44:31.2552801Z Starting download of artifact to: /home/runner/work/_temp/menu-analysis-parts/nbo-r16-menu-analysis-untouched_intermediate_d10_s194396786-00-37204836544
2026-10-04T13:44:31.2567948Z Redirecting to blob download url: https://productionresultssa10.blob.core.windows.net/actions-results/f247fafb-9db1-8749-985f-c6a4f2e7179c/workflow-job-run-f6279d75-9b42-51af-8b0a-60755b174133/artifacts/ec1b9728f42f91bd2fe390acd175c7e22ec2588916383ee0d24d47b3506fc288.zip
2026-10-04T13:44:31.2570516Z Starting download of artifact to: /home/runner/work/_temp/menu-analysis-parts/nbo-r16-menu-analysis-untouched_intermediate_d10_s3443860912-00-37204836544
2026-10-04T13:44:31.2575905Z Redirecting to blob download url: https://productionresultssa10.blob.core.windows.net/actions-results/f247fafb-9db1-8749-985f-c6a4f2e7179c/workflow-job-run-3f5d5841-6cec-5527-a321-53f50cd1f872/artifacts/53d598279db5a57a308c0a457b61f110967a8db514c6227027ed5bef5018bac1.zip
2026-10-04T13:44:31.2577762Z Starting download of artifact to: /home/runner/work/_temp/menu-analysis-parts/nbo-r16-menu-analysis-untouched_intermediate_d50_s782199465-01-37204836544
2026-10-04T13:44:31.2582313Z Redirecting to blob download url: https://productionresultssa10.blob.core.windows.net/actions-results/f247fafb-9db1-8749-985f-c6a4f2e7179c/workflow-job-run-2f0e707d-46e3-526d-b9ec-e01ff2b757e5/artifacts/89d91affddde08eaffff3f02c5360b9523de8c63a9b43ff91557a05bfdb1664a.zip
2026-10-04T13:44:31.2584271Z Starting download of artifact to: /home/runner/work/_temp/menu-analysis-parts/nbo-r16-menu-analysis-long_reuse_d10_s3443860912-00-37204836544
2026-10-04T13:44:31.2588879Z Redirecting to blob download url: https://productionresultssa10.blob.core.windows.net/actions-results/f247fafb-9db1-8749-985f-c6a4f2e7179c/workflow-job-run-0929ba5b-43c0-5277-97ca-132dfea8dd39/artifacts/5ef0093cea4fee1eac81b8f167153df8394ff3e27d14ebd5332f901b9cad66ee.zip
2026-10-04T13:44:31.2590604Z Starting download of artifact to: /home/runner/work/_temp/menu-analysis-parts/nbo-r16-menu-analysis-untouched_intermediate_d10_s3089473238-01-37204836544
2026-10-04T13:44:31.2595225Z Redirecting to blob download url: https://productionresultssa10.blob.core.windows.net/actions-results/f247fafb-9db1-8749-985f-c6a4f2e7179c/workflow-job-run-701f859a-6028-5dbb-b3f3-25c55ca5b157/artifacts/7b6c5606dc8db74d7af0f48b4ea760ff0a00cc824ca118831fc07c815064ef0d.zip
2026-10-04T13:44:31.2597003Z Starting download of artifact to: /home/runner/work/_temp/menu-analysis-parts/nbo-r16-menu-analysis-long_reuse_d50_s2023679796-01-37204836544
2026-10-04T13:44:31.2601449Z Redirecting to blob download url: https://productionresultssa10.blob.core.windows.net/actions-results/f247fafb-9db1-8749-985f-c6a4f2e7179c/workflow-job-run-a321a808-a3ef-518f-99b7-224cbd4722d8/artifacts/81be9f5ccf3057346d471a470cb6f95983b4f1feb82d11e5f776c0fd5bff30ce.zip
2026-10-04T13:44:31.2603142Z Starting download of artifact to: /home/runner/work/_temp/menu-analysis-parts/nbo-r16-menu-analysis-quarterly_reuse_d10_s3641281291-00-37204836544
2026-10-04T13:44:31.2607891Z Redirecting to blob download url: https://productionresultssa10.blob.core.windows.net/actions-results/f247fafb-9db1-8749-985f-c6a4f2e7179c/workflow-job-run-4e2d39e6-7467-55e7-aedf-a0b13ed60dac/artifacts/f6fef44b39f7ca5d64aa03ce6831f1fe90a930dc72d3cecb299072f0873c0b06.zip
2026-10-04T13:44:31.2609538Z Starting download of artifact to: /home/runner/work/_temp/menu-analysis-parts/nbo-r16-menu-analysis-original_low_d50_s320343828-00-37204836544
2026-10-04T13:44:31.2614369Z Redirecting to blob download url: https://productionresultssa10.blob.core.windows.net/actions-results/f247fafb-9db1-8749-985f-c6a4f2e7179c/workflow-job-run-68f827da-2726-581f-b8de-1ee577971ce5/artifacts/c88bef3da3ba7491aa01648c9f7a2db1d70d0f742c50379531d18fcdeec985a1.zip
2026-10-04T13:44:31.2616132Z Starting download of artifact to: /home/runner/work/_temp/menu-analysis-parts/nbo-r16-menu-analysis-long_reuse_d50_s2063512792-00-37204836544
2026-10-04T13:44:31.2620945Z Redirecting to blob download url: https://productionresultssa10.blob.core.windows.net/actions-results/f247fafb-9db1-8749-985f-c6a4f2e7179c/workflow-job-run-171ffa3c-b6f7-52db-bf29-6197137c0b6b/artifacts/5f6282f5c773434fead8b4c5d6560b7182ad0d91cfc4a6f767915c1cc39326a2.zip
2026-10-04T13:44:31.2622881Z Starting download of artifact to: /home/runner/work/_temp/menu-analysis-parts/nbo-r16-menu-analysis-original_low_d50_s3089473238-01-37204836544
2026-10-04T13:44:31.2627552Z Redirecting to blob download url: https://productionresultssa10.blob.core.windows.net/actions-results/f247fafb-9db1-8749-985f-c6a4f2e7179c/workflow-job-run-c4dac353-8aac-5487-baba-f740734279cc/artifacts/3a4c923594b0d56622892b47aa84eacb19b03228e612a0520c751d37f9f5e760.zip
2026-10-04T13:44:31.2629328Z Starting download of artifact to: /home/runner/work/_temp/menu-analysis-parts/nbo-r16-menu-analysis-long_reuse_d50_s3443860912-01-37204836544
2026-10-04T13:44:31.2644397Z Redirecting to blob download url: https://productionresultssa10.blob.core.windows.net/actions-results/f247fafb-9db1-8749-985f-c6a4f2e7179c/workflow-job-run-86cacb7a-70f8-5207-8e45-e7f1b5f956ec/artifacts/589a577a23a989b7dbf840ce4ee4da5bb198824492c4de462872d10e4281307b.zip
2026-10-04T13:44:31.2646279Z Starting download of artifact to: /home/runner/work/_temp/menu-analysis-parts/nbo-r16-menu-analysis-untouched_intermediate_d10_s4219929003-00-37204836544
2026-10-04T13:44:31.2651087Z Redirecting to blob download url: https://productionresultssa10.blob.core.windows.net/actions-results/f247fafb-9db1-8749-985f-c6a4f2e7179c/workflow-job-run-35e84d30-1c3c-5efe-addb-a20098ff3026/artifacts/2fb9a02720b2980e778a2d95eb8c8e26be705b885183582de396d5b6ea184a75.zip
2026-10-04T13:44:31.2652918Z Starting download of artifact to: /home/runner/work/_temp/menu-analysis-parts/nbo-r16-menu-analysis-untouched_intermediate_d10_s782199465-00-37204836544
2026-10-04T13:44:31.2659523Z Redirecting to blob download url: https://productionresultssa10.blob.core.windows.net/actions-results/f247fafb-9db1-8749-985f-c6a4f2e7179c/workflow-job-run-68f827da-2726-581f-b8de-1ee577971ce5/artifacts/89f20487fbdf6fefa0f5283cfcc4bc103be28eb8134241304288746f95364253.zip
2026-10-04T13:44:31.2661286Z Starting download of artifact to: /home/runner/work/_temp/menu-analysis-parts/nbo-r16-menu-analysis-long_reuse_d50_s2063512792-01-37204836544
2026-10-04T13:44:31.2666280Z Redirecting to blob download url: https://productionresultssa10.blob.core.windows.net/actions-results/f247fafb-9db1-8749-985f-c6a4f2e7179c/workflow-job-run-6a206fa1-0821-5c18-87bd-dc67dd08c857/artifacts/70f4531c1f2f61471389ab4883ed189cc81a76dbe2e6ea74b992cab8c056a71a.zip
2026-10-04T13:44:31.2668173Z Starting download of artifact to: /home/runner/work/_temp/menu-analysis-parts/nbo-r16-menu-analysis-quarterly_reuse_d10_s4219929003-00-37204836544
2026-10-04T13:44:31.2673061Z Redirecting to blob download url: https://productionresultssa10.blob.core.windows.net/actions-results/f247fafb-9db1-8749-985f-c6a4f2e7179c/workflow-job-run-829c774c-3b64-549b-9802-d5b2b6d54b12/artifacts/9a07661c2048b30fc8704648134bb4399a10f0d5791ea807bf2c1f0e2e8f5dac.zip
2026-10-04T13:44:31.2675333Z Starting download of artifact to: /home/runner/work/_temp/menu-analysis-parts/nbo-r16-menu-analysis-untouched_intermediate_d10_s527701303-00-37204836544
2026-10-04T13:44:31.2685331Z Redirecting to blob download url: https://productionresultssa10.blob.core.windows.net/actions-results/f247fafb-9db1-8749-985f-c6a4f2e7179c/workflow-job-run-5b1807c4-b15f-55a3-bcc7-9a481d411928/artifacts/7d292cd2a7f6c673ad266085b3f8204d7894fceec1e48566e6d6859d582ca293.zip
2026-10-04T13:44:31.2687932Z Starting download of artifact to: /home/runner/work/_temp/menu-analysis-parts/nbo-r16-menu-analysis-untouched_intermediate_d10_s320343828-00-37204836544
2026-10-04T13:44:31.2693888Z Redirecting to blob download url: https://productionresultssa10.blob.core.windows.net/actions-results/f247fafb-9db1-8749-985f-c6a4f2e7179c/workflow-job-run-4b4b1651-f2b3-5eda-999e-6a8832c88b57/artifacts/580781eb56ca94bb823ce61d431327b85f87a10e411f0cb7420349dc4c024801.zip
2026-10-04T13:44:31.2695731Z Starting download of artifact to: /home/runner/work/_temp/menu-analysis-parts/nbo-r16-menu-analysis-long_reuse_d10_s2063512792-01-37204836544
2026-10-04T13:44:31.2700843Z Redirecting to blob download url: https://productionresultssa10.blob.core.windows.net/actions-results/f247fafb-9db1-8749-985f-c6a4f2e7179c/workflow-job-run-93cb3d10-4bf0-55ad-afad-b399d3a32fe0/artifacts/fa1ccfc32cd8a785ea300bbeb6b335a049540b0ba5fe699867dcbfb257461858.zip
2026-10-04T13:44:31.2702664Z Starting download of artifact to: /home/runner/work/_temp/menu-analysis-parts/nbo-r16-menu-analysis-untouched_intermediate_d10_s1264292074-01-37204836544
2026-10-04T13:44:31.2708201Z Redirecting to blob download url: https://productionresultssa10.blob.core.windows.net/actions-results/f247fafb-9db1-8749-985f-c6a4f2e7179c/workflow-job-run-5b1807c4-b15f-55a3-bcc7-9a481d411928/artifacts/678c7b8c6f17c365f1587181082350ac4fdf4267fcc661bdd3b48bb564e7fe7d.zip
2026-10-04T13:44:31.2710707Z Starting download of artifact to: /home/runner/work/_temp/menu-analysis-parts/nbo-r16-menu-analysis-untouched_intermediate_d10_s320343828-01-37204836544
2026-10-04T13:44:31.2717233Z Redirecting to blob download url: https://productionresultssa10.blob.core.windows.net/actions-results/f247fafb-9db1-8749-985f-c6a4f2e7179c/workflow-job-run-7dbf75fd-59ef-570b-ae3f-03295375a491/artifacts/917f40b6732de490a11bf4023a6662075c9b2dade64af18f49961b0ab5b70f32.zip
2026-10-04T13:44:31.2719049Z Starting download of artifact to: /home/runner/work/_temp/menu-analysis-parts/nbo-r16-menu-analysis-quarterly_reuse_d50_s3308926306-00-37204836544
2026-10-04T13:44:31.2729003Z Redirecting to blob download url: https://productionresultssa10.blob.core.windows.net/actions-results/f247fafb-9db1-8749-985f-c6a4f2e7179c/workflow-job-run-ff75f333-c655-54e0-8212-5e216c81da8b/artifacts/a6e5d208607fb8021b52d24cbc04636a8a199441e260dadc8b6e39a496149420.zip
2026-10-04T13:44:31.2731822Z Starting download of artifact to: /home/runner/work/_temp/menu-analysis-parts/nbo-r16-menu-analysis-untouched_intermediate_d50_s3641281291-00-37204836544
2026-10-04T13:44:31.2738731Z Redirecting to blob download url: https://productionresultssa10.blob.core.windows.net/actions-results/f247fafb-9db1-8749-985f-c6a4f2e7179c/workflow-job-run-b00c08d8-6e3b-5e3e-9863-daf4c3d4e1bf/artifacts/0a62d2166a9bffa3ca320131beb2f0559add846db655f85115d8ef505009d09f.zip
2026-10-04T13:44:31.2740770Z Starting download of artifact to: /home/runner/work/_temp/menu-analysis-parts/nbo-r16-menu-analysis-long_reuse_d10_s3176718348-01-37204836544
2026-10-04T13:44:31.2748746Z Redirecting to blob download url: https://productionresultssa10.blob.core.windows.net/actions-results/f247fafb-9db1-8749-985f-c6a4f2e7179c/workflow-job-run-4e2d39e6-7467-55e7-aedf-a0b13ed60dac/artifacts/782720401c80a8748239962d74649d747a287cc867062169fef3f109fe21857b.zip
2026-10-04T13:44:31.2751332Z Starting download of artifact to: /home/runner/work/_temp/menu-analysis-parts/nbo-r16-menu-analysis-original_low_d50_s320343828-01-37204836544
2026-10-04T13:44:31.2758408Z Redirecting to blob download url: https://productionresultssa10.blob.core.windows.net/actions-results/f247fafb-9db1-8749-985f-c6a4f2e7179c/workflow-job-run-92a1dfa6-4534-55d5-8804-86370f9bfcb5/artifacts/9655f305e7ba057f93714f1da53d0436266616b8ba55f69071f20a27832419b9.zip
2026-10-04T13:44:31.2760844Z Starting download of artifact to: /home/runner/work/_temp/menu-analysis-parts/nbo-r16-menu-analysis-long_reuse_d50_s2427697457-00-37204836544
2026-10-04T13:44:31.2766325Z Redirecting to blob download url: https://productionresultssa10.blob.core.windows.net/actions-results/f247fafb-9db1-8749-985f-c6a4f2e7179c/workflow-job-run-0929ba5b-43c0-5277-97ca-132dfea8dd39/artifacts/e95abd4680b1c3d53ad0b7317cadeeed25d3fcaddb4972281fcf9226eb286c80.zip
2026-10-04T13:44:31.2768508Z Starting download of artifact to: /home/runner/work/_temp/menu-analysis-parts/nbo-r16-menu-analysis-untouched_intermediate_d10_s3089473238-00-37204836544
2026-10-04T13:44:31.2774753Z Redirecting to blob download url: https://productionresultssa10.blob.core.windows.net/actions-results/f247fafb-9db1-8749-985f-c6a4f2e7179c/workflow-job-run-79b78885-0a47-5608-adc0-9c7d7918a9ee/artifacts/a22c22c6354b0f1d380aece185795f701941414c4c666936c71623a3fa6351f3.zip
2026-10-04T13:44:31.2777991Z Starting download of artifact to: /home/runner/work/_temp/menu-analysis-parts/nbo-r16-menu-analysis-long_reuse_d10_s3308926306-01-37204836544
2026-10-04T13:44:31.2785568Z Redirecting to blob download url: https://productionresultssa10.blob.core.windows.net/actions-results/f247fafb-9db1-8749-985f-c6a4f2e7179c/workflow-job-run-6923f6d5-24e8-58ea-88f1-ab3851eb8261/artifacts/374c11a044ca74c7a1ef8f97ea4c3ed54c6da1ae8a7d75bf3226b7c57db96df5.zip
2026-10-04T13:44:31.2787744Z Starting download of artifact to: /home/runner/work/_temp/menu-analysis-parts/nbo-r16-menu-analysis-quarterly_reuse_d10_s194396786-01-37204836544
2026-10-04T13:44:31.2793823Z Redirecting to blob download url: https://productionresultssa10.blob.core.windows.net/actions-results/f247fafb-9db1-8749-985f-c6a4f2e7179c/workflow-job-run-52fd64ab-d5b0-51a3-84fe-669c5b49eabf/artifacts/0805364bc27c82416e5bab3ce5a6bf524afcfd36942de91bfd6291e679eb8931.zip
2026-10-04T13:44:31.2796085Z Starting download of artifact to: /home/runner/work/_temp/menu-analysis-parts/nbo-r16-menu-analysis-long_reuse_d50_s3487691819-01-37204836544
2026-10-04T13:44:31.2802031Z Redirecting to blob download url: https://productionresultssa10.blob.core.windows.net/actions-results/f247fafb-9db1-8749-985f-c6a4f2e7179c/workflow-job-run-86cacb7a-70f8-5207-8e45-e7f1b5f956ec/artifacts/56bde78951770a099fb1bc8729e57753b9f49db5fc8199f68cfd242c290aeea0.zip
2026-10-04T13:44:31.2804491Z Starting download of artifact to: /home/runner/work/_temp/menu-analysis-parts/nbo-r16-menu-analysis-untouched_intermediate_d10_s4219929003-01-37204836544
2026-10-04T13:44:31.2810186Z Redirecting to blob download url: https://productionresultssa10.blob.core.windows.net/actions-results/f247fafb-9db1-8749-985f-c6a4f2e7179c/workflow-job-run-ac572bb5-d84a-5f7b-9dd4-599cb3863def/artifacts/33a0a9329d79392f9326c2ed764cc8edf6dfeedccda565a0555ba2430645f95b.zip
2026-10-04T13:44:31.2812068Z Starting download of artifact to: /home/runner/work/_temp/menu-analysis-parts/nbo-r16-menu-analysis-long_reuse_d10_s1635636351-01-37204836544
2026-10-04T13:44:31.2819010Z Redirecting to blob download url: https://productionresultssa10.blob.core.windows.net/actions-results/f247fafb-9db1-8749-985f-c6a4f2e7179c/workflow-job-run-4f61c487-294c-5710-987e-f993c4aedd8e/artifacts/a78aa21662258081bebf43a54e0e5f0f17651df8e4a967456f561ecd0080ee3a.zip
2026-10-04T13:44:31.2821749Z Starting download of artifact to: /home/runner/work/_temp/menu-analysis-parts/nbo-r16-menu-analysis-quarterly_reuse_d10_s782199465-00-37204836544
2026-10-04T13:44:31.2828681Z Redirecting to blob download url: https://productionresultssa10.blob.core.windows.net/actions-results/f247fafb-9db1-8749-985f-c6a4f2e7179c/workflow-job-run-4fd4a575-17be-5e33-9e01-152777966f12/artifacts/41be923662a4cd1ddbbae84a6f770de99268dfa0c89f2a58429192bab75b388c.zip
2026-10-04T13:44:31.2830647Z Starting download of artifact to: /home/runner/work/_temp/menu-analysis-parts/nbo-r16-menu-analysis-long_reuse_d50_s3176718348-01-37204836544
2026-10-04T13:44:31.2836682Z Redirecting to blob download url: https://productionresultssa10.blob.core.windows.net/actions-results/f247fafb-9db1-8749-985f-c6a4f2e7179c/workflow-job-run-186bc9bf-09ea-5c63-806c-29a252983bd0/artifacts/f419b386241b24948c61cbae7ab6866f5b4a82735251c000130baa8024813a85.zip
2026-10-04T13:44:31.2838558Z Starting download of artifact to: /home/runner/work/_temp/menu-analysis-parts/nbo-r16-menu-analysis-long_reuse_d50_s4219929003-01-37204836544
2026-10-04T13:44:31.2844081Z Redirecting to blob download url: https://productionresultssa10.blob.core.windows.net/actions-results/f247fafb-9db1-8749-985f-c6a4f2e7179c/workflow-job-run-102227b8-869e-5142-b4b1-115d845e438f/artifacts/7ba3240bf4cf4a32d9635f10dd77734be3a502dd052d256ac42a0ae579d35de5.zip
2026-10-04T13:44:31.2846139Z Starting download of artifact to: /home/runner/work/_temp/menu-analysis-parts/nbo-r16-menu-analysis-long_reuse_d50_s782199465-00-37204836544
2026-10-04T13:44:31.2852152Z Redirecting to blob download url: https://productionresultssa10.blob.core.windows.net/actions-results/f247fafb-9db1-8749-985f-c6a4f2e7179c/workflow-job-run-46b0c508-9d4b-52d6-bb05-352072e9cd4d/artifacts/a41d41dc8eee5d04970327ecc71dd2ed2e3bef9ea184d43dd960c0ed3265b345.zip
2026-10-04T13:44:31.2854473Z Starting download of artifact to: /home/runner/work/_temp/menu-analysis-parts/nbo-r16-menu-analysis-original_low_d10_s2023679796-01-37204836544
2026-10-04T13:44:31.2860217Z Redirecting to blob download url: https://productionresultssa10.blob.core.windows.net/actions-results/f247fafb-9db1-8749-985f-c6a4f2e7179c/workflow-job-run-54a20156-e4a7-50df-865c-86dbf1a5eae9/artifacts/4b16083895b17b591740413bac3955797faac4808125de38852a91f32aae8836.zip
2026-10-04T13:44:31.2862283Z Starting download of artifact to: /home/runner/work/_temp/menu-analysis-parts/nbo-r16-menu-analysis-quarterly_reuse_d10_s3487691819-00-37204836544
2026-10-04T13:44:31.2867847Z Redirecting to blob download url: https://productionresultssa10.blob.core.windows.net/actions-results/f247fafb-9db1-8749-985f-c6a4f2e7179c/workflow-job-run-d0c5455b-f98c-51ab-a7d4-8e38b915edc7/artifacts/1d9aa0958b15e1d911d2d17875b7e67a13e7019287bb9fd5302380c02d9fb129.zip
2026-10-04T13:44:31.2869762Z Starting download of artifact to: /home/runner/work/_temp/menu-analysis-parts/nbo-r16-menu-analysis-long_reuse_d50_s3641281291-00-37204836544
2026-10-04T13:44:31.2875436Z Redirecting to blob download url: https://productionresultssa10.blob.core.windows.net/actions-results/f247fafb-9db1-8749-985f-c6a4f2e7179c/workflow-job-run-6a206fa1-0821-5c18-87bd-dc67dd08c857/artifacts/ec7503a2e03ed3ebc2ca0b5ee9163593c67c7e165c8469f5e65a4f6ff49ae389.zip
2026-10-04T13:44:31.2877448Z Starting download of artifact to: /home/runner/work/_temp/menu-analysis-parts/nbo-r16-menu-analysis-quarterly_reuse_d10_s4219929003-01-37204836544
2026-10-04T13:44:31.2884904Z Redirecting to blob download url: https://productionresultssa10.blob.core.windows.net/actions-results/f247fafb-9db1-8749-985f-c6a4f2e7179c/workflow-job-run-2f0e707d-46e3-526d-b9ec-e01ff2b757e5/artifacts/86add5d4c376b0582701afbbb8c0bfef574e4c5f11db03d1e4a1c4ea321bdd54.zip
2026-10-04T13:44:31.2886904Z Starting download of artifact to: /home/runner/work/_temp/menu-analysis-parts/nbo-r16-menu-analysis-long_reuse_d10_s3443860912-01-37204836544
2026-10-04T13:44:31.2894633Z Redirecting to blob download url: https://productionresultssa10.blob.core.windows.net/actions-results/f247fafb-9db1-8749-985f-c6a4f2e7179c/workflow-job-run-4deb9115-5477-530b-ab0f-37986eb519d4/artifacts/b3fb0d1f4b4c72a2e83f6ca07a6a59e4f3ba1917b885be70c2af722a910031c3.zip
2026-10-04T13:44:31.2896595Z Starting download of artifact to: /home/runner/work/_temp/menu-analysis-parts/nbo-r16-menu-analysis-original_low_d50_s2427697457-00-37204836544
2026-10-04T13:44:31.2902110Z Redirecting to blob download url: https://productionresultssa10.blob.core.windows.net/actions-results/f247fafb-9db1-8749-985f-c6a4f2e7179c/workflow-job-run-c4dac353-8aac-5487-baba-f740734279cc/artifacts/3b542adc91c886268d49ed80e3debe0035c0e0f88bab9b95001289eaf4a169fd.zip
2026-10-04T13:44:31.2904171Z Starting download of artifact to: /home/runner/work/_temp/menu-analysis-parts/nbo-r16-menu-analysis-long_reuse_d50_s3443860912-00-37204836544
2026-10-04T13:44:31.2910349Z Redirecting to blob download url: https://productionresultssa10.blob.core.windows.net/actions-results/f247fafb-9db1-8749-985f-c6a4f2e7179c/workflow-job-run-2db2c7a5-67d7-553a-b27d-fae656e038c5/artifacts/32de8624d3bcf97a73b6defbce7a814fade106a19ece7122b3f6b7c543260f11.zip
2026-10-04T13:44:31.2913229Z Starting download of artifact to: /home/runner/work/_temp/menu-analysis-parts/nbo-r16-menu-analysis-quarterly_reuse_d50_s3487691819-01-37204836544
2026-10-04T13:44:31.2920717Z Redirecting to blob download url: https://productionresultssa10.blob.core.windows.net/actions-results/f247fafb-9db1-8749-985f-c6a4f2e7179c/workflow-job-run-76b80069-0af7-5f59-8c5a-254a914baef8/artifacts/a674ca7a5b5a1b9f7d326333b0e5f7b094b833488a3bf0cef762aea54586ba3f.zip
2026-10-04T13:44:31.2922732Z Starting download of artifact to: /home/runner/work/_temp/menu-analysis-parts/nbo-r16-menu-analysis-untouched_intermediate_d50_s3176718348-01-37204836544
2026-10-04T13:44:31.2929049Z Redirecting to blob download url: https://productionresultssa10.blob.core.windows.net/actions-results/f247fafb-9db1-8749-985f-c6a4f2e7179c/workflow-job-run-d0c5455b-f98c-51ab-a7d4-8e38b915edc7/artifacts/de82386c44094cbac107f18f0c31f7df7269d28909ee8bef2e0c1c2aca7e48ed.zip
2026-10-04T13:44:31.2931110Z Starting download of artifact to: /home/runner/work/_temp/menu-analysis-parts/nbo-r16-menu-analysis-long_reuse_d50_s3641281291-01-37204836544
2026-10-04T13:44:31.2942470Z Redirecting to blob download url: https://productionresultssa10.blob.core.windows.net/actions-results/f247fafb-9db1-8749-985f-c6a4f2e7179c/workflow-job-run-44b064d8-f05f-50b0-be3e-013c5e3b4527/artifacts/b27d602de16cd7086b844e60367f6abec095ca7fee1452c744045875d264bae2.zip
2026-10-04T13:44:31.2944770Z Starting download of artifact to: /home/runner/work/_temp/menu-analysis-parts/nbo-r16-menu-analysis-original_low_d10_s194396786-00-37204836544
2026-10-04T13:44:31.2950536Z Redirecting to blob download url: https://productionresultssa10.blob.core.windows.net/actions-results/f247fafb-9db1-8749-985f-c6a4f2e7179c/workflow-job-run-0ac6a4fb-ae44-5831-92bb-eb6a5504e2dc/artifacts/4153f1e22d9dc30aadbb439540a678d73fb118124afbc78b51d47d99f8ba5182.zip
2026-10-04T13:44:31.2952609Z Starting download of artifact to: /home/runner/work/_temp/menu-analysis-parts/nbo-r16-menu-analysis-long_reuse_d10_s194396786-00-37204836544
2026-10-04T13:44:31.2958759Z Redirecting to blob download url: https://productionresultssa10.blob.core.windows.net/actions-results/f247fafb-9db1-8749-985f-c6a4f2e7179c/workflow-job-run-e6a000d4-235e-5099-b0bf-612a6319cb98/artifacts/a2ce32bef73ca14d976f103c5f7f7802e02aab000a0986f4882663476aedfd67.zip
2026-10-04T13:44:31.2960996Z Starting download of artifact to: /home/runner/work/_temp/menu-analysis-parts/nbo-r16-menu-analysis-original_low_d10_s4219929003-01-37204836544
2026-10-04T13:44:31.2967231Z Redirecting to blob download url: https://productionresultssa10.blob.core.windows.net/actions-results/f247fafb-9db1-8749-985f-c6a4f2e7179c/workflow-job-run-0ebbe371-c828-53a4-ba74-ed9a869ae4c6/artifacts/32c0db4586ad481379c89f25992bfb4190c18836af103d6c6e9caf0f20b2db50.zip
2026-10-04T13:44:31.2969277Z Starting download of artifact to: /home/runner/work/_temp/menu-analysis-parts/nbo-r16-menu-analysis-original_low_d50_s3487691819-00-37204836544
2026-10-04T13:44:31.2975177Z Redirecting to blob download url: https://productionresultssa10.blob.core.windows.net/actions-results/f247fafb-9db1-8749-985f-c6a4f2e7179c/workflow-job-run-975d9d94-7bb1-55fa-a81a-4f835c3ce17e/artifacts/21535124e97e9598f1d374e4600dd26cafb727295ce7980e97c63492fd1d5bb5.zip
2026-10-04T13:44:31.2977996Z Starting download of artifact to: /home/runner/work/_temp/menu-analysis-parts/nbo-r16-menu-analysis-original_low_d10_s1264292074-01-37204836544
2026-10-04T13:44:31.2985875Z Redirecting to blob download url: https://productionresultssa10.blob.core.windows.net/actions-results/f247fafb-9db1-8749-985f-c6a4f2e7179c/workflow-job-run-8859c3cb-0763-58ad-ba6d-4724ef871502/artifacts/3b65d00f0ceed90cf9ec0110cbd6fa2ab7d121ac9a0e2f0133b036f837fbf061.zip
2026-10-04T13:44:31.2987993Z Starting download of artifact to: /home/runner/work/_temp/menu-analysis-parts/nbo-r16-menu-analysis-long_reuse_d50_s194396786-00-37204836544
2026-10-04T13:44:31.2997854Z Redirecting to blob download url: https://productionresultssa10.blob.core.windows.net/actions-results/f247fafb-9db1-8749-985f-c6a4f2e7179c/workflow-job-run-46b0c508-9d4b-52d6-bb05-352072e9cd4d/artifacts/08e05f6be1d81918d45e5399723854410973382426c319f2bc62d77b7c18328e.zip
2026-10-04T13:44:31.3000018Z Starting download of artifact to: /home/runner/work/_temp/menu-analysis-parts/nbo-r16-menu-analysis-original_low_d10_s2023679796-00-37204836544
2026-10-04T13:44:31.3024794Z Redirecting to blob download url: https://productionresultssa10.blob.core.windows.net/actions-results/f247fafb-9db1-8749-985f-c6a4f2e7179c/workflow-job-run-fe525b8e-c7b8-503e-bdb1-9bc6601a45be/artifacts/c5820c4c15101323a1f11042cf9d7fa843e2584681859557eda3d904ba4f0eae.zip
2026-10-04T13:44:31.3027466Z Starting download of artifact to: /home/runner/work/_temp/menu-analysis-parts/nbo-r16-menu-analysis-long_reuse_d10_s3487691819-00-37204836544
2026-10-04T13:44:31.3033602Z Redirecting to blob download url: https://productionresultssa10.blob.core.windows.net/actions-results/f247fafb-9db1-8749-985f-c6a4f2e7179c/workflow-job-run-fcfd0396-8072-534f-94ee-63177f751350/artifacts/3a61f1b39c21870eb121ceeff72c68328593e602c34a9704f7e0a1c81ab9d5f1.zip
2026-10-04T13:44:31.3035815Z Starting download of artifact to: /home/runner/work/_temp/menu-analysis-parts/nbo-r16-menu-analysis-untouched_intermediate_d10_s2063512792-00-37204836544
2026-10-04T13:44:31.3059432Z Redirecting to blob download url: https://productionresultssa10.blob.core.windows.net/actions-results/f247fafb-9db1-8749-985f-c6a4f2e7179c/workflow-job-run-8750cfc8-4545-5e0b-9b4f-22f7dcbe5c7e/artifacts/a76cdc73712e665720b68079cf4ac90bf3b79d96a18ccea23a538180a5070ca1.zip
2026-10-04T13:44:31.3061576Z Starting download of artifact to: /home/runner/work/_temp/menu-analysis-parts/nbo-r16-menu-analysis-quarterly_reuse_d50_s320343828-00-37204836544
2026-10-04T13:44:31.3067759Z Redirecting to blob download url: https://productionresultssa10.blob.core.windows.net/actions-results/f247fafb-9db1-8749-985f-c6a4f2e7179c/workflow-job-run-8750cfc8-4545-5e0b-9b4f-22f7dcbe5c7e/artifacts/aa6a650c50819ce1907ee76ff59e26e3c70333a8836c6c1670cf6c89e944297d.zip
2026-10-04T13:44:31.3070361Z Starting download of artifact to: /home/runner/work/_temp/menu-analysis-parts/nbo-r16-menu-analysis-quarterly_reuse_d50_s320343828-01-37204836544
2026-10-04T13:44:31.3079646Z Redirecting to blob download url: https://productionresultssa10.blob.core.windows.net/actions-results/f247fafb-9db1-8749-985f-c6a4f2e7179c/workflow-job-run-4e0e109f-b4f8-5d50-8276-a2f6943f5e63/artifacts/0fae60377edddbae0c2ea85dadb2d3ab372061b9314b2e0d13c392ce8b1cc697.zip
2026-10-04T13:44:31.3081690Z Starting download of artifact to: /home/runner/work/_temp/menu-analysis-parts/nbo-r16-menu-analysis-original_low_d50_s1635636351-00-37204836544
2026-10-04T13:44:31.3088192Z Redirecting to blob download url: https://productionresultssa10.blob.core.windows.net/actions-results/f247fafb-9db1-8749-985f-c6a4f2e7179c/workflow-job-run-f6279d75-9b42-51af-8b0a-60755b174133/artifacts/b7fb38a1f80d39f452289e970a32740755d75db476ae43fc17bf69966e341d95.zip
2026-10-04T13:44:31.3090466Z Starting download of artifact to: /home/runner/work/_temp/menu-analysis-parts/nbo-r16-menu-analysis-untouched_intermediate_d10_s3443860912-01-37204836544
2026-10-04T13:44:31.3096789Z Redirecting to blob download url: https://productionresultssa10.blob.core.windows.net/actions-results/f247fafb-9db1-8749-985f-c6a4f2e7179c/workflow-job-run-829c774c-3b64-549b-9802-d5b2b6d54b12/artifacts/4a15a96aa720684d857f32cd6ed42c0dfe8f2b885cd8908ab6326bdbe1914f1e.zip
2026-10-04T13:44:31.3099575Z Starting download of artifact to: /home/runner/work/_temp/menu-analysis-parts/nbo-r16-menu-analysis-untouched_intermediate_d10_s527701303-01-37204836544
2026-10-04T13:44:31.3106674Z Redirecting to blob download url: https://productionresultssa10.blob.core.windows.net/actions-results/f247fafb-9db1-8749-985f-c6a4f2e7179c/workflow-job-run-a474526e-83a9-5fdb-ac90-363eaceeb2ff/artifacts/94fa449c6578fc3f98f40353d0c88ca4b9bf7cd1cecb3ff694c9562fb67380c7.zip
2026-10-04T13:44:31.3109088Z Starting download of artifact to: /home/runner/work/_temp/menu-analysis-parts/nbo-r16-menu-analysis-long_reuse_d10_s2427697457-01-37204836544
2026-10-04T13:44:31.3250366Z Redirecting to blob download url: https://productionresultssa10.blob.core.windows.net/actions-results/f247fafb-9db1-8749-985f-c6a4f2e7179c/workflow-job-run-16f33e0e-423f-56d7-b54d-bc5c0fc1962c/artifacts/de2914774129ab266f3c8d65b86a5087a0168ecd5e63387ac438f5ced4c85e2e.zip
2026-10-04T13:44:31.3252764Z Starting download of artifact to: /home/runner/work/_temp/menu-analysis-parts/nbo-r16-menu-analysis-quarterly_reuse_d10_s3443860912-01-37204836544
2026-10-04T13:44:31.3261129Z Redirecting to blob download url: https://productionresultssa10.blob.core.windows.net/actions-results/f247fafb-9db1-8749-985f-c6a4f2e7179c/workflow-job-run-f68a68bf-a2ed-56e4-b164-d256b5bb4a34/artifacts/16eedb1ea1a2c69244b215dde41dbde0722e95e6bcf865b25c188efe113060d9.zip
2026-10-04T13:44:31.3266911Z Starting download of artifact to: /home/runner/work/_temp/menu-analysis-parts/nbo-r16-menu-analysis-long_reuse_d10_s4219929003-01-37204836544
2026-10-04T13:44:31.3275662Z Redirecting to blob download url: https://productionresultssa10.blob.core.windows.net/actions-results/f247fafb-9db1-8749-985f-c6a4f2e7179c/workflow-job-run-c53c1bc1-60dc-567b-85fe-2d123072bead/artifacts/f318323a580857c4512792635c96a9bbc7dc2462d1421c8bd2eb5d6dec4ccebe.zip
2026-10-04T13:44:31.3277935Z Starting download of artifact to: /home/runner/work/_temp/menu-analysis-parts/nbo-r16-menu-analysis-long_reuse_d50_s3089473238-01-37204836544
2026-10-04T13:44:31.3284943Z Redirecting to blob download url: https://productionresultssa10.blob.core.windows.net/actions-results/f247fafb-9db1-8749-985f-c6a4f2e7179c/workflow-job-run-60de8bde-4d2f-506b-b877-a63d306b02c3/artifacts/33d50bdfa471bc97ac21e40533007e8f17802cb0e05c0f550193fc86f1a6e761.zip
2026-10-04T13:44:31.3287379Z Starting download of artifact to: /home/runner/work/_temp/menu-analysis-parts/nbo-r16-menu-analysis-untouched_intermediate_d10_s3487691819-01-37204836544
2026-10-04T13:44:31.3301008Z Redirecting to blob download url: https://productionresultssa10.blob.core.windows.net/actions-results/f247fafb-9db1-8749-985f-c6a4f2e7179c/workflow-job-run-12779000-3234-581e-8dde-ea044f8dcd59/artifacts/994218b358e72705aeed7e66830b9ebc27d6eb520ce7623b231ab4c13230f909.zip
2026-10-04T13:44:31.3303242Z Starting download of artifact to: /home/runner/work/_temp/menu-analysis-parts/nbo-r16-menu-analysis-original_low_d10_s320343828-00-37204836544
2026-10-04T13:44:31.3310011Z Redirecting to blob download url: https://productionresultssa10.blob.core.windows.net/actions-results/f247fafb-9db1-8749-985f-c6a4f2e7179c/workflow-job-run-4f61c487-294c-5710-987e-f993c4aedd8e/artifacts/91c7541967febd833dcfd00187adb26cc13ef6b33fb77d8a2f339a3aa17fa064.zip
2026-10-04T13:44:31.3312479Z Starting download of artifact to: /home/runner/work/_temp/menu-analysis-parts/nbo-r16-menu-analysis-quarterly_reuse_d10_s782199465-01-37204836544
2026-10-04T13:44:31.3331872Z Redirecting to blob download url: https://productionresultssa10.blob.core.windows.net/actions-results/f247fafb-9db1-8749-985f-c6a4f2e7179c/workflow-job-run-23b0f48b-4c85-5595-8538-21abbc55f136/artifacts/bc11384fa604cdf1f469f2641cd98a95220d5250a24e20011278d0cfcb16bbd6.zip
2026-10-04T13:44:31.3334229Z Starting download of artifact to: /home/runner/work/_temp/menu-analysis-parts/nbo-r16-menu-analysis-original_low_d50_s782199465-01-37204836544
2026-10-04T13:44:31.3360757Z Redirecting to blob download url: https://productionresultssa10.blob.core.windows.net/actions-results/f247fafb-9db1-8749-985f-c6a4f2e7179c/workflow-job-run-9180caa4-b8bc-5a6d-94f9-5a72553b5167/artifacts/b50566f88f4197c89996a0d0617a3aa7ce80665231cea3d11f492bf5eed5e968.zip
2026-10-04T13:44:31.3363182Z Starting download of artifact to: /home/runner/work/_temp/menu-analysis-parts/nbo-r16-menu-analysis-quarterly_reuse_d50_s2023679796-00-37204836544
2026-10-04T13:44:31.3381988Z Redirecting to blob download url: https://productionresultssa10.blob.core.windows.net/actions-results/f247fafb-9db1-8749-985f-c6a4f2e7179c/workflow-job-run-cab902cf-e3e0-58c7-bf24-258ba1a91ca9/artifacts/4374d3ecda0e550bc0c13d825c712ca5f063032bb1d005dde749e72d8b61b1a1.zip
2026-10-04T13:44:31.3384448Z Starting download of artifact to: /home/runner/work/_temp/menu-analysis-parts/nbo-r16-menu-analysis-long_reuse_d10_s3089473238-01-37204836544
2026-10-04T13:44:31.3487593Z Redirecting to blob download url: https://productionresultssa10.blob.core.windows.net/actions-results/f247fafb-9db1-8749-985f-c6a4f2e7179c/workflow-job-run-e6a000d4-235e-5099-b0bf-612a6319cb98/artifacts/b134aa5657dcce325d87f300cd77158d0b32ea92f9b6bb16f3d2775386d30da5.zip
2026-10-04T13:44:31.3491048Z Starting download of artifact to: /home/runner/work/_temp/menu-analysis-parts/nbo-r16-menu-analysis-original_low_d10_s4219929003-00-37204836544
2026-10-04T13:44:31.3533663Z Redirecting to blob download url: https://productionresultssa10.blob.core.windows.net/actions-results/f247fafb-9db1-8749-985f-c6a4f2e7179c/workflow-job-run-63e7a2c1-6de9-5554-b408-fb2253315c1d/artifacts/9c8f1eb66efe31fc4b0feb3a5bc801e0ff9dee5235bb05b2914574c7fb6dce8e.zip
2026-10-04T13:44:31.3537297Z Starting download of artifact to: /home/runner/work/_temp/menu-analysis-parts/nbo-r16-menu-analysis-original_low_d50_s3443860912-00-37204836544
2026-10-04T13:44:31.3552485Z Redirecting to blob download url: https://productionresultssa10.blob.core.windows.net/actions-results/f247fafb-9db1-8749-985f-c6a4f2e7179c/workflow-job-run-632583e3-ea8b-5b16-8c37-1f8b85dcaec3/artifacts/90ca2f37e9ad3f2324e6d9ccaea057221bc7ac7b206bbfcd3d9e2c45602daffb.zip
2026-10-04T13:44:31.3555866Z Starting download of artifact to: /home/runner/work/_temp/menu-analysis-parts/nbo-r16-menu-analysis-quarterly_reuse_d50_s3176718348-00-37204836544
2026-10-04T13:44:31.3785069Z Redirecting to blob download url: https://productionresultssa10.blob.core.windows.net/actions-results/f247fafb-9db1-8749-985f-c6a4f2e7179c/workflow-job-run-cd434e78-6d1a-5376-8766-061fe0296e26/artifacts/cb3f32c0fe7cce58f13389cdf3e5ee06d4a38f1ca7df5b62dcfbf0f9c3d33488.zip
2026-10-04T13:44:31.3787787Z Starting download of artifact to: /home/runner/work/_temp/menu-analysis-parts/nbo-r16-menu-analysis-original_low_d10_s3308926306-01-37204836544
2026-10-04T13:44:31.3794444Z Redirecting to blob download url: https://productionresultssa10.blob.core.windows.net/actions-results/f247fafb-9db1-8749-985f-c6a4f2e7179c/workflow-job-run-c9185518-6384-524c-b69a-3223046d8857/artifacts/6ea0555af89886caba0251acba0f4da4c557de9e4bcfc3873faeb098f1cfaf75.zip
2026-10-04T13:44:31.3796914Z Starting download of artifact to: /home/runner/work/_temp/menu-analysis-parts/nbo-r16-menu-analysis-original_low_d10_s3641281291-00-37204836544
2026-10-04T13:44:31.3810439Z Redirecting to blob download url: https://productionresultssa10.blob.core.windows.net/actions-results/f247fafb-9db1-8749-985f-c6a4f2e7179c/workflow-job-run-186bc9bf-09ea-5c63-806c-29a252983bd0/artifacts/adb20d4970629e9764f7e99bfb15434feb402e7d1a9f4afe93516ec1973d4e8a.zip
2026-10-04T13:44:31.3812616Z Starting download of artifact to: /home/runner/work/_temp/menu-analysis-parts/nbo-r16-menu-analysis-long_reuse_d50_s4219929003-00-37204836544
2026-10-04T13:44:31.3836454Z Redirecting to blob download url: https://productionresultssa10.blob.core.windows.net/actions-results/f247fafb-9db1-8749-985f-c6a4f2e7179c/workflow-job-run-c53c1bc1-60dc-567b-85fe-2d123072bead/artifacts/eb33941d6eed011b4786096c0b47ec4c6d5b17dbbd50ccd02d36ae8e9d72bb09.zip
2026-10-04T13:44:31.3839642Z Starting download of artifact to: /home/runner/work/_temp/menu-analysis-parts/nbo-r16-menu-analysis-long_reuse_d50_s3089473238-00-37204836544
2026-10-04T13:44:31.3848379Z Redirecting to blob download url: https://productionresultssa10.blob.core.windows.net/actions-results/f247fafb-9db1-8749-985f-c6a4f2e7179c/workflow-job-run-fe525b8e-c7b8-503e-bdb1-9bc6601a45be/artifacts/b63d75aa8ff7ea748f06b873e4080043d7cc328c0a321dc2fd9b96c5ea09ee2a.zip
2026-10-04T13:44:31.3851953Z Starting download of artifact to: /home/runner/work/_temp/menu-analysis-parts/nbo-r16-menu-analysis-long_reuse_d10_s3487691819-01-37204836544
2026-10-04T13:44:31.3983970Z Redirecting to blob download url: https://productionresultssa10.blob.core.windows.net/actions-results/f247fafb-9db1-8749-985f-c6a4f2e7179c/workflow-job-run-5317194a-c0fa-5acc-91f1-f71b750e5138/artifacts/60365b9f8cca1a1d39adba430d64aa60e8198f87ee81c38ae7455c8e82aa502f.zip
2026-10-04T13:44:31.3988054Z Starting download of artifact to: /home/runner/work/_temp/menu-analysis-parts/nbo-r16-menu-analysis-original_low_d10_s1635636351-00-37204836544
2026-10-04T13:44:31.4099669Z Redirecting to blob download url: https://productionresultssa10.blob.core.windows.net/actions-results/f247fafb-9db1-8749-985f-c6a4f2e7179c/workflow-job-run-4e0e109f-b4f8-5d50-8276-a2f6943f5e63/artifacts/318180bb2aaa37802d7535778a72e317e85f55d8f7b6912ec09434b3bbba6a5a.zip
2026-10-04T13:44:31.4102949Z Starting download of artifact to: /home/runner/work/_temp/menu-analysis-parts/nbo-r16-menu-analysis-original_low_d50_s1635636351-01-37204836544
2026-10-04T13:44:31.4111882Z Redirecting to blob download url: https://productionresultssa10.blob.core.windows.net/actions-results/f247fafb-9db1-8749-985f-c6a4f2e7179c/workflow-job-run-41c843a5-596d-5a16-8556-6fcaaf913dde/artifacts/2e73ea9adf08f33f386b7c45c7d728af3d533eeae9e277ed749fc58fa965abd5.zip
2026-10-04T13:44:31.4114873Z Starting download of artifact to: /home/runner/work/_temp/menu-analysis-parts/nbo-r16-menu-analysis-original_low_d10_s2427697457-01-37204836544
2026-10-04T13:44:31.4325485Z Redirecting to blob download url: https://productionresultssa10.blob.core.windows.net/actions-results/f247fafb-9db1-8749-985f-c6a4f2e7179c/workflow-job-run-cab902cf-e3e0-58c7-bf24-258ba1a91ca9/artifacts/f72b2e58d3c25d88d8bc7224e7b96f9819ab2af16d723c9fc1d10e065c54db1f.zip
2026-10-04T13:44:31.4345351Z Starting download of artifact to: /home/runner/work/_temp/menu-analysis-parts/nbo-r16-menu-analysis-long_reuse_d10_s3089473238-00-37204836544
2026-10-04T13:44:31.4400988Z Redirecting to blob download url: https://productionresultssa10.blob.core.windows.net/actions-results/f247fafb-9db1-8749-985f-c6a4f2e7179c/workflow-job-run-0ad8c7e2-3910-54f0-be96-601ad87489d7/artifacts/b84e76991976befaa4a1d2f0938db9e201eb606f30290d0ced9fb7bf6a3baa9b.zip
2026-10-04T13:44:31.4406506Z Starting download of artifact to: /home/runner/work/_temp/menu-analysis-parts/nbo-r16-menu-analysis-original_low_d50_s2023679796-01-37204836544
2026-10-04T13:44:31.4425570Z Redirecting to blob download url: https://productionresultssa10.blob.core.windows.net/actions-results/f247fafb-9db1-8749-985f-c6a4f2e7179c/workflow-job-run-8bf15180-fa0b-5ac8-876c-9108757c9574/artifacts/d2f060899e5ce5d389eabd79085d1a42e95e0ba50fdb7503b563870625c28959.zip
2026-10-04T13:44:31.4429826Z Starting download of artifact to: /home/runner/work/_temp/menu-analysis-parts/nbo-r16-menu-analysis-original_low_d10_s3089473238-00-37204836544
2026-10-04T13:44:31.4444222Z Redirecting to blob download url: https://productionresultssa10.blob.core.windows.net/actions-results/f247fafb-9db1-8749-985f-c6a4f2e7179c/workflow-job-run-54a20156-e4a7-50df-865c-86dbf1a5eae9/artifacts/fc4990422f8408cc1585225875a2e682b0a38d31c978c80503c6bd6b6a723e53.zip
2026-10-04T13:44:31.4447731Z Starting download of artifact to: /home/runner/work/_temp/menu-analysis-parts/nbo-r16-menu-analysis-quarterly_reuse_d10_s3487691819-01-37204836544
2026-10-04T13:44:31.4479410Z Redirecting to blob download url: https://productionresultssa10.blob.core.windows.net/actions-results/f247fafb-9db1-8749-985f-c6a4f2e7179c/workflow-job-run-aac3e47a-7495-5524-bd50-4887b901799e/artifacts/e6eb2237fd5ffb68ec0f506e4e76b1bdaef7b5a31b2afabb617797c95acf60ff.zip
2026-10-04T13:44:31.4482972Z Starting download of artifact to: /home/runner/work/_temp/menu-analysis-parts/nbo-r16-menu-analysis-original_low_d50_s194396786-01-37204836544
2026-10-04T13:44:31.4492296Z Redirecting to blob download url: https://productionresultssa10.blob.core.windows.net/actions-results/f247fafb-9db1-8749-985f-c6a4f2e7179c/workflow-job-run-9371a70f-c500-59dc-b65d-2a69200dbf2c/artifacts/b6572d881422181e595c23ba5ce7077baad98f9a799abc89c1021af38a7b940b.zip
2026-10-04T13:44:31.4497646Z Starting download of artifact to: /home/runner/work/_temp/menu-analysis-parts/nbo-r16-menu-analysis-quarterly_reuse_d10_s2063512792-00-37204836544
2026-10-04T13:44:31.4507169Z Redirecting to blob download url: https://productionresultssa10.blob.core.windows.net/actions-results/f247fafb-9db1-8749-985f-c6a4f2e7179c/workflow-job-run-4deb9115-5477-530b-ab0f-37986eb519d4/artifacts/c31e0931a5faa0deb0be16f3278e4b5192d9bd52af0fba67fb265a8a0b092658.zip
2026-10-04T13:44:31.4510479Z Starting download of artifact to: /home/runner/work/_temp/menu-analysis-parts/nbo-r16-menu-analysis-original_low_d50_s2427697457-01-37204836544
2026-10-04T13:44:31.4532722Z Redirecting to blob download url: https://productionresultssa10.blob.core.windows.net/actions-results/f247fafb-9db1-8749-985f-c6a4f2e7179c/workflow-job-run-ac572bb5-d84a-5f7b-9dd4-599cb3863def/artifacts/ddfc8a3c5068f9764e26c502b3a6925c9d7e452148a9b36fe38ef99c6734c7a2.zip
2026-10-04T13:44:31.4536112Z Starting download of artifact to: /home/runner/work/_temp/menu-analysis-parts/nbo-r16-menu-analysis-long_reuse_d10_s1635636351-00-37204836544
2026-10-04T13:44:31.4552953Z Redirecting to blob download url: https://productionresultssa10.blob.core.windows.net/actions-results/f247fafb-9db1-8749-985f-c6a4f2e7179c/workflow-job-run-f68a68bf-a2ed-56e4-b164-d256b5bb4a34/artifacts/f1730d18b7be9b8a8de950e3ff9c239c336e0c25595c1a2916361a6c5f0a7a61.zip
2026-10-04T13:44:31.4556556Z Starting download of artifact to: /home/runner/work/_temp/menu-analysis-parts/nbo-r16-menu-analysis-long_reuse_d10_s4219929003-00-37204836544
2026-10-04T13:44:31.4570113Z Redirecting to blob download url: https://productionresultssa10.blob.core.windows.net/actions-results/f247fafb-9db1-8749-985f-c6a4f2e7179c/workflow-job-run-ec38e122-2c94-5d51-a2c1-2d023c1bf513/artifacts/728777320407f78fa09c76a4b6fa10c71d6d3a0dfadab68ee9712baedefd6aba.zip
2026-10-04T13:44:31.4573369Z Starting download of artifact to: /home/runner/work/_temp/menu-analysis-parts/nbo-r16-menu-analysis-quarterly_reuse_d10_s2023679796-01-37204836544
2026-10-04T13:44:31.4587098Z Redirecting to blob download url: https://productionresultssa10.blob.core.windows.net/actions-results/f247fafb-9db1-8749-985f-c6a4f2e7179c/workflow-job-run-4c92b9c2-075b-579d-95d4-05a7276a9388/artifacts/634fc66c8011e594975eb353355f28de1459f430acfbde588dbb35623d42c12b.zip
2026-10-04T13:44:31.4590530Z Starting download of artifact to: /home/runner/work/_temp/menu-analysis-parts/nbo-r16-menu-analysis-quarterly_reuse_d50_s3443860912-00-37204836544
2026-10-04T13:44:31.4600364Z Redirecting to blob download url: https://productionresultssa10.blob.core.windows.net/actions-results/f247fafb-9db1-8749-985f-c6a4f2e7179c/workflow-job-run-3925ad08-aefd-50c8-b837-e06f570475e0/artifacts/f875058c6bbd7cd92c0aa47df615211224209109bd7d53a373c90c963f7959ef.zip
2026-10-04T13:44:31.4607819Z Starting download of artifact to: /home/runner/work/_temp/menu-analysis-parts/nbo-r16-menu-analysis-quarterly_reuse_d50_s1264292074-00-37204836544
2026-10-04T13:44:31.4618394Z Redirecting to blob download url: https://productionresultssa10.blob.core.windows.net/actions-results/f247fafb-9db1-8749-985f-c6a4f2e7179c/workflow-job-run-5f8703ce-904b-526a-b514-0d4ff91d78ff/artifacts/7a455c8891d820d81008e544324dc3a7774937bc9aa9a01e5c680d30ef04033b.zip
2026-10-04T13:44:31.4621958Z Starting download of artifact to: /home/runner/work/_temp/menu-analysis-parts/nbo-r16-menu-analysis-quarterly_reuse_d10_s320343828-00-37204836544
2026-10-04T13:44:31.4729064Z Redirecting to blob download url: https://productionresultssa10.blob.core.windows.net/actions-results/f247fafb-9db1-8749-985f-c6a4f2e7179c/workflow-job-run-975d9d94-7bb1-55fa-a81a-4f835c3ce17e/artifacts/a7c85e04f11007884785f16bc3dbe87be74a96276d8f3b0a6b2813aab65ef225.zip
2026-10-04T13:44:31.4731796Z Starting download of artifact to: /home/runner/work/_temp/menu-analysis-parts/nbo-r16-menu-analysis-original_low_d10_s1264292074-00-37204836544
2026-10-04T13:44:31.4758018Z Redirecting to blob download url: https://productionresultssa10.blob.core.windows.net/actions-results/f247fafb-9db1-8749-985f-c6a4f2e7179c/workflow-job-run-a68b606f-9ba7-5462-992a-6206fc57dee9/artifacts/64fdde4d1ce71f7afe3182c83a06568163e3bbe12043edbc29a35ba29e4c7d19.zip
2026-10-04T13:44:31.4760748Z Starting download of artifact to: /home/runner/work/_temp/menu-analysis-parts/nbo-r16-menu-analysis-quarterly_reuse_d10_s1264292074-01-37204836544
2026-10-04T13:44:31.4769170Z Redirecting to blob download url: https://productionresultssa10.blob.core.windows.net/actions-results/f247fafb-9db1-8749-985f-c6a4f2e7179c/workflow-job-run-23b0f48b-4c85-5595-8538-21abbc55f136/artifacts/4c9622aabf69c730d1411fee4d93ba8890b66509b47b5c15f03390351fb7f792.zip
2026-10-04T13:44:31.4773014Z Starting download of artifact to: /home/runner/work/_temp/menu-analysis-parts/nbo-r16-menu-analysis-original_low_d50_s782199465-00-37204836544
2026-10-04T13:44:31.4834308Z Redirecting to blob download url: https://productionresultssa10.blob.core.windows.net/actions-results/f247fafb-9db1-8749-985f-c6a4f2e7179c/workflow-job-run-f820da4d-3474-5649-9beb-59fe9be660f9/artifacts/090264513f28c42c54861da7cb4e0a915ddfd33f68d097e1cc39278bc3ab06d8.zip
2026-10-04T13:44:31.4837592Z Starting download of artifact to: /home/runner/work/_temp/menu-analysis-parts/nbo-r16-menu-analysis-long_reuse_d50_s320343828-00-37204836544
2026-10-04T13:44:31.4859750Z Redirecting to blob download url: https://productionresultssa10.blob.core.windows.net/actions-results/f247fafb-9db1-8749-985f-c6a4f2e7179c/workflow-job-run-bcb11799-5078-526a-a2f6-f8e40dabaad8/artifacts/905cc77dfbd53b1542a80f09fb38d60ae5479efb01e7521e63d0751283af3926.zip
2026-10-04T13:44:31.4862419Z Starting download of artifact to: /home/runner/work/_temp/menu-analysis-parts/nbo-r16-menu-analysis-original_low_d10_s2063512792-01-37204836544
2026-10-04T13:44:31.4881363Z Redirecting to blob download url: https://productionresultssa10.blob.core.windows.net/actions-results/f247fafb-9db1-8749-985f-c6a4f2e7179c/workflow-job-run-41a1177a-92cd-52af-b370-3f55eaa46482/artifacts/753f9b31a51e91e584deb81dbd9a93122eadd910b66509ec5c949beb413b6444.zip
2026-10-04T13:44:31.4883909Z Starting download of artifact to: /home/runner/work/_temp/menu-analysis-parts/nbo-r16-menu-analysis-original_low_d50_s1264292074-01-37204836544
2026-10-04T13:44:31.4903767Z Redirecting to blob download url: https://productionresultssa10.blob.core.windows.net/actions-results/f247fafb-9db1-8749-985f-c6a4f2e7179c/workflow-job-run-0fb68cb0-dec2-5f9d-8c76-8ff231239ab8/artifacts/1438acb3cef1fb1535990fd9856dd628e971c748b969f83747ce1fc56470a402.zip
2026-10-04T13:44:31.4906200Z Starting download of artifact to: /home/runner/work/_temp/menu-analysis-parts/nbo-r16-menu-analysis-long_reuse_d10_s1264292074-00-37204836544
2026-10-04T13:44:31.4933862Z Redirecting to blob download url: https://productionresultssa10.blob.core.windows.net/actions-results/f247fafb-9db1-8749-985f-c6a4f2e7179c/workflow-job-run-79b78885-0a47-5608-adc0-9c7d7918a9ee/artifacts/bf948a2f247c71a2b6ef08e87404d13a9257c99ead1c493432f4db2fbb732ab5.zip
2026-10-04T13:44:31.4937287Z Starting download of artifact to: /home/runner/work/_temp/menu-analysis-parts/nbo-r16-menu-analysis-long_reuse_d10_s3308926306-00-37204836544
2026-10-04T13:44:31.4955194Z Redirecting to blob download url: https://productionresultssa10.blob.core.windows.net/actions-results/f247fafb-9db1-8749-985f-c6a4f2e7179c/workflow-job-run-a8ff729a-f0df-540b-af37-804f35018551/artifacts/5f0be94e0c7412118fd5a0f5e2197f729edf9c94120a8e72201b803c6e337ea1.zip
2026-10-04T13:44:31.4959006Z Starting download of artifact to: /home/runner/work/_temp/menu-analysis-parts/nbo-r16-menu-analysis-quarterly_reuse_d10_s527701303-01-37204836544
2026-10-04T13:44:31.4974316Z Redirecting to blob download url: https://productionresultssa10.blob.core.windows.net/actions-results/f247fafb-9db1-8749-985f-c6a4f2e7179c/workflow-job-run-9cf393f2-6d68-554c-bce7-468b1a8fd5d0/artifacts/1737481540bfef1adef3198e4d717c73b7d27c7498c7c5a18c9147a9cf07e223.zip
2026-10-04T13:44:31.4977995Z Starting download of artifact to: /home/runner/work/_temp/menu-analysis-parts/nbo-r16-menu-analysis-quarterly_reuse_d10_s1635636351-00-37204836544
2026-10-04T13:44:31.4991621Z Redirecting to blob download url: https://productionresultssa10.blob.core.windows.net/actions-results/f247fafb-9db1-8749-985f-c6a4f2e7179c/workflow-job-run-44b064d8-f05f-50b0-be3e-013c5e3b4527/artifacts/a4c33ddf3eb332fec8d925f269523a8d9a62a42019d1e794b1030834f461081d.zip
2026-10-04T13:44:31.4994383Z Starting download of artifact to: /home/runner/work/_temp/menu-analysis-parts/nbo-r16-menu-analysis-original_low_d10_s194396786-01-37204836544
2026-10-04T13:44:31.5013022Z Redirecting to blob download url: https://productionresultssa10.blob.core.windows.net/actions-results/f247fafb-9db1-8749-985f-c6a4f2e7179c/workflow-job-run-1b156c96-011a-56a5-8ac9-6cc7bd1c7e08/artifacts/01876a483c58a004a7a92c151eb87349be11fe24b2ec02e3b9cda0ecebdb3c03.zip
2026-10-04T13:44:31.5016971Z Starting download of artifact to: /home/runner/work/_temp/menu-analysis-parts/nbo-r16-menu-analysis-untouched_intermediate_d50_s3487691819-01-37204836544
2026-10-04T13:44:31.5031042Z Redirecting to blob download url: https://productionresultssa10.blob.core.windows.net/actions-results/f247fafb-9db1-8749-985f-c6a4f2e7179c/workflow-job-run-9371a70f-c500-59dc-b65d-2a69200dbf2c/artifacts/f62692c53c6e13044e39d56bb676c9004c730221001a9a2cb3187c3d325fee70.zip
2026-10-04T13:44:31.5034914Z Starting download of artifact to: /home/runner/work/_temp/menu-analysis-parts/nbo-r16-menu-analysis-quarterly_reuse_d10_s2063512792-01-37204836544
2026-10-04T13:44:31.5057821Z Redirecting to blob download url: https://productionresultssa10.blob.core.windows.net/actions-results/f247fafb-9db1-8749-985f-c6a4f2e7179c/workflow-job-run-9c10a2ea-2671-5c83-be08-d1d2477a67a9/artifacts/05e6831b1b64e212091e25667b042c588cce5ec6e049d2ed5a35afab90f5d594.zip
2026-10-04T13:44:31.5061564Z Starting download of artifact to: /home/runner/work/_temp/menu-analysis-parts/nbo-r16-menu-analysis-quarterly_reuse_d10_s3089473238-00-37204836544
2026-10-04T13:44:31.5092318Z Redirecting to blob download url: https://productionresultssa10.blob.core.windows.net/actions-results/f247fafb-9db1-8749-985f-c6a4f2e7179c/workflow-job-run-6923f6d5-24e8-58ea-88f1-ab3851eb8261/artifacts/f69f6976b0042d1ab3b87d07396b7b29865328ea59eabb833ae15d0db65dc2de.zip
2026-10-04T13:44:31.5096265Z Starting download of artifact to: /home/runner/work/_temp/menu-analysis-parts/nbo-r16-menu-analysis-quarterly_reuse_d10_s194396786-00-37204836544
2026-10-04T13:44:31.5183792Z Redirecting to blob download url: https://productionresultssa10.blob.core.windows.net/actions-results/f247fafb-9db1-8749-985f-c6a4f2e7179c/workflow-job-run-67e70a68-4348-5766-bf63-fccb190cb0f7/artifacts/4a8c6818201a0423608ee1a50d27a68d41d9aa6bb512eb6888d607570884e11f.zip
2026-10-04T13:44:31.5186957Z Starting download of artifact to: /home/runner/work/_temp/menu-analysis-parts/nbo-r16-menu-analysis-original_low_d50_s3641281291-00-37204836544
2026-10-04T13:44:31.5198518Z Redirecting to blob download url: https://productionresultssa10.blob.core.windows.net/actions-results/f247fafb-9db1-8749-985f-c6a4f2e7179c/workflow-job-run-bcc1ba95-ace5-5794-b9f1-7fcb46571ab7/artifacts/a82ae3f949445f6f51d98338025bd809584c4894114ce7d42aed72551c74ca9a.zip
2026-10-04T13:44:31.5201195Z Starting download of artifact to: /home/runner/work/_temp/menu-analysis-parts/nbo-r16-menu-analysis-quarterly_reuse_d50_s1635636351-01-37204836544
2026-10-04T13:44:31.5219656Z Redirecting to blob download url: https://productionresultssa10.blob.core.windows.net/actions-results/f247fafb-9db1-8749-985f-c6a4f2e7179c/workflow-job-run-67e70a68-4348-5766-bf63-fccb190cb0f7/artifacts/58bd0e658564d9d39c2c7a20767ee308133e32361a78b5a7c7aaf855a2ca1ef9.zip
2026-10-04T13:44:31.5222552Z Starting download of artifact to: /home/runner/work/_temp/menu-analysis-parts/nbo-r16-menu-analysis-original_low_d50_s3641281291-01-37204836544
2026-10-04T13:44:31.5231038Z Redirecting to blob download url: https://productionresultssa10.blob.core.windows.net/actions-results/f247fafb-9db1-8749-985f-c6a4f2e7179c/workflow-job-run-463992fc-0635-5912-964c-015365928887/artifacts/65894caaf07f39a5cfaea3055c9fee8464a6666539da20512845928b79c025b9.zip
2026-10-04T13:44:31.5233915Z Starting download of artifact to: /home/runner/work/_temp/menu-analysis-parts/nbo-r16-menu-analysis-original_low_d50_s2063512792-00-37204836544
2026-10-04T13:44:31.5248497Z Redirecting to blob download url: https://productionresultssa10.blob.core.windows.net/actions-results/f247fafb-9db1-8749-985f-c6a4f2e7179c/workflow-job-run-7ceef0ff-0b7f-5afa-abba-41b08f50c251/artifacts/20fdac24b439618d741f88ca1d858d085eb994965c2d0bdb54c942077e00585e.zip
2026-10-04T13:44:31.5251698Z Starting download of artifact to: /home/runner/work/_temp/menu-analysis-parts/nbo-r16-menu-analysis-long_reuse_d50_s527701303-01-37204836544
2026-10-04T13:44:31.5260764Z Redirecting to blob download url: https://productionresultssa10.blob.core.windows.net/actions-results/f247fafb-9db1-8749-985f-c6a4f2e7179c/workflow-job-run-0fb68cb0-dec2-5f9d-8c76-8ff231239ab8/artifacts/40c8056bc91cc321f50444c55a711ec5670f9f08aff94779ca51d9464b95892a.zip
2026-10-04T13:44:31.5263318Z Starting download of artifact to: /home/runner/work/_temp/menu-analysis-parts/nbo-r16-menu-analysis-long_reuse_d10_s1264292074-01-37204836544
2026-10-04T13:44:31.5270850Z Redirecting to blob download url: https://productionresultssa10.blob.core.windows.net/actions-results/f247fafb-9db1-8749-985f-c6a4f2e7179c/workflow-job-run-787fcf45-fc9d-5227-b532-9f08787ae7f8/artifacts/360247672525dc4b0ef0bc5b438b8725531b4004b53e7116be316e50b48597d2.zip
2026-10-04T13:44:31.5273850Z Starting download of artifact to: /home/runner/work/_temp/menu-analysis-parts/nbo-r16-menu-analysis-quarterly_reuse_d50_s2427697457-01-37204836544
2026-10-04T13:44:31.5282019Z Redirecting to blob download url: https://productionresultssa10.blob.core.windows.net/actions-results/f247fafb-9db1-8749-985f-c6a4f2e7179c/workflow-job-run-dc18f48e-3215-580a-8b7e-2cd17d708c7a/artifacts/a9eaba2efc367105a31c8a49678beef3bb6fc6922baf98c1e31ee847686990e9.zip
2026-10-04T13:44:31.5284750Z Starting download of artifact to: /home/runner/work/_temp/menu-analysis-parts/nbo-r16-menu-analysis-long_reuse_d10_s2023679796-00-37204836544
2026-10-04T13:44:31.5294486Z (node:2185) [DEP0005] DeprecationWarning: Buffer() is deprecated due to security and usability issues. Please use the Buffer.alloc(), Buffer.allocUnsafe(), or Buffer.from() methods instead.
2026-10-04T13:44:31.5457143Z Redirecting to blob download url: https://productionresultssa10.blob.core.windows.net/actions-results/f247fafb-9db1-8749-985f-c6a4f2e7179c/workflow-job-run-a8559113-1f34-5846-9b6b-30460ec21179/artifacts/814ecb93899c2c2d7b02fc3e41e1956af59a7dabc77ed94a99218df7cc160a39.zip
2026-10-04T13:44:31.5460242Z Starting download of artifact to: /home/runner/work/_temp/menu-analysis-parts/nbo-r16-menu-analysis-quarterly_reuse_d50_s527701303-01-37204836544
2026-10-04T13:44:31.5468390Z Redirecting to blob download url: https://productionresultssa10.blob.core.windows.net/actions-results/f247fafb-9db1-8749-985f-c6a4f2e7179c/workflow-job-run-9cb216da-1d90-507e-a6cb-c5e770683586/artifacts/acbb2e3ebcc3714bd6758e92ca2faea5b1313a10de57bf67c60a16badcdb8bca.zip
2026-10-04T13:44:31.5471397Z Starting download of artifact to: /home/runner/work/_temp/menu-analysis-parts/nbo-r16-menu-analysis-long_reuse_d10_s782199465-01-37204836544
2026-10-04T13:44:31.5480321Z Redirecting to blob download url: https://productionresultssa10.blob.core.windows.net/actions-results/f247fafb-9db1-8749-985f-c6a4f2e7179c/workflow-job-run-e1dedf16-e9ce-5a46-8737-89bb6be55e87/artifacts/294b8c3ed163fc8ba0d037fdfc1430055c0c89fec8fe948bbb98944b38fb79c4.zip
2026-10-04T13:44:31.5487527Z Starting download of artifact to: /home/runner/work/_temp/menu-analysis-parts/nbo-r16-menu-analysis-untouched_intermediate_d10_s1635636351-01-37204836544
2026-10-04T13:44:31.5498086Z Redirecting to blob download url: https://productionresultssa10.blob.core.windows.net/actions-results/f247fafb-9db1-8749-985f-c6a4f2e7179c/workflow-job-run-5622351c-c676-5071-9fff-4a0edfe555ff/artifacts/387eca9b693419991898242b136294b151fdba6d0352d48724aa3ff832399f6c.zip
2026-10-04T13:44:31.5501497Z Starting download of artifact to: /home/runner/work/_temp/menu-analysis-parts/nbo-r16-menu-analysis-untouched_intermediate_d10_s2023679796-00-37204836544
2026-10-04T13:44:31.5509570Z Redirecting to blob download url: https://productionresultssa10.blob.core.windows.net/actions-results/f247fafb-9db1-8749-985f-c6a4f2e7179c/workflow-job-run-54733184-ab64-586b-8cd8-8d5f85d4fba9/artifacts/f97241132d3d40567f5681b97fdc2465dbe327bde2c9ee7d8e5b029af4f8848d.zip
2026-10-04T13:44:31.5512014Z Starting download of artifact to: /home/runner/work/_temp/menu-analysis-parts/nbo-r16-menu-analysis-original_low_d10_s3443860912-01-37204836544
2026-10-04T13:44:31.5524118Z Redirecting to blob download url: https://productionresultssa10.blob.core.windows.net/actions-results/f247fafb-9db1-8749-985f-c6a4f2e7179c/workflow-job-run-bcc1ba95-ace5-5794-b9f1-7fcb46571ab7/artifacts/4b5eb43625b500cd926e8345eb963757a4801246c57fb5304008f6aa496083f9.zip
2026-10-04T13:44:31.5527679Z Starting download of artifact to: /home/runner/work/_temp/menu-analysis-parts/nbo-r16-menu-analysis-quarterly_reuse_d50_s1635636351-00-37204836544
2026-10-04T13:44:31.5587725Z Redirecting to blob download url: https://productionresultssa10.blob.core.windows.net/actions-results/f247fafb-9db1-8749-985f-c6a4f2e7179c/workflow-job-run-c09cdb1d-f0eb-5824-bc4d-37484cc90ecf/artifacts/2d16d91096fe9aaff174f6d8623c9eeb27d9d8307d3fbefcba689e9f2321b356.zip
2026-10-04T13:44:31.5591132Z Starting download of artifact to: /home/runner/work/_temp/menu-analysis-parts/nbo-r16-menu-analysis-original_low_d50_s3176718348-00-37204836544
2026-10-04T13:44:31.5600841Z Redirecting to blob download url: https://productionresultssa10.blob.core.windows.net/actions-results/f247fafb-9db1-8749-985f-c6a4f2e7179c/workflow-job-run-65f0b2d5-5a47-5dd0-8918-788fff49c5b7/artifacts/25733afd5422025e92835e7bea601b73ba0824611f1fde4ad1a19c36ad051212.zip
2026-10-04T13:44:31.5604592Z Starting download of artifact to: /home/runner/work/_temp/menu-analysis-parts/nbo-r16-menu-analysis-long_reuse_d50_s3308926306-00-37204836544
2026-10-04T13:44:31.5614765Z Redirecting to blob download url: https://productionresultssa10.blob.core.windows.net/actions-results/f247fafb-9db1-8749-985f-c6a4f2e7179c/workflow-job-run-67427960-0f66-5fb6-92ed-9da3932fd4d5/artifacts/d35dcb0f22c5a2266c551bd2741ca6ad6e9787e18147ee1b0d84b3f981a01aab.zip
2026-10-04T13:44:31.5618029Z Starting download of artifact to: /home/runner/work/_temp/menu-analysis-parts/nbo-r16-menu-analysis-long_reuse_d50_s1264292074-01-37204836544
2026-10-04T13:44:31.5628046Z Redirecting to blob download url: https://productionresultssa10.blob.core.windows.net/actions-results/f247fafb-9db1-8749-985f-c6a4f2e7179c/workflow-job-run-49f3bbe7-03c5-5c74-abfc-9a18ab33be96/artifacts/0537d1bbf971b0c64bfc1e6c3933881e0ae05d8706f707398ec7e19682de1465.zip
2026-10-04T13:44:31.5631507Z Starting download of artifact to: /home/runner/work/_temp/menu-analysis-parts/nbo-r16-menu-analysis-original_low_d10_s3487691819-01-37204836544
2026-10-04T13:44:31.5650840Z Redirecting to blob download url: https://productionresultssa10.blob.core.windows.net/actions-results/f247fafb-9db1-8749-985f-c6a4f2e7179c/workflow-job-run-49f3bbe7-03c5-5c74-abfc-9a18ab33be96/artifacts/af901c2e748eb3679a53cffe24e41a5ac03e668271243633925869bb23adc49c.zip
2026-10-04T13:44:31.5654516Z Starting download of artifact to: /home/runner/work/_temp/menu-analysis-parts/nbo-r16-menu-analysis-original_low_d10_s3487691819-00-37204836544
2026-10-04T13:44:31.5679611Z Redirecting to blob download url: https://productionresultssa10.blob.core.windows.net/actions-results/f247fafb-9db1-8749-985f-c6a4f2e7179c/workflow-job-run-9cf393f2-6d68-554c-bce7-468b1a8fd5d0/artifacts/83426027a73a24aba81dfad9da0167fcd9a75320002e4db2ef7e2e4f756085da.zip
2026-10-04T13:44:31.5683117Z Starting download of artifact to: /home/runner/work/_temp/menu-analysis-parts/nbo-r16-menu-analysis-quarterly_reuse_d10_s1635636351-01-37204836544
2026-10-04T13:44:31.5693898Z Redirecting to blob download url: https://productionresultssa10.blob.core.windows.net/actions-results/f247fafb-9db1-8749-985f-c6a4f2e7179c/workflow-job-run-8859c3cb-0763-58ad-ba6d-4724ef871502/artifacts/d2bf6229f9b31e925917e3a383fee1f51b9ff625aacd6106d7af2df21e8da48d.zip
2026-10-04T13:44:31.5697458Z Starting download of artifact to: /home/runner/work/_temp/menu-analysis-parts/nbo-r16-menu-analysis-long_reuse_d50_s194396786-01-37204836544
2026-10-04T13:44:31.5760640Z Redirecting to blob download url: https://productionresultssa10.blob.core.windows.net/actions-results/f247fafb-9db1-8749-985f-c6a4f2e7179c/workflow-job-run-b35840b8-69fb-554f-a21c-e41139bc6254/artifacts/0d2d8412a673b4e4cbd407bbf3e6d7cdf690a3791a1e9488ea8e9f26c8dda363.zip
2026-10-04T13:44:31.5763745Z Starting download of artifact to: /home/runner/work/_temp/menu-analysis-parts/nbo-r16-menu-analysis-long_reuse_d10_s527701303-00-37204836544
2026-10-04T13:44:31.5776446Z Redirecting to blob download url: https://productionresultssa10.blob.core.windows.net/actions-results/f247fafb-9db1-8749-985f-c6a4f2e7179c/workflow-job-run-ca7c9ea5-d62b-5c34-bfaf-f6de751e9e4b/artifacts/270ca5c841c4391e2a49b949dd7d88995caf0d0fc4cad0a98a47bc89c4ac3861.zip
2026-10-04T13:44:31.5779672Z Starting download of artifact to: /home/runner/work/_temp/menu-analysis-parts/nbo-r16-menu-analysis-long_reuse_d50_s1635636351-01-37204836544
2026-10-04T13:44:31.5789902Z Redirecting to blob download url: https://productionresultssa10.blob.core.windows.net/actions-results/f247fafb-9db1-8749-985f-c6a4f2e7179c/workflow-job-run-bcb11799-5078-526a-a2f6-f8e40dabaad8/artifacts/88277e291f57c8df5c27b53c6bde7ecc6e8b22f6108d2a93bcb6f425fa276f91.zip
2026-10-04T13:44:31.5792451Z Starting download of artifact to: /home/runner/work/_temp/menu-analysis-parts/nbo-r16-menu-analysis-original_low_d10_s2063512792-00-37204836544
2026-10-04T13:44:31.5820044Z Redirecting to blob download url: https://productionresultssa10.blob.core.windows.net/actions-results/f247fafb-9db1-8749-985f-c6a4f2e7179c/workflow-job-run-54733184-ab64-586b-8cd8-8d5f85d4fba9/artifacts/25746fca4084e73c72defa4d143eb8244c022a2de3eda388260c1992e3ba2be7.zip
2026-10-04T13:44:31.5823975Z Starting download of artifact to: /home/runner/work/_temp/menu-analysis-parts/nbo-r16-menu-analysis-original_low_d10_s3443860912-00-37204836544
2026-10-04T13:44:31.5835654Z Redirecting to blob download url: https://productionresultssa10.blob.core.windows.net/actions-results/f247fafb-9db1-8749-985f-c6a4f2e7179c/workflow-job-run-cfa2dc0e-64b5-53ca-8e88-58e6569d56e6/artifacts/f221b006385fd690be67e78de1275a441ba71eb69e2e28230c8ebe471b819c50.zip
2026-10-04T13:44:31.5838446Z Starting download of artifact to: /home/runner/work/_temp/menu-analysis-parts/nbo-r16-menu-analysis-original_low_d50_s3308926306-00-37204836544
2026-10-04T13:44:31.5847409Z Redirecting to blob download url: https://productionresultssa10.blob.core.windows.net/actions-results/f247fafb-9db1-8749-985f-c6a4f2e7179c/workflow-job-run-cfa2dc0e-64b5-53ca-8e88-58e6569d56e6/artifacts/b1f057725f7548cab7e76ec101fe010eca20cbbf653cad5894167d1c3d91f05c.zip
2026-10-04T13:44:31.5850020Z Starting download of artifact to: /home/runner/work/_temp/menu-analysis-parts/nbo-r16-menu-analysis-original_low_d50_s3308926306-01-37204836544
2026-10-04T13:44:31.5858387Z Redirecting to blob download url: https://productionresultssa10.blob.core.windows.net/actions-results/f247fafb-9db1-8749-985f-c6a4f2e7179c/workflow-job-run-174196d2-33cb-5814-9bf4-fc563d0a9f1d/artifacts/15cfb16aa103b4d09fee766a9dec49e22b1ed07e4f4310457e6ec422e73c3340.zip
2026-10-04T13:44:31.5861102Z Starting download of artifact to: /home/runner/work/_temp/menu-analysis-parts/nbo-r16-menu-analysis-quarterly_reuse_d10_s2427697457-01-37204836544
2026-10-04T13:44:31.5868722Z Redirecting to blob download url: https://productionresultssa10.blob.core.windows.net/actions-results/f247fafb-9db1-8749-985f-c6a4f2e7179c/workflow-job-run-445a1d05-0b09-5623-a442-1dfb38933a98/artifacts/e22c55db04a27b46bb42799ea69bf6a3199887320cad193aa072ede43d5b2bd4.zip
2026-10-04T13:44:31.5871557Z Starting download of artifact to: /home/runner/work/_temp/menu-analysis-parts/nbo-r16-menu-analysis-original_low_d10_s782199465-01-37204836544
2026-10-04T13:44:31.5880005Z Redirecting to blob download url: https://productionresultssa10.blob.core.windows.net/actions-results/f247fafb-9db1-8749-985f-c6a4f2e7179c/workflow-job-run-e22bf1db-0ec3-5669-baa7-884d419cd7b8/artifacts/7986802c1b1b035f37933f65bb27a5e51fea399d6a5924e6b48c5a89ea2d8765.zip
2026-10-04T13:44:31.5882632Z Starting download of artifact to: /home/runner/work/_temp/menu-analysis-parts/nbo-r16-menu-analysis-quarterly_reuse_d50_s2063512792-00-37204836544
2026-10-04T13:44:31.5891504Z Redirecting to blob download url: https://productionresultssa10.blob.core.windows.net/actions-results/f247fafb-9db1-8749-985f-c6a4f2e7179c/workflow-job-run-9d625aa1-33b5-5b99-a50a-2cf08fa42bc2/artifacts/72afae73ca91582c63d04823171fad2a37f02bd3c5fd0dac9c634609f4bbf9ca.zip
2026-10-04T13:44:31.5894460Z Starting download of artifact to: /home/runner/work/_temp/menu-analysis-parts/nbo-r16-menu-analysis-original_low_d50_s4219929003-01-37204836544
2026-10-04T13:44:31.6284141Z Redirecting to blob download url: https://productionresultssa10.blob.core.windows.net/actions-results/f247fafb-9db1-8749-985f-c6a4f2e7179c/workflow-job-run-dc18f48e-3215-580a-8b7e-2cd17d708c7a/artifacts/9094f32de97b3430005290c90e1d3c0a0234da8ce490ca464f995567ce3c1824.zip
2026-10-04T13:44:31.6286880Z Starting download of artifact to: /home/runner/work/_temp/menu-analysis-parts/nbo-r16-menu-analysis-long_reuse_d10_s2023679796-01-37204836544
2026-10-04T13:44:31.6363546Z Redirecting to blob download url: https://productionresultssa10.blob.core.windows.net/actions-results/f247fafb-9db1-8749-985f-c6a4f2e7179c/workflow-job-run-c09cdb1d-f0eb-5824-bc4d-37484cc90ecf/artifacts/36e381c89b7b881258326c9f245489349b9395e1f4f79f466a7b1ae2dac1566a.zip
2026-10-04T13:44:31.6367220Z Starting download of artifact to: /home/runner/work/_temp/menu-analysis-parts/nbo-r16-menu-analysis-original_low_d50_s3176718348-01-37204836544
2026-10-04T13:44:31.6394376Z Redirecting to blob download url: https://productionresultssa10.blob.core.windows.net/actions-results/f247fafb-9db1-8749-985f-c6a4f2e7179c/workflow-job-run-c6fb9936-f39f-5769-a11c-2e7040fb668d/artifacts/794c476ceb4ca5b49bd10d0025c8efb53e897489de2664eeefaaaed8a62763c0.zip
2026-10-04T13:44:31.6397427Z Starting download of artifact to: /home/runner/work/_temp/menu-analysis-parts/nbo-r16-menu-analysis-long_reuse_d10_s3641281291-01-37204836544
2026-10-04T13:44:31.6407709Z Redirecting to blob download url: https://productionresultssa10.blob.core.windows.net/actions-results/f247fafb-9db1-8749-985f-c6a4f2e7179c/workflow-job-run-a8559113-1f34-5846-9b6b-30460ec21179/artifacts/ec5f48e736d576aa2c8171c381aa8ab4002efb8aba9895b223ada1dbc28d0d93.zip
2026-10-04T13:44:31.6410894Z Starting download of artifact to: /home/runner/work/_temp/menu-analysis-parts/nbo-r16-menu-analysis-quarterly_reuse_d50_s527701303-00-37204836544
2026-10-04T13:44:31.6432996Z Redirecting to blob download url: https://productionresultssa10.blob.core.windows.net/actions-results/f247fafb-9db1-8749-985f-c6a4f2e7179c/workflow-job-run-c44c68a0-5022-58f2-b401-92142cec7fd0/artifacts/95799f8dd26d9620730a49390c44805cd8ebfa3cdd6d037a0f4edd2130a21070.zip
2026-10-04T13:44:31.6435927Z Starting download of artifact to: /home/runner/work/_temp/menu-analysis-parts/nbo-r16-menu-analysis-quarterly_reuse_d50_s194396786-00-37204836544
2026-10-04T13:44:31.6484043Z Redirecting to blob download url: https://productionresultssa10.blob.core.windows.net/actions-results/f247fafb-9db1-8749-985f-c6a4f2e7179c/workflow-job-run-3c8345c4-a972-5356-b9dd-4c4d548ee892/artifacts/014d6d41c72b50316fe8d67074e49fabffdf704c660577432ad14f71743c58f0.zip
2026-10-04T13:44:31.6487887Z Starting download of artifact to: /home/runner/work/_temp/menu-analysis-parts/nbo-r16-menu-analysis-quarterly_reuse_d50_s4219929003-00-37204836544
2026-10-04T13:44:31.6496543Z Redirecting to blob download url: https://productionresultssa10.blob.core.windows.net/actions-results/f247fafb-9db1-8749-985f-c6a4f2e7179c/workflow-job-run-ec38e122-2c94-5d51-a2c1-2d023c1bf513/artifacts/73c28016c3eb8086bcc4265d7e2a24b6a27879212503706dab87071212be314d.zip
2026-10-04T13:44:31.6499642Z Starting download of artifact to: /home/runner/work/_temp/menu-analysis-parts/nbo-r16-menu-analysis-quarterly_reuse_d10_s2023679796-00-37204836544
2026-10-04T13:44:31.6509858Z Redirecting to blob download url: https://productionresultssa10.blob.core.windows.net/actions-results/f247fafb-9db1-8749-985f-c6a4f2e7179c/workflow-job-run-41a1177a-92cd-52af-b370-3f55eaa46482/artifacts/adf347627fdf405f52f82465b3bd5c943e11c6e41e6493251c7adfff39d5aeb4.zip
2026-10-04T13:44:31.6512521Z Starting download of artifact to: /home/runner/work/_temp/menu-analysis-parts/nbo-r16-menu-analysis-original_low_d50_s1264292074-00-37204836544
2026-10-04T13:44:31.6536498Z Redirecting to blob download url: https://productionresultssa10.blob.core.windows.net/actions-results/f247fafb-9db1-8749-985f-c6a4f2e7179c/workflow-job-run-a68b606f-9ba7-5462-992a-6206fc57dee9/artifacts/c7ef86d6d1a22a3a6fe18c1f6d7bd1badc03f3e26f54c5745ea7cca8724b7379.zip
2026-10-04T13:44:31.6539575Z Starting download of artifact to: /home/runner/work/_temp/menu-analysis-parts/nbo-r16-menu-analysis-quarterly_reuse_d10_s1264292074-00-37204836544
2026-10-04T13:44:31.6548815Z Redirecting to blob download url: https://productionresultssa10.blob.core.windows.net/actions-results/f247fafb-9db1-8749-985f-c6a4f2e7179c/workflow-job-run-a4e33983-3483-5671-a611-80e496407aba/artifacts/04a541c9c1f0db857d0255ee7a8972edf56b3ef25b255e88c7fc7209aedc563c.zip
2026-10-04T13:44:31.6551509Z Starting download of artifact to: /home/runner/work/_temp/menu-analysis-parts/nbo-r16-menu-analysis-original_low_d50_s527701303-00-37204836544
2026-10-04T13:44:31.6566261Z Redirecting to blob download url: https://productionresultssa10.blob.core.windows.net/actions-results/f247fafb-9db1-8749-985f-c6a4f2e7179c/workflow-job-run-445a1d05-0b09-5623-a442-1dfb38933a98/artifacts/0ece02283063e88cc166c062a18ef2038e1f130292e5d19a7462fc0f3cc78fd3.zip
2026-10-04T13:44:31.6569653Z Starting download of artifact to: /home/runner/work/_temp/menu-analysis-parts/nbo-r16-menu-analysis-original_low_d10_s782199465-00-37204836544
2026-10-04T13:44:31.6578459Z Redirecting to blob download url: https://productionresultssa10.blob.core.windows.net/actions-results/f247fafb-9db1-8749-985f-c6a4f2e7179c/workflow-job-run-aac3e47a-7495-5524-bd50-4887b901799e/artifacts/4112bf03867f529ba75d288002c1b03634c999b3e13ae7506527eea4b4bed57c.zip
2026-10-04T13:44:31.6581144Z Starting download of artifact to: /home/runner/work/_temp/menu-analysis-parts/nbo-r16-menu-analysis-original_low_d50_s194396786-00-37204836544
2026-10-04T13:44:31.6842970Z Redirecting to blob download url: https://productionresultssa10.blob.core.windows.net/actions-results/f247fafb-9db1-8749-985f-c6a4f2e7179c/workflow-job-run-9cb216da-1d90-507e-a6cb-c5e770683586/artifacts/4c762fc61d26881c12171628e11916f154360299374fe666891de1855e95fe42.zip
2026-10-04T13:44:31.6846928Z Starting download of artifact to: /home/runner/work/_temp/menu-analysis-parts/nbo-r16-menu-analysis-long_reuse_d10_s782199465-00-37204836544
2026-10-04T13:44:31.6857461Z Redirecting to blob download url: https://productionresultssa10.blob.core.windows.net/actions-results/f247fafb-9db1-8749-985f-c6a4f2e7179c/workflow-job-run-635ec506-9d34-5cbf-adfa-4199dce23d0c/artifacts/b296048a78c9b5ab96db93720c48cade29e3734c5ed65a4a4826ff91a45a766c.zip
2026-10-04T13:44:31.6860201Z Starting download of artifact to: /home/runner/work/_temp/menu-analysis-parts/nbo-r16-menu-analysis-quarterly_reuse_d10_s3308926306-01-37204836544
2026-10-04T13:44:31.6870828Z Redirecting to blob download url: https://productionresultssa10.blob.core.windows.net/actions-results/f247fafb-9db1-8749-985f-c6a4f2e7179c/workflow-job-run-171ffa3c-b6f7-52db-bf29-6197137c0b6b/artifacts/e7c1f3ee768ded6dce7ea0ca750995d68e1f60e17f70641c9c0d382ddbc4f6aa.zip
2026-10-04T13:44:31.6874704Z Starting download of artifact to: /home/runner/work/_temp/menu-analysis-parts/nbo-r16-menu-analysis-original_low_d50_s3089473238-00-37204836544
2026-10-04T13:44:31.6887076Z Redirecting to blob download url: https://productionresultssa10.blob.core.windows.net/actions-results/f247fafb-9db1-8749-985f-c6a4f2e7179c/workflow-job-run-787fcf45-fc9d-5227-b532-9f08787ae7f8/artifacts/14a4cfd46c367842b796340f08705a19156d5eddfeef86a5daad389b5692e289.zip
2026-10-04T13:44:31.6891292Z Starting download of artifact to: /home/runner/work/_temp/menu-analysis-parts/nbo-r16-menu-analysis-quarterly_reuse_d50_s2427697457-00-37204836544
2026-10-04T13:44:31.6919922Z Redirecting to blob download url: https://productionresultssa10.blob.core.windows.net/actions-results/f247fafb-9db1-8749-985f-c6a4f2e7179c/workflow-job-run-174196d2-33cb-5814-9bf4-fc563d0a9f1d/artifacts/9426d4f2547cc63b1c0ea835d32a07567719852ac1e1dd1b0203858d2fe24131.zip
2026-10-04T13:44:31.6925781Z Starting download of artifact to: /home/runner/work/_temp/menu-analysis-parts/nbo-r16-menu-analysis-quarterly_reuse_d10_s2427697457-00-37204836544
2026-10-04T13:44:31.6941443Z Redirecting to blob download url: https://productionresultssa10.blob.core.windows.net/actions-results/f247fafb-9db1-8749-985f-c6a4f2e7179c/workflow-job-run-b35840b8-69fb-554f-a21c-e41139bc6254/artifacts/e32f8eec03b0875bfa2a6d008925cb7606ea1bf8ee88d36c9138bb0953cb6540.zip
2026-10-04T13:44:31.6946815Z Starting download of artifact to: /home/runner/work/_temp/menu-analysis-parts/nbo-r16-menu-analysis-long_reuse_d10_s527701303-01-37204836544
2026-10-04T13:44:31.7115008Z Redirecting to blob download url: https://productionresultssa10.blob.core.windows.net/actions-results/f247fafb-9db1-8749-985f-c6a4f2e7179c/workflow-job-run-282319cd-3826-59cc-8d66-bd4e2972c4c9/artifacts/b572d9ea393f01fd5c048023bca475c85936bb417a1a1655ed1dc7fb15f8e257.zip
2026-10-04T13:44:31.7118553Z Starting download of artifact to: /home/runner/work/_temp/menu-analysis-parts/nbo-r16-menu-analysis-quarterly_reuse_d10_s3176718348-00-37204836544
2026-10-04T13:44:44.3209840Z SHA256 digest of downloaded artifact is 82d6baff22953cb9057e102121ffd6088f40e57e1c5a90ae14e42d8703e6180a
2026-10-04T13:44:44.3211670Z Artifact download completed successfully.
2026-10-04T13:44:44.3469035Z SHA256 digest of downloaded artifact is 5cb2a61fc8728075433f49c7d440f89e04385f1a00dc3c25d0fc736b72510031
2026-10-04T13:44:44.3482133Z Artifact download completed successfully.
2026-10-04T13:44:44.3834285Z SHA256 digest of downloaded artifact is 94a06cf5ac6eabfea9abe8b42c4d07842e8f27be4538245f82c93f7960ab14dd
2026-10-04T13:44:44.3836095Z Artifact download completed successfully.
2026-10-04T13:44:44.3843737Z SHA256 digest of downloaded artifact is 66bbd2b5e481f1147d01034b4739f7ba02a0dab7e0c7a4252d9c88be015aebd0
2026-10-04T13:44:44.3845511Z Artifact download completed successfully.
2026-10-04T13:44:44.3864630Z SHA256 digest of downloaded artifact is 8e67908b1d328f1141011518bc69916579b78eae470837ae2bf47eed89cba18e
2026-10-04T13:44:44.3866399Z Artifact download completed successfully.
2026-10-04T13:44:44.4050705Z SHA256 digest of downloaded artifact is a869dd904831e5ba4b80a9b0126f196e75f44b25bdda7860b4c636422235cb90
2026-10-04T13:44:44.4052964Z Artifact download completed successfully.
2026-10-04T13:44:44.4055363Z SHA256 digest of downloaded artifact is 5226e8c128fb5f17096382f35c41a51a4bcf3e28f412daec17f5175c44b9ee8f
2026-10-04T13:44:44.4057854Z Artifact download completed successfully.
2026-10-04T13:44:44.4174514Z SHA256 digest of downloaded artifact is 5e7b11255bebc37f6f271bb7561bced20c59b9f066ca78559534b743bd9b06a7
2026-10-04T13:44:44.4176274Z Artifact download completed successfully.
2026-10-04T13:44:44.4181224Z SHA256 digest of downloaded artifact is f7f4930415bcc64418cb8d566bdf9200527cf021a111c53858f9c9439ce68cc5
2026-10-04T13:44:44.4183960Z Artifact download completed successfully.
2026-10-04T13:44:44.4430449Z SHA256 digest of downloaded artifact is 29d416b2a796cb4106e59887798babc025ea0a2febc4fa15b504fa25a52ea3b0
2026-10-04T13:44:44.4432991Z Artifact download completed successfully.
2026-10-04T13:44:44.4443922Z SHA256 digest of downloaded artifact is 7074cdf4591d77676dfdd7f119750b22ad049f66abb0b24a101fadb707dc57ec
2026-10-04T13:44:44.4445881Z Artifact download completed successfully.
2026-10-04T13:44:44.4545579Z SHA256 digest of downloaded artifact is 453346c565fc81ff75097b3f8c586af0ddf9f4b1525bf729982f4b5211796442
2026-10-04T13:44:44.4547305Z Artifact download completed successfully.
2026-10-04T13:44:44.4554011Z SHA256 digest of downloaded artifact is 1a3b4859245741033a6a463c9a5a1fbeb6fea6272aab809ad3e7404af0714f56
2026-10-04T13:44:44.4556332Z Artifact download completed successfully.
2026-10-04T13:44:44.4565904Z SHA256 digest of downloaded artifact is 02b032a9a8721a92408c55af72916105cee9c6b9ee908a3697515c48a224e412
2026-10-04T13:44:44.4568247Z Artifact download completed successfully.
2026-10-04T13:44:44.4667386Z SHA256 digest of downloaded artifact is 95840034cb5051ff0ac5f05a7ccb5192e7abac9007afdc2d55662b3aa9f3bb94
2026-10-04T13:44:44.4669321Z Artifact download completed successfully.
2026-10-04T13:44:44.4894834Z SHA256 digest of downloaded artifact is 63f9077346e96798abd5c6636e42c192eba76526949244b4c7cc41be18dfb30e
2026-10-04T13:44:44.4896584Z Artifact download completed successfully.
2026-10-04T13:44:44.8332744Z SHA256 digest of downloaded artifact is f779805b5f2d714028f255162465ea07e2e8ee65229c095a3938c2d33054fc1d
2026-10-04T13:44:44.8334836Z Artifact download completed successfully.
2026-10-04T13:44:44.8750242Z SHA256 digest of downloaded artifact is 05fa311824a770b05b8a1539d518de759b0ff3ce78d357255e38a702f0f1d617
2026-10-04T13:44:44.8752599Z Artifact download completed successfully.
2026-10-04T13:44:44.8759501Z SHA256 digest of downloaded artifact is e656f9c029ced56c8b14ef3364f0b0e1e44fadc89121134ff0da449cfd4cd97b
2026-10-04T13:44:44.8761140Z Artifact download completed successfully.
2026-10-04T13:44:44.8850681Z SHA256 digest of downloaded artifact is fa5cf5d1ffd149b01bbe9b2c22a591406a1c9567c123a9da65e8cd6f034dceae
2026-10-04T13:44:44.8852801Z Artifact download completed successfully.
2026-10-04T13:44:44.8894413Z SHA256 digest of downloaded artifact is 7d35e7a4bbbd34a102a2142d29ee38689ded225d1a0728fafeaa4951844993f7
2026-10-04T13:44:44.8896648Z Artifact download completed successfully.
2026-10-04T13:44:44.9157614Z SHA256 digest of downloaded artifact is b29e258999ffc7775a2ff127943171f76600e2d0aee7bf1a50f8770d73c117e7
2026-10-04T13:44:44.9160081Z Artifact download completed successfully.
2026-10-04T13:44:44.9179673Z SHA256 digest of downloaded artifact is 9cd2d71084d7f2b4cd664c6177dff20adf1df0a09917fd6ba5d39f7853729ce6
2026-10-04T13:44:44.9182034Z Artifact download completed successfully.
2026-10-04T13:44:44.9276751Z SHA256 digest of downloaded artifact is 9e52883877b9a05f4a13089a1cdf9949790ce5fb2724b301f6deeca1fee3c778
2026-10-04T13:44:44.9278617Z Artifact download completed successfully.
2026-10-04T13:44:44.9280669Z SHA256 digest of downloaded artifact is 6a91bd6792ae496bbe272b283b0caeda39886cff9d25cea879dc1a7561cee66e
2026-10-04T13:44:44.9282348Z Artifact download completed successfully.
2026-10-04T13:44:44.9304017Z SHA256 digest of downloaded artifact is 33e64ca2302b590c49255820f93cad7a96d1a3d5143f697f79b5dbc3be7210d3
2026-10-04T13:44:44.9306198Z Artifact download completed successfully.
2026-10-04T13:44:44.9314960Z SHA256 digest of downloaded artifact is 3973626f832aa92e63a27a8377302ebd15427043aaeca2b24dd725ff422683fd
2026-10-04T13:44:44.9316573Z Artifact download completed successfully.
2026-10-04T13:44:44.9449818Z SHA256 digest of downloaded artifact is 4dff9d71a7116b5bb4d17fd3652daac585ffd010cf0a5a269d079e226f85e847
2026-10-04T13:44:44.9451532Z Artifact download completed successfully.
2026-10-04T13:44:44.9501597Z SHA256 digest of downloaded artifact is 0da7b1612b9c81229db56902599562a4e978febd70e19ae9ca031674c6c97bbc
2026-10-04T13:44:44.9503303Z Artifact download completed successfully.
2026-10-04T13:44:44.9528515Z SHA256 digest of downloaded artifact is dcd4494c6b49aa2a5c55acd38a403b2fa35d6b4666a0ea16e12ee8aa44544db8
2026-10-04T13:44:44.9530404Z Artifact download completed successfully.
2026-10-04T13:44:44.9649227Z SHA256 digest of downloaded artifact is 974b08b000898a1b56afedb8eef6ee4603f15633be365adb4ed321afa361d26b
2026-10-04T13:44:44.9651711Z Artifact download completed successfully.
2026-10-04T13:44:44.9884902Z SHA256 digest of downloaded artifact is 826376334e724bfd73ed078b4825d9ee2165be3c5af3764e8e67796976126cd5
2026-10-04T13:44:44.9887151Z Artifact download completed successfully.
2026-10-04T13:44:45.0095157Z SHA256 digest of downloaded artifact is 1c83ea47b19fa88a1018845274572bc2fbd6b032d2981e03560109a0357bf91f
2026-10-04T13:44:45.0097147Z Artifact download completed successfully.
2026-10-04T13:44:45.0099178Z SHA256 digest of downloaded artifact is 00d636ddda0191b042358b2efdd9476668b5ba1bc5164cb31729b2ca2f34e20b
2026-10-04T13:44:45.0101015Z Artifact download completed successfully.
2026-10-04T13:44:45.0109495Z SHA256 digest of downloaded artifact is 77de40621b1f223c7aaadf534fa716560d1b22d63a916e70f77b19b11481aa9b
2026-10-04T13:44:45.0111548Z Artifact download completed successfully.
2026-10-04T13:44:45.0413801Z SHA256 digest of downloaded artifact is 91749fc74f20244ecf6edb089f74b39059d5fb26055e42fba4d24fc19edcb430
2026-10-04T13:44:45.0416279Z Artifact download completed successfully.
2026-10-04T13:44:45.0491807Z SHA256 digest of downloaded artifact is f44b036bdf54621df21dfa54dbe72d3ff6a400bf0a6ac07bfe9823ba95be16f5
2026-10-04T13:44:45.0494124Z Artifact download completed successfully.
2026-10-04T13:44:45.0496236Z SHA256 digest of downloaded artifact is 56b203727200ba4ee0d98d09658cbcb85f53c2e36d2bf75b434a7fa13a701cf7
2026-10-04T13:44:45.0498927Z Artifact download completed successfully.
2026-10-04T13:44:45.0627918Z SHA256 digest of downloaded artifact is 9e69065a38e43665a18b113b372758c77fc143aa40c99613771391dfec23002a
2026-10-04T13:44:45.0629719Z Artifact download completed successfully.
2026-10-04T13:44:45.0807845Z SHA256 digest of downloaded artifact is ebaf3e727eb24b6c7ba5e2586d8271ae904d3ee0682f7ea7be28b76ad0b7dc6a
2026-10-04T13:44:45.0809698Z Artifact download completed successfully.
2026-10-04T13:44:45.0879191Z SHA256 digest of downloaded artifact is 22d9d585b31893057feecff02a1d1a7167daa14eae677ca9aac143ed775c28e6
2026-10-04T13:44:45.0880871Z Artifact download completed successfully.
2026-10-04T13:44:45.0882619Z SHA256 digest of downloaded artifact is 64826b8dc451a905aaed36646c6564f660dfc355a69b5001aff1529223f3427d
2026-10-04T13:44:45.0884565Z Artifact download completed successfully.
2026-10-04T13:44:45.0895220Z SHA256 digest of downloaded artifact is 36d8b1a64d016cea4dd8b1b76d4c1a6bd9314c1aa5b91129fafe362da3527c7b
2026-10-04T13:44:45.0897165Z Artifact download completed successfully.
2026-10-04T13:44:45.0899157Z SHA256 digest of downloaded artifact is 2e833f50caf11d532b0e88d27654c50fd96073830b870ee3074492cb6fda5765
2026-10-04T13:44:45.0900988Z Artifact download completed successfully.
2026-10-04T13:44:45.0959430Z SHA256 digest of downloaded artifact is 4527a0598d38aa6b912f2fe217f3d1f0981a80610d4ea59ec532164370dcd84d
2026-10-04T13:44:45.1006269Z Artifact download completed successfully.
2026-10-04T13:44:45.1207174Z SHA256 digest of downloaded artifact is 918c1404a80c594a9a1240c63d0492c61d79d86ae6180e7bc849be1812c40de4
2026-10-04T13:44:45.1209088Z Artifact download completed successfully.
2026-10-04T13:44:45.1286001Z SHA256 digest of downloaded artifact is 24c45ea62b47027af5410dc306d010a20c3047b4ce7fb2199f5e99d5abdcbdeb
2026-10-04T13:44:45.1288021Z Artifact download completed successfully.
2026-10-04T13:44:45.1380007Z SHA256 digest of downloaded artifact is 218cbfc2f96b8e194062933401e8f07ac26b2c8624e8b3e8167801b6bd0df355
2026-10-04T13:44:45.1381990Z Artifact download completed successfully.
2026-10-04T13:44:45.1415011Z SHA256 digest of downloaded artifact is 43bae9307a4f8c27a7e7f760d8b1bd520c794152dda186e6d5cdbacbbb7cedfb
2026-10-04T13:44:45.1416658Z Artifact download completed successfully.
2026-10-04T13:44:45.1463985Z SHA256 digest of downloaded artifact is 4ff995fd086d505bba5c69aba33795f88bed0da86dfd029b28133f2cd3b2a62e
2026-10-04T13:44:45.1466077Z Artifact download completed successfully.
2026-10-04T13:44:45.1472959Z SHA256 digest of downloaded artifact is fa81766efd129881689da74346af70fac3edf8df2b6e22e0360d22aa1536374e
2026-10-04T13:44:45.1475125Z Artifact download completed successfully.
2026-10-04T13:44:45.1485855Z SHA256 digest of downloaded artifact is 6606dc8f1a24c18030962b89112866ea254c96dc6ce7816732c587fe5105e0b8
2026-10-04T13:44:45.1487502Z Artifact download completed successfully.
2026-10-04T13:44:45.1496035Z SHA256 digest of downloaded artifact is 9f5b5ad6dc5612fba293973805fce1165193a0f0b846e80d0ff27900c2d4bfd9
2026-10-04T13:44:45.1498018Z Artifact download completed successfully.
2026-10-04T13:44:45.1503307Z SHA256 digest of downloaded artifact is 7aa1bb777143bb0824a32ab6c3f62fc78758987541cea21d76da4880727eb24b
2026-10-04T13:44:45.1505772Z Artifact download completed successfully.
2026-10-04T13:44:45.1507545Z SHA256 digest of downloaded artifact is 3a002b95df03d6bfe59fcbf0c10a8e22cbf75ce0bef6b4cbe601059ef0fd0642
2026-10-04T13:44:45.1509471Z Artifact download completed successfully.
2026-10-04T13:44:45.1579569Z SHA256 digest of downloaded artifact is 96aa6724566cd448ac6c1d35df9dfae2d19a6573faa5d8ae2a6176e76a1e4614
2026-10-04T13:44:45.1581208Z Artifact download completed successfully.
2026-10-04T13:44:45.1582900Z SHA256 digest of downloaded artifact is 32bd2298d0d28163e7f856922fd2861973b54ea46af30cd9ba48c2f9e085c039
2026-10-04T13:44:45.1585285Z Artifact download completed successfully.
2026-10-04T13:44:45.1662809Z SHA256 digest of downloaded artifact is 0c17170fd112ab816f38b3de101cb673ac8cff3e3c03b5a6ec22a22352739864
2026-10-04T13:44:45.1665139Z Artifact download completed successfully.
2026-10-04T13:44:45.1799212Z SHA256 digest of downloaded artifact is b16558a59acf57f05f11c2d2504d252bea5582790f4f50139d012fdd1598d28c
2026-10-04T13:44:45.1801207Z Artifact download completed successfully.
2026-10-04T13:44:45.1803362Z SHA256 digest of downloaded artifact is 378b4409dc6498520fda31f4a25bf9f67d2851c9bb4772a204250dc92d08df97
2026-10-04T13:44:45.1805501Z Artifact download completed successfully.
2026-10-04T13:44:45.1816745Z SHA256 digest of downloaded artifact is 03d77a5249ea5382ca96a9c3feb72d9d17e06123605e929e401c3c7aa9378816
2026-10-04T13:44:45.1818948Z Artifact download completed successfully.
2026-10-04T13:44:45.1838282Z SHA256 digest of downloaded artifact is 9d776cf80a4fbdf31a59d798bd279e9f7c24e7490c8a90392c56fb13f7bbdaa7
2026-10-04T13:44:45.1840359Z Artifact download completed successfully.
2026-10-04T13:44:45.1842388Z SHA256 digest of downloaded artifact is 4186cd1ff4ecdfcb4b6c9677007c612fc2d9b1e3aedd7d26db91997ce41529dc
2026-10-04T13:44:45.1845624Z Artifact download completed successfully.
2026-10-04T13:44:45.1917707Z SHA256 digest of downloaded artifact is 4b5a0316bf43c5ca7ad32cc58fe1a98b7415999bb7b057c2abbc6952d66cd171
2026-10-04T13:44:45.1919352Z Artifact download completed successfully.
2026-10-04T13:44:45.2159815Z SHA256 digest of downloaded artifact is 5427daeaabfc9d24a7896571b6a70f555a9430ec21ab6397c5e3fd26bda87c43
2026-10-04T13:44:45.2204004Z Artifact download completed successfully.
2026-10-04T13:44:45.2208285Z SHA256 digest of downloaded artifact is 69e224b77a4134b6c62edc5134be584fc357aa14bc3a2599e50f01e1cb5362a1
2026-10-04T13:44:45.2210290Z Artifact download completed successfully.
2026-10-04T13:44:45.2452417Z SHA256 digest of downloaded artifact is 0c7ea06d421b2c26adb02b8bd157a59399c09aba10181bc643f4f8e75508e225
2026-10-04T13:44:45.2454373Z Artifact download completed successfully.
2026-10-04T13:44:45.2460308Z SHA256 digest of downloaded artifact is 94db641717bc9c858f414a4a94925c5579fc6757d49330062a838ced7780ce43
2026-10-04T13:44:45.2461947Z Artifact download completed successfully.
2026-10-04T13:44:45.2536964Z SHA256 digest of downloaded artifact is f71010dcbb5810e32727de8575aa7fb036961a5960bfde72d21636641f80e1d5
2026-10-04T13:44:45.2538616Z Artifact download completed successfully.
2026-10-04T13:44:45.2549149Z SHA256 digest of downloaded artifact is 36162a70a449932c6fcd09bbacf0d83769af2dc8425090f5c9e2b6b389bdb586
2026-10-04T13:44:45.2551425Z Artifact download completed successfully.
2026-10-04T13:44:45.2737624Z SHA256 digest of downloaded artifact is 1b83b10cf288c28f131c5bda60c8daf3ae9e7b7592f393e9db6ec55757058185
2026-10-04T13:44:45.2739865Z Artifact download completed successfully.
2026-10-04T13:44:45.2801317Z SHA256 digest of downloaded artifact is fe28076dcecde3d6daeb26e744d667f08463a314c8f0f9770549b5e40aa876fb
2026-10-04T13:44:45.2803107Z Artifact download completed successfully.
2026-10-04T13:44:45.2809860Z SHA256 digest of downloaded artifact is da47d40d16c18c607ec9d61a18d24b8fc768bbeab1968d2dfe26cd586c3e683b
2026-10-04T13:44:45.2811595Z Artifact download completed successfully.
2026-10-04T13:44:45.2815562Z SHA256 digest of downloaded artifact is 8129b89e7391a7fd9f39715fc2c940533bcc3abe1ac711b2ed8c629b48da4569
2026-10-04T13:44:45.2817675Z Artifact download completed successfully.
2026-10-04T13:44:45.2825152Z SHA256 digest of downloaded artifact is 82a07e0723d77469a047f02a4e890beae0127a76380e64127d9b687a850a19eb
2026-10-04T13:44:45.2827121Z Artifact download completed successfully.
2026-10-04T13:44:45.2905218Z SHA256 digest of downloaded artifact is 28c0c88776707e19314c3f3f16b9f9c7c8ad788dc0a644ca67342e17b333f459
2026-10-04T13:44:45.2906973Z Artifact download completed successfully.
2026-10-04T13:44:45.2911790Z SHA256 digest of downloaded artifact is d1254f6262897f8be9b3a959d0dc14cc9a32aa5bfe55c7b70a87f9f15c9c320c
2026-10-04T13:44:45.2914150Z Artifact download completed successfully.
2026-10-04T13:44:45.2918409Z SHA256 digest of downloaded artifact is b74b00e5cceae9ddbb889c46b0a58099cfe3ff1b9318fe499d64a19f864d1f86
2026-10-04T13:44:45.2920022Z Artifact download completed successfully.
2026-10-04T13:44:45.2923648Z SHA256 digest of downloaded artifact is 7e9edbc1fbc24cb17205bb05b3bb888b9bf474d1be253bebf560dd986c430315
2026-10-04T13:44:45.2925872Z Artifact download completed successfully.
2026-10-04T13:44:45.3075578Z SHA256 digest of downloaded artifact is 65fa419c4928192fe5421f1ba30b8535eeb9304fc082ed90c6d44186a3670bb5
2026-10-04T13:44:45.3077770Z Artifact download completed successfully.
2026-10-04T13:44:45.6065262Z SHA256 digest of downloaded artifact is 26f7b1efe1b28f1fd64db105b69d630a84841fd8eae6015d827ffd4c65825e55
2026-10-04T13:44:45.6067125Z Artifact download completed successfully.
2026-10-04T13:44:45.6078385Z SHA256 digest of downloaded artifact is ede3f1058c503743ba6f8ce48825b41d51ab77356b285dea93f8607606561ae9
2026-10-04T13:44:45.6080414Z Artifact download completed successfully.
2026-10-04T13:44:45.6133644Z SHA256 digest of downloaded artifact is 15d90cb4f9e4e5019042f0d6910aee3bbf8f16c36708e8e8a6d9e6bfd61beb72
2026-10-04T13:44:45.6135694Z Artifact download completed successfully.
2026-10-04T13:44:45.6137802Z SHA256 digest of downloaded artifact is c8b2f7ffdcaa3141cc30c5f8c34d420fa3b4096e4d716196eb6681d8e778f308
2026-10-04T13:44:45.6140017Z Artifact download completed successfully.
2026-10-04T13:44:45.6202663Z SHA256 digest of downloaded artifact is 0e1d2f77578a4ce1f3495d1ed11f92c0196934c80a5b68e349258dcfa5a99525
2026-10-04T13:44:45.6205336Z Artifact download completed successfully.
2026-10-04T13:44:45.6328957Z SHA256 digest of downloaded artifact is 7e28061aaa42b10ce71df80ddec9afd83a65b180d7d0a75f1142cd986f32066b
2026-10-04T13:44:45.6330680Z Artifact download completed successfully.
2026-10-04T13:44:45.6382908Z SHA256 digest of downloaded artifact is 9a0129b028aff46bd26758c5524f760a635b49fb1c9ffd02191ff5d664ed4755
2026-10-04T13:44:45.6385087Z Artifact download completed successfully.
2026-10-04T13:44:45.6454738Z SHA256 digest of downloaded artifact is 14bd1c7cd6145785fb846950d8b46d7f8a738c3024f9baa83caf758bd0b79499
2026-10-04T13:44:45.6456464Z Artifact download completed successfully.
2026-10-04T13:44:45.6458255Z SHA256 digest of downloaded artifact is 60ba39d3ad985aefa1c98359b442fff5d979ed3064085c0c512c3e4ade95ef0e
2026-10-04T13:44:45.6459919Z Artifact download completed successfully.
2026-10-04T13:44:45.6465799Z SHA256 digest of downloaded artifact is 40bd491158ab8a1d7f70aa4d6bd461f514e2527b784a44af3a74c376e0eb1489
2026-10-04T13:44:45.6467691Z Artifact download completed successfully.
2026-10-04T13:44:45.6475668Z SHA256 digest of downloaded artifact is 1a18cc1514fa85564ba5c29b20c6b2374db480bf9c615495af3eb32529fd89ee
2026-10-04T13:44:45.6477332Z Artifact download completed successfully.
2026-10-04T13:44:45.6483055Z SHA256 digest of downloaded artifact is 92217085d282e0d8ddb24d713089c9319e7f2f99fe19e6be151c34de9dfd5385
2026-10-04T13:44:45.6484947Z Artifact download completed successfully.
2026-10-04T13:44:45.6486633Z SHA256 digest of downloaded artifact is d7dc2205c30c8f42a1b752ad613ee0bc2641e105667c1285a37b17dc11ed508e
2026-10-04T13:44:45.6488203Z Artifact download completed successfully.
2026-10-04T13:44:45.6495681Z SHA256 digest of downloaded artifact is 22cc96d6b00c6dbf6516f17247a26c1ca037912dda6f4630804e03bca7458b00
2026-10-04T13:44:45.6497528Z Artifact download completed successfully.
2026-10-04T13:44:45.6547392Z SHA256 digest of downloaded artifact is d8dc68e354cd0e2c3f14bf0609e7d2721cc6988fe4a1c7a461ee566550bc739a
2026-10-04T13:44:45.6549970Z Artifact download completed successfully.
2026-10-04T13:44:45.6607579Z SHA256 digest of downloaded artifact is dd9d8cd17cc46116a770452832a38b46af9396cbb59a3493ff4afd076b3ee171
2026-10-04T13:44:45.6609403Z Artifact download completed successfully.
2026-10-04T13:44:45.6615837Z SHA256 digest of downloaded artifact is 1ae14dc7f45046234b0deca11ead5b9b277ca394724b20c8030a7cdde7d946a2
2026-10-04T13:44:45.6617444Z Artifact download completed successfully.
2026-10-04T13:44:45.6622515Z SHA256 digest of downloaded artifact is 01cd54fc9ad5f2506c54445e09acb34d849476d9c1f74c957556248c83f6120b
2026-10-04T13:44:45.6624485Z Artifact download completed successfully.
2026-10-04T13:44:45.6634299Z SHA256 digest of downloaded artifact is 1713653fbabf894a63f65ee32bd62fcb06ea4d36ff22f3f4a6bc7c9d3f2ca4ad
2026-10-04T13:44:45.6636514Z Artifact download completed successfully.
2026-10-04T13:44:45.6679388Z SHA256 digest of downloaded artifact is a2ebd0f6bb42efb57de91592493cf2db75713f89da9e97057e782e4eadc28b51
2026-10-04T13:44:45.6681120Z Artifact download completed successfully.
2026-10-04T13:44:45.6684689Z SHA256 digest of downloaded artifact is c97fc86bc4bd8f93f5c091443adfe9e8aaa41e01ca816885ad9f33eca1a04499
2026-10-04T13:44:45.6686694Z Artifact download completed successfully.
2026-10-04T13:44:45.6697751Z SHA256 digest of downloaded artifact is 1d2cb58101cbab5ff907a2b7549877d53cf2a3e09f95cdf7f3765e89d119a1e7
2026-10-04T13:44:45.6699364Z Artifact download completed successfully.
2026-10-04T13:44:45.6711349Z SHA256 digest of downloaded artifact is 8b944be796d706812a1c8ced9bd88bce7fd5f8e60685ef842d9ce9cfa058b273
2026-10-04T13:44:45.6713505Z Artifact download completed successfully.
2026-10-04T13:44:45.6751555Z SHA256 digest of downloaded artifact is b138f7586c96ce003b92c935815fbb7f5401d86ce51f2633f449c10a2feca7ca
2026-10-04T13:44:45.6753159Z Artifact download completed successfully.
2026-10-04T13:44:45.6762015Z SHA256 digest of downloaded artifact is 535b90823f05d4b7964eb48aef6738f433babe5d0674bb7e0d0ae0ff66caca57
2026-10-04T13:44:45.6764168Z Artifact download completed successfully.
2026-10-04T13:44:45.6818733Z SHA256 digest of downloaded artifact is a5a098ede39a8d7126c7562e8025a0558d319dc7c6dc10db5024a9f71a16df84
2026-10-04T13:44:45.6820792Z Artifact download completed successfully.
2026-10-04T13:44:45.6829537Z SHA256 digest of downloaded artifact is 547d265d9bb9b1b89c23a944d855e0939c20d3c6e42b890e335b0c16a41f15d4
2026-10-04T13:44:45.7266117Z Artifact download completed successfully.
2026-10-04T13:44:45.7268423Z SHA256 digest of downloaded artifact is 05cbf02d1e3f68b24783c92e2984c31b2c2ce07c67ea76fd21aaa2c32155ea1d
2026-10-04T13:44:45.7270163Z Artifact download completed successfully.
2026-10-04T13:44:45.7271959Z SHA256 digest of downloaded artifact is 4bf4d176531e442c5774d7d19bae4ee21c12cb6d7c93066adc4e83ea2e3301ec
2026-10-04T13:44:45.7274119Z Artifact download completed successfully.
2026-10-04T13:44:45.7389305Z SHA256 digest of downloaded artifact is 36f689a4659049e8f8e7906080f0d1bd511f298024e04968f34ef459a5defef5
2026-10-04T13:44:45.7391048Z Artifact download completed successfully.
2026-10-04T13:44:45.7428487Z SHA256 digest of downloaded artifact is 7dfe01b0536a7ed7e421cc4f3050fae94df490cd7296ceb6d90389f8ae997f4a
2026-10-04T13:44:45.7430751Z Artifact download completed successfully.
2026-10-04T13:44:45.7432779Z SHA256 digest of downloaded artifact is 263f71dfb2219c2f94cb99762a7764b9028d62cafa5ff422d1fa269e5dac1028
2026-10-04T13:44:45.7435089Z Artifact download completed successfully.
2026-10-04T13:44:45.7441944Z SHA256 digest of downloaded artifact is 97f49177a517441dfcc459aa412b4c0774d4503eb87623034d205cb12243e929
2026-10-04T13:44:45.7443868Z Artifact download completed successfully.
2026-10-04T13:44:45.7450647Z SHA256 digest of downloaded artifact is 334545236d7f428b240af784fbc152d8ca4ec5b64ca5aea2df375867de3fe1e8
2026-10-04T13:44:45.7452761Z Artifact download completed successfully.
2026-10-04T13:44:45.7455281Z SHA256 digest of downloaded artifact is adb431157f8594cd8d240a1bfd1a4efff88109e3a6a1ef9bbee3d9970209b2ca
2026-10-04T13:44:45.7457290Z Artifact download completed successfully.
2026-10-04T13:44:45.7636481Z SHA256 digest of downloaded artifact is bd0b05d0575e2cad6040aa636d4b1154c4323b7d042c1ff7bc594b84a8cf693c
2026-10-04T13:44:45.7638699Z Artifact download completed successfully.
2026-10-04T13:44:45.7696281Z SHA256 digest of downloaded artifact is 24a7f904379bc879644631acd03cdf9ca022b02baca4f53db9b7fe0067c780d1
2026-10-04T13:44:45.7698311Z Artifact download completed successfully.
2026-10-04T13:44:45.7717927Z SHA256 digest of downloaded artifact is 19e49faa590abc4f646766c529c3e8f2003aca9a90bd86a01bab5e8d5b65cef6
2026-10-04T13:44:45.7719584Z Artifact download completed successfully.
2026-10-04T13:44:45.7764439Z SHA256 digest of downloaded artifact is eeecd5fad20edeae73658edf69d90c85c8f16209ecbd657b3f5f481f680e3d65
2026-10-04T13:44:45.7766193Z Artifact download completed successfully.
2026-10-04T13:44:45.7774791Z SHA256 digest of downloaded artifact is 8864f125d2da6fab22840d45a518d1727eed3dbced57d326fcd12fb9b9eb65ca
2026-10-04T13:44:45.7776760Z Artifact download completed successfully.
2026-10-04T13:44:45.7781199Z SHA256 digest of downloaded artifact is b1ca74f9d5fbeacfcc0efd9490f777eb9adce069cac496609f52a2ff6afb0bac
2026-10-04T13:44:45.7782850Z Artifact download completed successfully.
2026-10-04T13:44:45.7788577Z SHA256 digest of downloaded artifact is 3ab1517dbdc84dc616c786697e88d94dd454804092e0f0689ade827e4e12ed6b
2026-10-04T13:44:45.7792371Z Artifact download completed successfully.
2026-10-04T13:44:45.7795536Z SHA256 digest of downloaded artifact is a8565ce0fb69011fa8d517595613c04e1878c3f15bbfaf69e8202f7443ecd522
2026-10-04T13:44:45.7797935Z Artifact download completed successfully.
2026-10-04T13:44:45.7884139Z SHA256 digest of downloaded artifact is 7883de91f9bd2901304ba7478fc4f203e4d3bc2f2871fc4148c1f949917cc914
2026-10-04T13:44:45.7886272Z Artifact download completed successfully.
2026-10-04T13:44:45.7935562Z SHA256 digest of downloaded artifact is e83523f6f1800ad3e00edaf3cd723c2947e5a9ad2353585b2ef4e3d5134d9556
2026-10-04T13:44:45.7937325Z Artifact download completed successfully.
2026-10-04T13:44:45.7989606Z SHA256 digest of downloaded artifact is 22a801dc1731c77608f23e1eac85beec2f13192a53980b5c88d8f561f33619a3
2026-10-04T13:44:45.7992361Z Artifact download completed successfully.
2026-10-04T13:44:45.7995191Z SHA256 digest of downloaded artifact is 985f7e48dfe804cbf130fe6748c12207c778531e2cb45d47ca4018d145a37982
2026-10-04T13:44:45.7997557Z Artifact download completed successfully.
2026-10-04T13:44:45.8156018Z SHA256 digest of downloaded artifact is 9297d375c1c0b1a140d89a2e7a038b6664b12232ac2d2fe7d0b36419eb14ba2b
2026-10-04T13:44:45.8157749Z Artifact download completed successfully.
2026-10-04T13:44:52.3886514Z SHA256 digest of downloaded artifact is e5765065cb5de5bc99cc23963255a0694f791caddad9b840e4fbf075eab4298e
2026-10-04T13:44:52.3896729Z Artifact download completed successfully.
2026-10-04T13:44:52.4185893Z SHA256 digest of downloaded artifact is 6e16f9f63b097fae93b818550229cc180920bb64c311ec1c57c6e0c4f59a6cdf
2026-10-04T13:44:52.4188287Z Artifact download completed successfully.
2026-10-04T13:44:52.4190771Z SHA256 digest of downloaded artifact is 54970cdd4fd1e1aa593382231b34f39a5952927128586608edd2d7b2d1497194
2026-10-04T13:44:52.4194064Z Artifact download completed successfully.
2026-10-04T13:44:52.4303248Z SHA256 digest of downloaded artifact is 9ccba33d0cf7811a71d6d1a2f699e0ee9e431ffe93ea757e0a0aeae4a4ca35c3
2026-10-04T13:44:52.4305391Z Artifact download completed successfully.
2026-10-04T13:44:52.4356148Z SHA256 digest of downloaded artifact is 75ce02b0e2afaa6cb7a2d261a7c86c687e05c52b05ab5469b20903e1e77a196c
2026-10-04T13:44:52.4358117Z Artifact download completed successfully.
2026-10-04T13:44:52.4359939Z SHA256 digest of downloaded artifact is 68ceeff61460d19056a37c249d6b7054dfb273e9b0d179899792dc7f8be31032
2026-10-04T13:44:52.4361611Z Artifact download completed successfully.
2026-10-04T13:44:52.4389716Z SHA256 digest of downloaded artifact is 8e6b7346a7b145608f497251e75dc27e2dfff76fefb6976b2b710bf9304213ab
2026-10-04T13:44:52.4391671Z Artifact download completed successfully.
2026-10-04T13:44:52.4441332Z SHA256 digest of downloaded artifact is 585f953edc6350c3d872e14bbf5313bf7808f99604e906b912ba5b3cc62faf7b
2026-10-04T13:44:52.4443531Z Artifact download completed successfully.
2026-10-04T13:44:52.4445390Z SHA256 digest of downloaded artifact is 70cf81768aac5a40fad49102c9a318b891203d2bc5b07447ebefc5a2f6d7597d
2026-10-04T13:44:52.4447572Z Artifact download completed successfully.
2026-10-04T13:44:52.4449621Z SHA256 digest of downloaded artifact is 395afd0f73687115115ab322ae9969b81667ce5de37c5abbac6e0bf051f11924
2026-10-04T13:44:52.4451276Z Artifact download completed successfully.
2026-10-04T13:44:52.4453173Z SHA256 digest of downloaded artifact is d0aaacb54fdd8c5db281235434b9e370389991ca0532eae495e8d75980018533
2026-10-04T13:44:52.4455360Z Artifact download completed successfully.
2026-10-04T13:44:52.4457606Z SHA256 digest of downloaded artifact is e453c58ce6f550169ccc4556a872a7f6c9a5117724dab7652d5cb7098489d33e
2026-10-04T13:44:52.4459333Z Artifact download completed successfully.
2026-10-04T13:44:52.4485062Z SHA256 digest of downloaded artifact is bb145135dd463b87c806a5a0983af27ae23f7889091be02b8c1bbf6e32318c39
2026-10-04T13:44:52.4487056Z Artifact download completed successfully.
2026-10-04T13:44:52.4488800Z SHA256 digest of downloaded artifact is dc4112d49bcf4a9af0d74d19e12be7adc68801483debd3bb2a028c33c0d9d84e
2026-10-04T13:44:52.4490604Z Artifact download completed successfully.
2026-10-04T13:44:52.4535658Z SHA256 digest of downloaded artifact is 3e1b87dc580d0f5c53f2b3ceec6509100aa4ccde1f2d1fe3480132008254f0e7
2026-10-04T13:44:52.4537821Z Artifact download completed successfully.
2026-10-04T13:44:52.4667805Z SHA256 digest of downloaded artifact is 88473095a3cd70d8d5eb173937df94affb918cab7ff6d912c02fcd42dd3bec5e
2026-10-04T13:44:52.4669583Z Artifact download completed successfully.
2026-10-04T13:44:53.0844505Z SHA256 digest of downloaded artifact is 185293bb19478df63335adbe15a514fb2b5a1c38f1060cd97d4cb7bf22be8ad1
2026-10-04T13:44:53.0847266Z Artifact download completed successfully.
2026-10-04T13:44:53.0849514Z SHA256 digest of downloaded artifact is 64d2406f7a0f06c1dbf37518bc15560a95b8544090826c92b2e6a98f89a274d0
2026-10-04T13:44:53.0851524Z Artifact download completed successfully.
2026-10-04T13:44:53.1107122Z SHA256 digest of downloaded artifact is 03828bcc6051ef40a94e51a758780b20a60b59b8ae554d781d809a776844ec94
2026-10-04T13:44:53.1109008Z Artifact download completed successfully.
2026-10-04T13:44:53.1353510Z SHA256 digest of downloaded artifact is 6e3ea911ecad8a3cc8164f91576517527d514af626f962263f30250075892743
2026-10-04T13:44:53.1355907Z Artifact download completed successfully.
2026-10-04T13:44:53.1357852Z SHA256 digest of downloaded artifact is 679457521a6b8b9f909bdc3a28ec74c4e5bcb791c96a6a49974710220714d0ab
2026-10-04T13:44:53.1359621Z Artifact download completed successfully.
2026-10-04T13:44:53.1513975Z SHA256 digest of downloaded artifact is 5293dc129d52b743020fe72c765fa72ba0f6dcf8d5cca77ae65cdd8e1e21ef8e
2026-10-04T13:44:53.1516028Z Artifact download completed successfully.
2026-10-04T13:44:53.1517720Z SHA256 digest of downloaded artifact is e76228ba341b122975835e46834e0ae3737b42aa49b3267cf60bdc388eae4162
2026-10-04T13:44:53.1519296Z Artifact download completed successfully.
2026-10-04T13:44:53.1824634Z SHA256 digest of downloaded artifact is 1bb8afcd9bdc41fb5461f5cc03687cae5dbdf7a7e6b4dddefe0ba1f763652fda
2026-10-04T13:44:53.1827129Z Artifact download completed successfully.
2026-10-04T13:44:53.1829887Z SHA256 digest of downloaded artifact is e1e008d2390c7f5e9e980352d9ba13a56cba1494c30d40bb7a9f3f5f91797ed2
2026-10-04T13:44:53.1832200Z Artifact download completed successfully.
2026-10-04T13:44:53.1834696Z SHA256 digest of downloaded artifact is f0f604fdcd0fa293876e688a67ac745c6814d4d779564123643d6750f5d9f28c
2026-10-04T13:44:53.1836863Z Artifact download completed successfully.
2026-10-04T13:44:53.1839536Z SHA256 digest of downloaded artifact is ca64e38327d0dfe9bc2a342bd9d4f4e1f2790ec181ce14f2f6a6cd9c743e0eb8
2026-10-04T13:44:53.1841987Z Artifact download completed successfully.
2026-10-04T13:44:53.1970288Z SHA256 digest of downloaded artifact is e41ebb8239c8c9c0811d5bb2103eb5070c5136fb7816346a9bb7bba81278632f
2026-10-04T13:44:53.1972318Z Artifact download completed successfully.
2026-10-04T13:44:53.2079877Z SHA256 digest of downloaded artifact is fe444dec31f84cf9ea89da9ab92f993d087a83f969ef315e683cb5af59800c9c
2026-10-04T13:44:53.2081572Z Artifact download completed successfully.
2026-10-04T13:44:53.2135228Z SHA256 digest of downloaded artifact is 46878adab9a837687dfb82be2c8920e7e575b9bce6faa706250397fa53c9be23
2026-10-04T13:44:53.2136872Z Artifact download completed successfully.
2026-10-04T13:44:53.2462112Z SHA256 digest of downloaded artifact is 4237ee8e86c8b1ebb5e0d77a79fa179dcef7f2d8b66dfea93723543341018256
2026-10-04T13:44:53.2464032Z Artifact download completed successfully.
2026-10-04T13:44:53.3162555Z SHA256 digest of downloaded artifact is ae75cd88d6bd5e99d5591bdd98cee4e504b82c0a54e2614ead9e53a3e481bc9e
2026-10-04T13:44:53.3164868Z Artifact download completed successfully.
2026-10-04T13:44:53.3731663Z SHA256 digest of downloaded artifact is 814a73cc2bc13b8abdc6345a5c2451f08303d4979ab49514bc37318693291a12
2026-10-04T13:44:53.3735095Z Artifact download completed successfully.
2026-10-04T13:44:53.3852575Z SHA256 digest of downloaded artifact is af68fba4b74c059b84240fda55c909ad39d3593f8fe6810957807920853515a9
2026-10-04T13:44:53.3855446Z Artifact download completed successfully.
2026-10-04T13:44:53.3898244Z SHA256 digest of downloaded artifact is 9bc037363f9a69a26d5ac903059386605fdbd2fb1fea9c8152e0b0e7497b1fee
2026-10-04T13:44:53.3900622Z Artifact download completed successfully.
2026-10-04T13:44:53.4025063Z SHA256 digest of downloaded artifact is 05e94ed8305f17419d999869b7f82f6f2e4ab0d0a8c198b5a3564913dc9c94c4
2026-10-04T13:44:53.4027363Z Artifact download completed successfully.
2026-10-04T13:44:53.4178729Z SHA256 digest of downloaded artifact is a6cd226876ed7bbc98624977fb47a8dc0524a370dcd50fd48c02ce4c6630beb6
2026-10-04T13:44:53.4181315Z Artifact download completed successfully.
2026-10-04T13:44:53.4192009Z SHA256 digest of downloaded artifact is 016d5198de7799a5afdb1468b931ec2496dfc4daebc6e38b34556560a25a718b
2026-10-04T13:44:53.4193886Z Artifact download completed successfully.
2026-10-04T13:44:53.4283139Z SHA256 digest of downloaded artifact is abcdf4be165bd1fbd825383a2b36eb1385b682dc8de6421f131bb8f69683f46a
2026-10-04T13:44:53.4286448Z Artifact download completed successfully.
2026-10-04T13:44:53.4345657Z SHA256 digest of downloaded artifact is 836fc8c7309f4d4673c08f838014aa6f0487169523fed64cc8a423f0db9b0624
2026-10-04T13:44:53.4347259Z Artifact download completed successfully.
2026-10-04T13:44:53.4348903Z SHA256 digest of downloaded artifact is 5eff75504f2b82dd8b4aa0aa790b064fd4e4f7ddd6540a4039a027343546014f
2026-10-04T13:44:53.4350486Z Artifact download completed successfully.
2026-10-04T13:44:53.4363814Z SHA256 digest of downloaded artifact is 3f0e77b7e77e67a2c2334c2af993cb25c3b62afd2176833e01cb967fbb77e0a1
2026-10-04T13:44:53.4366269Z Artifact download completed successfully.
2026-10-04T13:44:53.4368662Z SHA256 digest of downloaded artifact is af3978fa7ad413ee729c00aead29d182f1af0dd72cfe325b0e6835cdb7da9243
2026-10-04T13:44:53.4371051Z Artifact download completed successfully.
2026-10-04T13:44:53.4373794Z SHA256 digest of downloaded artifact is 539746a2d70c901ebddcd21e9094c4a35d0a4c67cc3418b480b20a4df106eab1
2026-10-04T13:44:53.4376204Z Artifact download completed successfully.
2026-10-04T13:44:53.4412626Z SHA256 digest of downloaded artifact is 8c252933fb4e136a17427aa4181c0fc39db97e77ef46dcb68ed8f3e1e205353e
2026-10-04T13:44:53.4414603Z Artifact download completed successfully.
2026-10-04T13:44:53.4486744Z SHA256 digest of downloaded artifact is 001d6de48d90d75e1a9bfaa1e89368f5cbc0e46de3969031052c405cbe2037dd
2026-10-04T13:44:53.4488592Z Artifact download completed successfully.
2026-10-04T13:44:53.4501997Z SHA256 digest of downloaded artifact is c675b0c54a8b52b3ea46660b3deba7da107a56dbf68d361dd22cbb1bf2c85472
2026-10-04T13:44:53.4504783Z Artifact download completed successfully.
2026-10-04T13:44:53.4506789Z SHA256 digest of downloaded artifact is deea81fac325edc377c6fc0b76d92f0640771df95acc04b06777ff5d9ed7f11a
2026-10-04T13:44:53.4508668Z Artifact download completed successfully.
2026-10-04T13:44:53.4511845Z SHA256 digest of downloaded artifact is 58d9f0d92627042c9cbff1930cbb14f0166898a5122983518dafdaaac0553b0e
2026-10-04T13:44:53.4513895Z Artifact download completed successfully.
2026-10-04T13:44:53.4521028Z SHA256 digest of downloaded artifact is b26444beecac1d34801f1e246280a2cd1bc019cfacee603ae3a12cc21fc30818
2026-10-04T13:44:53.4522733Z Artifact download completed successfully.
2026-10-04T13:44:53.4548928Z SHA256 digest of downloaded artifact is c62137e0024965c8975c2470524ca044505d11ecbb685cd76d36c3635bbde98a
2026-10-04T13:44:53.4550898Z Artifact download completed successfully.
2026-10-04T13:44:53.4580995Z SHA256 digest of downloaded artifact is 59c8e7f411b4c8a55c09cccb77aaf76a5499960bcff07a7902bf7ba162bf0bab
2026-10-04T13:44:53.4584229Z Artifact download completed successfully.
2026-10-04T13:44:53.4636756Z SHA256 digest of downloaded artifact is 93fbf9b3e6b08ada7e218aa736dd322383c37cc11f19a782f9e0003fbb03b16f
2026-10-04T13:44:53.4638812Z Artifact download completed successfully.
2026-10-04T13:44:53.4644801Z SHA256 digest of downloaded artifact is 81ebbe6111ed9bf7954e2391ae8c1f22d4b1da8a2e8b3eb6ee2b85f9e9969ba3
2026-10-04T13:44:53.4646697Z Artifact download completed successfully.
2026-10-04T13:44:53.4671191Z SHA256 digest of downloaded artifact is 85530e050ab92bac3cf642bb06667f60f6c86dfc1d90f75b0889d3c3669cf753
2026-10-04T13:44:53.4673265Z Artifact download completed successfully.
2026-10-04T13:44:53.4692971Z SHA256 digest of downloaded artifact is 8e6a85b004de6267892b1a1a22cfe94a69d70b5f187e651de706c38e812de369
2026-10-04T13:44:53.4695303Z Artifact download completed successfully.
2026-10-04T13:44:53.4697144Z SHA256 digest of downloaded artifact is 45c1c148fa6b22a18680e90fdf43f491fc09a11539696abce8e8d9a4b46c9a69
2026-10-04T13:44:53.4698950Z Artifact download completed successfully.
2026-10-04T13:44:53.4705088Z SHA256 digest of downloaded artifact is 533d4c066f3a63b51344291283ed5e3cfe3dec75ebba89b2cb5f6df269e10526
2026-10-04T13:44:53.4706639Z Artifact download completed successfully.
2026-10-04T13:44:53.4720778Z SHA256 digest of downloaded artifact is 33ba5d5e697e90a9926466d536257b259f3229befda26208ba7b2a1221f7f424
2026-10-04T13:44:53.4722473Z Artifact download completed successfully.
2026-10-04T13:44:53.4771357Z SHA256 digest of downloaded artifact is a999275612f28dc55f59e8138e5bd21e6f514239c5066e4d5a5e5e9b88d74aa4
2026-10-04T13:44:53.4773017Z Artifact download completed successfully.
2026-10-04T13:44:53.4775246Z SHA256 digest of downloaded artifact is 31db4b1f94ce6e01f08689c6098a08d60441e7477d064ef5b469476eb61fd294
2026-10-04T13:44:53.4777205Z Artifact download completed successfully.
2026-10-04T13:44:53.4813266Z SHA256 digest of downloaded artifact is 03ed84b485b62ab4278e2fb71fec0750babd5d51a2cb3c9023dc216a0a46e564
2026-10-04T13:44:53.4815395Z Artifact download completed successfully.
2026-10-04T13:44:53.4850684Z SHA256 digest of downloaded artifact is 862906b51d4bafec332ddf9459a9de16191a9a1d9274cd5d57033b7d3ae85319
2026-10-04T13:44:53.4852794Z Artifact download completed successfully.
2026-10-04T13:44:53.4890252Z SHA256 digest of downloaded artifact is a57352dd6897802d214a7eb1b565245cb4cb9389aa3fc57f2667153664f10c01
2026-10-04T13:44:53.4892733Z Artifact download completed successfully.
2026-10-04T13:44:54.0820400Z SHA256 digest of downloaded artifact is b7c32e180e7ca713b2e2fa902a39d3a1eb251fc70a58c3a70e37dc6a29f54135
2026-10-04T13:44:54.0822597Z Artifact download completed successfully.
2026-10-04T13:44:54.1623121Z SHA256 digest of downloaded artifact is 99ec776d4d80f310ea4bce786f7fdb0ce9e1be1fcfac3e708a6515361f645fee
2026-10-04T13:44:54.1625973Z Artifact download completed successfully.
2026-10-04T13:44:54.1628995Z SHA256 digest of downloaded artifact is 37a2c2528323d9efeedee29da16e6191bcb5529ae0f8098f7f2a6aa13ce0f2b9
2026-10-04T13:44:54.1631741Z Artifact download completed successfully.
2026-10-04T13:44:54.1795435Z SHA256 digest of downloaded artifact is 110a29130daacdd68edd834c5ea91abd77d0e8a92b5e198b399bd5d01906e108
2026-10-04T13:44:54.1797528Z Artifact download completed successfully.
2026-10-04T13:44:54.1799714Z SHA256 digest of downloaded artifact is 79aa3d714859ab72637bff7100c0f304939626fae54874b62b215bc2c9f13e2b
2026-10-04T13:44:54.1801813Z Artifact download completed successfully.
2026-10-04T13:44:54.1841739Z SHA256 digest of downloaded artifact is 696adef6907177814d690d967c13a54284e3f6a11f382b2c2ba900c4209494e7
2026-10-04T13:44:54.1843697Z Artifact download completed successfully.
2026-10-04T13:44:54.1913155Z SHA256 digest of downloaded artifact is e42ed91f060f36de1c0adbed5871916dd21fa1ce265079420317a7434055f6a9
2026-10-04T13:44:54.1915576Z Artifact download completed successfully.
2026-10-04T13:44:54.1973711Z SHA256 digest of downloaded artifact is 7d573a392b8d9d4e2055e5153f8e1d600494970d8e40bf5735b91f9f5b10ee2d
2026-10-04T13:44:54.1975707Z Artifact download completed successfully.
2026-10-04T13:44:54.2051369Z SHA256 digest of downloaded artifact is bcc55556b05bc129d89ba87e94073ca1a65e1e99b3acefb138e2c64abc80403b
2026-10-04T13:44:54.2053086Z Artifact download completed successfully.
2026-10-04T13:44:54.2147809Z SHA256 digest of downloaded artifact is 4dd9ae5467f7aac311a6c9558680418347f34563bcb7cc4f125fab7634b2cecc
2026-10-04T13:44:54.2165001Z Artifact download completed successfully.
2026-10-04T13:44:54.2169295Z SHA256 digest of downloaded artifact is 55ee28751035ac635804757575c8713e2338961a2eda22c791050db9d1c8e46f
2026-10-04T13:44:54.2173721Z Artifact download completed successfully.
2026-10-04T13:44:54.2175456Z SHA256 digest of downloaded artifact is 7f2010cdb9e82d01ac33612775dec27a836cd55f45cdcafdb497508d3206cc5b
2026-10-04T13:44:54.2177058Z Artifact download completed successfully.
2026-10-04T13:44:54.2240925Z SHA256 digest of downloaded artifact is ceb8240ea6ffaf6195e054973a12593ff984bc1d5553c01a6dafb38b8111295b
2026-10-04T13:44:54.2242687Z Artifact download completed successfully.
2026-10-04T13:44:54.2364936Z SHA256 digest of downloaded artifact is 5c052a483a4b59c23f4d6f55685c0fd805c0dba41d0405c251d686998bb5f6ab
2026-10-04T13:44:54.2366692Z Artifact download completed successfully.
2026-10-04T13:44:54.2371886Z SHA256 digest of downloaded artifact is b938050f6f77b703edc541c5f69da6d7fff079efab06b8b32f4a9999afb1fb6f
2026-10-04T13:44:54.2374297Z Artifact download completed successfully.
2026-10-04T13:44:54.2574905Z SHA256 digest of downloaded artifact is e84a0f198a1d64ac72f5397afb7c46119d96d2531753af6b6a010ea229197399
2026-10-04T13:44:54.2576968Z Artifact download completed successfully.
2026-10-04T13:44:54.7456037Z SHA256 digest of downloaded artifact is 4b46632e5fad8dd8623f73bef3988d23e29035d8c7e8aaf3dd59f9d93c4a839a
2026-10-04T13:44:54.7458879Z Artifact download completed successfully.
2026-10-04T13:44:54.7513707Z SHA256 digest of downloaded artifact is 53b9c8e4b2ddce4c7c05e30f7f6e8a685b963f85ef97368035a6df106aa1c5a5
2026-10-04T13:44:54.7516073Z Artifact download completed successfully.
2026-10-04T13:44:54.7530952Z SHA256 digest of downloaded artifact is 14113ac3e6402262c47ed979acf29a079763d281e5cbbdf27f3f79b9370593aa
2026-10-04T13:44:54.7533094Z Artifact download completed successfully.
2026-10-04T13:44:54.7551692Z SHA256 digest of downloaded artifact is 4bf2d00851cccb17c34be3b5a763bbc2cc9b20e4644e8414227908a1243dbecc
2026-10-04T13:44:54.7553695Z Artifact download completed successfully.
2026-10-04T13:44:54.7604128Z SHA256 digest of downloaded artifact is a47252ba834c398e20e550ce1a8defa4ab181737fce6d8f05c0b8a842cb87e67
2026-10-04T13:44:54.7606057Z Artifact download completed successfully.
2026-10-04T13:44:54.7654583Z SHA256 digest of downloaded artifact is bbd4117584eb90c30c64dc3e84af4e3cc42cf71c1fe4a8bff55b75b5dd8c0164
2026-10-04T13:44:54.7656765Z Artifact download completed successfully.
2026-10-04T13:44:54.7664718Z SHA256 digest of downloaded artifact is 2107ba8a53865e4d945e0bf9ca141ada19e270b472c01743075864e98c664a30
2026-10-04T13:44:54.7667519Z Artifact download completed successfully.
2026-10-04T13:44:54.7669787Z SHA256 digest of downloaded artifact is cd1c50a521e1d345eb92e48311749f0a183974adc1f663d72ba4497d15696aad
2026-10-04T13:44:54.7674237Z Artifact download completed successfully.
2026-10-04T13:44:54.7716910Z SHA256 digest of downloaded artifact is f71a762d8041e9d6a7f92787b39ff996b3ccb60ba9f8ff6529107a06a82296c3
2026-10-04T13:44:54.7718782Z Artifact download completed successfully.
2026-10-04T13:44:54.7728878Z SHA256 digest of downloaded artifact is cf61db2944fae5d7ae7f0e4979fa8c44292ceb043bc029404003400272f81d8a
2026-10-04T13:44:54.7730494Z Artifact download completed successfully.
2026-10-04T13:44:54.7809381Z SHA256 digest of downloaded artifact is 83a88f178ceef7397f77c35c364c1f5254a05aaa446595be2516d144c82b230d
2026-10-04T13:44:54.7811197Z Artifact download completed successfully.
2026-10-04T13:44:54.7812981Z SHA256 digest of downloaded artifact is 8482c742f27df143586b5391a77a9da3fe08542ef2824c399da7020a5bdf47e2
2026-10-04T13:44:54.7815065Z Artifact download completed successfully.
2026-10-04T13:44:54.7827421Z SHA256 digest of downloaded artifact is df55dab23225eac0b754f1aea8d950ecaa4ad41f0e5ff92388a3d8962154991e
2026-10-04T13:44:54.7829144Z Artifact download completed successfully.
2026-10-04T13:44:54.7831671Z SHA256 digest of downloaded artifact is 8ce0df4cecfb008711aa85105457de329e935ffccc57b2e3bf85c6599f12c70d
2026-10-04T13:44:54.7833932Z Artifact download completed successfully.
2026-10-04T13:44:54.7836287Z SHA256 digest of downloaded artifact is 827dd84d940091ca28a81616ea36c666fd02db5593e8d6c7f86924ee13f602df
2026-10-04T13:44:54.7838819Z Artifact download completed successfully.
2026-10-04T13:44:54.7892708Z SHA256 digest of downloaded artifact is 11249ab82e8d060d4b3658287d462a1c308325681e2f0ba39ca59fdcc4938503
2026-10-04T13:44:54.7895530Z Artifact download completed successfully.
2026-10-04T13:44:54.8415301Z SHA256 digest of downloaded artifact is 90f36f9226831c96541aea2f6d2f38bd281edc6b48ca85629862764ecf2a2689
2026-10-04T13:44:54.8417446Z Artifact download completed successfully.
2026-10-04T13:44:54.8421591Z SHA256 digest of downloaded artifact is fb8fc6851dd7fa207d9da12345dd044c7034064628da156df8afceaf31937c79
2026-10-04T13:44:54.8423319Z Artifact download completed successfully.
2026-10-04T13:44:54.8493638Z SHA256 digest of downloaded artifact is 629a7fec3fe756cbc196ddd387616993a419896decba59ab657bdbe1a7d434ed
2026-10-04T13:44:54.8495719Z Artifact download completed successfully.
2026-10-04T13:44:54.8497640Z SHA256 digest of downloaded artifact is 7d1ccbb33c46f41f44c310e1e2827cb348102e4bb50673a9884a3f04fdbc1db5
2026-10-04T13:44:54.8499246Z Artifact download completed successfully.
2026-10-04T13:44:54.8522597Z SHA256 digest of downloaded artifact is c6e3745752735bf221d6ec0b543ab1931bac6dd99ca261830211dcdfdd2a43f9
2026-10-04T13:44:54.8524840Z Artifact download completed successfully.
2026-10-04T13:44:54.8555508Z SHA256 digest of downloaded artifact is b49d97036192f00e29bd5522d7fa93401940a2849a533be1bc3508d438771790
2026-10-04T13:44:54.8557340Z Artifact download completed successfully.
2026-10-04T13:44:54.8566595Z SHA256 digest of downloaded artifact is 60700b3bc72d693618218bd668f3385794d2d3d77abed2999ca26eb7e6adcb2a
2026-10-04T13:44:54.8568357Z Artifact download completed successfully.
2026-10-04T13:44:54.8570093Z SHA256 digest of downloaded artifact is 798027dae90516a9d45b93982a5fe6410ed74e138c5e1d188005900e8618465c
2026-10-04T13:44:54.8571629Z Artifact download completed successfully.
2026-10-04T13:44:54.8576244Z SHA256 digest of downloaded artifact is 94f0bfdf75cd0a68bf2425053ab7577fb991b056e5b1b9bb603d900177029e94
2026-10-04T13:44:54.8577951Z Artifact download completed successfully.
2026-10-04T13:44:54.8586891Z SHA256 digest of downloaded artifact is 7e31569cf6bee80dd36d70f97287c3d1928e29ceb11e75d82f21cbbff76ccc65
2026-10-04T13:44:54.8588516Z Artifact download completed successfully.
2026-10-04T13:44:54.8592366Z SHA256 digest of downloaded artifact is 36b156bc4bb6513986644f7e4d9880fcc82fe4be528a54db05f215d2e996f327
2026-10-04T13:44:54.8594874Z Artifact download completed successfully.
2026-10-04T13:44:54.8597531Z SHA256 digest of downloaded artifact is 6deabae23077afdfe9f27a1dc6321d7adae7c7714ef9165cc6551d669fe9fcd6
2026-10-04T13:44:54.8600179Z Artifact download completed successfully.
2026-10-04T13:44:54.8602595Z SHA256 digest of downloaded artifact is 8113545d211b297113551b171f7385033fdc3229e9aacd106f109e7254d98f85
2026-10-04T13:44:54.8604934Z Artifact download completed successfully.
2026-10-04T13:44:54.8607289Z SHA256 digest of downloaded artifact is 434174251787bddb39e10012aaafbe11fdda780be6b6524072ebd898ff44bd89
2026-10-04T13:44:54.8609423Z Artifact download completed successfully.
2026-10-04T13:44:54.8611476Z SHA256 digest of downloaded artifact is 1421c0447c738c6eda4adbbea89585816037585979530ca9ea7462979abfb563
2026-10-04T13:44:54.8615893Z Artifact download completed successfully.
2026-10-04T13:44:54.8618089Z SHA256 digest of downloaded artifact is 762516e1f736da64922775f4769055b106001161205b02c0525ad383e8c501ed
2026-10-04T13:44:54.8619738Z Artifact download completed successfully.
2026-10-04T13:44:54.8621475Z SHA256 digest of downloaded artifact is bc6775c35bc6864363c9fbd91d277cf95d19c4125239b096648b9753206b77fb
2026-10-04T13:44:54.8623086Z Artifact download completed successfully.
2026-10-04T13:44:54.8625317Z SHA256 digest of downloaded artifact is 5db01fecdf29e5cf54c8868292bcc9c80d21dfb0c1804a3ee587d4465a747261
2026-10-04T13:44:54.8627320Z Artifact download completed successfully.
2026-10-04T13:44:54.8629345Z SHA256 digest of downloaded artifact is 7b7f34ab935d1e4a1c25f03a2d1d08efddb5382cf175288a884e0145ace7d9e8
2026-10-04T13:44:54.8631445Z Artifact download completed successfully.
2026-10-04T13:44:54.8633350Z SHA256 digest of downloaded artifact is 6d77129c8496ad573c2295f62205b281fad8e3616c123ca6fb3e72851a4703e0
2026-10-04T13:44:54.8635132Z Artifact download completed successfully.
2026-10-04T13:44:54.8636835Z SHA256 digest of downloaded artifact is 904571bb47e43adaffea3f7bb75d7e1153a630810f9affe930f23ceb0b2253da
2026-10-04T13:44:54.8638384Z Artifact download completed successfully.
2026-10-04T13:44:54.8640053Z SHA256 digest of downloaded artifact is 3c06198591f8b553237e327ecba05f57add7bbd77e3488901792a8f69a1bdda0
2026-10-04T13:44:54.8641652Z Artifact download completed successfully.
2026-10-04T13:44:54.8643293Z SHA256 digest of downloaded artifact is fecd79952aef71020e266ff97654b7c3edfe79f7fb94c4609823ba7f6b43d5c3
2026-10-04T13:44:54.8645111Z Artifact download completed successfully.
2026-10-04T13:44:54.8646840Z SHA256 digest of downloaded artifact is 3bcb9d8d673d73a16b00a2ce95100d0788d5a2fc29ec471fc15995268c8d3ebe
2026-10-04T13:44:54.8648435Z Artifact download completed successfully.
2026-10-04T13:44:54.8650091Z SHA256 digest of downloaded artifact is 6d64b853a99d60145f561eeb980aa2af3d60a595a5cf0b32271fdc29db22fbff
2026-10-04T13:44:54.8651687Z Artifact download completed successfully.
2026-10-04T13:44:54.8653540Z SHA256 digest of downloaded artifact is 445dd95d3a1915d34c9eb2d7e81fdfb1df3b90c6ec5b17e731149a639d5b26b0
2026-10-04T13:44:54.8655217Z Artifact download completed successfully.
2026-10-04T13:44:54.8656904Z SHA256 digest of downloaded artifact is 854b9cdd9ef127a7f776f60cb1ee73416062f57f9126b9885c268f8d845623c2
2026-10-04T13:44:54.8658486Z Artifact download completed successfully.
2026-10-04T13:44:54.8660152Z SHA256 digest of downloaded artifact is 8b1580777da4bac30ece4bbf2a52cf448d0a15dc92ba8f2a2f61f0cb91cf0dd0
2026-10-04T13:44:54.8661771Z Artifact download completed successfully.
2026-10-04T13:44:54.8663725Z SHA256 digest of downloaded artifact is b101ba015bea5048b8ed0bc1dad9e82c47b3cfdbc3ef3ac1f7092057cffe889c
2026-10-04T13:44:54.8665366Z Artifact download completed successfully.
2026-10-04T13:44:54.8667083Z SHA256 digest of downloaded artifact is 2d5e4289476b00e9c7a308575962e26170465d44dd00dac091f5c33973674a94
2026-10-04T13:44:54.8668695Z Artifact download completed successfully.
2026-10-04T13:44:54.8670728Z SHA256 digest of downloaded artifact is 3e3d53fa831296de2fb2eeb149cb06c82c2748664d8a3933a135774e5af5c366
2026-10-04T13:44:54.8672460Z Artifact download completed successfully.
2026-10-04T13:44:54.8674363Z SHA256 digest of downloaded artifact is dfd409146734612a87b1718bd120789eeb953db7fe7a9a49214c5cc6281f47e3
2026-10-04T13:44:54.8675930Z Artifact download completed successfully.
2026-10-04T13:44:54.8677394Z Total of 256 artifact(s) downloaded
2026-10-04T13:44:54.8685261Z Download artifact has finished successfully
2026-10-04T13:44:54.9067006Z ##[group]Run python revisions/2026-10-04-r16/code/menu_pipeline.py collect \
2026-10-04T13:44:54.9068870Z [36;1mpython revisions/2026-10-04-r16/code/menu_pipeline.py collect \[0m
2026-10-04T13:44:54.9070441Z [36;1m  --repo . --bundle "$RUNNER_TEMP/menu-source" \[0m
2026-10-04T13:44:54.9071989Z [36;1m  --input-dir "$RUNNER_TEMP/menu-analysis-parts"[0m
2026-10-04T13:44:54.9110199Z shell: /usr/bin/bash -e {0}
2026-10-04T13:44:54.9111620Z env:
2026-10-04T13:44:54.9113142Z   NBO_R16_MENU_SOURCE_COMMIT: 503a724817899105a78f8c2fd516f417efb6b483
2026-10-04T13:44:54.9114899Z   OMP_NUM_THREADS: 1
2026-10-04T13:44:54.9116250Z   MKL_NUM_THREADS: 1
2026-10-04T13:44:54.9117552Z   OPENBLAS_NUM_THREADS: 1
2026-10-04T13:44:54.9118914Z   NUMBA_NUM_THREADS: 1
2026-10-04T13:44:54.9120246Z   PYTHONHASHSEED: 0
2026-10-04T13:44:54.9121538Z   PYTHONDONTWRITEBYTECODE: 1
2026-10-04T13:44:54.9123073Z   pythonLocation: /opt/hostedtoolcache/Python/3.12.14/x64
2026-10-04T13:44:54.9125048Z   PKG_CONFIG_PATH: /opt/hostedtoolcache/Python/3.12.14/x64/lib/pkgconfig
2026-10-04T13:44:54.9126628Z   Python_ROOT_DIR: /opt/hostedtoolcache/Python/3.12.14/x64
2026-10-04T13:44:54.9128147Z   Python2_ROOT_DIR: /opt/hostedtoolcache/Python/3.12.14/x64
2026-10-04T13:44:54.9129745Z   Python3_ROOT_DIR: /opt/hostedtoolcache/Python/3.12.14/x64
2026-10-04T13:44:54.9131324Z   LD_LIBRARY_PATH: /opt/hostedtoolcache/Python/3.12.14/x64/lib
2026-10-04T13:44:54.9132776Z ##[endgroup]
2026-10-04T13:54:13.6184756Z {
2026-10-04T13:54:13.6186620Z   "complete": true,
2026-10-04T13:54:13.6188279Z   "trials": 128,
2026-10-04T13:54:13.6189649Z   "primary_events": 216,
2026-10-04T13:54:13.6191076Z   "scalar_events": 128,
2026-10-04T13:54:13.6192433Z   "failed_fits": 0,
2026-10-04T13:54:13.6194010Z   "all_stage_direct_decisions": {
2026-10-04T13:54:13.6195507Z     "vector_costate": {
2026-10-04T13:54:13.6196857Z       "positive": 22,
2026-10-04T13:54:13.6198195Z       "materially_superior": 9,
2026-10-04T13:54:13.6199604Z       "negative": 0,
2026-10-04T13:54:13.6201029Z       "equivalent": 15,
2026-10-04T13:54:13.6202387Z       "total": 24
2026-10-04T13:54:13.6203889Z     },
2026-10-04T13:54:13.6205222Z     "raw_actor": {
2026-10-04T13:54:13.6206608Z       "positive": 19,
2026-10-04T13:54:13.6207950Z       "materially_superior": 7,
2026-10-04T13:54:13.6209380Z       "negative": 3,
2026-10-04T13:54:13.6210736Z       "equivalent": 14,
2026-10-04T13:54:13.6212055Z       "total": 24
2026-10-04T13:54:13.6213338Z     },
2026-10-04T13:54:13.6214869Z     "dpo_actor": {
2026-10-04T13:54:13.6216194Z       "positive": 16,
2026-10-04T13:54:13.6217546Z       "materially_superior": 4,
2026-10-04T13:54:13.6218970Z       "negative": 7,
2026-10-04T13:54:13.6220333Z       "equivalent": 14,
2026-10-04T13:54:13.6221633Z       "total": 24
2026-10-04T13:54:13.6222903Z     },
2026-10-04T13:54:13.6224411Z     "raw_saa": {
2026-10-04T13:54:13.6225738Z       "positive": 0,
2026-10-04T13:54:13.6227112Z       "materially_superior": 0,
2026-10-04T13:54:13.6228526Z       "negative": 19,
2026-10-04T13:54:13.6229870Z       "equivalent": 16,
2026-10-04T13:54:13.6231193Z       "total": 24
2026-10-04T13:54:13.6232520Z     }
2026-10-04T13:54:13.6234014Z   }
2026-10-04T13:54:13.6235325Z }
2026-10-04T13:54:19.4406417Z {
2026-10-04T13:54:19.4409372Z   "complete": true,
2026-10-04T13:54:19.4411156Z   "trial_count": 128,
2026-10-04T13:54:19.4412876Z   "primary_events": 216,
2026-10-04T13:54:19.4414787Z   "scalar_events": 128,
2026-10-04T13:54:19.4416830Z   "report_sha256": "2a729aff851dc7060beb18e7fb8c1e0e9bb94d2b7d239c53f15cdd66a584cb63"
2026-10-04T13:54:19.4419136Z }
2026-10-04T13:54:19.4674850Z ##[group]Run actions/upload-artifact@v4
2026-10-04T13:54:19.4676518Z with:
2026-10-04T13:54:19.4677903Z   name: nbo-r16-menu-summary-37204836544
2026-10-04T13:54:19.4679684Z   path: revisions/2026-10-04-r16/results/continuation_menu_summary/
2026-10-04T13:54:19.4681289Z   if-no-files-found: error
2026-10-04T13:54:19.4682770Z   retention-days: 90
2026-10-04T13:54:19.4684380Z   compression-level: 6
2026-10-04T13:54:19.4685860Z   overwrite: false
2026-10-04T13:54:19.4687373Z   include-hidden-files: false
2026-10-04T13:54:19.4688889Z env:
2026-10-04T13:54:19.4690489Z   NBO_R16_MENU_SOURCE_COMMIT: 503a724817899105a78f8c2fd516f417efb6b483
2026-10-04T13:54:19.4691980Z   OMP_NUM_THREADS: 1
2026-10-04T13:54:19.4693258Z   MKL_NUM_THREADS: 1
2026-10-04T13:54:19.4694838Z   OPENBLAS_NUM_THREADS: 1
2026-10-04T13:54:19.4696228Z   NUMBA_NUM_THREADS: 1
2026-10-04T13:54:19.4697536Z   PYTHONHASHSEED: 0
2026-10-04T13:54:19.4698909Z   PYTHONDONTWRITEBYTECODE: 1
2026-10-04T13:54:19.4700496Z   pythonLocation: /opt/hostedtoolcache/Python/3.12.14/x64
2026-10-04T13:54:19.4702237Z   PKG_CONFIG_PATH: /opt/hostedtoolcache/Python/3.12.14/x64/lib/pkgconfig
2026-10-04T13:54:19.4704145Z   Python_ROOT_DIR: /opt/hostedtoolcache/Python/3.12.14/x64
2026-10-04T13:54:19.4705802Z   Python2_ROOT_DIR: /opt/hostedtoolcache/Python/3.12.14/x64
2026-10-04T13:54:19.4707394Z   Python3_ROOT_DIR: /opt/hostedtoolcache/Python/3.12.14/x64
2026-10-04T13:54:19.4709002Z   LD_LIBRARY_PATH: /opt/hostedtoolcache/Python/3.12.14/x64/lib
2026-10-04T13:54:19.4710521Z ##[endgroup]
2026-10-04T13:54:19.6050831Z (node:2383) [DEP0040] DeprecationWarning: The `punycode` module is deprecated. Please use a userland alternative instead.
2026-10-04T13:54:19.6053070Z (Use `node --trace-deprecation ...` to show where the warning was created)
2026-10-04T13:54:19.6125159Z With the provided path, there will be 15 files uploaded
2026-10-04T13:54:19.6128790Z Artifact name is valid!
2026-10-04T13:54:19.6130870Z Root directory input is valid!
2026-10-04T13:54:19.9247229Z Beginning upload of artifact content to blob storage
2026-10-04T13:54:20.1595873Z (node:2383) [DEP0169] DeprecationWarning: `url.parse()` behavior is not standardized and prone to errors that have security implications. Use the WHATWG URL API instead. CVEs are not issued for `url.parse()` vulnerabilities.
2026-10-04T13:54:20.5631192Z Uploaded bytes 3005475
2026-10-04T13:54:20.6009694Z Finished uploading artifact content to blob storage!
2026-10-04T13:54:20.6012211Z SHA256 digest of uploaded artifact zip is 451f5a91a679edf5649e772cb92735955bebbf3901419e81b7171476f6d96004
2026-10-04T13:54:20.6014307Z Finalizing artifact upload
2026-10-04T13:54:20.8184919Z Artifact nbo-r16-menu-summary-37204836544.zip successfully finalized. Artifact ID 11305596216
2026-10-04T13:54:20.8187343Z Artifact nbo-r16-menu-summary-37204836544 has been successfully uploaded! Final size is 3005475 bytes. Artifact ID is 11305596216
2026-10-04T13:54:20.8189542Z Artifact download URL: https://github.com/TrillionniumFoundation/NBO/actions/runs/37204836544/artifacts/11305596216
2026-10-04T13:54:20.8343829Z ##[group]Run set -euo pipefail
2026-10-04T13:54:20.8345407Z [36;1mset -euo pipefail[0m
2026-10-04T13:54:20.8346860Z [36;1mtest "$GITHUB_RUN_ATTEMPT" = 1[0m
2026-10-04T13:54:20.8348571Z [36;1mtest "$(git rev-parse HEAD)" = "$NBO_R16_MENU_SOURCE_COMMIT"[0m
2026-10-04T13:54:20.8350290Z [36;1mpython revisions/2026-10-04-r16/code/menu_transport.py finalize \[0m
2026-10-04T13:54:20.8352032Z [36;1m  --repo . --manifest-path "$RUNNER_TEMP/menu-source/SOURCE_MANIFEST.json" \[0m
2026-10-04T13:54:20.8354094Z [36;1m  --results-root revisions/2026-10-04-r16/results/continuation_menu \[0m
2026-10-04T13:54:20.8355947Z [36;1m  --summary-root revisions/2026-10-04-r16/results/continuation_menu_summary \[0m
2026-10-04T13:54:20.8357722Z [36;1m  | tee "$RUNNER_TEMP/menu-final-publication.json"[0m
2026-10-04T13:54:20.8359258Z [36;1mpython - <<'PY'[0m
2026-10-04T13:54:20.8360858Z [36;1mimport json,pathlib,os[0m
2026-10-04T13:54:20.8362679Z [36;1mresult=json.loads((pathlib.Path(os.environ['RUNNER_TEMP'])/'menu-final-publication.json').read_text())[0m
2026-10-04T13:54:20.8364806Z [36;1massert result['complete'] and result['numerical_source_commit']==os.environ['NBO_R16_MENU_SOURCE_COMMIT'][0m
2026-10-04T13:54:20.8366588Z [36;1mwith open(os.environ['GITHUB_STEP_SUMMARY'],'a') as f:[0m
2026-10-04T13:54:20.8368290Z [36;1m    f.write('Numerical source: '+result['numerical_source_commit']+'\n\n')[0m
2026-10-04T13:54:20.8369978Z [36;1m    f.write('Complete raw staging parent: '+result['staging_parent']+'\n\n')[0m
2026-10-04T13:54:20.8371704Z [36;1m    f.write('Complete menu evidence: '+result['evidence_commit']+'\n')[0m
2026-10-04T13:54:20.8373222Z [36;1mPY[0m
2026-10-04T13:54:20.8474870Z shell: /usr/bin/bash --noprofile --norc -e -o pipefail {0}
2026-10-04T13:54:20.8476420Z env:
2026-10-04T13:54:20.8477939Z   NBO_R16_MENU_SOURCE_COMMIT: 503a724817899105a78f8c2fd516f417efb6b483
2026-10-04T13:54:20.8479407Z   OMP_NUM_THREADS: 1
2026-10-04T13:54:20.8480754Z   MKL_NUM_THREADS: 1
2026-10-04T13:54:20.8482098Z   OPENBLAS_NUM_THREADS: 1
2026-10-04T13:54:20.8483574Z   NUMBA_NUM_THREADS: 1
2026-10-04T13:54:20.8484980Z   PYTHONHASHSEED: 0
2026-10-04T13:54:20.8486342Z   PYTHONDONTWRITEBYTECODE: 1
2026-10-04T13:54:20.8487888Z   pythonLocation: /opt/hostedtoolcache/Python/3.12.14/x64
2026-10-04T13:54:20.8489607Z   PKG_CONFIG_PATH: /opt/hostedtoolcache/Python/3.12.14/x64/lib/pkgconfig
2026-10-04T13:54:20.8491299Z   Python_ROOT_DIR: /opt/hostedtoolcache/Python/3.12.14/x64
2026-10-04T13:54:20.8492919Z   Python2_ROOT_DIR: /opt/hostedtoolcache/Python/3.12.14/x64
2026-10-04T13:54:20.8494644Z   Python3_ROOT_DIR: /opt/hostedtoolcache/Python/3.12.14/x64
2026-10-04T13:54:20.8496284Z   LD_LIBRARY_PATH: /opt/hostedtoolcache/Python/3.12.14/x64/lib
2026-10-04T13:54:20.8497789Z ##[endgroup]
2026-10-04T13:54:45.6710136Z {
2026-10-04T13:54:45.6712088Z   "complete": true,
2026-10-04T13:54:45.6714564Z   "evidence_branch": "revision/econometrica-nbo-r16-menu-evidence-2026-10-04",
2026-10-04T13:54:45.6716826Z   "evidence_commit": "103b6717dac939cb9cd18876f56d889c9e2a751d",
2026-10-04T13:54:45.6718628Z   "full_tree_proof": {
2026-10-04T13:54:45.6720226Z     "complete": true,
2026-10-04T13:54:45.6721876Z     "full_raw_bytes": 12203666768,
2026-10-04T13:54:45.6723971Z     "full_raw_files": 22272,
2026-10-04T13:54:45.6726154Z     "numerical_source_commit": "503a724817899105a78f8c2fd516f417efb6b483",
2026-10-04T13:54:45.6728794Z     "source_tree_preserved": true,
2026-10-04T13:54:45.6731425Z     "staging_commit": "a419e02965c4cb6ecba9e6981a0ab3719dce4f58",
2026-10-04T13:54:45.6733334Z     "trial_count": 128,
2026-10-04T13:54:45.6735881Z     "verification": "Git tree blob IDs and modes checked against exact per-file SHA256/byte-count/Git-blob receipts; receipt blobs themselves checked. Git blob identity incorporates its byte length. No omitted training blob downloaded."
2026-10-04T13:54:45.6738406Z   },
2026-10-04T13:54:45.6740654Z   "new_payload_bytes": 38637553,
2026-10-04T13:54:45.6743546Z   "numerical_source_commit": "503a724817899105a78f8c2fd516f417efb6b483",
2026-10-04T13:54:45.6746240Z   "staging_parent": "a419e02965c4cb6ecba9e6981a0ab3719dce4f58"
2026-10-04T13:54:45.6748680Z }
2026-10-04T13:54:45.7222087Z Post job cleanup.
2026-10-04T13:54:45.8169598Z (node:2729) [DEP0040] DeprecationWarning: The `punycode` module is deprecated. Please use a userland alternative instead.
2026-10-04T13:54:45.8172006Z (Use `node --trace-deprecation ...` to show where the warning was created)
2026-10-04T13:54:45.8390901Z Post job cleanup.
2026-10-04T13:54:45.9111028Z [command]/usr/bin/git version
2026-10-04T13:54:45.9145525Z git version 2.55.0
2026-10-04T13:54:45.9174077Z Temporarily overriding HOME='/home/runner/work/_temp/db6a7143-13b7-4477-83d5-3a40cfc7ccf7' before making global git config changes
2026-10-04T13:54:45.9176831Z Adding repository directory to the temporary git global config as a safe directory
2026-10-04T13:54:45.9179308Z [command]/usr/bin/git config --global --add safe.directory /home/runner/work/NBO/NBO
2026-10-04T13:54:45.9214801Z [command]/usr/bin/git config --local --name-only --get-regexp core\.sshCommand
2026-10-04T13:54:45.9242521Z [command]/usr/bin/git submodule foreach --recursive sh -c "git config --local --name-only --get-regexp 'core\.sshCommand' && git config --local --unset-all 'core.sshCommand' || :"
2026-10-04T13:54:45.9457221Z [command]/usr/bin/git config --local --name-only --get-regexp http\.https\:\/\/github\.com\/\.extraheader
2026-10-04T13:54:45.9478682Z http.https://github.com/.extraheader
2026-10-04T13:54:45.9485672Z [command]/usr/bin/git config --local --unset-all http.https://github.com/.extraheader
2026-10-04T13:54:45.9512030Z [command]/usr/bin/git submodule foreach --recursive sh -c "git config --local --name-only --get-regexp 'http\.https\:\/\/github\.com\/\.extraheader' && git config --local --unset-all 'http.https://github.com/.extraheader' || :"
2026-10-04T13:54:45.9694182Z [command]/usr/bin/git config --local --name-only --get-regexp ^includeIf\.gitdir:
2026-10-04T13:54:45.9721379Z [command]/usr/bin/git submodule foreach --recursive git config --local --show-origin --name-only --get-regexp remote.origin.url
2026-10-04T13:54:46.0042450Z Cleaning up orphan processes
2026-10-04T13:54:46.0422954Z ##[warning]Node.js 20 is deprecated. The following actions target Node.js 20 but are being forced to run on Node.js 24: actions/checkout@v4, actions/download-artifact@v4, actions/setup-python@v5, actions/upload-artifact@v4. For more information see: https://github.blog/changelog/2025-09-19-deprecation-of-node-20-on-github-actions-runners/
